trial_id,mean_daily_ret,sharpe_ann,n_trades,n_fills,final_eq_BTC,final_eq_ETH,final_eq_SOL
AD|e=E1|f=0|sp=-|k=0|tp=MID|sl=-|15m,-5.2112480856442404e-05,-0.7046479145081309,10563,10563,0.8970438222270637,0.8627836420446018,0.9284188248055708
AD|e=E1|f=0|sp=-|k=0|tp=MID|sl=6|15m,-9.268705761430489e-05,-1.2138400583698485,11978,11978,0.8197741781114317,0.7802477860673354,0.8733321751220142
AD|e=E1|f=0|sp=-|k=0|tp=MID|sl=10|15m,-6.463415017798393e-05,-0.8525305691298795,11078,11078,0.8648481051529893,0.8270310303426724,0.9303488993096959
AD|e=E1|f=0|sp=-|k=0|tp=A0.5|sl=-|15m,3.0976177282087747e-06,0.03767767378576406,504,504,1.021575375916399,0.9988019036950614,0.9922990006061313
AD|e=E1|f=0|sp=-|k=0|tp=A0.5|sl=6|15m,-0.00011935365862048718,-1.5804390010497977,12754,12754,0.6933059775325715,0.7141699826957324,0.9557502302856193
AD|e=E1|f=0|sp=-|k=0|tp=A0.5|sl=10|15m,-9.153488911067942e-05,-1.032811091071197,10233,10233,0.7589827088416572,0.7960261382646557,0.9297213730399843
AD|e=E1|f=0|sp=-|k=0|tp=A1.0|sl=-|15m,1.5747493744371504e-06,0.01902431439334965,287,287,1.0108223026004446,1.0092650893942277,0.9829292422688575
AD|e=E1|f=0|sp=-|k=0|tp=A1.0|sl=6|15m,-0.00010080128873632254,-1.18150992845819,10552,10552,0.7446799218482243,0.7321565294041993,0.9675362778695544
AD|e=E1|f=0|sp=-|k=0|tp=A1.0|sl=10|15m,-5.9007770577324625e-05,-0.6133904713438167,8014,8014,0.8456509734318566,0.8699465636264838,0.9293958128377027
AD|e=E1|f=0|sp=-|k=0|tp=A2.0|sl=-|15m,-8.606580193488547e-07,-0.010494847516549855,152,152,1.0172481795716535,1.0042590869687025,0.9669331930147745
AD|e=E1|f=0|sp=-|k=0|tp=A2.0|sl=6|15m,-5.5859239244621735e-05,-0.5414874459652353,7879,7879,0.8197465820663349,0.8375679120760575,1.0065098865317477
AD|e=E1|f=0|sp=-|k=0|tp=A2.0|sl=10|15m,-5.813490275007615e-06,-0.05215433328611856,5435,5435,0.9532886638506131,0.9036056166821255,1.0929623795409151
AD|e=E1|f=0|sp=0.5|k=1|tp=MID|sl=-|15m,-4.4329461079450935e-05,-0.3422087683959985,10562,17094,0.8832061389765502,0.8046452643305121,1.040591718253288
AD|e=E1|f=0|sp=0.5|k=1|tp=MID|sl=6|15m,-0.00010768106538820433,-0.8118344594787307,11669,18817,0.770275843968427,0.6746658238456233,0.9622311613371001
AD|e=E1|f=0|sp=0.5|k=1|tp=MID|sl=10|15m,-9.290401198772957e-05,-0.6868219214538627,10973,17737,0.7866505907725418,0.7181665838728929,0.964335939048259
AD|e=E1|f=0|sp=0.5|k=1|tp=A0.5|sl=-|15m,7.240426140365118e-06,0.04268501125088129,678,989,1.0415561262307944,0.9976859223483107,0.969715457167854
AD|e=E1|f=0|sp=0.5|k=1|tp=A0.5|sl=6|15m,-0.00016061943901068347,-1.3177515494224985,13009,18863,0.6554338503718828,0.5488439130122131,1.005664820670511
AD|e=E1|f=0|sp=0.5|k=1|tp=A0.5|sl=10|15m,-0.00017514707784706913,-1.1499585098589418,11004,16051,0.6621130451734001,0.5820742536139074,0.8404400408784395
AD|e=E1|f=0|sp=0.5|k=1|tp=A1.0|sl=-|15m,1.3927096098306857e-05,0.08175356892288799,453,708,1.0648116700889805,1.0145006147675841,0.972000685371751
AD|e=E1|f=0|sp=0.5|k=1|tp=A1.0|sl=6|15m,-0.00013971588024854067,-0.950040670136671,10710,16746,0.6519921766040424,0.6076320330129645,1.0236118312588822
AD|e=E1|f=0|sp=0.5|k=1|tp=A1.0|sl=10|15m,-0.00015252208626489414,-0.858785733153289,8484,13345,0.6237018671418665,0.7024504440512392,0.8362322651925245
AD|e=E1|f=0|sp=0.5|k=1|tp=A2.0|sl=-|15m,-1.8328680733456381e-06,-0.010821912909288963,177,298,1.0259377060077979,0.9956735807115856,0.9321180441755366
AD|e=E1|f=0|sp=0.5|k=1|tp=A2.0|sl=6|15m,-6.224096219806897e-05,-0.3493584402673807,8056,13567,0.7429401669007584,0.7678340216336883,1.1263391190406435
AD|e=E1|f=0|sp=0.5|k=1|tp=A2.0|sl=10|15m,-9.49977127026049e-05,-0.4553386600149873,5794,9801,0.738209973367,0.7418133986834682,0.9345884426593868
AD|e=E1|f=0|sp=0.5|k=2|tp=MID|sl=-|15m,-4.168912868833203e-05,-0.2428599810059615,10562,21203,0.8656587169159682,0.7755065975691408,1.0977930019767048
AD|e=E1|f=0|sp=0.5|k=2|tp=MID|sl=6|15m,-0.0001089900023343531,-0.6466580264537688,11450,22783,0.7801034055568397,0.6668182795356437,0.9399470425205169
AD|e=E1|f=0|sp=0.5|k=2|tp=MID|sl=10|15m,-0.00011366553307390021,-0.6292569319795757,10884,21792,0.7524830430044228,0.6676797422958536,0.9254966541580224
AD|e=E1|f=0|sp=0.5|k=2|tp=A0.5|sl=-|15m,8.341443831547607e-06,0.031958997028110184,816,1397,1.0583884648098816,0.975980091752767,0.927070613464328
AD|e=E1|f=0|sp=0.5|k=2|tp=A0.5|sl=6|15m,-0.0001769714206838253,-1.0734412965299391,13107,22258,0.6673104562416815,0.5217977793244191,0.9163987374598466
AD|e=E1|f=0|sp=0.5|k=2|tp=A0.5|sl=10|15m,-0.0001976040949859068,-0.9773917347887014,11349,19462,0.6649357792118618,0.5928838957098373,0.6848324536968863
AD|e=E1|f=0|sp=0.5|k=2|tp=A1.0|sl=-|15m,2.4323195680346347e-05,0.09207853970155266,531,1020,1.0880253174759646,1.020750849718972,0.9537980013935643
AD|e=E1|f=0|sp=0.5|k=2|tp=A1.0|sl=6|15m,-0.0001284900978247612,-0.6547250314374605,10596,20327,0.6929089763295992,0.5497550124321893,1.1032772073117774
AD|e=E1|f=0|sp=0.5|k=2|tp=A1.0|sl=10|15m,-0.00016154712727862498,-0.6754161498247218,8687,16838,0.669304748872858,0.6955008120753741,0.7034135272288945
AD|e=E1|f=0|sp=0.5|k=2|tp=A2.0|sl=-|15m,1.1829131329363325e-05,0.04461634389005532,234,507,1.0747586406347067,0.9726580391606277,0.9330605144605522
AD|e=E1|f=0|sp=0.5|k=2|tp=A2.0|sl=6|15m,-0.00012818422196399123,-0.5217341403642015,7889,17119,0.6565644242050929,0.602984470587034,1.0336779873301079
AD|e=E1|f=0|sp=0.5|k=2|tp=A2.0|sl=10|15m,-0.0001601321865103676,-0.547127720727428,5911,12961,0.6962344994197638,0.715875934335254,0.6358275215194887
AD|e=E1|f=0|sp=0.5|k=3|tp=MID|sl=-|15m,-3.321675167422057e-05,-0.1628789762090849,10560,23769,0.854791123519922,0.7694877680319681,1.1581046035902538
AD|e=E1|f=0|sp=0.5|k=3|tp=MID|sl=6|15m,-0.00011811661020689862,-0.5961067763213711,11310,25079,0.7603757387622567,0.6301655866869289,0.9430215093473703
AD|e=E1|f=0|sp=0.5|k=3|tp=MID|sl=10|15m,-0.00011601895548953698,-0.5502464339033196,10811,24246,0.729246036327338,0.6521686282445928,0.9361609172268145
AD|e=E1|f=0|sp=0.5|k=3|tp=A0.5|sl=-|15m,1.5530076521171797e-05,0.043247762430682,883,1654,1.0986744305241647,0.9501362201708567,0.8787307800011285
AD|e=E1|f=0|sp=0.5|k=3|tp=A0.5|sl=6|15m,-0.00021486520090819767,-1.0849038932392499,13078,24090,0.6651131891632457,0.4568722666625222,0.8033886987414116
AD|e=E1|f=0|sp=0.5|k=3|tp=A0.5|sl=10|15m,-0.00022441711645285133,-0.9142222274242005,11627,21703,0.6555270129851407,0.49523725056658635,0.6701197709097093
AD|e=E1|f=0|sp=0.5|k=3|tp=A1.0|sl=-|15m,3.883081573310705e-05,0.10684762341359812,589,1285,1.1309236791458557,0.9981927465723968,0.9370864407063352
AD|e=E1|f=0|sp=0.5|k=3|tp=A1.0|sl=6|15m,-0.00018120129013797704,-0.7823937422014072,10589,22768,0.7388955680237334,0.4785229242256135,0.8257527771247606
AD|e=E1|f=0|sp=0.5|k=3|tp=A1.0|sl=10|15m,-0.00020360127082904707,-0.7128284583669724,8947,19470,0.7265623078282114,0.5025642512610115,0.6502029531402557
AD|e=E1|f=0|sp=0.5|k=3|tp=A2.0|sl=-|15m,3.726557684040017e-05,0.10147504208691724,280,731,1.1186164355635448,1.0317068115517238,0.9011585838870967
AD|e=E1|f=0|sp=0.5|k=3|tp=A2.0|sl=6|15m,-0.00018873240991791807,-0.6364354136364331,7753,19633,0.6578228105503435,0.5348659410199652,0.7608902409622444
AD|e=E1|f=0|sp=0.5|k=3|tp=A2.0|sl=10|15m,-0.00021421899096366173,-0.6041253742648993,5979,15421,0.7008472854721276,0.6159183171572142,0.48444686418162
AD|e=E1|f=0|sp=1|k=1|tp=MID|sl=-|15m,-4.2493124492761824e-05,-0.3460242870485329,10562,15856,0.9044264481956198,0.8107298361793172,1.0238664721166086
AD|e=E1|f=0|sp=1|k=1|tp=MID|sl=6|15m,-9.899016626669179e-05,-0.7903263213954665,11581,17293,0.8225343809546792,0.6986984005896303,0.9215708624447316
AD|e=E1|f=0|sp=1|k=1|tp=MID|sl=10|15m,-8.911215663810563e-05,-0.6976311185566084,10928,16389,0.8016203976887215,0.7486943165960409,0.9331450162800835
AD|e=E1|f=0|sp=1|k=1|tp=A0.5|sl=-|15m,4.265064875932906e-06,0.025179633262137912,701,955,1.0382877869903422,0.9851468935464055,0.9664735088754425
AD|e=E1|f=0|sp=1|k=1|tp=A0.5|sl=6|15m,-0.00013895122516248957,-1.1885038825411804,12960,17590,0.7221510140134741,0.5769171583249113,0.9933849716593179
AD|e=E1|f=0|sp=1|k=1|tp=A0.5|sl=10|15m,-0.0001684594048996953,-1.147041209075099,11076,15127,0.7002755171972315,0.5708615362388798,0.8456722751279817
AD|e=E1|f=0|sp=1|k=1|tp=A1.0|sl=-|15m,1.3083091003345118e-05,0.07605207468658062,470,684,1.0613150928196675,1.0143400329077337,0.970551592297432
AD|e=E1|f=0|sp=1|k=1|tp=A1.0|sl=6|15m,-0.00010619982102132191,-0.7549555687963139,10634,15579,0.7548053591164592,0.6222425061812664,1.065255434100709
AD|e=E1|f=0|sp=1|k=1|tp=A1.0|sl=10|15m,-0.00012153374697547729,-0.7053744418798191,8615,12711,0.7445905797192635,0.6539835899146714,0.913792384119728
AD|e=E1|f=0|sp=1|k=1|tp=A2.0|sl=-|15m,-2.566660382380236e-06,-0.015132807605458463,186,292,1.032536613649391,0.9827112884159203,0.933551398125802
AD|e=E1|f=0|sp=1|k=1|tp=A2.0|sl=6|15m,-8.973892258771208e-05,-0.5165448019091489,7902,12589,0.8056299567144821,0.7555809548787961,0.8940431243756061
AD|e=E1|f=0|sp=1|k=1|tp=A2.0|sl=10|15m,-0.0001071990828660944,-0.5292000354292391,5832,9368,0.821377976122024,0.7318415103675918,0.7936218936119044
AD|e=E1|f=0|sp=1|k=2|tp=MID|sl=-|15m,-3.7080707933306687e-05,-0.23818352588688127,10562,18580,0.8717112428087443,0.8058513449657376,1.0901274605627767
AD|e=E1|f=0|sp=1|k=2|tp=MID|sl=6|15m,-0.0001066506157228991,-0.6969666478597185,11344,19679,0.7779103262725604,0.6955440712369215,0.9236283970585712
AD|e=E1|f=0|sp=1|k=2|tp=MID|sl=10|15m,-0.00010119661133868372,-0.6224394096505355,10838,19012,0.7736077700490294,0.7008744291289095,0.9350238333390001
AD|e=E1|f=0|sp=1|k=2|tp=A0.5|sl=-|15m,1.4687820559007132e-05,0.05630267037671916,873,1369,1.0925567619345828,0.9611556504612039,0.9491131779840076
AD|e=E1|f=0|sp=1|k=2|tp=A0.5|sl=6|15m,-0.00019002740735914956,-1.2291464085508912,12865,19610,0.6861072014526961,0.5058385949763166,0.8485639754880172
AD|e=E1|f=0|sp=1|k=2|tp=A0.5|sl=10|15m,-0.0002110225948006352,-1.094157282917164,11226,17309,0.6858970568174706,0.572479385775319,0.6354336180898493
AD|e=E1|f=0|sp=1|k=2|tp=A1.0|sl=-|15m,1.816659013371712e-05,0.0688744075042526,592,1029,1.101649046186291,0.9935047184572008,0.9307795157238259
AD|e=E1|f=0|sp=1|k=2|tp=A1.0|sl=6|15m,-0.00013226521104244668,-0.7363360655579677,10506,17999,0.7118259665450589,0.5443849155703185,1.067281497840494
AD|e=E1|f=0|sp=1|k=2|tp=A1.0|sl=10|15m,-0.0001517329699783811,-0.7001736046175513,8694,15091,0.7410218943425813,0.6300401054604897,0.7543940417333046
AD|e=E1|f=0|sp=1|k=2|tp=A2.0|sl=-|15m,1.533032938550882e-05,0.057618057126699374,262,521,1.0873792388907686,0.9912845813024501,0.9238870581971297
AD|e=E1|f=0|sp=1|k=2|tp=A2.0|sl=6|15m,-0.00015600920895372097,-0.6717195813546606,7680,15139,0.7338351718884474,0.5672291599693988,0.83754221432542
AD|e=E1|f=0|sp=1|k=2|tp=A2.0|sl=10|15m,-0.0001447867278800224,-0.5289501331856064,5738,11523,0.694736255769483,0.654149080642107,0.7781489268500893
AD|e=E1|f=0|sp=1|k=3|tp=MID|sl=-|15m,-2.126941040279695e-05,-0.1194063262364857,10560,20055,0.8923956886079173,0.8010855404750888,1.1671731214157262
AD|e=E1|f=0|sp=1|k=3|tp=MID|sl=6|15m,-9.734386661069608e-05,-0.5752018943874967,11225,20826,0.7852799339068348,0.6981261880620622,0.9430844288567508
AD|e=E1|f=0|sp=1|k=3|tp=MID|sl=10|15m,-9.942790507743574e-05,-0.532484065895385,10771,20358,0.8013030707596441,0.664218546370955,0.9314634966416404
AD|e=E1|f=0|sp=1|k=3|tp=A0.5|sl=-|15m,3.247046563078742e-05,0.09157075872911587,1150,1921,1.1297769963542856,0.9367817095681653,0.9656005118153427
AD|e=E1|f=0|sp=1|k=3|tp=A0.5|sl=6|15m,-0.00024379759200846818,-1.3327742773104367,12727,20574,0.6398161821000026,0.42264977624873395,0.7599905397384666
AD|e=E1|f=0|sp=1|k=3|tp=A0.5|sl=10|15m,-0.0002812951312099268,-1.151967030972182,11247,18527,0.5237468627011763,0.5518861931597248,0.5293290943492208
AD|e=E1|f=0|sp=1|k=3|tp=A1.0|sl=-|15m,4.5813340310347885e-05,0.12637127847660853,691,1345,1.1740957186518377,0.9737696170019516,0.9659815078881939
AD|e=E1|f=0|sp=1|k=3|tp=A1.0|sl=6|15m,-0.00017692191082210916,-0.8280622701644631,10318,19217,0.6884255410383906,0.4949717182292311,0.8861795044869383
AD|e=E1|f=0|sp=1|k=3|tp=A1.0|sl=10|15m,-0.0002313853819647302,-0.85127864601272,8767,16678,0.5874509300376188,0.613686703950245,0.5581575206590638
AD|e=E1|f=0|sp=1|k=3|tp=A2.0|sl=-|15m,3.221143387425953e-05,0.08772104022622117,305,708,1.0968847234871357,1.0290474758998034,0.8930502652269946
AD|e=E1|f=0|sp=1|k=3|tp=A2.0|sl=6|15m,-0.00019254546804083126,-0.702907506415546,7463,16574,0.7320932969816242,0.5105188506641064,0.7095422366710735
AD|e=E1|f=0|sp=1|k=3|tp=A2.0|sl=10|15m,-0.00020152276242368014,-0.6023887302896641,5846,13355,0.5598374293505998,0.8209166010144962,0.5030393915297074
AD|e=E1|f=0|sp=1.5|k=1|tp=MID|sl=-|15m,-5.104957027589748e-05,-0.4390533942881579,10562,14842,0.8730793737318171,0.8014173506781224,1.0208369335590533
AD|e=E1|f=0|sp=1.5|k=1|tp=MID|sl=6|15m,-8.959091651626071e-05,-0.7853400780169834,11518,16061,0.8169590277669078,0.744275972591215,0.9279235216851741
AD|e=E1|f=0|sp=1.5|k=1|tp=MID|sl=10|15m,-0.00010114589202246201,-0.819831577281926,10900,15290,0.7810191394572616,0.7181266711782326,0.9291692408316068
AD|e=E1|f=0|sp=1.5|k=1|tp=A0.5|sl=-|15m,1.8373848743317402e-06,0.010895753571899543,703,919,1.0343114196562733,0.977150691335465,0.9639954092031534
AD|e=E1|f=0|sp=1.5|k=1|tp=A0.5|sl=6|15m,-0.00013404922932333036,-1.1675948027794036,12777,16518,0.7273473246382933,0.6198694172037099,0.9463237826077893
AD|e=E1|f=0|sp=1.5|k=1|tp=A0.5|sl=10|15m,-0.00017062354172598821,-1.1849539590471279,10934,14253,0.712146961151086,0.6082098506400827,0.7708200587876927
AD|e=E1|f=0|sp=1.5|k=1|tp=A1.0|sl=-|15m,1.1977229444949857e-05,0.07020992782253713,478,681,1.0588806302444085,1.014397455360665,0.9665928258719306
AD|e=E1|f=0|sp=1.5|k=1|tp=A1.0|sl=6|15m,-0.00010126081935606474,-0.7614336267383363,10443,14516,0.7767152582009809,0.6355190743746898,1.0499478326776899
AD|e=E1|f=0|sp=1.5|k=1|tp=A1.0|sl=10|15m,-0.00014082522194028258,-0.8349424402532968,8478,11887,0.7119046269356983,0.6355594605287981,0.8755399735994345
AD|e=E1|f=0|sp=1.5|k=1|tp=A2.0|sl=-|15m,7.193795066391547e-06,0.04206698681540326,210,323,1.036908120984232,1.0021094919916171,0.9674264252165211
AD|e=E1|f=0|sp=1.5|k=1|tp=A2.0|sl=6|15m,-7.613274647146698e-05,-0.4558807949399409,7813,11856,0.8178865230055793,0.7950775501620512,0.9157716910715796
AD|e=E1|f=0|sp=1.5|k=1|tp=A2.0|sl=10|15m,-0.00011260966452902285,-0.5742321245842399,5787,8857,0.8122445192334445,0.7399259515054858,0.7722264987352574
AD|e=E1|f=0|sp=1.5|k=2|tp=MID|sl=-|15m,-3.889877377377787e-05,-0.27498254892526175,10562,16762,0.8558715556862877,0.8027819729361345,1.1073635334808853
AD|e=E1|f=0|sp=1.5|k=2|tp=MID|sl=6|15m,-0.00010510690118739892,-0.7510517545976018,11285,17555,0.7811302197751041,0.690825676171588,0.9324626173205276
AD|e=E1|f=0|sp=1.5|k=2|tp=MID|sl=10|15m,-0.00010419761032700173,-0.6912986047030157,10807,17084,0.7631820488468773,0.713612744038651,0.9164813141091487
AD|e=E1|f=0|sp=1.5|k=2|tp=A0.5|sl=-|15m,8.813451689555332e-06,0.03384675779777803,904,1322,1.0822472690362483,0.939375199968429,0.9447354559347843
AD|e=E1|f=0|sp=1.5|k=2|tp=A0.5|sl=6|15m,-0.00017675986940223862,-1.1833228567143426,12572,17833,0.7000670241127405,0.5183240464067211,0.8818565789108256
AD|e=E1|f=0|sp=1.5|k=2|tp=A0.5|sl=10|15m,-0.00021346599948083553,-1.1244740691605821,11026,15882,0.6302046212779006,0.5528727862545199,0.7063766975658703
AD|e=E1|f=0|sp=1.5|k=2|tp=A1.0|sl=-|15m,2.1618909030066114e-05,0.08241993901914219,613,1010,1.1389911698448048,0.9928615251913352,0.9213575340767891
AD|e=E1|f=0|sp=1.5|k=2|tp=A1.0|sl=6|15m,-0.00015826381048956924,-0.92121516803811,10173,16114,0.7201752623865099,0.49601124851670586,0.9902511280695772
AD|e=E1|f=0|sp=1.5|k=2|tp=A1.0|sl=10|15m,-0.0001628585064000643,-0.7502867790622006,8447,13672,0.6600331378297413,0.6641700052172904,0.7518913266479934
AD|e=E1|f=0|sp=1.5|k=2|tp=A2.0|sl=-|15m,2.4349943131092172e-05,0.09156954992146715,302,571,1.1008328787744834,1.0229523416248505,0.9349928412403279
AD|e=E1|f=0|sp=1.5|k=2|tp=A2.0|sl=6|15m,-0.00013564914615478134,-0.6254606713600676,7435,13543,0.7442733230218286,0.6627966852606259,0.8058370263573719
AD|e=E1|f=0|sp=1.5|k=2|tp=A2.0|sl=10|15m,-0.00014735480730094136,-0.5552544995135699,5653,10546,0.7533403981215225,0.6836614929348245,0.6796322168136227
AD|e=E1|f=0|sp=1.5|k=3|tp=MID|sl=-|15m,-2.1466630347103315e-05,-0.13733909757031318,10562,17638,0.8907005348617256,0.7917178665123001,1.1923276631196524
AD|e=E1|f=0|sp=1.5|k=3|tp=MID|sl=6|15m,-8.852727738791316e-05,-0.6042663362139926,11201,18099,0.7953744755373269,0.6993903824206781,0.9909473625932507
AD|e=E1|f=0|sp=1.5|k=3|tp=MID|sl=10|15m,-7.79724220886432e-05,-0.487389991579095,10745,17835,0.8092274344394945,0.6974727973643927,1.017256090374805
AD|e=E1|f=0|sp=1.5|k=3|tp=A0.5|sl=-|15m,2.3090993214964752e-05,0.06553291222490171,1164,1784,1.1087815641953724,0.9035085446470388,0.9640371418275951
AD|e=E1|f=0|sp=1.5|k=3|tp=A0.5|sl=6|15m,-0.00019838713196313398,-1.1994128812087874,12370,18316,0.5807378175565743,0.5636064712951034,0.8393985258640766
AD|e=E1|f=0|sp=1.5|k=3|tp=A0.5|sl=10|15m,-0.000237887541362528,-1.0867370193223842,10895,16577,0.5413704638903846,0.5676642861161538,0.6612744955868173
AD|e=E1|f=0|sp=1.5|k=3|tp=A1.0|sl=-|15m,4.452291061753899e-05,0.1239036887466029,734,1317,1.1905005553634342,0.967387732992347,0.95376023319642
AD|e=E1|f=0|sp=1.5|k=3|tp=A1.0|sl=6|15m,-0.00018896099048516218,-0.9504226455639968,9972,16797,0.6171048020273304,0.566257165504839,0.8147648335916734
AD|e=E1|f=0|sp=1.5|k=3|tp=A1.0|sl=10|15m,-0.00019290615531137472,-0.7640971644845714,8417,14721,0.6119550141131627,0.6370626096471699,0.6675144929565865
AD|e=E1|f=0|sp=1.5|k=3|tp=A2.0|sl=-|15m,3.815781135680982e-05,0.10383865168703585,347,737,1.1441919492308925,1.0128159788799085,0.9022368591542841
AD|e=E1|f=0|sp=1.5|k=3|tp=A2.0|sl=6|15m,-0.00014664617462199637,-0.5911092813286849,7248,14388,0.7811003303050218,0.6464346169879953,0.7091378522815633
AD|e=E1|f=0|sp=1.5|k=3|tp=A2.0|sl=10|15m,-0.00012952455181900453,-0.41655600618486954,5672,11858,0.6323282259665332,1.034347130943958,0.5606546325869215
AD|e=E1|f=0|sp=2|k=1|tp=MID|sl=-|15m,-5.6151317527204676e-05,-0.5044003487058054,10562,14058,0.8442972964367911,0.8062133278379455,1.0200000502617363
AD|e=E1|f=0|sp=2|k=1|tp=MID|sl=6|15m,-9.111308953862358e-05,-0.8466176489999082,11469,15083,0.7919383259126567,0.744717122908043,0.9501256849404679
AD|e=E1|f=0|sp=2|k=1|tp=MID|sl=10|15m,-0.00011034871953925001,-0.9248924996105076,10878,14455,0.751782675342169,0.7176546426184989,0.9141353024167055
AD|e=E1|f=0|sp=2|k=1|tp=A0.5|sl=-|15m,1.6278896847821447e-06,0.009666510698490904,716,895,1.0329120025527048,0.9805101832087152,0.9603763740432804
AD|e=E1|f=0|sp=2|k=1|tp=A0.5|sl=6|15m,-0.00014143289860941784,-1.2714818786497377,12577,15613,0.6995650361867044,0.6140038154333873,0.9502095019555371
AD|e=E1|f=0|sp=2|k=1|tp=A0.5|sl=10|15m,-0.00016211447753146908,-1.144078055702864,10727,13471,0.6716431231929947,0.666115891198894,0.7875099520150639
AD|e=E1|f=0|sp=2|k=1|tp=A1.0|sl=-|15m,9.524262278426718e-06,0.05589145116845477,479,651,1.0529920155424648,1.0109106540175357,0.9618904740951261
AD|e=E1|f=0|sp=2|k=1|tp=A1.0|sl=6|15m,-0.00010484769905220906,-0.8072349480084072,10277,13657,0.7501292559114914,0.6641815111819569,1.0198818382579953
AD|e=E1|f=0|sp=2|k=1|tp=A1.0|sl=10|15m,-0.0001318878064194651,-0.8225827918484896,8314,11175,0.6885235087897821,0.7189188876150558,0.8495079632214081
AD|e=E1|f=0|sp=2|k=1|tp=A2.0|sl=-|15m,6.747928684717514e-06,0.03944189544922251,215,319,1.048363339450622,1.0008709195305145,0.9600128522665055
AD|e=E1|f=0|sp=2|k=1|tp=A2.0|sl=6|15m,-9.253297274760569e-05,-0.5640143042086401,7625,11088,0.7984169981556392,0.726251302040343,0.9337454106126137
AD|e=E1|f=0|sp=2|k=1|tp=A2.0|sl=10|15m,-0.0001102915835346683,-0.5798919155747314,5674,8332,0.8082213689343695,0.695978298804993,0.8431990029193583
AD|e=E1|f=0|sp=2|k=2|tp=MID|sl=-|15m,-4.1806832130086244e-05,-0.3207453217615414,10562,15417,0.8339902996670453,0.8249626170277878,1.093940819552329
AD|e=E1|f=0|sp=2|k=2|tp=MID|sl=6|15m,-0.00010199834648694591,-0.7970217963931497,11272,15992,0.7472765467369097,0.7203986044055659,0.9639495113043529
AD|e=E1|f=0|sp=2|k=2|tp=MID|sl=10|15m,-9.426228341414433e-05,-0.6729018671665888,10786,15664,0.7301418921540513,0.7446468819058824,0.9769506142718475
AD|e=E1|f=0|sp=2|k=2|tp=A0.5|sl=-|15m,1.1058584856217289e-05,0.042529502316295736,953,1321,1.1108921038359614,0.9331737487097934,0.9401684949021186
AD|e=E1|f=0|sp=2|k=2|tp=A0.5|sl=6|15m,-0.00020611217556152237,-1.432523511610823,12254,16405,0.6228232539285553,0.5290432854727493,0.8175487484052243
AD|e=E1|f=0|sp=2|k=2|tp=A0.5|sl=10|15m,-0.0002394989453091429,-1.3217771715189304,10633,14588,0.5558292919148706,0.5511324181065055,0.684940185233033
AD|e=E1|f=0|sp=2|k=2|tp=A1.0|sl=-|15m,2.7763939483947748e-05,0.10539674727350357,675,1046,1.1623314716116566,0.9896262085122984,0.9406591870149309
AD|e=E1|f=0|sp=2|k=2|tp=A1.0|sl=6|15m,-0.00018889921079042385,-1.1480479697176451,9935,14653,0.6721592012996774,0.5565245633371166,0.7925460488217176
AD|e=E1|f=0|sp=2|k=2|tp=A1.0|sl=10|15m,-0.0001727614774776298,-0.8305136166686744,8286,12623,0.5900390851775187,0.6865272352191018,0.7683426366067049
AD|e=E1|f=0|sp=2|k=2|tp=A2.0|sl=-|15m,2.286318758149135e-05,0.08588991701235821,317,569,1.1022757292071321,1.020080271236458,0.9349289496157819
AD|e=E1|f=0|sp=2|k=2|tp=A2.0|sl=6|15m,-0.00013310514814404971,-0.6733960350573744,7243,12240,0.8568817815403963,0.625888884012408,0.7688838097292027
AD|e=E1|f=0|sp=2|k=2|tp=A2.0|sl=10|15m,-0.00014269154688726022,-0.5678478724145547,5619,9835,0.6500525249200948,0.7589169136028132,0.7389143923282504
AD|e=E1|f=0|sp=2|k=3|tp=MID|sl=-|15m,-2.6701479072784058e-05,-0.19023959862680995,10562,15957,0.867200529327422,0.8288110662062852,1.1484912618126066
AD|e=E1|f=0|sp=2|k=3|tp=MID|sl=6|15m,-8.216645825085859e-05,-0.6264834336763059,11215,16210,0.7836792643711993,0.7612037075498639,0.9817945795578698
AD|e=E1|f=0|sp=2|k=3|tp=MID|sl=10|15m,-8.025546888736381e-05,-0.5425109072861184,10735,16086,0.8248785404934752,0.6842556962517558,1.0457040577314367
AD|e=E1|f=0|sp=2|k=3|tp=A0.5|sl=-|15m,2.482744946471422e-05,0.070585132316649,1130,1641,1.130820220596905,0.9058510176912077,0.9505889230809297
AD|e=E1|f=0|sp=2|k=3|tp=A0.5|sl=6|15m,-0.00019960107519452814,-1.3457825591319847,12087,16615,0.618779480600108,0.5674411683142765,0.7948585515693638
AD|e=E1|f=0|sp=2|k=3|tp=A0.5|sl=10|15m,-0.00014737506957119835,-0.6856175151883428,10481,15066,0.7114505016677444,0.642313764796328,0.8141375087150662
AD|e=E1|f=0|sp=2|k=3|tp=A1.0|sl=-|15m,4.443563049007815e-05,0.12387393766462754,775,1291,1.2307661707661641,0.9689775762401629,0.9207819158201179
AD|e=E1|f=0|sp=2|k=3|tp=A1.0|sl=6|15m,-0.00017115958565209205,-0.9541010040937613,9750,14909,0.6938731129576869,0.5924076808303319,0.7973544274798339
AD|e=E1|f=0|sp=2|k=3|tp=A1.0|sl=10|15m,-0.0001290178922441704,-0.5074935264248525,8057,13120,0.6909117831321524,0.7204768739729097,0.8146124347883705
AD|e=E1|f=0|sp=2|k=3|tp=A2.0|sl=-|15m,4.2187548497346996e-05,0.11496686747548451,387,766,1.2067654687525478,1.007429188166561,0.892831412807125
AD|e=E1|f=0|sp=2|k=3|tp=A2.0|sl=6|15m,-0.00011553267409526246,-0.5152552327701051,7060,12590,0.7629099242584158,0.6519690448357963,0.9065222747974471
AD|e=E1|f=0|sp=2|k=3|tp=A2.0|sl=10|15m,-0.00012070772485445986,-0.4110890679766568,5500,10649,0.6760989305143718,1.0150212453971235,0.6058066677800463
AD|e=E1|f=1|sp=-|k=0|tp=MID|sl=-|15m,9.162486744714444e-08,0.0026712975902713865,3800,3800,0.9600783472977467,0.9745621410120116,1.0615453522838376
AD|e=E1|f=1|sp=-|k=0|tp=MID|sl=6|15m,-6.658016898632982e-06,-0.20683788417738838,3826,3826,0.9657367144949495,0.9622567299122663,1.025311359404141
AD|e=E1|f=1|sp=-|k=0|tp=MID|sl=10|15m,-1.9942307578581583e-06,-0.059083423192315715,3801,3801,0.9625879852945054,0.9699209473195707,1.0472079474860654
AD|e=E1|f=1|sp=-|k=0|tp=A0.5|sl=-|15m,-8.26228709833473e-07,-0.010636055520715107,441,441,1.014230306633212,0.9955153693594511,0.9779780082779268
AD|e=E1|f=1|sp=-|k=0|tp=A0.5|sl=6|15m,-3.007339314800642e-05,-0.9078568959001473,4204,4204,0.9116181991316693,0.9155424625573141,0.9920861471177985
AD|e=E1|f=1|sp=-|k=0|tp=A0.5|sl=10|15m,-2.2710162780371872e-05,-0.5248134440230986,4114,4114,0.935407948014316,0.9518852462392062,0.968844917507735
AD|e=E1|f=1|sp=-|k=0|tp=A1.0|sl=-|15m,1.149123031261294e-06,0.01429861142725669,279,279,1.0193260924376597,0.9939688026017153,0.9859327098315989
AD|e=E1|f=1|sp=-|k=0|tp=A1.0|sl=6|15m,-1.9739423857947162e-05,-0.49756352894400513,3663,3663,0.9442174639224206,0.9252785982325864,1.0044181463954165
AD|e=E1|f=1|sp=-|k=0|tp=A1.0|sl=10|15m,-1.8685435555691586e-05,-0.36631652706790735,3525,3525,0.9455512879473565,0.9845790443837752,0.9441012408424384
AD|e=E1|f=1|sp=-|k=0|tp=A2.0|sl=-|15m,-2.7639062120278297e-06,-0.034105315459167035,148,148,1.0106791370601458,0.9922709853052624,0.9716261543570063
AD|e=E1|f=1|sp=-|k=0|tp=A2.0|sl=6|15m,-1.0083433330011711e-05,-0.20084112989449163,3013,3013,0.9358759970604451,0.9617388406209255,1.029869639150557
AD|e=E1|f=1|sp=-|k=0|tp=A2.0|sl=10|15m,-1.1284872197917762e-05,-0.17603812961971982,2825,2825,0.9437632825305331,0.9793023515812677,0.9893353131965721
AD|e=E1|f=1|sp=0.5|k=1|tp=MID|sl=-|15m,2.254630894790057e-05,0.36400366131590506,3800,6138,0.9469176928266805,0.9747477151318885,1.225611684112732
AD|e=E1|f=1|sp=0.5|k=1|tp=MID|sl=6|15m,1.6205725078331355e-05,0.28348175227464045,3816,6152,0.9705273384847053,0.959327531930072,1.1666463550207884
AD|e=E1|f=1|sp=0.5|k=1|tp=MID|sl=10|15m,1.6922896917957573e-05,0.27871984763879587,3800,6137,0.9458748129512677,0.9615515381709947,1.1906344197769487
AD|e=E1|f=1|sp=0.5|k=1|tp=A0.5|sl=-|15m,3.514557383389618e-05,0.22836736304351435,954,1388,1.199524461123221,1.0458283108730393,0.9566916171262915
AD|e=E1|f=1|sp=0.5|k=1|tp=A0.5|sl=6|15m,-1.9145413094081234e-05,-0.3277301289387185,4288,6266,0.9518983308474854,0.854062332698972,1.079433509679563
AD|e=E1|f=1|sp=0.5|k=1|tp=A0.5|sl=10|15m,-2.8161408063761272e-05,-0.37381617278810214,4232,6195,0.9117230518163053,0.8743907345665138,1.0293952377485451
AD|e=E1|f=1|sp=0.5|k=1|tp=A1.0|sl=-|15m,5.034574571018037e-06,0.030998596940692156,397,617,1.047722227556449,1.0004964716476854,0.9499960189670902
AD|e=E1|f=1|sp=0.5|k=1|tp=A1.0|sl=6|15m,-1.3172166687173213e-06,-0.018107164227591285,3758,5932,0.9688641546708066,0.9038226134313849,1.1070222926628583
AD|e=E1|f=1|sp=0.5|k=1|tp=A1.0|sl=10|15m,-4.487660445876904e-06,-0.04822940862507455,3665,5788,0.9250500449254823,1.0124229302706549,1.001313848049048
AD|e=E1|f=1|sp=0.5|k=1|tp=A2.0|sl=-|15m,-4.458305773848719e-06,-0.026664712975977098,180,303,1.0202559615801698,0.9768453793454029,0.9385812857845615
AD|e=E1|f=1|sp=0.5|k=1|tp=A2.0|sl=6|15m,-3.910467148983878e-06,-0.04118871545058634,3124,5316,0.9097677006858869,0.9520288309154843,1.088947564147482
AD|e=E1|f=1|sp=0.5|k=1|tp=A2.0|sl=10|15m,-3.5534287592340928e-06,-0.029125932572282864,2951,5026,0.851577430796752,1.018748271605052,1.069945119293929
AD|e=E1|f=1|sp=0.5|k=2|tp=MID|sl=-|15m,3.123487800923848e-05,0.3854543681906098,3800,7561,0.9264938727436944,0.9729666947740723,1.3149672676130835
AD|e=E1|f=1|sp=0.5|k=2|tp=MID|sl=6|15m,2.6144488254342467e-05,0.3545377065844161,3807,7547,0.973328279067597,0.9503166613772224,1.237565752167317
AD|e=E1|f=1|sp=0.5|k=2|tp=MID|sl=10|15m,2.4346019561871132e-05,0.30816318966623574,3800,7559,0.9244255922279038,0.960936229245062,1.258962512762448
AD|e=E1|f=1|sp=0.5|k=2|tp=A0.5|sl=-|15m,8.688468938528824e-05,0.4066150452302378,1337,2315,1.291849274046932,1.1321157740490932,1.0830548323556786
AD|e=E1|f=1|sp=0.5|k=2|tp=A0.5|sl=6|15m,-1.4635097050753111e-05,-0.18964349322931517,4306,7373,0.9439840501622752,0.890056373385081,1.0623474902575771
AD|e=E1|f=1|sp=0.5|k=2|tp=A0.5|sl=10|15m,-3.2824012826587865e-05,-0.3177838769955884,4272,7330,0.8982760553608001,0.8799415637734406,0.9894499055129106
AD|e=E1|f=1|sp=0.5|k=2|tp=A1.0|sl=-|15m,6.521757226941015e-05,0.26575476947235566,736,1393,1.3107121382349138,1.1551110022171684,0.9062539794195325
AD|e=E1|f=1|sp=0.5|k=2|tp=A1.0|sl=6|15m,1.382551908293543e-05,0.14355533078901475,3781,7336,1.0104344251113102,0.8986211879554385,1.155687179644362
AD|e=E1|f=1|sp=0.5|k=2|tp=A1.0|sl=10|15m,-5.857312483766245e-06,-0.04670600756120081,3713,7214,0.9305609403378035,1.0662473930887078,0.9144957818064676
AD|e=E1|f=1|sp=0.5|k=2|tp=A2.0|sl=-|15m,6.7340894432920895e-06,0.025969357702627448,227,490,1.0519755416473007,0.9579562586499679,0.9389506400877353
AD|e=E1|f=1|sp=0.5|k=2|tp=A2.0|sl=6|15m,-1.58977057291838e-05,-0.12427752725097549,3154,6982,0.9264346999249984,0.9143741641352909,1.0132114602244509
AD|e=E1|f=1|sp=0.5|k=2|tp=A2.0|sl=10|15m,-1.4100442795992212e-05,-0.08466307573792753,3028,6721,0.8385636101983853,1.0646172034262482,0.9414163559818514
AD|e=E1|f=1|sp=0.5|k=3|tp=MID|sl=-|15m,3.944532429068991e-05,0.4143949163560907,3800,8431,0.9143479971594541,0.9688610567001477,1.3979645524214295
AD|e=E1|f=1|sp=0.5|k=3|tp=MID|sl=6|15m,3.4440573963404415e-05,0.39917710847806076,3805,8388,0.9372777472922927,0.9581809446687027,1.3274358395199077
AD|e=E1|f=1|sp=0.5|k=3|tp=MID|sl=10|15m,3.86464013534068e-05,0.42004924048731984,3800,8426,0.9228041093211999,0.9935889719629406,1.3123131644656951
AD|e=E1|f=1|sp=0.5|k=3|tp=A0.5|sl=-|15m,0.00010031639997269272,0.3517200446847065,1411,2645,1.3390417975977749,1.1286687496224093,1.0683179881765268
AD|e=E1|f=1|sp=0.5|k=3|tp=A0.5|sl=6|15m,-2.865965941237146e-06,-0.032585773875411235,4318,8024,0.9627260811257068,0.8935471080870312,1.1034284963708425
AD|e=E1|f=1|sp=0.5|k=3|tp=A0.5|sl=10|15m,-1.4824925398625136e-05,-0.1272910068570536,4283,8003,0.9267374835897466,0.9037199053849717,1.0241703345905044
AD|e=E1|f=1|sp=0.5|k=3|tp=A1.0|sl=-|15m,0.00011093241861321165,0.34291550996076775,893,1927,1.586297902676583,1.1418150213771017,0.9283425683766177
AD|e=E1|f=1|sp=0.5|k=3|tp=A1.0|sl=6|15m,3.4381973565315984e-06,0.029529771279282396,3800,8271,0.9800813218611996,0.9203975002911403,1.0724027615306548
AD|e=E1|f=1|sp=0.5|k=3|tp=A1.0|sl=10|15m,1.674139294645288e-05,0.1111669037214208,3738,8174,0.9495788219777531,1.173209317297688,0.9106306970929586
AD|e=E1|f=1|sp=0.5|k=3|tp=A2.0|sl=-|15m,3.644371494555877e-05,0.10213724980024051,283,727,1.1739973202977265,0.981443183700789,0.9025351277554418
AD|e=E1|f=1|sp=0.5|k=3|tp=A2.0|sl=6|15m,-2.4443593619723936e-05,-0.155609685490817,3160,8187,0.9153209665682525,0.9381255979870996,0.9291431773261182
AD|e=E1|f=1|sp=0.5|k=3|tp=A2.0|sl=10|15m,-2.9865246076077043e-05,-0.1467334888536312,3039,7933,0.852313736846358,1.1219272621601522,0.7702140963128555
AD|e=E1|f=1|sp=1|k=1|tp=MID|sl=-|15m,1.889761136226075e-05,0.32327403251823916,3800,5644,0.9553401031204727,0.9780276777112915,1.1859436371150414
AD|e=E1|f=1|sp=1|k=1|tp=MID|sl=6|15m,1.4621813854805411e-05,0.2731425497618597,3813,5648,0.9837707973413935,0.9666353918336581,1.1331713716619602
AD|e=E1|f=1|sp=1|k=1|tp=MID|sl=10|15m,1.1182999626172339e-05,0.19507803413383454,3800,5643,0.9493739556435457,0.9602871255792906,1.148466154721052
AD|e=E1|f=1|sp=1|k=1|tp=A0.5|sl=-|15m,6.462188328242534e-05,0.4500421158516236,1248,1705,1.2025667637658277,1.120143257471972,1.0717576370375463
AD|e=E1|f=1|sp=1|k=1|tp=A0.5|sl=6|15m,-1.5175321264359563e-05,-0.26991655599351805,4275,5809,0.977508563677723,0.850223422713751,1.0814230906196198
AD|e=E1|f=1|sp=1|k=1|tp=A0.5|sl=10|15m,-2.755940416185326e-05,-0.376280321511776,4229,5758,0.9248417351159431,0.8759048617730144,1.016399042000319
AD|e=E1|f=1|sp=1|k=1|tp=A1.0|sl=-|15m,3.011282533441373e-05,0.1831786465754903,565,822,1.0890479995892572,1.118667017243466,0.9528892065800693
AD|e=E1|f=1|sp=1|k=1|tp=A1.0|sl=6|15m,1.6195458855477005e-05,0.235526560822483,3751,5524,1.012529065175812,0.9389228133335344,1.1382230962803754
AD|e=E1|f=1|sp=1|k=1|tp=A1.0|sl=10|15m,5.329213363943577e-07,0.006078451767110187,3678,5422,0.9603782779313444,1.038494602310089,0.9726367529653577
AD|e=E1|f=1|sp=1|k=1|tp=A2.0|sl=-|15m,-5.8279969705104404e-06,-0.0348584148099136,186,295,1.0237856132812022,0.9685689200727889,0.9348941570205426
AD|e=E1|f=1|sp=1|k=1|tp=A2.0|sl=6|15m,3.0312134465465287e-06,0.03322832634809498,3106,5002,0.9762897296274143,0.9476045249372274,1.0672512894633484
AD|e=E1|f=1|sp=1|k=1|tp=A2.0|sl=10|15m,-1.678331294787434e-05,-0.14239180626052675,2952,4759,0.8618187069450661,1.00841491785968,0.9875382731633391
AD|e=E1|f=1|sp=1|k=2|tp=MID|sl=-|15m,1.704566306528327e-05,0.23204260195629697,3800,6513,0.919393847727889,0.9624505239809402,1.2313223554515704
AD|e=E1|f=1|sp=1|k=2|tp=MID|sl=6|15m,9.462206670100059e-06,0.14069649177794427,3807,6487,0.9539717362841408,0.9368392621380546,1.157175694775069
AD|e=E1|f=1|sp=1|k=2|tp=MID|sl=10|15m,1.1350840057663312e-05,0.1582857561868788,3800,6510,0.9154423705466292,0.9575773792722937,1.1789874647746852
AD|e=E1|f=1|sp=1|k=2|tp=A0.5|sl=-|15m,7.913206298106726e-05,0.3752866340784822,1374,2106,1.2622463596161388,1.1215267023492745,1.0683450763976003
AD|e=E1|f=1|sp=1|k=2|tp=A0.5|sl=6|15m,-1.7687584404716224e-05,-0.24453880346680243,4283,6503,0.959504242302797,0.8547759863676604,1.06755863170492
AD|e=E1|f=1|sp=1|k=2|tp=A0.5|sl=10|15m,-3.0522066588651426e-05,-0.31966507218685575,4252,6486,0.9261808108478362,0.88277842903145,0.9706842683784723
AD|e=E1|f=1|sp=1|k=2|tp=A1.0|sl=-|15m,9.644214325671733e-05,0.4199857040557703,923,1591,1.194398571014282,1.296942081794361,1.078802455901597
AD|e=E1|f=1|sp=1|k=2|tp=A1.0|sl=6|15m,7.430215871086382e-06,0.08334149559388684,3762,6470,1.0078430299228816,0.889201427097324,1.1274316468610852
AD|e=E1|f=1|sp=1|k=2|tp=A1.0|sl=10|15m,7.06201517201906e-06,0.06175983438497072,3702,6394,0.9785630938467018,1.0185214336156971,0.9896158238672632
AD|e=E1|f=1|sp=1|k=2|tp=A2.0|sl=-|15m,1.8297085937556284e-05,0.07042362868608913,263,529,1.1221420539327915,0.9643390210900666,0.9378391638710888
AD|e=E1|f=1|sp=1|k=2|tp=A2.0|sl=6|15m,-2.0414059740695685e-05,-0.1699586395945436,3132,6265,0.9508333573379759,0.909055927131336,0.9706419127387644
AD|e=E1|f=1|sp=1|k=2|tp=A2.0|sl=10|15m,-3.448962486694955e-05,-0.2232271987892563,3021,6081,0.8295278246686376,0.9939018762864539,0.906768378452783
AD|e=E1|f=1|sp=1|k=3|tp=MID|sl=-|15m,1.7410946385859502e-05,0.20884674361197864,3800,6975,0.895741478410598,0.9531309134552385,1.2770289854739234
AD|e=E1|f=1|sp=1|k=3|tp=MID|sl=6|15m,8.072557275084345e-06,0.10815225773295091,3806,6908,0.8978148361965689,0.9294492136646352,1.2160302618791874
AD|e=E1|f=1|sp=1|k=3|tp=MID|sl=10|15m,1.673712111293528e-05,0.20780964976240812,3800,6966,0.9026476459156728,0.9630603301536553,1.2083588776067886
AD|e=E1|f=1|sp=1|k=3|tp=A0.5|sl=-|15m,9.980928820838795e-05,0.36038041283621824,1574,2554,1.323657563983508,1.1846579215049142,1.0387811412701506
AD|e=E1|f=1|sp=1|k=3|tp=A0.5|sl=6|15m,-2.279255798835871e-05,-0.2795764917419752,4290,6909,0.9317030700975182,0.7974077476644312,1.127186189581351
AD|e=E1|f=1|sp=1|k=3|tp=A0.5|sl=10|15m,-3.799156183292315e-05,-0.3453410336166217,4262,6930,0.8856559039260012,0.8530523195493378,0.9799773951765458
AD|e=E1|f=1|sp=1|k=3|tp=A1.0|sl=-|15m,0.0001393409478027293,0.46253258576683487,1092,2061,1.4433376440376253,1.310045183242913,1.0741035760127513
AD|e=E1|f=1|sp=1|k=3|tp=A1.0|sl=6|15m,-6.47182588842386e-06,-0.06163248718803788,3766,7044,0.9915657010298461,0.8835804814115141,1.0402086337635148
AD|e=E1|f=1|sp=1|k=3|tp=A1.0|sl=10|15m,-1.3492748113177368e-05,-0.09608879362333679,3709,7008,0.9706087436179627,0.9959595362516177,0.8704752789809549
AD|e=E1|f=1|sp=1|k=3|tp=A2.0|sl=-|15m,3.5627475361426244e-05,0.1006969552893546,307,696,1.1342067982076498,1.0182616826255497,0.8989299931690942
AD|e=E1|f=1|sp=1|k=3|tp=A2.0|sl=6|15m,-3.139024641482634e-05,-0.21882125757633275,3132,7087,0.9173002415567536,0.917571795589847,0.9125039755076367
AD|e=E1|f=1|sp=1|k=3|tp=A2.0|sl=10|15m,-4.3548065134136444e-05,-0.22714977618669227,3027,6944,0.7999098697112113,1.0321857758138548,0.8228655761683848
AD|e=E1|f=1|sp=1.5|k=1|tp=MID|sl=-|15m,1.5561392118036326e-05,0.27894642541698644,3800,5258,0.9453399212648929,0.9805179990532831,1.172107395117197
AD|e=E1|f=1|sp=1.5|k=1|tp=MID|sl=6|15m,1.2039204483379632e-05,0.23828831703298903,3810,5246,0.9693940298583816,0.9707149407689051,1.1280527293032279
AD|e=E1|f=1|sp=1.5|k=1|tp=MID|sl=10|15m,1.0880553409373993e-05,0.2005565117756932,3800,5256,0.9414904768795413,0.9750361662681031,1.1395061932849297
AD|e=E1|f=1|sp=1.5|k=1|tp=A0.5|sl=-|15m,2.5033184038486527e-05,0.16719555935112096,811,1055,1.0983752923692554,0.967368189820891,1.0640253821498977
AD|e=E1|f=1|sp=1.5|k=1|tp=A0.5|sl=6|15m,-1.6936458188650898e-05,-0.31113589812341874,4235,5467,0.9459767850501355,0.8944631257229655,1.051189028978047
AD|e=E1|f=1|sp=1.5|k=1|tp=A0.5|sl=10|15m,-2.015290049359465e-05,-0.28330819665247187,4193,5438,0.9242928374248824,0.9344490676771751,0.9985815765185507
AD|e=E1|f=1|sp=1.5|k=1|tp=A1.0|sl=-|15m,2.4344609470262262e-05,0.14824412368196022,482,681,1.0742137159448817,1.0052242242811436,1.0387377521248458
AD|e=E1|f=1|sp=1.5|k=1|tp=A1.0|sl=6|15m,1.4631084782200728e-06,0.022083409250706797,3703,5172,1.0027745184250236,0.8834293587330667,1.1164293468420765
AD|e=E1|f=1|sp=1.5|k=1|tp=A1.0|sl=10|15m,-3.04166305433269e-06,-0.03551325359953685,3625,5086,0.9417728879181951,1.0227692890473608,0.9859753412311493
AD|e=E1|f=1|sp=1.5|k=1|tp=A2.0|sl=-|15m,6.311548581853124e-06,0.037638419696685355,213,329,1.0493257064054429,0.9772223297973105,0.9741589658158517
AD|e=E1|f=1|sp=1.5|k=1|tp=A2.0|sl=6|15m,4.39717762276041e-06,0.05101572347929261,3090,4728,1.0091422014279416,0.9821579678189846,1.0073843060986023
AD|e=E1|f=1|sp=1.5|k=1|tp=A2.0|sl=10|15m,-6.6538420477230945e-06,-0.05933181844123706,2947,4534,0.8811308654711597,1.0445851163241688,0.9959577476754486
AD|e=E1|f=1|sp=1.5|k=2|tp=MID|sl=-|15m,1.724255091688238e-05,0.2561413046469442,3800,5856,0.913719878476767,0.9745545951376335,1.2287331279000486
AD|e=E1|f=1|sp=1.5|k=2|tp=MID|sl=6|15m,1.0926838029528433e-05,0.17764699864164804,3806,5804,0.9301782062346093,0.9609827895501265,1.1707909674353536
AD|e=E1|f=1|sp=1.5|k=2|tp=MID|sl=10|15m,1.202964071692113e-05,0.18296065378160575,3800,5848,0.9081914444464414,0.9827715916457728,1.1663081346938426
AD|e=E1|f=1|sp=1.5|k=2|tp=A0.5|sl=-|15m,7.411936404784386e-05,0.35677513542259587,1426,2040,1.269934925621043,1.106167233594326,1.0455164824727052
AD|e=E1|f=1|sp=1.5|k=2|tp=A0.5|sl=6|15m,-8.028817651021881e-06,-0.12271584554459132,4242,6008,0.967741357416356,0.8560854455181319,1.1235691983402514
AD|e=E1|f=1|sp=1.5|k=2|tp=A0.5|sl=10|15m,-2.6409362903984215e-05,-0.3016463475834191,4211,6018,0.8923497725979462,0.8644743576352971,1.0581382921986058
AD|e=E1|f=1|sp=1.5|k=2|tp=A1.0|sl=-|15m,0.00011313821043534652,0.513965207911959,1055,1696,1.3705161356081546,1.2736547631908808,1.0625485293376409
AD|e=E1|f=1|sp=1.5|k=2|tp=A1.0|sl=6|15m,-3.1263858715225523e-06,-0.03762693619457538,3713,5899,0.9952183710795208,0.8590170439242514,1.1108015973071783
AD|e=E1|f=1|sp=1.5|k=2|tp=A1.0|sl=10|15m,1.117607841067584e-05,0.10247366771593207,3660,5867,0.967785188905023,1.0265089314052962,1.0215048088967962
AD|e=E1|f=1|sp=1.5|k=2|tp=A2.0|sl=-|15m,2.6227285188454752e-05,0.10201451829037418,313,583,1.1300084461786153,1.0164793524299647,0.9295603235301485
AD|e=E1|f=1|sp=1.5|k=2|tp=A2.0|sl=6|15m,-1.117170654966218e-05,-0.100896713782571,3097,5694,0.9121865665903228,0.9472606685513717,1.0344132107796538
AD|e=E1|f=1|sp=1.5|k=2|tp=A2.0|sl=10|15m,-3.396348861918072e-05,-0.22938406169778827,3006,5592,0.7673336135136727,0.984682007862561,0.9988923302717275
AD|e=E1|f=1|sp=1.5|k=3|tp=MID|sl=-|15m,1.7427322704173297e-05,0.23663299031633825,3800,6115,0.896680644321763,0.9727248323941543,1.2540277445688417
AD|e=E1|f=1|sp=1.5|k=3|tp=MID|sl=6|15m,1.717361973145117e-05,0.2703588486322446,3806,6011,0.9101732967998752,0.9976004984670573,1.185773746030841
AD|e=E1|f=1|sp=1.5|k=3|tp=MID|sl=10|15m,1.7327768233285806e-05,0.2437616054242401,3800,6098,0.8866387218423777,0.9909075469931211,1.2035554965495634
AD|e=E1|f=1|sp=1.5|k=3|tp=A0.5|sl=-|15m,7.903175643271507e-05,0.28191107997546044,1470,2212,1.2805483005456897,1.0790176384260801,1.0277808550209038
AD|e=E1|f=1|sp=1.5|k=3|tp=A0.5|sl=6|15m,-7.995114136548163e-06,-0.10691285511114111,4238,6258,0.905290905062027,0.922545738397374,1.1008221402041085
AD|e=E1|f=1|sp=1.5|k=3|tp=A0.5|sl=10|15m,-2.8401115757308908e-05,-0.2733045356833497,4210,6321,0.9122290378763612,0.8431189097519376,1.023032628550315
AD|e=E1|f=1|sp=1.5|k=3|tp=A1.0|sl=-|15m,0.00012939863525722255,0.43494837727280544,1118,1927,1.4467066004768983,1.2794560031030195,1.0315794254400192
AD|e=E1|f=1|sp=1.5|k=3|tp=A1.0|sl=6|15m,2.8247735836321352e-06,0.029371191503762394,3713,6271,0.9768863688195867,0.9545790333077672,1.040491266825746
AD|e=E1|f=1|sp=1.5|k=3|tp=A1.0|sl=10|15m,1.2162116753642163e-05,0.09509032010689403,3658,6310,0.9554014876741174,1.0376609443508635,1.0010998706563086
AD|e=E1|f=1|sp=1.5|k=3|tp=A2.0|sl=-|15m,5.9192694946184744e-05,0.16769781095828412,375,776,1.32587180731316,1.0095198555529346,0.8959879509797255
AD|e=E1|f=1|sp=1.5|k=3|tp=A2.0|sl=6|15m,-2.7358011936167242e-05,-0.21125378811818868,3105,6272,0.8631394174985074,1.0208096481341595,0.9018705862786625
AD|e=E1|f=1|sp=1.5|k=3|tp=A2.0|sl=10|15m,-9.763578061286971e-06,-0.05525573905945536,3013,6272,0.7599934142150911,1.176956142952455,0.9450020509166033
AD|e=E1|f=1|sp=2|k=1|tp=MID|sl=-|15m,2.409645328711408e-06,0.04574003942149976,3800,4931,0.9248232268793043,0.9627082963606065,1.1275293106783997
AD|e=E1|f=1|sp=2|k=1|tp=MID|sl=6|15m,-5.562856367170178e-07,-0.011636151678321181,3809,4911,0.9407139513140178,0.959678387673345,1.0889057655992593
AD|e=E1|f=1|sp=2|k=1|tp=MID|sl=10|15m,-2.2810893740617613e-06,-0.044755880661302164,3800,4928,0.9234247459285125,0.9526195330135473,1.0973223523139919
AD|e=E1|f=1|sp=2|k=1|tp=A0.5|sl=-|15m,3.753202854854637e-05,0.2559917386183015,980,1220,1.198059202590787,0.96655778624063,1.0543670530415687
AD|e=E1|f=1|sp=2|k=1|tp=A0.5|sl=6|15m,-2.760230675069512e-05,-0.5202791716101751,4225,5220,0.9180302487821707,0.903077690850305,1.0044412485392902
AD|e=E1|f=1|sp=2|k=1|tp=A0.5|sl=10|15m,-2.3332935900859842e-05,-0.3412282435958001,4177,5194,0.9255063035703193,0.9481106549859621,0.9636397942176872
AD|e=E1|f=1|sp=2|k=1|tp=A1.0|sl=-|15m,1.9983122010902814e-05,0.12211812777868952,495,671,1.0716569618366323,1.000680016211292,1.019187121791877
AD|e=E1|f=1|sp=2|k=1|tp=A1.0|sl=6|15m,-1.5558131968516334e-05,-0.24245834913818723,3684,4898,0.9578031823257962,0.8971091087890903,1.0374149180738046
AD|e=E1|f=1|sp=2|k=1|tp=A1.0|sl=10|15m,-1.3488877130948975e-05,-0.1626140028767698,3608,4826,0.8976477803730111,1.0308763091617021,0.9632304921971567
AD|e=E1|f=1|sp=2|k=1|tp=A2.0|sl=-|15m,8.474321735772068e-06,0.05064635043137454,222,331,1.0754067633232551,0.974784124710559,0.9701827980008689
AD|e=E1|f=1|sp=2|k=1|tp=A2.0|sl=6|15m,-1.7936878205911505e-05,-0.21654741716571346,3071,4488,0.9658241781299428,0.9565891776095117,0.9461303311925563
AD|e=E1|f=1|sp=2|k=1|tp=A2.0|sl=10|15m,-3.570942474892013e-05,-0.3321830298622346,2951,4351,0.8652065815156945,0.979289769385746,0.9098966514176471
AD|e=E1|f=1|sp=2|k=2|tp=MID|sl=-|15m,1.5118135110599692e-06,0.024712010895683065,3800,5341,0.8953596420882236,0.9576232373962501,1.1624954986855887
AD|e=E1|f=1|sp=2|k=2|tp=MID|sl=6|15m,-3.5924602555316502e-06,-0.06511903267291393,3807,5264,0.9030190431912112,0.9540526985464769,1.118150177198532
AD|e=E1|f=1|sp=2|k=2|tp=MID|sl=10|15m,2.2301780636410095e-06,0.037884945431089646,3800,5332,0.892014894786479,0.9646523272723696,1.134929372658151
AD|e=E1|f=1|sp=2|k=2|tp=A0.5|sl=-|15m,6.438112826161863e-05,0.3026028699578308,1354,1831,1.2399328836584362,1.076855012768762,1.0335639015253506
AD|e=E1|f=1|sp=2|k=2|tp=A0.5|sl=6|15m,-3.4963906078044405e-05,-0.5289325382268923,4229,5634,0.922700002821607,0.8528737479127515,1.0072434230303953
AD|e=E1|f=1|sp=2|k=2|tp=A0.5|sl=10|15m,-4.566730901138464e-05,-0.5209981254843083,4198,5681,0.8770781022269248,0.8762786478264347,0.9378194846043791
AD|e=E1|f=1|sp=2|k=2|tp=A1.0|sl=-|15m,7.4793130268324e-05,0.3196768733280925,887,1331,1.3721227836519259,1.0716395541625645,0.9903270712253563
AD|e=E1|f=1|sp=2|k=2|tp=A1.0|sl=6|15m,-2.9415723455800704e-05,-0.3698769423170982,3690,5450,0.9457328619178617,0.8710113425782046,0.9879494485278677
AD|e=E1|f=1|sp=2|k=2|tp=A1.0|sl=10|15m,-4.388639169586e-06,-0.04034432956011389,3625,5458,0.9097321014995476,1.0162533713418371,0.992880973251766
AD|e=E1|f=1|sp=2|k=2|tp=A2.0|sl=-|15m,2.533872192911284e-05,0.09913038780393539,327,571,1.1295396925115353,1.0120727933667164,0.9370442363494172
AD|e=E1|f=1|sp=2|k=2|tp=A2.0|sl=6|15m,-3.10113052356991e-05,-0.29390302419973124,3078,5247,0.9165322436387632,0.9210806665249599,0.9462918754619257
AD|e=E1|f=1|sp=2|k=2|tp=A2.0|sl=10|15m,-2.704750167205887e-05,-0.1863852354976515,2984,5223,0.7915121110751719,0.9884880531213468,1.0039024467210462
AD|e=E1|f=1|sp=2|k=3|tp=MID|sl=-|15m,1.4302171690618849e-06,0.021764984130613136,3800,5492,0.8975976357498314,0.9556443934623292,1.1647619243267504
AD|e=E1|f=1|sp=2|k=3|tp=MID|sl=6|15m,2.0809604891896166e-06,0.038267419397309085,3807,5342,0.9030906138949528,0.9966807676379699,1.1081478852608613
AD|e=E1|f=1|sp=2|k=3|tp=MID|sl=10|15m,-3.515176355601537e-06,-0.05372819296706657,3800,5473,0.9189489809581048,0.9437367989820626,1.1171189054393524
AD|e=E1|f=1|sp=2|k=3|tp=A0.5|sl=-|15m,8.162274447076167e-05,0.29534179088377355,1499,2127,1.2844820418891114,1.1121892951006112,1.0179751312079528
AD|e=E1|f=1|sp=2|k=3|tp=A0.5|sl=6|15m,-3.380553682524402e-05,-0.47636981673271195,4226,5766,0.8999413333328048,0.8788513798804386,1.0068737384364863
AD|e=E1|f=1|sp=2|k=3|tp=A0.5|sl=10|15m,-1.6867329424338343e-05,-0.15973013009201162,4189,5915,0.939555477865789,0.9143916027908505,1.0278228193074874
AD|e=E1|f=1|sp=2|k=3|tp=A1.0|sl=-|15m,9.068110291951417e-05,0.29250710446851336,973,1564,1.4331476913618053,1.1070385976475476,0.947981036143055
AD|e=E1|f=1|sp=2|k=3|tp=A1.0|sl=6|15m,-8.159665029482429e-06,-0.09447855956182417,3688,5650,0.9492376140785029,0.9460487699823171,1.0293481000736964
AD|e=E1|f=1|sp=2|k=3|tp=A1.0|sl=10|15m,1.96030351347136e-05,0.15358943633580915,3641,5839,1.0032506646477717,1.1110960465623951,0.9796335426322011
AD|e=E1|f=1|sp=2|k=3|tp=A2.0|sl=-|15m,6.18255366202783e-05,0.1757860750617135,406,787,1.359696415067012,1.0117785588630188,0.8929107686999632
AD|e=E1|f=1|sp=2|k=3|tp=A2.0|sl=6|15m,-1.6893551448162672e-05,-0.14379151192551837,3079,5566,0.8814104806820631,0.9467661059536634,1.0375613263058654
AD|e=E1|f=1|sp=2|k=3|tp=A2.0|sl=10|15m,-3.9952299252531805e-05,-0.22575818423638794,2993,5775,0.7506699012830974,1.2438457980375877,0.7925853630168511
AD|e=E2|f=0|sp=-|k=0|tp=MID|sl=-|15m,-2.5660691449138595e-05,-0.4786613465696003,3969,3969,0.9602946510687522,0.904937685055412,0.9785489666657577
AD|e=E2|f=0|sp=-|k=0|tp=MID|sl=6|15m,-5.109239571207101e-05,-0.8764206768084641,4783,4783,0.9161077298898351,0.8414330995368162,0.9412358351670127
AD|e=E2|f=0|sp=-|k=0|tp=MID|sl=10|15m,-4.0592014963711775e-05,-0.708806651514012,4279,4279,0.9305611900992788,0.8738431570058551,0.9530944365852989
AD|e=E2|f=0|sp=-|k=0|tp=A0.5|sl=-|15m,-2.1253222476731649e-07,-0.002598701560405437,369,369,1.024231874411235,0.9873173591357002,0.9783055311432034
AD|e=E2|f=0|sp=-|k=0|tp=A0.5|sl=6|15m,-7.623406669507205e-05,-1.4132508260305416,5744,5744,0.8005976808362238,0.7548639757912355,1.0237150470392373
AD|e=E2|f=0|sp=-|k=0|tp=A0.5|sl=10|15m,-8.48078458190661e-05,-1.314400790377725,4810,4810,0.7946847576224836,0.7983833508443616,0.9280245479271184
AD|e=E2|f=0|sp=-|k=0|tp=A1.0|sl=-|15m,3.2762079333111914e-06,0.03989212981705378,280,280,1.0496376637897382,0.9910892766396824,0.9719841168621296
AD|e=E2|f=0|sp=-|k=0|tp=A1.0|sl=6|15m,-7.803347700180149e-05,-1.189231148285121,4996,4996,0.8150531764429624,0.7695277754662537,0.9735325235302029
AD|e=E2|f=0|sp=-|k=0|tp=A1.0|sl=10|15m,-8.009024907520936e-05,-1.1350633045791403,4072,4072,0.8495060793498129,0.7936218859193812,0.898825837749283
AD|e=E2|f=0|sp=-|k=0|tp=A2.0|sl=-|15m,-4.5776368207756906e-07,-0.0054881746367879515,159,159,1.0218457713733422,1.0013361314219698,0.9667526592777154
AD|e=E2|f=0|sp=-|k=0|tp=A2.0|sl=6|15m,-5.914687989710241e-05,-0.7558211109430766,4293,4293,0.8720273511059181,0.8047428622745657,0.9758790152110197
AD|e=E2|f=0|sp=-|k=0|tp=A2.0|sl=10|15m,-6.0387847092022805e-05,-0.6904897918998129,3318,3318,0.8928426707160267,0.8017399512219973,0.9526691999382219
AD|e=E2|f=0|sp=0.5|k=1|tp=MID|sl=-|15m,-2.5733730755688998e-05,-0.28596842213707147,3968,6586,0.948797460163954,0.8924349723042396,0.9985922468237832
AD|e=E2|f=0|sp=0.5|k=1|tp=MID|sl=6|15m,-6.650765415375817e-05,-0.700035582519063,4577,7491,0.9040459787329221,0.8341737613503885,0.8700015316914246
AD|e=E2|f=0|sp=0.5|k=1|tp=MID|sl=10|15m,-7.220701525847173e-05,-0.7179567818129251,4208,6950,0.8664253966548908,0.8136752726837824,0.8977017933079067
AD|e=E2|f=0|sp=0.5|k=1|tp=A0.5|sl=-|15m,1.5111469653675762e-05,0.09065734923647473,573,847,1.072218489456199,1.0167744769886797,0.9670553143307395
AD|e=E2|f=0|sp=0.5|k=1|tp=A0.5|sl=6|15m,-8.662591571001033e-05,-1.0051570612524374,5717,8299,0.8487985172429218,0.6679827580122727,1.0204664220783706
AD|e=E2|f=0|sp=0.5|k=1|tp=A0.5|sl=10|15m,-0.00012315767501278738,-1.1136249801446358,5003,7303,0.8103271990680659,0.6853198130754876,0.8240673419639751
AD|e=E2|f=0|sp=0.5|k=1|tp=A1.0|sl=-|15m,1.1798482487952192e-05,0.07030991192169851,356,563,1.0667468788644554,0.98366495391688,0.9855427088454219
AD|e=E2|f=0|sp=0.5|k=1|tp=A1.0|sl=6|15m,-9.625870368229996e-05,-0.9325754049727852,4895,7539,0.7482136716248824,0.7418911402788708,0.9780080789874316
AD|e=E2|f=0|sp=0.5|k=1|tp=A1.0|sl=10|15m,-0.00015789079899902492,-1.1995852631979407,4116,6404,0.7227730049054302,0.6901157715300681,0.7357054181573358
AD|e=E2|f=0|sp=0.5|k=1|tp=A2.0|sl=-|15m,-1.4621209980413224e-07,-0.0008549558400656534,181,301,1.0472159214121433,0.986497609623606,0.9301265852975854
AD|e=E2|f=0|sp=0.5|k=1|tp=A2.0|sl=6|15m,-8.172787739749484e-05,-0.6137796126338567,4139,6852,0.7879010221426795,0.7456687830461165,1.001468270253151
AD|e=E2|f=0|sp=0.5|k=1|tp=A2.0|sl=10|15m,-0.0001278171038185072,-0.802012972348826,3253,5443,0.8098711981802189,0.6918402703340018,0.7808382474983677
AD|e=E2|f=0|sp=0.5|k=2|tp=MID|sl=-|15m,-1.5231128312516808e-05,-0.13026729196738238,3968,8299,0.9646731686334113,0.8982576755314253,1.0365645434841393
AD|e=E2|f=0|sp=0.5|k=2|tp=MID|sl=6|15m,-8.880227263724715e-05,-0.7193523499641649,4467,9125,0.8660582998994081,0.7247727058976645,0.9048762158307925
AD|e=E2|f=0|sp=0.5|k=2|tp=MID|sl=10|15m,-8.640932739338721e-05,-0.658581960410868,4154,8616,0.867072272959296,0.757330759865722,0.8747274596505217
AD|e=E2|f=0|sp=0.5|k=2|tp=A0.5|sl=-|15m,2.9747194913150847e-05,0.11771975908434261,715,1230,1.0868651292246065,1.0713774103773885,0.9417177949409976
AD|e=E2|f=0|sp=0.5|k=2|tp=A0.5|sl=6|15m,-0.0001260220757357425,-1.0843977418516288,5674,9548,0.8282105680645632,0.5999505968792566,0.9055774218865336
AD|e=E2|f=0|sp=0.5|k=2|tp=A0.5|sl=10|15m,-0.0001317042606794357,-0.8867962964798245,5039,8613,0.721665207654134,0.693794399337362,0.8522998546976442
AD|e=E2|f=0|sp=0.5|k=2|tp=A1.0|sl=-|15m,2.2272155076187117e-05,0.08597096451947812,416,801,1.1204047065083471,0.9595335904194562,0.9706762053881588
AD|e=E2|f=0|sp=0.5|k=2|tp=A1.0|sl=6|15m,-0.00012292268889243943,-0.8784037443728947,4780,8919,0.7921831028806597,0.5697935702518478,1.0045292274602657
AD|e=E2|f=0|sp=0.5|k=2|tp=A1.0|sl=10|15m,-0.00017337482199439961,-0.9953996540103688,4071,7741,0.7828499749175691,0.5612646049788188,0.7391845648079798
AD|e=E2|f=0|sp=0.5|k=2|tp=A2.0|sl=-|15m,2.469792508466965e-05,0.09390274616991126,238,523,1.150735562777298,0.9913936342086386,0.9304816737779653
AD|e=E2|f=0|sp=0.5|k=2|tp=A2.0|sl=6|15m,-0.0001356931972777748,-0.7419054337097751,3986,8497,0.6864855695446808,0.5695902219278813,1.0503408238562055
AD|e=E2|f=0|sp=0.5|k=2|tp=A2.0|sl=10|15m,-0.00014398575626712375,-0.6685425474583158,3231,6979,0.7237501282967175,0.6914069396888873,0.7626315518355381
AD|e=E2|f=0|sp=0.5|k=3|tp=MID|sl=-|15m,1.6157022099055307e-05,0.11815458029418327,3968,9420,1.0209368818302058,0.9430393066294463,1.1211452964451036
AD|e=E2|f=0|sp=0.5|k=3|tp=MID|sl=6|15m,-6.153768966933461e-05,-0.4492883107773408,4383,10067,0.9126828662497133,0.7689797028524251,0.9497829857900741
AD|e=E2|f=0|sp=0.5|k=3|tp=MID|sl=10|15m,-4.2611848047263506e-05,-0.2950748335320931,4109,9645,0.9011186610760281,0.8594755268356091,0.9663579563018998
AD|e=E2|f=0|sp=0.5|k=3|tp=A0.5|sl=-|15m,4.959192574196663e-05,0.14548474005124087,855,1609,1.1862310101151128,1.070601984986565,0.900146412574289
AD|e=E2|f=0|sp=0.5|k=3|tp=A0.5|sl=6|15m,-0.00015185274043057418,-1.1207867892712562,5591,10182,0.7711019986292742,0.6029099779107142,0.814935720467207
AD|e=E2|f=0|sp=0.5|k=3|tp=A0.5|sl=10|15m,-0.00013786210272209595,-0.7412370129350254,5012,9312,0.759521387016694,0.6786904892614024,0.7753461081945107
AD|e=E2|f=0|sp=0.5|k=3|tp=A1.0|sl=-|15m,6.861042266602637e-05,0.19502460689543508,580,1236,1.1713961305176983,1.1495256530755218,0.9474843393211451
AD|e=E2|f=0|sp=0.5|k=3|tp=A1.0|sl=6|15m,-0.00017231992790799771,-1.023144670323429,4706,9791,0.756782382599049,0.46676113666105323,0.929631894151888
AD|e=E2|f=0|sp=0.5|k=3|tp=A1.0|sl=10|15m,-0.00021393555365438767,-0.9626305456431966,4110,8736,0.6536940144908155,0.48393536396762227,0.771840848333129
AD|e=E2|f=0|sp=0.5|k=3|tp=A2.0|sl=-|15m,5.064089743899179e-05,0.13966772835480842,285,725,1.2228266494991291,0.970422784421199,0.9569979913263896
AD|e=E2|f=0|sp=0.5|k=3|tp=A2.0|sl=6|15m,-9.988201684094203e-05,-0.4543446931044761,3927,9680,0.8406884920832981,0.49721176052091,1.1902635812903064
AD|e=E2|f=0|sp=0.5|k=3|tp=A2.0|sl=10|15m,-0.00011232268669942483,-0.40622640250493375,3215,8143,0.8269712729491002,0.6652350292126856,0.7985731291307929
AD|e=E2|f=0|sp=1|k=1|tp=MID|sl=-|15m,-2.702641956522604e-05,-0.3157246641872805,3968,6157,0.9501009507018737,0.8894934435474331,0.9938992272708911
AD|e=E2|f=0|sp=1|k=1|tp=MID|sl=6|15m,-6.830836368537553e-05,-0.7638008908451275,4543,6930,0.9002765705231971,0.8092983725894357,0.8923194417834777
AD|e=E2|f=0|sp=1|k=1|tp=MID|sl=10|15m,-7.866656677435383e-05,-0.8160520026617675,4193,6462,0.8653891160124598,0.8143548220984894,0.8641821104738092
AD|e=E2|f=0|sp=1|k=1|tp=A0.5|sl=-|15m,1.2275934889555365e-05,0.07401676526421805,592,817,1.047836395616428,1.030353585306077,0.9597413202508027
AD|e=E2|f=0|sp=1|k=1|tp=A0.5|sl=6|15m,-8.856488445104824e-05,-1.0896001887912437,5643,7639,0.8555918179966766,0.6747626608998871,0.9916470290694184
AD|e=E2|f=0|sp=1|k=1|tp=A0.5|sl=10|15m,-0.0001035721277167571,-0.9754066535906024,4917,6729,0.8139509234646098,0.7417920455701704,0.8564874486243229
AD|e=E2|f=0|sp=1|k=1|tp=A1.0|sl=-|15m,9.335052718098505e-06,0.055654753877706534,363,535,1.0643442213287984,0.9792218114670649,0.9773857040520131
AD|e=E2|f=0|sp=1|k=1|tp=A1.0|sl=6|15m,-7.743552145069728e-05,-0.7623894142767149,4835,6986,0.8042513650807226,0.7315091813064024,1.0360743430068495
AD|e=E2|f=0|sp=1|k=1|tp=A1.0|sl=10|15m,-0.0001401674472081153,-1.1058720990891568,4096,5983,0.7445077961978744,0.7302503606704718,0.7539799792834323
AD|e=E2|f=0|sp=1|k=1|tp=A2.0|sl=-|15m,8.492833967187544e-06,0.049867778397885656,212,339,1.1077475555783338,0.9844437485977159,0.9297161976045185
AD|e=E2|f=0|sp=1|k=1|tp=A2.0|sl=6|15m,-7.500005402993862e-05,-0.5698314476760393,4086,6418,0.8637762771094615,0.660328416503892,1.075647807811238
AD|e=E2|f=0|sp=1|k=1|tp=A2.0|sl=10|15m,-0.00010485486604667479,-0.6804432984655041,3232,5125,0.8226791001709088,0.7470389433087292,0.8224900319376001
AD|e=E2|f=0|sp=1|k=2|tp=MID|sl=-|15m,-7.532264566613e-06,-0.07056229133333071,3968,7383,0.9899461928063182,0.8893361073215743,1.0741725850190416
AD|e=E2|f=0|sp=1|k=2|tp=MID|sl=6|15m,-6.334690008017286e-05,-0.5805442535338595,4414,7956,0.8953970270961886,0.7808842356270853,0.956234090473291
AD|e=E2|f=0|sp=1|k=2|tp=MID|sl=10|15m,-6.0916403977036174e-05,-0.5219771665957639,4127,7597,0.9180778312788396,0.7683703761532265,0.9589653153158882
AD|e=E2|f=0|sp=1|k=2|tp=A0.5|sl=-|15m,2.6307255397500136e-05,0.10497338217716098,775,1197,1.0853795795193395,1.0582272439617564,0.9355616867214067
AD|e=E2|f=0|sp=1|k=2|tp=A0.5|sl=6|15m,-0.00012380162638432867,-1.1105213650306294,5527,8409,0.7854779874196787,0.6903121862054555,0.8431020666579391
AD|e=E2|f=0|sp=1|k=2|tp=A0.5|sl=10|15m,-0.00011754625065040843,-0.7995339995916693,4922,7614,0.7886824827920206,0.707248431142404,0.8352338677358346
AD|e=E2|f=0|sp=1|k=2|tp=A1.0|sl=-|15m,1.743917428419844e-05,0.06764253157662063,424,745,1.1147633852888899,0.9435139912975183,0.963493700185498
AD|e=E2|f=0|sp=1|k=2|tp=A1.0|sl=6|15m,-0.00012398639678767582,-0.9434275803764632,4707,7923,0.7823213575148548,0.5867168625537551,0.9867379529274991
AD|e=E2|f=0|sp=1|k=2|tp=A1.0|sl=10|15m,-0.0001476311773048616,-0.8632072752393988,4045,6947,0.7504633730705134,0.5640695288376579,0.9025852877321625
AD|e=E2|f=0|sp=1|k=2|tp=A2.0|sl=-|15m,3.428195684453242e-05,0.13010162811996184,270,550,1.144039802912407,0.9861030714814331,0.9980262198337042
AD|e=E2|f=0|sp=1|k=2|tp=A2.0|sl=6|15m,-0.00010476886159432733,-0.6138850683670455,3947,7641,0.7541992458129689,0.586600901537055,1.1341056582874876
AD|e=E2|f=0|sp=1|k=2|tp=A2.0|sl=10|15m,-0.00013739662374458967,-0.6498715531352317,3183,6323,0.7143806978496537,0.6423306212370764,0.8695309405062124
AD|e=E2|f=0|sp=1|k=3|tp=MID|sl=-|15m,2.437640962044473e-05,0.19996936817359345,3968,8053,1.058369567784413,0.9173816652844078,1.1779717553257167
AD|e=E2|f=0|sp=1|k=3|tp=MID|sl=6|15m,-3.474161510713683e-05,-0.30061715559800817,4354,8453,0.9218754703491407,0.8042731842928442,1.0733562003449013
AD|e=E2|f=0|sp=1|k=3|tp=MID|sl=10|15m,-1.3632074807062753e-05,-0.10921070461711971,4097,8208,0.9845379151671053,0.8449575396181308,1.0857287563028675
AD|e=E2|f=0|sp=1|k=3|tp=A0.5|sl=-|15m,3.6775372478215785e-05,0.1089220084126665,897,1502,1.1300442975884488,1.0485219501340601,0.8911166046893153
AD|e=E2|f=0|sp=1|k=3|tp=A0.5|sl=6|15m,-0.00010971075975756111,-0.8864261330385077,5452,8794,0.8455513602542601,0.6715489272698595,0.8717585335070059
AD|e=E2|f=0|sp=1|k=3|tp=A0.5|sl=10|15m,-0.00011462293216076098,-0.6873830651568813,4865,8085,0.8897358609835884,0.64712388418174,0.8114700107676731
AD|e=E2|f=0|sp=1|k=3|tp=A1.0|sl=-|15m,5.914774245864873e-05,0.168450579168432,594,1129,1.1454319280210563,1.128417355137201,0.9312412821019017
AD|e=E2|f=0|sp=1|k=3|tp=A1.0|sl=6|15m,-0.00015004823574369302,-0.936659651332913,4627,8455,0.7969947971420434,0.5511178408209855,0.8630091884481089
AD|e=E2|f=0|sp=1|k=3|tp=A1.0|sl=10|15m,-0.00017365474033302907,-0.8170732000886349,4044,7633,0.744677253715635,0.48501107696932383,0.8704674899569423
AD|e=E2|f=0|sp=1|k=3|tp=A2.0|sl=-|15m,4.865893714748378e-05,0.13430419469124202,303,695,1.1938030298042088,0.9676474717468994,0.9720338214834452
AD|e=E2|f=0|sp=1|k=3|tp=A2.0|sl=6|15m,-0.00014190699149531545,-0.6992040341414651,3860,8373,0.7797234571693453,0.5220073837526328,0.9563083237259593
AD|e=E2|f=0|sp=1|k=3|tp=A2.0|sl=10|15m,-6.35116653795212e-05,-0.23975220117355464,3148,7140,0.977156190230113,0.5887508378838928,1.039844557102453
AD|e=E2|f=0|sp=1.5|k=1|tp=MID|sl=-|15m,-2.352763979583971e-05,-0.2868120585264967,3969,5826,0.9550320544897339,0.8839385554661225,1.0173578030183839
AD|e=E2|f=0|sp=1.5|k=1|tp=MID|sl=6|15m,-6.164236810741776e-05,-0.732899345241416,4519,6492,0.8975096277339683,0.8041664442312239,0.9398871480016058
AD|e=E2|f=0|sp=1.5|k=1|tp=MID|sl=10|15m,-7.441739503209393e-05,-0.7987194476500583,4181,6089,0.8662166642631455,0.811325120306245,0.890287227293872
AD|e=E2|f=0|sp=1.5|k=1|tp=A0.5|sl=-|15m,1.088479647778392e-05,0.06578942529271885,602,791,1.047674033917151,1.0201043284088434,0.9617548853023985
AD|e=E2|f=0|sp=1.5|k=1|tp=A0.5|sl=6|15m,-0.00011062436713898313,-1.3163616504068747,5532,7145,0.8225483894792714,0.6766614982471044,0.8969790678538393
AD|e=E2|f=0|sp=1.5|k=1|tp=A0.5|sl=10|15m,-0.00011378181748629429,-1.0748097446053029,4883,6374,0.7982290233360577,0.6984024981644708,0.8704745108387156
AD|e=E2|f=0|sp=1.5|k=1|tp=A1.0|sl=-|15m,1.1830500368508597e-05,0.07119079849180733,382,538,1.081319867229978,0.9749536505807823,0.9817546517743573
AD|e=E2|f=0|sp=1.5|k=1|tp=A1.0|sl=6|15m,-6.877987217181952e-05,-0.6956467270460475,4768,6574,0.8353160997557556,0.7119248016945738,1.0823264785389943
AD|e=E2|f=0|sp=1.5|k=1|tp=A1.0|sl=10|15m,-0.0001396271312200555,-1.1270453586022855,4026,5627,0.7445992233733411,0.6977135813539549,0.7925552608322625
AD|e=E2|f=0|sp=1.5|k=1|tp=A2.0|sl=-|15m,8.960588518803275e-06,0.05273101954081526,224,345,1.1058407422980896,0.9886962161984395,0.9300006487790516
AD|e=E2|f=0|sp=1.5|k=1|tp=A2.0|sl=6|15m,-5.618690262001776e-05,-0.44906399543196845,4028,6072,0.8162403912736118,0.6921702549979136,1.222018959935016
AD|e=E2|f=0|sp=1.5|k=1|tp=A2.0|sl=10|15m,-0.00012166938943440058,-0.8056208738071116,3193,4866,0.7875962941090423,0.788869838829387,0.7342351012008126
AD|e=E2|f=0|sp=1.5|k=2|tp=MID|sl=-|15m,6.685734181310905e-07,0.006844273645311165,3968,6688,0.9968751604657756,0.8920303399634636,1.1156502789043088
AD|e=E2|f=0|sp=1.5|k=2|tp=MID|sl=6|15m,-5.3891364131580224e-05,-0.5549350205694442,4395,7106,0.9063863794912772,0.8000583748109302,0.9765346488322487
AD|e=E2|f=0|sp=1.5|k=2|tp=MID|sl=10|15m,-4.012706710601925e-05,-0.3817529770406074,4107,6846,0.9598399574176265,0.7941524700923485,1.0072974658523448
AD|e=E2|f=0|sp=1.5|k=2|tp=A0.5|sl=-|15m,2.4187559977976035e-05,0.09739434312011634,812,1189,1.0910091656928314,1.0422325557379941,0.9296480917799186
AD|e=E2|f=0|sp=1.5|k=2|tp=A0.5|sl=6|15m,-0.00011392315378995805,-1.1272105979614686,5412,7657,0.7888598665188271,0.6632504072490744,0.9283812936429781
AD|e=E2|f=0|sp=1.5|k=2|tp=A0.5|sl=10|15m,-0.00010547568118566075,-0.8234975249665288,4814,6985,0.7491850763337086,0.6060591860911253,1.11226954581769
AD|e=E2|f=0|sp=1.5|k=2|tp=A1.0|sl=-|15m,4.789648290223785e-05,0.18726128902030328,585,944,1.143951050903536,1.118398497612265,0.9548358197545689
AD|e=E2|f=0|sp=1.5|k=2|tp=A1.0|sl=6|15m,-0.00013800447210891972,-1.105131066650448,4623,7215,0.8195332496630873,0.6159794190456199,0.8222775953208663
AD|e=E2|f=0|sp=1.5|k=2|tp=A1.0|sl=10|15m,-0.00012633390400887333,-0.7743146912806852,4006,6425,0.836070830818615,0.5715318387726305,0.9128166029228074
AD|e=E2|f=0|sp=1.5|k=2|tp=A2.0|sl=-|15m,3.80318119498862e-05,0.145510348224089,290,550,1.192647261162125,0.9823378853239947,0.97996254582296
AD|e=E2|f=0|sp=1.5|k=2|tp=A2.0|sl=6|15m,-0.00010332085743652969,-0.6522688625097253,3892,6971,0.8485676576847361,0.6612180941392771,0.9037408463339087
AD|e=E2|f=0|sp=1.5|k=2|tp=A2.0|sl=10|15m,-8.88227339783846e-05,-0.43728768545526614,3153,5866,0.8411967221235006,0.7210195866107075,0.8871729964634687
AD|e=E2|f=0|sp=1.5|k=3|tp=MID|sl=-|15m,1.7547904762356737e-05,0.16182084823688314,3968,7066,1.0380503704398223,0.9135847826224937,1.1556753140324256
AD|e=E2|f=0|sp=1.5|k=3|tp=MID|sl=6|15m,-4.640633763426048e-05,-0.45213235901536714,4350,7314,0.9205503614279456,0.8032794391363862,1.000752358392144
AD|e=E2|f=0|sp=1.5|k=3|tp=MID|sl=10|15m,-1.9304854138220256e-05,-0.17243954895271935,4084,7168,0.9909597360640141,0.8020509230498318,1.0945269767125316
AD|e=E2|f=0|sp=1.5|k=3|tp=A0.5|sl=-|15m,3.000346486147228e-05,0.08840114717473686,887,1394,1.060365417585686,1.030747920469123,0.9228175195532267
AD|e=E2|f=0|sp=1.5|k=3|tp=A0.5|sl=6|15m,-0.00010793968043486752,-0.967825984005294,5346,7889,0.7180474463937065,0.6438811827282115,1.0829536137586913
AD|e=E2|f=0|sp=1.5|k=3|tp=A0.5|sl=10|15m,-0.00010320332736857769,-0.6971555131653692,4745,7296,0.7482176027085352,0.6557803474150656,1.0308197002949593
AD|e=E2|f=0|sp=1.5|k=3|tp=A1.0|sl=-|15m,5.0147038716260645e-05,0.14373698915873687,620,1086,1.1318391015072695,1.1057262153960008,0.9097727250616454
AD|e=E2|f=0|sp=1.5|k=3|tp=A1.0|sl=6|15m,-0.0001414875521870183,-0.9777400795386596,4552,7516,0.761599564513883,0.6034573251963207,0.8749751678627326
AD|e=E2|f=0|sp=1.5|k=3|tp=A1.0|sl=10|15m,-0.00012864434460699867,-0.6614413766580296,3955,6872,0.888401856437234,0.5599199949061793,0.8474636494255137
AD|e=E2|f=0|sp=1.5|k=3|tp=A2.0|sl=-|15m,5.383915745657619e-05,0.1502477433945278,332,695,1.256119181617524,0.9638069674437696,0.9561951856831261
AD|e=E2|f=0|sp=1.5|k=3|tp=A2.0|sl=6|15m,-0.00014499708796868839,-0.7861407084800865,3786,7359,0.765139088954293,0.6338888518450208,0.7945797835014695
AD|e=E2|f=0|sp=1.5|k=3|tp=A2.0|sl=10|15m,-6.398167467823911e-05,-0.2578106753327659,3138,6517,0.947221328766364,0.7394799814223686,0.8620553523165336
AD|e=E2|f=0|sp=2|k=1|tp=MID|sl=-|15m,-1.7225218558473117e-05,-0.21875681135024916,3969,5543,0.9791937764734786,0.8876965245946757,1.028288795814183
AD|e=E2|f=0|sp=2|k=1|tp=MID|sl=6|15m,-4.767241155276676e-05,-0.6083763833877026,4492,6112,0.9206674151319341,0.8308701928487124,0.9681172719656821
AD|e=E2|f=0|sp=2|k=1|tp=MID|sl=10|15m,-6.422532401077158e-05,-0.7174892758789035,4166,5773,0.9087085673253381,0.7946312449384387,0.9238218110661495
AD|e=E2|f=0|sp=2|k=1|tp=A0.5|sl=-|15m,1.2716226763712503e-05,0.07744851653785924,660,842,1.0572914848069228,1.0191374526170323,0.9650569751012212
AD|e=E2|f=0|sp=2|k=1|tp=A0.5|sl=6|15m,-0.00010217000283494787,-1.2414408892579398,5462,6798,0.8160664300807896,0.710425038901795,0.9079387410545081
AD|e=E2|f=0|sp=2|k=1|tp=A0.5|sl=10|15m,-0.00011399707650892963,-1.077343221754292,4824,6078,0.7818594262320034,0.7460359377471228,0.83101367562133
AD|e=E2|f=0|sp=2|k=1|tp=A1.0|sl=-|15m,1.5502760449574538e-05,0.09367702016639086,416,572,1.1055601522259844,0.9752558315600327,0.9821256256732791
AD|e=E2|f=0|sp=2|k=1|tp=A1.0|sl=6|15m,-8.162732574244712e-05,-0.8531290481480979,4702,6238,0.8644779929415181,0.6808064846041039,1.0118809099771477
AD|e=E2|f=0|sp=2|k=1|tp=A1.0|sl=10|15m,-0.0001288151328385044,-1.0959687461480587,3973,5353,0.8212528326359484,0.6575625582421627,0.8169279127750348
AD|e=E2|f=0|sp=2|k=1|tp=A2.0|sl=-|15m,1.3602211251366114e-05,0.07994848710056571,244,370,1.1275139073628613,0.9936692654863493,0.933736873667716
AD|e=E2|f=0|sp=2|k=1|tp=A2.0|sl=6|15m,-6.434705233451293e-05,-0.5252454269516733,3975,5765,0.8308976182326913,0.6641274155325094,1.1919621147390647
AD|e=E2|f=0|sp=2|k=1|tp=A2.0|sl=10|15m,-0.00011155767604939388,-0.7560584648465354,3145,4640,0.7830036500716752,0.8012882215418798,0.7749450550915298
AD|e=E2|f=0|sp=2|k=2|tp=MID|sl=-|15m,6.322540620074031e-06,0.06967161879103106,3968,6159,1.0276656147445715,0.9012611988379241,1.1118311170601938
AD|e=E2|f=0|sp=2|k=2|tp=MID|sl=6|15m,-4.906335718867819e-05,-0.541913470932035,4391,6463,0.9239135275544393,0.8001985630031552,0.9894497223831074
AD|e=E2|f=0|sp=2|k=2|tp=MID|sl=10|15m,-4.246643164395562e-05,-0.4207962909557707,4105,6281,0.9510486048383626,0.7918494181206309,1.0076243503165208
AD|e=E2|f=0|sp=2|k=2|tp=A0.5|sl=-|15m,1.5637114010310212e-05,0.062248562928417774,742,1035,1.0509761547829803,0.9991677896419536,0.9548611662556877
AD|e=E2|f=0|sp=2|k=2|tp=A0.5|sl=6|15m,-0.00011461208031603882,-1.183298582431415,5344,7121,0.7685170719105787,0.7013845859102196,0.899150411182343
AD|e=E2|f=0|sp=2|k=2|tp=A0.5|sl=10|15m,-9.697485762113892e-05,-0.7934511842360452,4734,6527,0.7777835143278629,0.6940875336667799,0.9881934710031448
AD|e=E2|f=0|sp=2|k=2|tp=A1.0|sl=-|15m,3.467100802027067e-05,0.1366023334873488,576,880,1.128923574070995,1.0427823257747015,0.9579203121583345
AD|e=E2|f=0|sp=2|k=2|tp=A1.0|sl=6|15m,-0.00014063254264170435,-1.1796087484209319,4563,6668,0.7738358062474258,0.6792681996277363,0.7792441097815149
AD|e=E2|f=0|sp=2|k=2|tp=A1.0|sl=10|15m,-0.00011360940345378373,-0.7349094181353109,3955,6017,0.9046518419565215,0.5938005757961194,0.8824935948826694
AD|e=E2|f=0|sp=2|k=2|tp=A2.0|sl=-|15m,3.170602983122778e-05,0.12077460423302859,294,529,1.2078181475415455,0.9876183195748789,0.9238777865537259
AD|e=E2|f=0|sp=2|k=2|tp=A2.0|sl=6|15m,-0.00011306861522317517,-0.7402832450166708,3832,6366,0.83207907893033,0.7054366869124408,0.8161751091569888
AD|e=E2|f=0|sp=2|k=2|tp=A2.0|sl=10|15m,-8.277582506207753e-05,-0.4114660914199368,3094,5445,0.8963524694660097,0.8426179785973172,0.7419510675968708
AD|e=E2|f=0|sp=2|k=3|tp=MID|sl=-|15m,1.0019030340588257e-05,0.10143436521041604,3968,6383,1.0289110910199493,0.9046437358137566,1.1284165986795744
AD|e=E2|f=0|sp=2|k=3|tp=MID|sl=6|15m,-4.7220683702344995e-05,-0.49674545390447244,4356,6540,0.9346192300363965,0.7894398325430192,1.0015484155062453
AD|e=E2|f=0|sp=2|k=3|tp=MID|sl=10|15m,-4.18011377751679e-05,-0.38006478633052715,4082,6452,0.936409285285001,0.7906343090499605,1.0256899159748007
AD|e=E2|f=0|sp=2|k=3|tp=A0.5|sl=-|15m,2.794316401419704e-05,0.08287321348826947,877,1302,1.0548668295864618,1.0282107110500405,0.9199424527611738
AD|e=E2|f=0|sp=2|k=3|tp=A0.5|sl=6|15m,-0.00014139210439224998,-1.2921111294695766,5290,7232,0.6960011688628094,0.6524591489554922,0.8991911841619351
AD|e=E2|f=0|sp=2|k=3|tp=A0.5|sl=10|15m,-0.00013506045262523246,-0.8633485034953441,4689,6763,0.7629882314744033,0.647585456705741,0.8381018567788289
AD|e=E2|f=0|sp=2|k=3|tp=A1.0|sl=-|15m,4.6606918051914966e-05,0.13421267891864033,630,1030,1.1149134280725406,1.0349869171356125,0.9675238874946752
AD|e=E2|f=0|sp=2|k=3|tp=A1.0|sl=6|15m,-0.00014000266007471919,-1.0611283896220107,4501,6804,0.8038956884555133,0.6324552866052938,0.8036545713969256
AD|e=E2|f=0|sp=2|k=3|tp=A1.0|sl=10|15m,-0.00014117430411391985,-0.7346326331620555,3916,6329,0.9220197281242551,0.49774988122103936,0.8510858731274187
AD|e=E2|f=0|sp=2|k=3|tp=A2.0|sl=-|15m,3.983205475185721e-05,0.11007330688752733,317,625,1.205074887159833,0.9511986778323229,0.9208968242134762
AD|e=E2|f=0|sp=2|k=3|tp=A2.0|sl=6|15m,-0.00010970191127816291,-0.643960515742382,3740,6546,0.7384410104717014,0.7266817665913422,0.9022341583675765
AD|e=E2|f=0|sp=2|k=3|tp=A2.0|sl=10|15m,-9.222058648227409e-05,-0.37924999842203794,3071,5912,0.7825415884968806,0.654447604588342,0.9984953426608311
AD|e=E2|f=1|sp=-|k=0|tp=MID|sl=-|15m,2.4060352051428932e-06,0.1551346260261847,496,496,0.9782952580370755,1.002994758146833,1.0350345153003975
AD|e=E2|f=1|sp=-|k=0|tp=MID|sl=6|15m,3.471962469446852e-06,0.24589076454309738,498,498,0.9936576140021741,0.9993332410467269,1.0295955344639571
AD|e=E2|f=1|sp=-|k=0|tp=MID|sl=10|15m,2.4283301803013768e-06,0.16699866990101336,496,496,0.9816742984242925,0.9990597730592535,1.0357153842261284
AD|e=E2|f=1|sp=-|k=0|tp=A0.5|sl=-|15m,1.7719848163221352e-05,0.3276885325847319,308,308,1.0264930652532251,1.0337264171214575,1.0459689414546962
AD|e=E2|f=1|sp=-|k=0|tp=A0.5|sl=6|15m,3.430805077518716e-07,0.03038168104276672,545,545,0.9934244850800811,0.9951779855869758,1.0137459382600593
AD|e=E2|f=1|sp=-|k=0|tp=A0.5|sl=10|15m,-6.098737703886135e-06,-0.42723648177892287,544,544,0.9825776122628505,0.9829042964173156,0.997070806527199
AD|e=E2|f=1|sp=-|k=0|tp=A1.0|sl=-|15m,2.6958240431774274e-05,0.466364829586127,282,282,1.0466607472711604,1.0537761419695866,1.0651355237347395
AD|e=E2|f=1|sp=-|k=0|tp=A1.0|sl=6|15m,4.277858508470828e-06,0.2943166438096018,510,510,1.0133225072891592,0.995606369791033,1.0180607720359713
AD|e=E2|f=1|sp=-|k=0|tp=A1.0|sl=10|15m,-3.207115334566773e-07,-0.017828031796183367,508,508,1.0043173364667295,0.9966626170376547,0.9970826766606641
AD|e=E2|f=1|sp=-|k=0|tp=A2.0|sl=-|15m,1.9490059554784195e-05,0.3193887274182166,190,190,1.0718867530100262,1.0472809488799062,0.9972971329884123
AD|e=E2|f=1|sp=-|k=0|tp=A2.0|sl=6|15m,1.2571786712657808e-05,0.6656800612965921,497,497,1.0192701852160302,1.0007746623096494,1.0592798438124504
AD|e=E2|f=1|sp=-|k=0|tp=A2.0|sl=10|15m,1.4504304024559793e-05,0.6393592689226038,495,495,1.034706677446178,1.0050451541052614,1.0510878402013029
AD|e=E2|f=1|sp=0.5|k=1|tp=MID|sl=-|15m,4.027981083372502e-06,0.15221746243708423,496,815,0.9547678314794041,1.0133033896871326,1.0592983901037718
AD|e=E2|f=1|sp=0.5|k=1|tp=MID|sl=6|15m,8.480569240205882e-06,0.380597869763436,497,814,0.9859929461526481,1.0112627657758615,1.056805687061638
AD|e=E2|f=1|sp=0.5|k=1|tp=MID|sl=10|15m,6.4095449993918515e-06,0.266752189817669,496,814,0.9715860763497002,1.0094651798454457,1.0605820153279553
AD|e=E2|f=1|sp=0.5|k=1|tp=A0.5|sl=-|15m,2.837733141377107e-05,0.28083693496720186,324,451,1.0305544747016773,1.0462237186623096,1.0839883718866732
AD|e=E2|f=1|sp=0.5|k=1|tp=A0.5|sl=6|15m,3.8117217835852894e-06,0.22052337942923297,547,779,0.9929687796324534,0.9817325534150901,1.0498414656940462
AD|e=E2|f=1|sp=0.5|k=1|tp=A0.5|sl=10|15m,-2.872294996175577e-06,-0.12628202715495432,546,779,0.9700822008209253,0.9539516519993239,1.0605298565754095
AD|e=E2|f=1|sp=0.5|k=1|tp=A1.0|sl=-|15m,4.284869970883602e-05,0.3784366937080186,288,430,1.0693728605149664,1.076688113558446,1.1058536468754363
AD|e=E2|f=1|sp=0.5|k=1|tp=A1.0|sl=6|15m,9.925309795531706e-07,0.04044153579519133,512,782,1.00377742529649,0.985528516776598,1.0163677552699413
AD|e=E2|f=1|sp=0.5|k=1|tp=A1.0|sl=10|15m,-5.391945086413527e-06,-0.16635600042394094,511,782,0.992336597140249,0.9604563229477079,1.012772392363627
AD|e=E2|f=1|sp=0.5|k=1|tp=A2.0|sl=-|15m,3.085510690668608e-05,0.2473400609010588,191,305,1.1184331271418892,1.0766802226376948,0.9763572777630779
AD|e=E2|f=1|sp=0.5|k=1|tp=A2.0|sl=6|15m,1.909993356394105e-05,0.5542493671433857,496,816,1.044584706762438,1.0035458422037078,1.0717624751830377
AD|e=E2|f=1|sp=0.5|k=1|tp=A2.0|sl=10|15m,2.132336899279623e-05,0.49544521417464116,495,816,1.0521293551848392,0.9987253747361821,1.081973111605745
AD|e=E2|f=1|sp=0.5|k=2|tp=MID|sl=-|15m,6.601928474492664e-06,0.18915671590125605,496,1026,0.9363691201663047,1.0347990551733626,1.0734442494287715
AD|e=E2|f=1|sp=0.5|k=2|tp=MID|sl=6|15m,1.3814199221957528e-05,0.5018220978890698,497,1020,0.9750144436622409,1.0344787617800424,1.0789665485816013
AD|e=E2|f=1|sp=0.5|k=2|tp=MID|sl=10|15m,8.092214559301768e-06,0.25474790595462465,496,1024,0.9552863149061214,1.024678121135052,1.0726940243916807
AD|e=E2|f=1|sp=0.5|k=2|tp=A0.5|sl=-|15m,3.7031241766851735e-05,0.24723936188580886,345,549,1.0312328828855062,1.0599108265498964,1.1061037553664996
AD|e=E2|f=1|sp=0.5|k=2|tp=A0.5|sl=6|15m,5.718183717583774e-07,0.024171473669378787,548,910,0.981617008407649,0.9838269995664208,1.0381402598767482
AD|e=E2|f=1|sp=0.5|k=2|tp=A0.5|sl=10|15m,7.397549480793942e-06,0.243998714231687,547,913,0.955404578775511,0.9938991910306962,1.100165210378664
AD|e=E2|f=1|sp=0.5|k=2|tp=A1.0|sl=-|15m,5.994699048997836e-05,0.3596556711467985,298,538,1.0768657930523553,1.1049490560575381,1.1565851552410447
AD|e=E2|f=1|sp=0.5|k=2|tp=A1.0|sl=6|15m,4.30564810457241e-06,0.1304844994278469,512,952,1.00963066507139,0.9855898030285137,1.0299726591350826
AD|e=E2|f=1|sp=0.5|k=2|tp=A1.0|sl=10|15m,1.4045809975245125e-06,0.03191132312360666,511,954,0.976250100669124,0.9386486881839053,1.0959044562287945
AD|e=E2|f=1|sp=0.5|k=2|tp=A2.0|sl=-|15m,4.207938865966477e-05,0.21815805811292566,195,393,1.1576829607283978,1.098461995816636,0.9522622430004812
AD|e=E2|f=1|sp=0.5|k=2|tp=A2.0|sl=6|15m,2.4063249865292156e-05,0.5083651935896265,497,1051,1.0609194325826683,1.0215982553663199,1.0661356846911865
AD|e=E2|f=1|sp=0.5|k=2|tp=A2.0|sl=10|15m,3.1102087032136877e-05,0.5078515306111946,496,1056,1.0610829433518327,0.996490552867774,1.1366240338915174
AD|e=E2|f=1|sp=0.5|k=3|tp=MID|sl=-|15m,9.031083374887456e-06,0.22011544596466598,496,1159,0.9255459805584829,1.0419026033253593,1.0938023613019419
AD|e=E2|f=1|sp=0.5|k=3|tp=MID|sl=6|15m,1.580530735386588e-05,0.4927027015545155,497,1148,0.9649366125669011,1.0406065405841658,1.096463686203921
AD|e=E2|f=1|sp=0.5|k=3|tp=MID|sl=10|15m,1.246856397999459e-05,0.33285737478962557,496,1155,0.9439930410874326,1.047861194551168,1.0897095569813882
AD|e=E2|f=1|sp=0.5|k=3|tp=A0.5|sl=-|15m,4.310562910056541e-05,0.2145589500064765,359,621,1.0202056080364135,1.0746486165377331,1.1131432993236152
AD|e=E2|f=1|sp=0.5|k=3|tp=A0.5|sl=6|15m,8.310377031395829e-07,0.029870141014384555,548,990,0.950346320400712,1.0046427782467255,1.051047249257127
AD|e=E2|f=1|sp=0.5|k=3|tp=A0.5|sl=10|15m,7.782726867550825e-06,0.21066892990499766,547,995,0.9110959678686741,1.0485978921217376,1.0949840716689938
AD|e=E2|f=1|sp=0.5|k=3|tp=A1.0|sl=-|15m,7.749858790115238e-05,0.35845877291483474,315,630,1.0733462746913485,1.1447835493859804,1.206656322656722
AD|e=E2|f=1|sp=0.5|k=3|tp=A1.0|sl=6|15m,8.311223552231135e-06,0.218726465524384,512,1066,0.9681617756334717,0.9423487615580792,1.1501470895492423
AD|e=E2|f=1|sp=0.5|k=3|tp=A1.0|sl=10|15m,5.051164986774154e-06,0.09911462689249471,511,1071,0.9428293166563347,0.896235126545848,1.2138572177995473
AD|e=E2|f=1|sp=0.5|k=3|tp=A2.0|sl=-|15m,0.00010982869965776696,0.43633797223049364,240,559,1.1888795439208741,1.1102618729470113,1.3289342187458577
AD|e=E2|f=1|sp=0.5|k=3|tp=A2.0|sl=6|15m,1.8223334193529585e-05,0.3400581646869783,498,1227,1.0477646233109665,0.961816375114534,1.1035463320360965
AD|e=E2|f=1|sp=0.5|k=3|tp=A2.0|sl=10|15m,2.528931958603898e-05,0.3459002354329764,497,1238,1.0270668914536771,0.9566124960884285,1.1743250438992998
AD|e=E2|f=1|sp=1|k=1|tp=MID|sl=-|15m,2.617720444193539e-06,0.10290695561904734,496,756,0.9489675532425643,1.0198703032245304,1.049863417321238
AD|e=E2|f=1|sp=1|k=1|tp=MID|sl=6|15m,6.807626566713609e-06,0.32788899609860506,497,754,0.9767725596036098,1.0186374975614985,1.04830426526782
AD|e=E2|f=1|sp=1|k=1|tp=MID|sl=10|15m,4.7874374416821265e-06,0.20802853826561168,496,755,0.9646162557966397,1.0157928455311167,1.051135609535453
AD|e=E2|f=1|sp=1|k=1|tp=A0.5|sl=-|15m,2.7022060317887234e-05,0.27474486061194187,335,438,1.0293153833047606,1.0474708517522544,1.076795436191505
AD|e=E2|f=1|sp=1|k=1|tp=A0.5|sl=6|15m,2.5173154951464147e-06,0.15003043432319166,547,733,0.9969039864793192,0.98090239387926,1.038322595346587
AD|e=E2|f=1|sp=1|k=1|tp=A0.5|sl=10|15m,1.0401074615014647e-07,0.0046993531805287056,546,734,0.9772025409527682,0.9752084430896489,1.0491192365776782
AD|e=E2|f=1|sp=1|k=1|tp=A1.0|sl=-|15m,4.357723662556307e-05,0.4061724754938036,298,416,1.0609006311129034,1.0782112776693522,1.1205228738717659
AD|e=E2|f=1|sp=1|k=1|tp=A1.0|sl=6|15m,8.331930782925573e-06,0.37451786631603246,511,731,1.008866976176274,1.0019040509040242,1.0410018880170944
AD|e=E2|f=1|sp=1|k=1|tp=A1.0|sl=10|15m,4.443239783114727e-06,0.1460462439883253,510,732,1.0004611416331455,0.9809318218874414,1.0455137569168769
AD|e=E2|f=1|sp=1|k=1|tp=A2.0|sl=-|15m,2.9980665227377938e-05,0.24184681698057015,193,290,1.1177385431877667,1.0685040434201638,0.979477415216984
AD|e=E2|f=1|sp=1|k=1|tp=A2.0|sl=6|15m,2.0673335585695202e-05,0.6304221425641313,497,774,1.0451358582831496,1.0128881310619438,1.0718971695053476
AD|e=E2|f=1|sp=1|k=1|tp=A2.0|sl=10|15m,2.0261077250808104e-05,0.48352975383058877,496,775,1.056178300427347,1.0001840231766341,1.0694515368175854
AD|e=E2|f=1|sp=1|k=2|tp=MID|sl=-|15m,1.104209285132178e-06,0.03441926984367051,496,890,0.9312446710022146,1.0226986630906076,1.0561429488641825
AD|e=E2|f=1|sp=1|k=2|tp=MID|sl=6|15m,6.483874213792836e-06,0.26187802406306154,497,881,0.9664623010683577,1.0163472445820152,1.0592951480084754
AD|e=E2|f=1|sp=1|k=2|tp=MID|sl=10|15m,2.805543737759295e-06,0.09706882427357008,496,887,0.9442325672223748,1.0202704674711902,1.0554048156230662
AD|e=E2|f=1|sp=1|k=2|tp=A0.5|sl=-|15m,3.295728151664796e-05,0.22888603811841102,358,520,1.020763808740776,1.0614152439035953,1.092773930344418
AD|e=E2|f=1|sp=1|k=2|tp=A0.5|sl=6|15m,4.377477190168737e-06,0.20981458966017508,547,821,0.9899249203296874,1.0010839118681996,1.0359727491611994
AD|e=E2|f=1|sp=1|k=2|tp=A0.5|sl=10|15m,1.1430035628145627e-05,0.417366553357384,546,824,0.9561662396654147,1.0309126468550127,1.087024794254504
AD|e=E2|f=1|sp=1|k=2|tp=A1.0|sl=-|15m,5.737423820327527e-05,0.3583536872193001,313,498,1.0604330908939483,1.1103285723126526,1.1562475284694587
AD|e=E2|f=1|sp=1|k=2|tp=A1.0|sl=6|15m,7.5833099970805135e-06,0.2662170930583834,511,845,1.0025793474153037,0.967111322706516,1.0792229693423878
AD|e=E2|f=1|sp=1|k=2|tp=A1.0|sl=10|15m,4.326630962418485e-06,0.11158151592762154,510,848,0.967884441474956,0.937038892802172,1.128812020457659
AD|e=E2|f=1|sp=1|k=2|tp=A2.0|sl=-|15m,7.774307415843402e-05,0.427811685765153,240,435,1.134115280050762,1.0797288058974304,1.2423500623798525
AD|e=E2|f=1|sp=1|k=2|tp=A2.0|sl=6|15m,1.6081911137793405e-05,0.39211477018754287,498,956,1.0618194831571766,0.967570180085435,1.0716636099831327
AD|e=E2|f=1|sp=1|k=2|tp=A2.0|sl=10|15m,3.180208401994265e-05,0.5607865932764151,497,963,1.031964950010553,0.9784491700771478,1.1966118639333572
AD|e=E2|f=1|sp=1|k=3|tp=MID|sl=-|15m,2.452807034197903e-07,0.006578587544522775,496,963,0.9161785962554506,1.0329811952388628,1.0564438420283202
AD|e=E2|f=1|sp=1|k=3|tp=MID|sl=6|15m,4.472294186189529e-06,0.15512553981537758,497,947,0.9473758356110685,1.022858489096343,1.0599649685130605
AD|e=E2|f=1|sp=1|k=3|tp=MID|sl=10|15m,3.22172282486481e-07,0.009191874991511122,496,957,0.9226747356976126,1.0318677859582175,1.0508591712008521
AD|e=E2|f=1|sp=1|k=3|tp=A0.5|sl=-|15m,3.9924399529030586e-05,0.19859789318091028,358,548,1.014997538167696,1.069488182672348,1.1024504539961895
AD|e=E2|f=1|sp=1|k=3|tp=A0.5|sl=6|15m,5.361141707911891e-06,0.20252412133219508,547,874,0.9776153580069369,1.009031738937238,1.0464847728146465
AD|e=E2|f=1|sp=1|k=3|tp=A0.5|sl=10|15m,1.8924034103718576e-06,0.05352106337976131,546,879,0.9125426260763406,1.0305907344650664,1.0730200005554882
AD|e=E2|f=1|sp=1|k=3|tp=A1.0|sl=-|15m,6.844375432509584e-05,0.31157843663503815,316,551,1.0568988484639599,1.1265294917178195,1.176657860135255
AD|e=E2|f=1|sp=1|k=3|tp=A1.0|sl=6|15m,7.538568728794251e-06,0.22208823793840324,511,920,0.9891201731525877,0.985082685735624,1.0726485998071718
AD|e=E2|f=1|sp=1|k=3|tp=A1.0|sl=10|15m,1.5946388614820613e-06,0.03358313311101491,510,929,0.9294907829339809,0.9666902034592311,1.1183722991595202
AD|e=E2|f=1|sp=1|k=3|tp=A2.0|sl=-|15m,0.00012220335951121955,0.511430633804601,290,604,1.1503646151443503,1.3044143106193036,1.2790845146090728
AD|e=E2|f=1|sp=1|k=3|tp=A2.0|sl=6|15m,2.1027203168512782e-05,0.42069519069619044,498,1070,1.0455291723117814,0.9497231691748669,1.1405753525828548
AD|e=E2|f=1|sp=1|k=3|tp=A2.0|sl=10|15m,2.9481688018034832e-05,0.4265004645066155,497,1088,0.978843538406345,0.9909237937688213,1.2233725103465154
AD|e=E2|f=1|sp=1.5|k=1|tp=MID|sl=-|15m,3.0503129921058875e-06,0.12684331865281298,496,713,0.9550101747323062,1.0159988507947189,1.0501373996478998
AD|e=E2|f=1|sp=1.5|k=1|tp=MID|sl=6|15m,7.072572722462652e-06,0.3682584682954745,497,710,0.9812518511605183,1.0133082717370032,1.0508548327072924
AD|e=E2|f=1|sp=1.5|k=1|tp=MID|sl=10|15m,5.995914695977838e-06,0.2833664775304684,496,712,0.9697604721591057,1.0178647267171284,1.0514099238654762
AD|e=E2|f=1|sp=1.5|k=1|tp=A0.5|sl=-|15m,2.6138156984936473e-05,0.2712901770809884,341,428,1.026619446394809,1.0519709830209771,1.070514988900426
AD|e=E2|f=1|sp=1.5|k=1|tp=A0.5|sl=6|15m,3.5152841465188034e-06,0.20869605524214832,545,701,0.9973482194663362,0.9916265918869136,1.0329871000882613
AD|e=E2|f=1|sp=1.5|k=1|tp=A0.5|sl=10|15m,5.608319627320726e-06,0.2629491210825389,544,702,0.9791929846738008,1.0027746313533559,1.0535258320701337
AD|e=E2|f=1|sp=1.5|k=1|tp=A1.0|sl=-|15m,4.463119857910816e-05,0.41547591725786465,297,402,1.061047395307131,1.084349037468652,1.1210457353022418
AD|e=E2|f=1|sp=1.5|k=1|tp=A1.0|sl=6|15m,6.746162883778262e-06,0.3006422654320589,510,697,1.0141167088709913,0.98451126230783,1.0436211216633886
AD|e=E2|f=1|sp=1.5|k=1|tp=A1.0|sl=10|15m,6.130421444761291e-06,0.20724938268790244,509,699,1.0029685334638354,0.9798438028096187,1.0550860561221365
AD|e=E2|f=1|sp=1.5|k=1|tp=A2.0|sl=-|15m,2.7741274589582975e-05,0.22392656046428175,194,279,1.1117647697030744,1.064384433069685,0.9750450407004615
AD|e=E2|f=1|sp=1.5|k=1|tp=A2.0|sl=6|15m,1.5763756383531012e-05,0.5027386447458331,498,740,1.02844175225861,1.0027600884010481,1.0676831150679316
AD|e=E2|f=1|sp=1.5|k=1|tp=A2.0|sl=10|15m,1.9229470190737157e-05,0.4880401504709992,497,742,1.04286365838595,0.9996174536450305,1.0772506626512928
AD|e=E2|f=1|sp=1.5|k=2|tp=MID|sl=-|15m,6.048473254874028e-07,0.020227958027678853,496,800,0.9373764887737729,1.0227689331348235,1.0462440524607797
AD|e=E2|f=1|sp=1.5|k=2|tp=MID|sl=6|15m,5.468033391820858e-06,0.24195519879546518,497,785,0.96713071868662,1.020682588369628,1.0476998268419397
AD|e=E2|f=1|sp=1.5|k=2|tp=MID|sl=10|15m,1.852112546629335e-06,0.06686358833593585,496,797,0.9451736338069545,1.0247341396994067,1.0438090534133455
AD|e=E2|f=1|sp=1.5|k=2|tp=A0.5|sl=-|15m,3.12632434804013e-05,0.2103299831917267,348,472,1.0200331482402567,1.058226381456433,1.0813905740111671
AD|e=E2|f=1|sp=1.5|k=2|tp=A0.5|sl=6|15m,2.0727527589677028e-06,0.09974687418996407,545,765,0.9843669530602643,0.9944882128772259,1.0338627948743635
AD|e=E2|f=1|sp=1.5|k=2|tp=A0.5|sl=10|15m,6.342586194547587e-07,0.021995745413552988,544,771,0.9408008920697923,0.986506458136597,1.079855478563025
AD|e=E2|f=1|sp=1.5|k=2|tp=A1.0|sl=-|15m,5.43654639015007e-05,0.3414709386510217,314,471,1.0598208866232113,1.1123189501070099,1.1337462891522736
AD|e=E2|f=1|sp=1.5|k=2|tp=A1.0|sl=6|15m,6.773211675388611e-06,0.2550266999865544,510,781,1.0141453945803787,0.9736033915093946,1.0547843469192242
AD|e=E2|f=1|sp=1.5|k=2|tp=A1.0|sl=10|15m,7.5228917076408085e-06,0.20197729481651147,509,791,0.9786051863374658,0.9757839026915635,1.0939430840296076
AD|e=E2|f=1|sp=1.5|k=2|tp=A2.0|sl=-|15m,7.45002994662942e-05,0.41201608894494524,240,404,1.1290897971057738,1.0826337704404023,1.2203499885997617
AD|e=E2|f=1|sp=1.5|k=2|tp=A2.0|sl=6|15m,1.5254519491674433e-05,0.4019485951794222,498,872,1.0448854817243065,0.9752999909479613,1.0754223672740213
AD|e=E2|f=1|sp=1.5|k=2|tp=A2.0|sl=10|15m,2.5573067991567455e-05,0.4754426892805717,497,888,1.0160544024575875,1.0082522866112906,1.135944021557464
AD|e=E2|f=1|sp=1.5|k=3|tp=MID|sl=-|15m,-7.665902654049948e-07,-0.022982735620656093,496,841,0.9307735884549687,1.0214287813124774,1.0458061859989505
AD|e=E2|f=1|sp=1.5|k=3|tp=MID|sl=6|15m,5.414054214119512e-06,0.22162498989607443,497,814,0.9654168026871911,1.019108701949181,1.0506829457213744
AD|e=E2|f=1|sp=1.5|k=3|tp=MID|sl=10|15m,-8.898978027776584e-07,-0.02690052036026127,496,833,0.9374081610634084,1.0249430687774785,1.0340523178373031
AD|e=E2|f=1|sp=1.5|k=3|tp=A0.5|sl=-|15m,3.5182513733531935e-05,0.1717256065795808,355,504,1.0146807348269231,1.0491847228427829,1.0877404647435158
AD|e=E2|f=1|sp=1.5|k=3|tp=A0.5|sl=6|15m,-1.5735992351444233e-06,-0.06220895782075816,545,796,0.9761941618391068,0.9633433554211089,1.0517629396062178
AD|e=E2|f=1|sp=1.5|k=3|tp=A0.5|sl=10|15m,1.1957509837720731e-05,0.3129768853061591,544,808,0.9542233874328486,1.0294422909679437,1.0925062442206694
AD|e=E2|f=1|sp=1.5|k=3|tp=A1.0|sl=-|15m,6.390087089706611e-05,0.29919025101801366,320,516,1.051448211633321,1.120334565528638,1.1617569264465601
AD|e=E2|f=1|sp=1.5|k=3|tp=A1.0|sl=6|15m,-9.129305055477397e-07,-0.029770906694915462,510,823,1.0120861978751068,0.9336785134456679,1.0502857878334557
AD|e=E2|f=1|sp=1.5|k=3|tp=A1.0|sl=10|15m,8.01455665179167e-06,0.16496620233208323,509,846,0.9803081566342383,0.9763922224995947,1.0922371455955298
AD|e=E2|f=1|sp=1.5|k=3|tp=A2.0|sl=-|15m,8.761842464880231e-05,0.3518832054366069,241,445,1.1345201288549893,1.0803159674905969,1.2503330190701478
AD|e=E2|f=1|sp=1.5|k=3|tp=A2.0|sl=6|15m,1.952847384921017e-05,0.43624634982028615,498,941,1.0706107118477137,0.970055115018666,1.0814609920658302
AD|e=E2|f=1|sp=1.5|k=3|tp=A2.0|sl=10|15m,3.185079735724271e-05,0.4750881049038928,497,979,1.0439238550575223,1.016250376235816,1.1354447224913489
AD|e=E2|f=1|sp=2|k=1|tp=MID|sl=-|15m,1.493565500883261e-06,0.06511221857676602,496,674,0.9550889984053559,1.007208704726597,1.0492120288260633
AD|e=E2|f=1|sp=2|k=1|tp=MID|sl=6|15m,5.4267378711998395e-06,0.3093442600876148,497,669,0.978957214917902,1.0024924637394013,1.0540791787658412
AD|e=E2|f=1|sp=2|k=1|tp=MID|sl=10|15m,4.158739659347281e-06,0.2085177477879083,496,672,0.9678755224898843,1.00935201022693,1.0504834317077203
AD|e=E2|f=1|sp=2|k=1|tp=A0.5|sl=-|15m,2.5751233536549536e-05,0.26738491884515425,342,420,1.0216275723548474,1.0582696022741023,1.066471307422637
AD|e=E2|f=1|sp=2|k=1|tp=A0.5|sl=6|15m,2.122033475797442e-06,0.12981005784423763,545,680,0.998703647142605,0.9908314389518734,1.0236441323105832
AD|e=E2|f=1|sp=2|k=1|tp=A0.5|sl=10|15m,5.677380047159321e-06,0.2634178821093482,544,682,0.9838032894555209,1.0045391965286408,1.0471603019783533
AD|e=E2|f=1|sp=2|k=1|tp=A1.0|sl=-|15m,4.1120452293040985e-05,0.3847577213826466,299,389,1.051009635225963,1.0905456797882422,1.101265595815857
AD|e=E2|f=1|sp=2|k=1|tp=A1.0|sl=6|15m,4.168320117525054e-06,0.19662861468013093,510,671,1.0007881685914688,0.9721188345998537,1.0542814755867385
AD|e=E2|f=1|sp=2|k=1|tp=A1.0|sl=10|15m,7.602604829196708e-06,0.2674864286954993,509,674,0.9940905536843864,0.9690058278612552,1.0864835899697611
AD|e=E2|f=1|sp=2|k=1|tp=A2.0|sl=-|15m,5.6592793932921836e-05,0.4827012989225864,238,329,1.104827918736357,1.0636191464195603,1.177444948201886
AD|e=E2|f=1|sp=2|k=1|tp=A2.0|sl=6|15m,1.3803784855336377e-05,0.48394357600441634,497,712,1.0368904869976385,0.9783995351010969,1.072630026600313
AD|e=E2|f=1|sp=2|k=1|tp=A2.0|sl=10|15m,1.63755603391787e-05,0.4315678685195568,496,716,1.0271574351758503,0.9833258765744305,1.0926238753503106
AD|e=E2|f=1|sp=2|k=2|tp=MID|sl=-|15m,-7.762144292009791e-07,-0.027766237901233004,496,737,0.9412677829968166,1.0062247506107593,1.050337845715093
AD|e=E2|f=1|sp=2|k=2|tp=MID|sl=6|15m,2.947412386088377e-06,0.1461389103797632,497,717,0.9603459375115674,1.0054995174847112,1.0547727753622522
AD|e=E2|f=1|sp=2|k=2|tp=MID|sl=10|15m,-1.346015936711106e-07,-0.005239243369930523,496,732,0.9486482089676667,1.0048807710505487,1.0478933188881194
AD|e=E2|f=1|sp=2|k=2|tp=A0.5|sl=-|15m,3.0147357218349137e-05,0.20344127654856042,347,455,1.0150826248793832,1.0603478565469862,1.0765880283672535
AD|e=E2|f=1|sp=2|k=2|tp=A0.5|sl=6|15m,2.824682024953632e-06,0.1389217288122471,545,726,0.9789568124444914,1.0095168867750302,1.0289459665347602
AD|e=E2|f=1|sp=2|k=2|tp=A0.5|sl=10|15m,6.961171515028478e-06,0.2518670599201233,544,736,0.9537358440343755,1.0341149838045465,1.0568343432461054
AD|e=E2|f=1|sp=2|k=2|tp=A1.0|sl=-|15m,4.922633787258611e-05,0.30367074784711023,306,439,1.0459499377270205,1.1000810076606993,1.1218127408789538
AD|e=E2|f=1|sp=2|k=2|tp=A1.0|sl=6|15m,-3.612269086357754e-06,-0.1455975271482198,510,731,0.9852355841639439,0.9656377820570913,1.0268352870296529
AD|e=E2|f=1|sp=2|k=2|tp=A1.0|sl=10|15m,1.154472924424244e-06,0.03112324562049643,509,748,0.9692875081188301,0.9691895292125884,1.0691829184231583
AD|e=E2|f=1|sp=2|k=2|tp=A2.0|sl=-|15m,8.975903158640811e-05,0.5170431755800539,290,469,1.1117720911246807,1.221630471883747,1.2138700197219954
AD|e=E2|f=1|sp=2|k=2|tp=A2.0|sl=6|15m,9.877596536432971e-06,0.275668914684954,497,805,1.021055018744995,0.9912386986963276,1.0477502718285152
AD|e=E2|f=1|sp=2|k=2|tp=A2.0|sl=10|15m,2.12298620233918e-05,0.41333760107371853,496,829,1.0022031111993928,1.0163858544732594,1.1129369365209016
AD|e=E2|f=1|sp=2|k=3|tp=MID|sl=-|15m,-2.582294378807843e-06,-0.08354901008033569,496,763,0.9340532062864958,1.0050655030583038,1.0476478164258967
AD|e=E2|f=1|sp=2|k=3|tp=MID|sl=6|15m,5.214372537575455e-06,0.24887846891027773,497,729,0.9719556498143096,1.0066130034540532,1.0556630976782158
AD|e=E2|f=1|sp=2|k=3|tp=MID|sl=10|15m,-3.5069435510864066e-06,-0.11386234426943152,496,754,0.9358873116567692,1.008656854603225,1.0358732500875416
AD|e=E2|f=1|sp=2|k=3|tp=A0.5|sl=-|15m,3.322979014117465e-05,0.1655509002824926,361,490,1.010279424699064,1.051342765097491,1.0818836958733267
AD|e=E2|f=1|sp=2|k=3|tp=A0.5|sl=6|15m,2.629634434729631e-06,0.11570550815866071,545,741,0.984501372508761,1.0083641703863777,1.0227886834313282
AD|e=E2|f=1|sp=2|k=3|tp=A0.5|sl=10|15m,1.2030637192122447e-05,0.3613438034246979,544,767,0.9704075526272107,1.0535302215579827,1.051294069801534
AD|e=E2|f=1|sp=2|k=3|tp=A1.0|sl=-|15m,5.988637455510762e-05,0.2819238433550551,322,495,1.0450243187034949,1.0993618583969254,1.1632161969955384
AD|e=E2|f=1|sp=2|k=3|tp=A1.0|sl=6|15m,-5.091114158628181e-06,-0.18677119239690687,510,753,0.9991873831559235,0.9571730901451048,1.011765819330485
AD|e=E2|f=1|sp=2|k=3|tp=A1.0|sl=10|15m,6.206448753052914e-06,0.13599854934247713,509,794,1.0036605762019624,0.9396709361050952,1.0967734820142965
AD|e=E2|f=1|sp=2|k=3|tp=A2.0|sl=-|15m,0.00010654253482046906,0.47768200706742775,297,526,1.1158983732953098,1.2413167951805824,1.271121403119867
AD|e=E2|f=1|sp=2|k=3|tp=A2.0|sl=6|15m,3.090019077592585e-05,0.8146370664312867,497,841,1.0400360744682866,1.00776636868179,1.1511979188891464
AD|e=E2|f=1|sp=2|k=3|tp=A2.0|sl=10|15m,3.6068680015814885e-05,0.5999751605239758,496,900,1.0125245295692593,0.9920142213370732,1.2342004413447474
AD|e=E1|f=0|sp=-|k=0|tp=MID|sl=-|1h,-2.9214697096935076e-05,-0.3846920989015968,2694,2694,0.9412555219650354,0.944171226294327,0.9306533378410168
AD|e=E1|f=0|sp=-|k=0|tp=MID|sl=6|1h,-5.6881496284342404e-05,-0.7109349267013164,3033,3033,0.8795733022451447,0.906783254553785,0.8732367306418312
AD|e=E1|f=0|sp=-|k=0|tp=MID|sl=10|1h,-4.402089679013173e-05,-0.5535463545919121,2824,2824,0.9064073835356032,0.9119938729797897,0.9122000969723408
AD|e=E1|f=0|sp=-|k=0|tp=A0.5|sl=-|1h,2.5156106203307538e-06,0.030179812504561213,234,234,1.029043810061714,0.9933686967247393,0.9834657025602245
AD|e=E1|f=0|sp=-|k=0|tp=A0.5|sl=6|1h,-6.026827088744113e-05,-0.7798854450561952,3098,3098,0.9010617076707603,0.8580490085565271,0.8823118494913239
AD|e=E1|f=0|sp=-|k=0|tp=A0.5|sl=10|1h,-5.21375495319602e-05,-0.5590863970752337,2502,2502,0.8992084998386403,0.8995336842768931,0.8830355255089166
AD|e=E1|f=0|sp=-|k=0|tp=A1.0|sl=-|1h,-9.419119327282713e-07,-0.011384383158772446,137,137,1.0170229551640642,1.0024519136414811,0.9652560449171976
AD|e=E1|f=0|sp=-|k=0|tp=A1.0|sl=6|1h,-1.653377089432202e-05,-0.18732212320389113,2594,2594,0.9162986946204082,0.9508970622066658,1.0225072797370371
AD|e=E1|f=0|sp=-|k=0|tp=A1.0|sl=10|1h,-1.8234619935210034e-05,-0.18003478008836782,1996,1996,0.9817410930459683,0.9317673565031261,0.9600770777303995
AD|e=E1|f=0|sp=-|k=0|tp=A2.0|sl=-|1h,9.228587713694994e-07,0.011084427567983182,81,81,1.027362988384243,1.0141572867253759,0.9552527143152673
AD|e=E1|f=0|sp=-|k=0|tp=A2.0|sl=6|1h,-1.6707396024717686e-05,-0.1534196608768719,1883,1883,0.8857336558843074,1.0102012689971012,0.9883299456960248
AD|e=E1|f=0|sp=-|k=0|tp=A2.0|sl=10|1h,-1.0709624610948248e-05,-0.09426653787650084,1306,1306,0.9587657899966772,0.9933719431257666,0.9622218270266565
AD|e=E1|f=0|sp=0.5|k=1|tp=MID|sl=-|1h,-3.7007637720203745e-05,-0.2722941717650706,2694,4320,0.9332687484442678,0.9255337957798032,0.8933556770754951
AD|e=E1|f=0|sp=0.5|k=1|tp=MID|sl=6|1h,-7.057734264464192e-05,-0.5441886107762918,2959,4734,0.8691727709906492,0.8872594086912877,0.8154958096528895
AD|e=E1|f=0|sp=0.5|k=1|tp=MID|sl=10|1h,-7.714353030837447e-05,-0.5413483975812067,2793,4487,0.8946293589324567,0.85902684355027,0.7809220444169153
AD|e=E1|f=0|sp=0.5|k=1|tp=A0.5|sl=-|1h,1.3716717736733538e-05,0.08146803757868698,339,495,1.097991420472257,0.9869915845516738,0.9629083745119417
AD|e=E1|f=0|sp=0.5|k=1|tp=A0.5|sl=6|1h,-0.00010325982041643496,-0.7814567957632964,3159,4558,0.830612290414208,0.7766893056896973,0.7947760529400419
AD|e=E1|f=0|sp=0.5|k=1|tp=A0.5|sl=10|1h,-0.00011604602961311827,-0.69980985104577,2588,3731,0.910914456627374,0.6989905743503091,0.7306294108659454
AD|e=E1|f=0|sp=0.5|k=1|tp=A1.0|sl=-|1h,1.547573031127509e-05,0.08935597725761495,210,330,1.075330152961987,1.0073811331169762,0.9712873440874457
AD|e=E1|f=0|sp=0.5|k=1|tp=A1.0|sl=6|1h,-3.560946735402517e-05,-0.23476696406966638,2614,4055,0.9361978000971591,0.9381438145745695,0.8771360528508134
AD|e=E1|f=0|sp=0.5|k=1|tp=A1.0|sl=10|1h,-5.731428196930149e-05,-0.3049235157656365,2065,3211,0.87684334755051,0.813777935360476,0.92579101163662
AD|e=E1|f=0|sp=0.5|k=1|tp=A2.0|sl=-|1h,5.544618598756003e-06,0.03212229790397619,88,149,1.0379759042440067,1.017576847781681,0.9371678199771374
AD|e=E1|f=0|sp=0.5|k=1|tp=A2.0|sl=6|1h,-3.2327092551756545e-06,-0.017414467400899747,1935,3250,1.0925101183290038,0.9925124557215211,0.8534208132471367
AD|e=E1|f=0|sp=0.5|k=1|tp=A2.0|sl=10|1h,-2.394525742163281e-05,-0.11180796882002428,1433,2420,1.0320688142994898,0.9807979665876537,0.7884883465152813
AD|e=E1|f=0|sp=0.5|k=2|tp=MID|sl=-|1h,-2.3908348893604642e-05,-0.13180474277161797,2694,5355,0.9616226368641237,0.9274882150352627,0.9146097630795911
AD|e=E1|f=0|sp=0.5|k=2|tp=MID|sl=6|1h,-8.250949324832096e-05,-0.4734983389426819,2916,5766,0.8873554800400691,0.8926008983866933,0.719789737618993
AD|e=E1|f=0|sp=0.5|k=2|tp=MID|sl=10|1h,-9.048311765712995e-05,-0.4485790305498725,2776,5520,0.8955365569654051,0.8268528244434024,0.7194048291194911
AD|e=E1|f=0|sp=0.5|k=2|tp=A0.5|sl=-|1h,3.0564017952933486e-05,0.11901445807933797,427,742,1.1409337086706337,0.9473458893788601,1.0120326758702585
AD|e=E1|f=0|sp=0.5|k=2|tp=A0.5|sl=6|1h,-0.00012815141015926345,-0.6893478836020898,3188,5406,0.8660822518563038,0.6706246499095343,0.7316856544243063
AD|e=E1|f=0|sp=0.5|k=2|tp=A0.5|sl=10|1h,-0.00015640969173613654,-0.7077340230204957,2773,4717,0.9056167359773352,0.6615826260355481,0.5800904389473944
AD|e=E1|f=0|sp=0.5|k=2|tp=A1.0|sl=-|1h,3.603110385130973e-05,0.136286088730836,261,503,1.1702202296186992,1.0208645435980512,0.9419793018143887
AD|e=E1|f=0|sp=0.5|k=2|tp=A1.0|sl=6|1h,-1.6610175708485988e-05,-0.07938462132868992,2632,4987,0.9889345472581722,0.8910994727516458,0.9466476320325736
AD|e=E1|f=0|sp=0.5|k=2|tp=A1.0|sl=10|1h,-9.694137224004065e-05,-0.374942984304741,2093,3965,0.9243562188911094,0.9015354950384746,0.5854637007841326
AD|e=E1|f=0|sp=0.5|k=2|tp=A2.0|sl=-|1h,9.389927807564782e-06,0.03518498973060145,106,236,1.0474010830031388,1.0205562700131334,0.8920705454240072
AD|e=E1|f=0|sp=0.5|k=2|tp=A2.0|sl=6|1h,-1.718584222132581e-05,-0.06662381358522779,1940,4240,1.0808685755081358,0.912557436167905,0.8140240789642349
AD|e=E1|f=0|sp=0.5|k=2|tp=A2.0|sl=10|1h,-1.4396402567770363e-05,-0.048288254953111585,1494,3250,1.0460921825497864,0.9847212611583299,0.7656926284537845
AD|e=E1|f=0|sp=0.5|k=3|tp=MID|sl=-|1h,-5.487589546613323e-06,-0.02527880823055532,2694,5995,0.9772058142513865,0.9392883545873077,0.9695171176215511
AD|e=E1|f=0|sp=0.5|k=3|tp=MID|sl=6|1h,-8.076080456752776e-05,-0.38779783132582263,2887,6349,0.9216384585436778,0.876586573368759,0.697363777785767
AD|e=E1|f=0|sp=0.5|k=3|tp=MID|sl=10|1h,-8.389574533468572e-05,-0.35682236904459536,2756,6128,0.9361499494947669,0.7303025957810114,0.7858822401231247
AD|e=E1|f=0|sp=0.5|k=3|tp=A0.5|sl=-|1h,5.8746901813073697e-05,0.16904630510149832,523,980,1.2009952527191787,1.0047957189147043,0.9920600126887285
AD|e=E1|f=0|sp=0.5|k=3|tp=A0.5|sl=6|1h,-0.00014653138109445516,-0.6736235209262311,3227,5961,0.7450331033934193,0.7366299510502707,0.6751538403840341
AD|e=E1|f=0|sp=0.5|k=3|tp=A0.5|sl=10|1h,-0.00022049620656109455,-0.815804326908547,2795,5237,0.707631029688637,0.594303144038051,0.5278945808847332
AD|e=E1|f=0|sp=0.5|k=3|tp=A1.0|sl=-|1h,6.547227182276453e-05,0.18179093677179328,312,668,1.20317552773873,0.9708158458470921,1.055939517524829
AD|e=E1|f=0|sp=0.5|k=3|tp=A1.0|sl=6|1h,-2.30572025432847e-05,-0.08886389992464185,2607,5546,1.0145133119783616,0.782211880782114,0.9660204253291546
AD|e=E1|f=0|sp=0.5|k=3|tp=A1.0|sl=10|1h,-0.00017194819025375725,-0.5440932878316536,2113,4560,0.8083294567193222,0.7767939718074324,0.4574395287748639
AD|e=E1|f=0|sp=0.5|k=3|tp=A2.0|sl=-|1h,2.6548269836354254e-05,0.07229090832956676,132,335,1.1318641010883774,1.0082285895826268,0.8449610682469367
AD|e=E1|f=0|sp=0.5|k=3|tp=A2.0|sl=6|1h,3.3034865786069054e-05,0.10008231011770326,1866,4748,1.269727859219843,0.9683051057603773,0.8265891469301629
AD|e=E1|f=0|sp=0.5|k=3|tp=A2.0|sl=10|1h,-7.051106271106285e-05,-0.19585759866744448,1431,3663,0.8422317573231051,0.922100023860503,0.6743953558267409
AD|e=E1|f=0|sp=1|k=1|tp=MID|sl=-|1h,-3.144401781092597e-05,-0.24212954905790385,2694,4027,0.9407053386047497,0.9141668232949215,0.9314321777643332
AD|e=E1|f=0|sp=1|k=1|tp=MID|sl=6|1h,-5.998183419282352e-05,-0.4883606487469078,2947,4396,0.8929056886927353,0.8872076506742881,0.8504171070842649
AD|e=E1|f=0|sp=1|k=1|tp=MID|sl=10|1h,-7.235244462985186e-05,-0.5223412799869034,2788,4173,0.8984077768711604,0.8399682558172887,0.8211058210754012
AD|e=E1|f=0|sp=1|k=1|tp=A0.5|sl=-|1h,1.6064015118009896e-05,0.09665429505528479,386,521,1.1022789210673651,0.9711515930865239,0.9897999155011269
AD|e=E1|f=0|sp=1|k=1|tp=A0.5|sl=6|1h,-9.960309177871702e-05,-0.7963372896019855,3166,4297,0.9213880224390387,0.7637068699000963,0.7476646058882072
AD|e=E1|f=0|sp=1|k=1|tp=A0.5|sl=10|1h,-9.843550457168382e-05,-0.6313763849467288,2653,3601,0.9567208277021066,0.8105998029518081,0.672379531856187
AD|e=E1|f=0|sp=1|k=1|tp=A1.0|sl=-|1h,1.879070245910846e-05,0.10881386228121448,230,338,1.088485649822394,1.0066725026944428,0.9804690431444137
AD|e=E1|f=0|sp=1|k=1|tp=A1.0|sl=6|1h,-4.701789486101693e-05,-0.31918008748582516,2610,3808,0.9486581287246416,0.842474082686339,0.9010655860570459
AD|e=E1|f=0|sp=1|k=1|tp=A1.0|sl=10|1h,-5.8391444310058015e-05,-0.3207319018629545,2041,2971,0.897899062436845,0.8479370286936956,0.8651482874400716
AD|e=E1|f=0|sp=1|k=1|tp=A2.0|sl=-|1h,1.533731135757859e-06,0.008910314471180287,93,149,1.0369415193808331,1.0015360422695623,0.9302076024303497
AD|e=E1|f=0|sp=1|k=1|tp=A2.0|sl=6|1h,-4.345526164256486e-05,-0.24413432307281335,1923,3070,1.0998553844692391,0.8363139381634801,0.7887874342837293
AD|e=E1|f=0|sp=1|k=1|tp=A2.0|sl=10|1h,-7.727480407907356e-06,-0.037658933914020774,1389,2229,1.0622374757209456,0.992472829754544,0.8428228289037458
AD|e=E1|f=0|sp=1|k=2|tp=MID|sl=-|1h,-2.1456010792622644e-05,-0.12814108578671762,2694,4705,0.9708531065055055,0.8932516434585267,0.962710174488608
AD|e=E1|f=0|sp=1|k=2|tp=MID|sl=6|1h,-8.038434521296903e-05,-0.502025303678003,2901,5011,0.9040283483458293,0.8081909002447784,0.7978575612240044
AD|e=E1|f=0|sp=1|k=2|tp=MID|sl=10|1h,-7.609878081573819e-05,-0.4183922721422169,2761,4821,0.9467183913427181,0.7879610413748781,0.7911852551233666
AD|e=E1|f=0|sp=1|k=2|tp=A0.5|sl=-|1h,3.690965117696751e-05,0.14691915203268222,496,765,1.1748064501495596,0.9606332246771676,1.0114772258755018
AD|e=E1|f=0|sp=1|k=2|tp=A0.5|sl=6|1h,-0.00012971191879446325,-0.7605298137290492,3178,4869,0.8824732891944086,0.7181690062325339,0.6707649565662315
AD|e=E1|f=0|sp=1|k=2|tp=A0.5|sl=10|1h,-0.00017377034161069311,-0.817546973926178,2727,4221,0.8917796692203791,0.664096834835288,0.5303857934001839
AD|e=E1|f=0|sp=1|k=2|tp=A1.0|sl=-|1h,3.879567529512259e-05,0.1483412727601219,291,504,1.1588429538211884,0.997372951261218,0.9921146082023923
AD|e=E1|f=0|sp=1|k=2|tp=A1.0|sl=6|1h,-1.3953527853700862e-05,-0.07106935508958952,2611,4461,1.074060772232143,0.8242845403451358,0.9649097542530539
AD|e=E1|f=0|sp=1|k=2|tp=A1.0|sl=10|1h,-9.931311963129555e-05,-0.4038594617033585,2094,3629,0.9196799940084099,0.8768371161125733,0.6028713962725722
AD|e=E1|f=0|sp=1|k=2|tp=A2.0|sl=-|1h,3.2740840526243504e-06,0.012292655502685917,105,214,1.0407590508661964,1.0018895203032252,0.8810843100234422
AD|e=E1|f=0|sp=1|k=2|tp=A2.0|sl=6|1h,-5.58747527421112e-05,-0.23227795202755322,1877,3723,1.1462241314531583,0.8318981489065032,0.671656919850846
AD|e=E1|f=0|sp=1|k=2|tp=A2.0|sl=10|1h,-4.753394687920271e-05,-0.16695079591226278,1427,2851,0.8303512212870766,0.9461100543569867,0.8287432805288618
AD|e=E1|f=0|sp=1|k=3|tp=MID|sl=-|1h,-6.753024704725209e-06,-0.03460846132712542,2694,5064,0.9756403041395697,0.9316109628449253,0.9863494215338734
AD|e=E1|f=0|sp=1|k=3|tp=MID|sl=6|1h,-6.264885436593245e-05,-0.3424454917498519,2868,5281,0.9154080645053718,0.9165082922900324,0.7632181988650995
AD|e=E1|f=0|sp=1|k=3|tp=MID|sl=10|1h,-4.883441694598311e-05,-0.24185216818908697,2743,5137,0.9269111535786948,0.8057472491053548,0.9217969446667793
AD|e=E1|f=0|sp=1|k=3|tp=A0.5|sl=-|1h,5.537283103295054e-05,0.16252556580516495,559,931,1.1751279401684749,0.9729401817361041,1.0336490055812269
AD|e=E1|f=0|sp=1|k=3|tp=A0.5|sl=6|1h,-0.00018688200102786264,-0.9099261191845293,3136,5110,0.7118402417915746,0.7084721170354328,0.5769125815127816
AD|e=E1|f=0|sp=1|k=3|tp=A0.5|sl=10|1h,-0.0001298959356083339,-0.49003967038484164,2739,4545,0.7579159652316981,0.615486086863283,0.8407457682055564
AD|e=E1|f=0|sp=1|k=3|tp=A1.0|sl=-|1h,6.023146454353668e-05,0.16840396234512953,338,646,1.1935403454730678,0.9501096138318316,1.0543768306476151
AD|e=E1|f=0|sp=1|k=3|tp=A1.0|sl=6|1h,-3.67813091606008e-05,-0.15523431075037264,2585,4820,0.9118786403175398,0.9490102829124611,0.8298891914171156
AD|e=E1|f=0|sp=1|k=3|tp=A1.0|sl=10|1h,-3.2493199180028376e-05,-0.10896370814445462,2138,4065,0.8856869308836037,0.7564207372803421,1.0371630785529822
AD|e=E1|f=0|sp=1|k=3|tp=A2.0|sl=-|1h,2.1955581109862408e-05,0.05978535796121765,121,292,1.0838965881647113,0.9967174767415243,0.8683200303446212
AD|e=E1|f=0|sp=1|k=3|tp=A2.0|sl=6|1h,9.73269225322876e-06,0.03283676917602855,1826,4099,1.1432099026242264,1.2118468475660569,0.6578404547092614
AD|e=E1|f=0|sp=1|k=3|tp=A2.0|sl=10|1h,-1.9681530368721116e-05,-0.05556996549916026,1417,3246,0.9185525134687882,0.9538312529393861,0.8143920082840952
AD|e=E1|f=0|sp=1.5|k=1|tp=MID|sl=-|1h,-2.122518735861907e-05,-0.17069434855351517,2694,3798,0.9630844094678982,0.9381131661325784,0.9462396169737454
AD|e=E1|f=0|sp=1.5|k=1|tp=MID|sl=6|1h,-5.041017470784125e-05,-0.4336114437584955,2939,4114,0.9209514284056305,0.9011219777150583,0.8632497481182152
AD|e=E1|f=0|sp=1.5|k=1|tp=MID|sl=10|1h,-5.8379160670010714e-05,-0.43754638594225076,2782,3924,0.9369893473631736,0.8732401670243577,0.827501324937687
AD|e=E1|f=0|sp=1.5|k=1|tp=A0.5|sl=-|1h,1.6816007501103555e-05,0.10081017768829302,388,504,1.1149027923369266,0.9683290256191754,0.9860704597033593
AD|e=E1|f=0|sp=1.5|k=1|tp=A0.5|sl=6|1h,-9.090174337887037e-05,-0.7444778181249172,3122,4054,0.95099347398505,0.7512711380111763,0.7778627158418684
AD|e=E1|f=0|sp=1.5|k=1|tp=A0.5|sl=10|1h,-7.848248662525775e-05,-0.5097899452451121,2627,3434,0.9698750500544935,0.8038322280607075,0.7582258529279192
AD|e=E1|f=0|sp=1.5|k=1|tp=A1.0|sl=-|1h,1.7751231996217874e-05,0.10332369319162228,235,327,1.1003750892320803,0.9982008067779969,0.9723295358412195
AD|e=E1|f=0|sp=1.5|k=1|tp=A1.0|sl=6|1h,-3.6392176856372456e-05,-0.25202896363337896,2571,3565,1.022736100915848,0.8490433319202958,0.8867775230951171
AD|e=E1|f=0|sp=1.5|k=1|tp=A1.0|sl=10|1h,-6.689752266239815e-05,-0.37243988202446343,2016,2801,0.9487342767054748,0.9282494246646967,0.7105084743148266
AD|e=E1|f=0|sp=1.5|k=1|tp=A2.0|sl=-|1h,4.473074054491211e-06,0.025927851682399982,98,154,1.0488026959462802,1.0056543373359668,0.9324067349695971
AD|e=E1|f=0|sp=1.5|k=1|tp=A2.0|sl=6|1h,-1.9354946318080268e-05,-0.1117402596220742,1877,2877,1.0713534997334733,0.9086644820085148,0.8670717050568684
AD|e=E1|f=0|sp=1.5|k=1|tp=A2.0|sl=10|1h,-3.374260940044012e-05,-0.1654463882324886,1366,2097,0.99061182184275,1.0025656527032802,0.763628924513354
AD|e=E1|f=0|sp=1.5|k=2|tp=MID|sl=-|1h,-7.103753723688463e-06,-0.045855506582872,2694,4263,0.9700799403980787,0.943340021836783,1.0031332017747638
AD|e=E1|f=0|sp=1.5|k=2|tp=MID|sl=6|1h,-6.043530484124724e-05,-0.4097814838113651,2887,4480,0.8872775830705988,0.9007754194287911,0.8300655017760149
AD|e=E1|f=0|sp=1.5|k=2|tp=MID|sl=10|1h,-5.1226772283736765e-05,-0.3132750786542899,2751,4344,0.9167024948232432,0.8363345492123225,0.9060697445988947
AD|e=E1|f=0|sp=1.5|k=2|tp=A0.5|sl=-|1h,2.918838313641059e-05,0.11479264100042527,483,704,1.1501088502189378,0.9247750661141141,1.0217631378918952
AD|e=E1|f=0|sp=1.5|k=2|tp=A0.5|sl=6|1h,-0.00010992877084571478,-0.679353386917303,3097,4436,0.8591833249568168,0.7996278066738414,0.7031426887193775
AD|e=E1|f=0|sp=1.5|k=2|tp=A0.5|sl=10|1h,-0.000144327450142722,-0.7053633165300851,2638,3872,0.8617551826606118,0.702687559688492,0.627100305782906
AD|e=E1|f=0|sp=1.5|k=2|tp=A1.0|sl=-|1h,3.3165306339240235e-05,0.12731870842176296,293,470,1.1428793306692637,0.9526585277956867,1.0183951460755718
AD|e=E1|f=0|sp=1.5|k=2|tp=A1.0|sl=6|1h,1.33670458650391e-06,0.00724564706813515,2578,4070,1.052168965355642,0.9816186178179259,0.9173945703234444
AD|e=E1|f=0|sp=1.5|k=2|tp=A1.0|sl=10|1h,-4.235290940169737e-05,-0.18307766361490638,2108,3411,1.0057771880339181,0.8639853120058204,0.8032764077780831
AD|e=E1|f=0|sp=1.5|k=2|tp=A2.0|sl=-|1h,1.3855828488479583e-05,0.051845858860324126,115,224,1.081487800639109,0.9976193148392253,0.9085254891755887
AD|e=E1|f=0|sp=1.5|k=2|tp=A2.0|sl=6|1h,2.706748582740914e-06,0.011757407211732927,1807,3318,1.1831969164091183,1.056950085953846,0.7421680838421356
AD|e=E1|f=0|sp=1.5|k=2|tp=A2.0|sl=10|1h,-4.662931687673132e-05,-0.17285394912327628,1386,2584,1.028911570060232,0.8968783240544569,0.7178275478225208
AD|e=E1|f=0|sp=1.5|k=3|tp=MID|sl=-|1h,2.0168197060538743e-06,0.011666095009287673,2694,4470,0.9807158214187194,0.9593404219465754,1.018355505042222
AD|e=E1|f=0|sp=1.5|k=3|tp=MID|sl=6|1h,-5.843753487657111e-05,-0.35693641706969176,2865,4599,0.9319784662687842,0.9059247675465555,0.7869710722647179
AD|e=E1|f=0|sp=1.5|k=3|tp=MID|sl=10|1h,-5.0253427238543136e-05,-0.2745815869893657,2737,4518,0.9042031512928579,0.8290394774987794,0.9195633848476832
AD|e=E1|f=0|sp=1.5|k=3|tp=A0.5|sl=-|1h,4.2990261111555195e-05,0.12356934428728306,516,800,1.138754297008687,0.9062186096428937,1.0536550067909412
AD|e=E1|f=0|sp=1.5|k=3|tp=A0.5|sl=6|1h,-0.00017994330138157482,-0.9660787754769316,3046,4568,0.7871978125290513,0.7484598253017453,0.5228981478289723
AD|e=E1|f=0|sp=1.5|k=3|tp=A0.5|sl=10|1h,-0.00017311637056056367,-0.661621295226095,2608,4026,0.8223648719790632,0.5981293008095263,0.6157562413315698
AD|e=E1|f=0|sp=1.5|k=3|tp=A1.0|sl=-|1h,5.035528186485471e-05,0.14135934220116952,345,602,1.2015121455615712,0.9261519051653654,1.010322570504914
AD|e=E1|f=0|sp=1.5|k=3|tp=A1.0|sl=6|1h,-5.4151224336236576e-05,-0.25147428436185687,2519,4226,0.9217110918735865,1.0381726742969204,0.6863392990019415
AD|e=E1|f=0|sp=1.5|k=3|tp=A1.0|sl=10|1h,-2.1731269450343923e-05,-0.07402470324486676,2074,3601,0.947201812323492,0.7213828138831924,1.0955576090009247
AD|e=E1|f=0|sp=1.5|k=3|tp=A2.0|sl=-|1h,4.562161815487774e-05,0.12390152944791127,161,346,1.1734656034525377,0.9852774501911192,0.9368062435941781
AD|e=E1|f=0|sp=1.5|k=3|tp=A2.0|sl=6|1h,-4.70171542781095e-05,-0.1831178835574667,1812,3608,1.0772706513065335,1.013692496132733,0.6115643738576206
AD|e=E1|f=0|sp=1.5|k=3|tp=A2.0|sl=10|1h,1.0684722493967886e-05,0.03138200690641505,1372,2833,1.1067391013908023,0.8191598073609195,0.9672876233128854
AD|e=E1|f=0|sp=2|k=1|tp=MID|sl=-|1h,-1.8277992909371386e-05,-0.15358607544591457,2694,3598,0.9642285961491881,0.9344949045236719,0.9679626265252095
AD|e=E1|f=0|sp=2|k=1|tp=MID|sl=6|1h,-5.594579625267448e-05,-0.4988617744076662,2925,3857,0.9243025474518051,0.8754595452622755,0.8565889294437135
AD|e=E1|f=0|sp=2|k=1|tp=MID|sl=10|1h,-5.545036392683736e-05,-0.42957295173822935,2776,3703,0.9552651976629252,0.8559033202284709,0.8439160780725461
AD|e=E1|f=0|sp=2|k=1|tp=A0.5|sl=-|1h,2.2450371557279546e-05,0.13472735723781903,416,527,1.1236679293946648,0.9649815484142928,1.016478598593431
AD|e=E1|f=0|sp=2|k=1|tp=A0.5|sl=6|1h,-6.202968555823262e-05,-0.5102125791314581,3092,3886,0.9627923020443846,0.8111558361505635,0.8501137478719781
AD|e=E1|f=0|sp=2|k=1|tp=A0.5|sl=10|1h,-7.287314575809589e-05,-0.4856968229633396,2629,3339,1.007940747979981,0.8638234321508561,0.7038392005175761
AD|e=E1|f=0|sp=2|k=1|tp=A1.0|sl=-|1h,2.0068907010171957e-05,0.11989709470109058,259,351,1.116691587167196,1.0002231435438715,0.9716968330348387
AD|e=E1|f=0|sp=2|k=1|tp=A1.0|sl=6|1h,-1.3810200512168953e-05,-0.09896217786628744,2568,3430,1.0768416675599173,0.8612731951319255,0.9564097853162286
AD|e=E1|f=0|sp=2|k=1|tp=A1.0|sl=10|1h,-5.83771764092365e-05,-0.3321255484534103,1974,2656,0.9598111379750166,0.9140674260228112,0.7529552920580671
AD|e=E1|f=0|sp=2|k=1|tp=A2.0|sl=-|1h,5.381077849948643e-06,0.031233587268985334,101,150,1.042605367074307,1.0169864016811736,0.9328704892926148
AD|e=E1|f=0|sp=2|k=1|tp=A2.0|sl=6|1h,-1.4554839907599264e-05,-0.08657114061986615,1826,2692,1.0411653032925663,0.9876930975816091,0.847494936816983
AD|e=E1|f=0|sp=2|k=1|tp=A2.0|sl=10|1h,-2.5297292219515728e-05,-0.12789206778944065,1373,2028,0.9220203852243261,1.0254641032087404,0.8474523016828358
AD|e=E1|f=0|sp=2|k=2|tp=MID|sl=-|1h,-1.0013382823990816e-05,-0.06970363838295797,2694,3917,0.9816840189845132,0.9248522598740058,0.9982114851378928
AD|e=E1|f=0|sp=2|k=2|tp=MID|sl=6|1h,-6.445075859455384e-05,-0.47309918769010456,2883,4070,0.8872640313088336,0.8957817451042536,0.8182027698958307
AD|e=E1|f=0|sp=2|k=2|tp=MID|sl=10|1h,-3.9681611074128996e-05,-0.2657344770185686,2743,3968,0.9355583844351713,0.8444364425266905,0.9526992812553188
AD|e=E1|f=0|sp=2|k=2|tp=A0.5|sl=-|1h,4.304641069034886e-05,0.17050271862831956,533,741,1.157335981979876,0.9483549781759155,1.0800163578124315
AD|e=E1|f=0|sp=2|k=2|tp=A0.5|sl=6|1h,-0.00010906390100500697,-0.7117839200835564,3024,4111,0.8296012108048714,0.8698913017001066,0.6774738992621554
AD|e=E1|f=0|sp=2|k=2|tp=A0.5|sl=10|1h,-0.00012794251448784184,-0.6218877098881556,2549,3546,0.8568225119500215,0.5712984816884797,0.8568099978494846
AD|e=E1|f=0|sp=2|k=2|tp=A1.0|sl=-|1h,5.168734951915488e-05,0.20052614504958713,346,536,1.2164755581363267,0.9527257427000508,1.0735559209423424
AD|e=E1|f=0|sp=2|k=2|tp=A1.0|sl=6|1h,-3.364353314770169e-05,-0.1954164473093957,2496,3701,0.9799209605238663,0.9029511435866053,0.8693589886225992
AD|e=E1|f=0|sp=2|k=2|tp=A1.0|sl=10|1h,-5.1883986810173605e-05,-0.23015532949950887,2024,3093,0.9147105430486508,0.7187145930523147,1.0082802534390534
AD|e=E1|f=0|sp=2|k=2|tp=A2.0|sl=-|1h,2.4586026754004954e-05,0.09250960696306071,142,259,1.154322841594544,0.990103834098281,0.9169132049902171
AD|e=E1|f=0|sp=2|k=2|tp=A2.0|sl=6|1h,-2.2430619853261635e-05,-0.10461134467782168,1794,3064,1.0152387343979703,1.0015317792731129,0.7909124626460644
AD|e=E1|f=0|sp=2|k=2|tp=A2.0|sl=10|1h,-7.07267201726241e-05,-0.2779808756401157,1336,2338,1.0492240914837094,0.8244948160876625,0.6717472076859109
AD|e=E1|f=0|sp=2|k=3|tp=MID|sl=-|1h,7.352734411852501e-06,0.04806373380430447,2694,4052,0.992020034720762,0.9451427383127469,1.0703531671580464
AD|e=E1|f=0|sp=2|k=3|tp=MID|sl=6|1h,-4.6789225504697186e-05,-0.33021335876819663,2871,4121,0.922792377982728,0.8925491813820189,0.8783302336083761
AD|e=E1|f=0|sp=2|k=3|tp=MID|sl=10|1h,-4.1872560075304766e-05,-0.2561400041482894,2733,4081,0.9451387867005495,0.8175566056074651,0.952834797945153
AD|e=E1|f=0|sp=2|k=3|tp=A0.5|sl=-|1h,8.323485413574437e-05,0.2560658608628235,710,1039,1.1614476100856357,1.0295038002594725,1.1885597662587757
AD|e=E1|f=0|sp=2|k=3|tp=A0.5|sl=6|1h,-0.00010771753412843653,-0.6596260891374217,2991,4169,0.8406122874248667,0.8357721838639982,0.6963107861783234
AD|e=E1|f=0|sp=2|k=3|tp=A0.5|sl=10|1h,-0.00010737425265655329,-0.43828415894643696,2584,3773,0.8319187641540375,0.6437066201073598,0.8610405503297605
AD|e=E1|f=0|sp=2|k=3|tp=A1.0|sl=-|1h,0.00010346290790729048,0.3009194476994571,460,760,1.2879814679620372,0.954288736797671,1.2844648232235159
AD|e=E1|f=0|sp=2|k=3|tp=A1.0|sl=6|1h,-2.6129534018444746e-05,-0.13938903737287292,2452,3767,0.9809332353800986,0.9463327824381758,0.8595999328601167
AD|e=E1|f=0|sp=2|k=3|tp=A1.0|sl=10|1h,-6.413466073417602e-05,-0.22612352491260473,1970,3226,0.9399835649731967,0.6859744569311887,0.9064916155104922
AD|e=E1|f=0|sp=2|k=3|tp=A2.0|sl=-|1h,5.087140812878444e-05,0.13762557799687783,169,349,1.2201692947571572,0.9737187205602501,0.9396122010641752
AD|e=E1|f=0|sp=2|k=3|tp=A2.0|sl=6|1h,-4.8443498931740524e-05,-0.20635884929168868,1765,3163,1.04205898851644,1.0467786036633058,0.6195381121637223
AD|e=E1|f=0|sp=2|k=3|tp=A2.0|sl=10|1h,-8.27561456079564e-06,-0.02522081004837923,1324,2561,1.159554206743633,0.7535471910573606,0.9103253244101235
AD|e=E1|f=1|sp=-|k=0|tp=MID|sl=-|1h,2.5078513739236266e-06,0.07803565573542182,993,993,0.9871228756504434,0.9894380278534343,1.0374651666878356
AD|e=E1|f=1|sp=-|k=0|tp=MID|sl=6|1h,-5.349192510493424e-06,-0.1688630707238548,1002,1002,0.9558507519759498,0.9985954144900249,1.0113764039181192
AD|e=E1|f=1|sp=-|k=0|tp=MID|sl=10|1h,-3.840231941300578e-06,-0.11675137074568925,993,993,0.9759202457646967,0.9774815117044334,1.0211901298038382
AD|e=E1|f=1|sp=-|k=0|tp=A0.5|sl=-|1h,7.81228495148338e-06,0.1022333256845733,268,268,1.0538341945858998,0.994523224593003,0.9920114117931285
AD|e=E1|f=1|sp=-|k=0|tp=A0.5|sl=6|1h,-1.5687179406119657e-05,-0.4666353371050906,1078,1078,0.9402402820709119,0.9866357336104542,0.9759614763351718
AD|e=E1|f=1|sp=-|k=0|tp=A0.5|sl=10|1h,-1.9343870645087774e-05,-0.4361391166419361,1057,1057,0.9527829528217384,0.9628376339501128,0.9633143421713111
AD|e=E1|f=1|sp=-|k=0|tp=A1.0|sl=-|1h,8.837564943523886e-06,0.1132456112217885,172,172,1.0705915842340508,0.9856548001154922,0.9909752747482066
AD|e=E1|f=1|sp=-|k=0|tp=A1.0|sl=6|1h,2.3832452106014885e-06,0.05922866403223949,957,957,0.9667677730591246,1.0384855258453283,1.0071218872810295
AD|e=E1|f=1|sp=-|k=0|tp=A1.0|sl=10|1h,-8.03422675292139e-06,-0.15477840128063672,927,927,0.9698862703920726,0.9890531582334,0.9864790670160596
AD|e=E1|f=1|sp=-|k=0|tp=A2.0|sl=-|1h,-1.5318897067081115e-06,-0.01864054618266617,76,76,1.0272996621940065,1.0030169726138376,0.9514799080358706
AD|e=E1|f=1|sp=-|k=0|tp=A2.0|sl=6|1h,7.368268990000068e-06,0.14562352042117105,780,780,0.9493193585258534,1.038786318701747,1.055366237916756
AD|e=E1|f=1|sp=-|k=0|tp=A2.0|sl=10|1h,-1.3806225121964212e-05,-0.210181691735275,736,736,0.9334704833274491,0.9915198631448915,0.9840279412666555
AD|e=E1|f=1|sp=0.5|k=1|tp=MID|sl=-|1h,6.968820169479816e-06,0.12725323774923478,993,1573,0.9885994056480522,0.9760639123381718,1.0749451699172694
AD|e=E1|f=1|sp=0.5|k=1|tp=MID|sl=6|1h,-9.581864459446226e-06,-0.17678228092655224,998,1571,0.9422878088634282,0.9704441007004709,1.0240463583887516
AD|e=E1|f=1|sp=0.5|k=1|tp=MID|sl=10|1h,-7.878580371808603e-06,-0.13617098333220914,993,1572,0.9579723263532145,0.9465558120967809,1.0424436301412376
AD|e=E1|f=1|sp=0.5|k=1|tp=A0.5|sl=-|1h,1.5107120763767694e-05,0.10383897600035799,336,479,1.0981882703890462,0.9886702505565289,0.9762158057536631
AD|e=E1|f=1|sp=0.5|k=1|tp=A0.5|sl=6|1h,-2.2676633351105107e-05,-0.3784248442450748,1092,1570,0.9196154262034758,0.9607838158152775,0.9760250909303427
AD|e=E1|f=1|sp=0.5|k=1|tp=A0.5|sl=10|1h,-4.8178436563935086e-05,-0.6162013832903943,1075,1552,0.9540253242322391,0.8574568665193117,0.8960701727928957
AD|e=E1|f=1|sp=0.5|k=1|tp=A1.0|sl=-|1h,3.8182025471798554e-05,0.24679051491313028,269,423,1.1540156370471457,1.0458265533174256,1.008971419187326
AD|e=E1|f=1|sp=0.5|k=1|tp=A1.0|sl=6|1h,6.9103752278928515e-06,0.09778664021439537,979,1514,0.9681925340676405,1.0318559487463181,1.0331323876868082
AD|e=E1|f=1|sp=0.5|k=1|tp=A1.0|sl=10|1h,-3.830918828597193e-05,-0.4128644403603281,958,1490,0.8944688482590847,0.8831823758835547,0.98156065489373
AD|e=E1|f=1|sp=0.5|k=1|tp=A2.0|sl=-|1h,1.2473529974756528e-06,0.007317133860827185,82,139,1.0393077584161623,0.9943853368142384,0.9330622825196269
AD|e=E1|f=1|sp=0.5|k=1|tp=A2.0|sl=6|1h,2.5414977647383853e-05,0.27585820053548854,805,1357,0.9998739686040375,1.0572097354478909,1.086216611380375
AD|e=E1|f=1|sp=0.5|k=1|tp=A2.0|sl=10|1h,-3.581187234751209e-05,-0.295955791928628,774,1313,0.8708730803009297,0.9757641631331521,0.9169076035318774
AD|e=E1|f=1|sp=0.5|k=2|tp=MID|sl=-|1h,1.7497474150558045e-05,0.25034461258256,993,1937,1.0165350438480825,0.9647394122886324,1.1240470591784826
AD|e=E1|f=1|sp=0.5|k=2|tp=MID|sl=6|1h,-7.300379830587185e-06,-0.10392587662284342,997,1920,0.9503012466862343,0.9633450139314352,1.0324395691295976
AD|e=E1|f=1|sp=0.5|k=2|tp=MID|sl=10|1h,-6.362699626134524e-06,-0.08360610100726866,993,1933,0.9852301738441045,0.9031406699112151,1.065894627931299
AD|e=E1|f=1|sp=0.5|k=2|tp=A0.5|sl=-|1h,4.190864812423067e-05,0.20448505907520384,424,713,1.2006773669162514,0.9862286971204166,1.0195869366918455
AD|e=E1|f=1|sp=0.5|k=2|tp=A0.5|sl=6|1h,-1.4926938371618487e-05,-0.18323188922457193,1096,1848,0.9475295006770282,0.9810158595876423,0.9660736911752537
AD|e=E1|f=1|sp=0.5|k=2|tp=A0.5|sl=10|1h,-5.505332893069629e-05,-0.5137216874167184,1080,1839,1.026418878823819,0.8084228564373299,0.8367737552032906
AD|e=E1|f=1|sp=0.5|k=2|tp=A1.0|sl=-|1h,5.2061393677600354e-05,0.2236239146763944,285,548,1.2395834402295949,1.0214702856079239,0.9971760858722205
AD|e=E1|f=1|sp=0.5|k=2|tp=A1.0|sl=6|1h,9.011964906477305e-06,0.09293588379232967,981,1849,0.9758256066175165,1.0496277805112701,1.0104911345300116
AD|e=E1|f=1|sp=0.5|k=2|tp=A1.0|sl=10|1h,-4.951416906992704e-05,-0.3843566389751367,961,1830,0.9445160997188352,0.8080169238724941,0.9317751006992419
AD|e=E1|f=1|sp=0.5|k=2|tp=A2.0|sl=-|1h,7.272141204839398e-07,0.0027631937748714905,94,212,1.0337762081984332,0.985412747358771,0.888160248128074
AD|e=E1|f=1|sp=0.5|k=2|tp=A2.0|sl=6|1h,1.5700928150103123e-05,0.12351110175379738,814,1769,0.9546511466185675,1.0249375888759071,1.0872053199125082
AD|e=E1|f=1|sp=0.5|k=2|tp=A2.0|sl=10|1h,-6.709808246821853e-05,-0.3963792814227099,789,1733,0.8056981677131554,0.7770492863267494,0.9976072923657388
AD|e=E1|f=1|sp=0.5|k=3|tp=MID|sl=-|1h,2.8506418094677756e-05,0.35898814011575797,993,2156,1.0362655970586407,0.9527915825860542,1.1911242651930602
AD|e=E1|f=1|sp=0.5|k=3|tp=MID|sl=6|1h,-8.183246397457284e-06,-0.09874973072943273,997,2124,0.9439589292282224,0.9319188437866454,1.0634707293654873
AD|e=E1|f=1|sp=0.5|k=3|tp=MID|sl=10|1h,9.15506728648673e-06,0.10931019782787946,993,2148,1.0118578064323704,0.880498837511856,1.1687675566864113
AD|e=E1|f=1|sp=0.5|k=3|tp=A0.5|sl=-|1h,6.099187975696927e-05,0.22312504053455157,451,829,1.2126341478113818,1.0590593498775247,1.0027333896216255
AD|e=E1|f=1|sp=0.5|k=3|tp=A0.5|sl=6|1h,-2.1192072068691553e-05,-0.21727416430453278,1099,2021,0.8698884993740169,1.026545784675125,0.9614304848096185
AD|e=E1|f=1|sp=0.5|k=3|tp=A0.5|sl=10|1h,-7.76596860506331e-05,-0.6065404344409111,1083,2019,0.9193602330771882,0.7791594615461195,0.8345711108321674
AD|e=E1|f=1|sp=0.5|k=3|tp=A1.0|sl=-|1h,8.005221926825333e-05,0.25490804475152246,308,656,1.2815710298200516,0.9848467845837724,1.1063970376984813
AD|e=E1|f=1|sp=0.5|k=3|tp=A1.0|sl=6|1h,1.2117496918581356e-05,0.1024938167656083,982,2079,0.9317435803281547,1.084346711561271,1.032807353009812
AD|e=E1|f=1|sp=0.5|k=3|tp=A1.0|sl=10|1h,-5.819747140215773e-05,-0.37803283182475933,960,2063,0.9098189997266266,0.8072255633326997,0.9032175710676463
AD|e=E1|f=1|sp=0.5|k=3|tp=A2.0|sl=-|1h,1.7488389522505436e-05,0.04891637886654209,120,311,1.134522562453159,0.9591117242469019,0.8412572703833162
AD|e=E1|f=1|sp=0.5|k=3|tp=A2.0|sl=6|1h,9.093883816086214e-06,0.05664214554759495,821,2081,0.8990508719123795,1.0987459250685327,1.0129515114484549
AD|e=E1|f=1|sp=0.5|k=3|tp=A2.0|sl=10|1h,-8.51772335366581e-05,-0.3967355050717857,791,2037,0.7658302333346718,0.7358172639157536,0.9574282520282807
AD|e=E1|f=1|sp=1|k=1|tp=MID|sl=-|1h,6.8477001659641685e-06,0.13460116236117659,993,1451,0.9998413479334487,0.963217065325626,1.0771015965402664
AD|e=E1|f=1|sp=1|k=1|tp=MID|sl=6|1h,-1.0090383645322201e-05,-0.1987186431788832,997,1445,0.9474727266260223,0.9623219059564889,1.0245542580964377
AD|e=E1|f=1|sp=1|k=1|tp=MID|sl=10|1h,-6.319524748973864e-06,-0.11768880253231129,993,1449,0.9832840422046352,0.9301559240485162,1.0445348560566794
AD|e=E1|f=1|sp=1|k=1|tp=A0.5|sl=-|1h,2.063684100568355e-05,0.1498511824229322,381,509,1.1624887393452406,0.9754185831274682,0.9699152312692336
AD|e=E1|f=1|sp=1|k=1|tp=A0.5|sl=6|1h,-2.7309016832138326e-05,-0.4720375957200998,1089,1455,0.9428817825825055,0.9364312310269294,0.9496218518503011
AD|e=E1|f=1|sp=1|k=1|tp=A0.5|sl=10|1h,-4.8943351583451665e-05,-0.6432473923091032,1074,1443,1.0071674085373528,0.8513917875578678,0.8514646629780597
AD|e=E1|f=1|sp=1|k=1|tp=A1.0|sl=-|1h,3.829204504326431e-05,0.2537238701788869,286,419,1.1801740571991264,1.0291520754326369,1.0046766637085345
AD|e=E1|f=1|sp=1|k=1|tp=A1.0|sl=6|1h,2.8102856098597967e-06,0.04128328260602215,977,1404,0.9623513724098255,0.9958935442587088,1.0506951751042106
AD|e=E1|f=1|sp=1|k=1|tp=A1.0|sl=10|1h,-3.975071860850914e-05,-0.4447165728497944,957,1383,0.928831993453382,0.8619255763934999,0.9609173004324728
AD|e=E1|f=1|sp=1|k=1|tp=A2.0|sl=-|1h,-3.6638803442566934e-06,-0.021560163419442134,84,135,1.0315440148212673,0.9780522234008648,0.9276342070889567
AD|e=E1|f=1|sp=1|k=1|tp=A2.0|sl=6|1h,-7.850630323477382e-07,-0.008813677736791842,800,1277,0.9761113390761609,0.9505531589230174,1.0540230846023582
AD|e=E1|f=1|sp=1|k=1|tp=A2.0|sl=10|1h,-5.2911115105093624e-05,-0.450166607309729,775,1246,0.85547722386667,0.89831447176817,0.9133832834306405
AD|e=E1|f=1|sp=1|k=2|tp=MID|sl=-|1h,1.0932847219551834e-05,0.17723129523899478,993,1672,1.0213365756762212,0.9400663642792578,1.1049164989796219
AD|e=E1|f=1|sp=1|k=2|tp=MID|sl=6|1h,-9.217095705646345e-06,-0.1453441066902357,997,1652,0.9558514529128431,0.9375297035328027,1.044373347157819
AD|e=E1|f=1|sp=1|k=2|tp=MID|sl=10|1h,-7.5333815243163525e-06,-0.11292504053066595,993,1667,1.0214144151318958,0.8825343781771885,1.0477537848244318
AD|e=E1|f=1|sp=1|k=2|tp=A0.5|sl=-|1h,3.7902340575790955e-05,0.18864800941858428,428,643,1.184368661645749,0.9774483696621554,1.0196725009746683
AD|e=E1|f=1|sp=1|k=2|tp=A0.5|sl=6|1h,-2.004335012233579e-05,-0.2558754757319578,1089,1633,0.9291066545711998,1.0127542997302947,0.9256719521149684
AD|e=E1|f=1|sp=1|k=2|tp=A0.5|sl=10|1h,-6.838905303555839e-05,-0.6466632420916606,1070,1625,0.9985604997799266,0.8132267678549612,0.7887345768950126
AD|e=E1|f=1|sp=1|k=2|tp=A1.0|sl=-|1h,4.911859472144683e-05,0.21773546508146152,303,519,1.259242531711561,0.9953663426385748,0.9924688743255559
AD|e=E1|f=1|sp=1|k=2|tp=A1.0|sl=6|1h,2.5463695390328887e-05,0.2812109214070814,979,1635,1.0090918702736689,1.0550596575513727,1.0780724585161185
AD|e=E1|f=1|sp=1|k=2|tp=A1.0|sl=10|1h,-3.4105509413625885e-05,-0.27610620305039196,961,1629,1.0274942333568857,0.7940369869765984,0.9615873647675871
AD|e=E1|f=1|sp=1|k=2|tp=A2.0|sl=-|1h,-3.746398878018363e-06,-0.01425305498378848,96,196,1.0377025636423123,0.9657710608698902,0.8786468130035712
AD|e=E1|f=1|sp=1|k=2|tp=A2.0|sl=6|1h,-2.7030023778127754e-06,-0.022082363019378253,812,1603,0.8968016034856049,1.0387871135691253,1.0223130828888873
AD|e=E1|f=1|sp=1|k=2|tp=A2.0|sl=10|1h,-7.512125416826658e-05,-0.4518715162747318,778,1561,0.799732940933333,0.7621491143314343,0.9780442625162767
AD|e=E1|f=1|sp=1|k=3|tp=MID|sl=-|1h,1.9748837777263945e-05,0.29580189909072885,993,1790,1.0442011927028678,0.9444572427728344,1.1340212501659617
AD|e=E1|f=1|sp=1|k=3|tp=MID|sl=6|1h,-8.825770168555268e-06,-0.126590723690787,997,1754,0.9616327035062858,0.9325566751703928,1.043237995984269
AD|e=E1|f=1|sp=1|k=3|tp=MID|sl=10|1h,9.570407179204247e-06,0.13785387207851105,993,1780,1.0284975098980014,0.9183913520052487,1.110859552467266
AD|e=E1|f=1|sp=1|k=3|tp=A0.5|sl=-|1h,3.561986734980864e-05,0.12949096648046365,430,690,1.1772678842526003,0.9424543755018805,0.9892963282102453
AD|e=E1|f=1|sp=1|k=3|tp=A0.5|sl=6|1h,-4.8239210372861374e-05,-0.517488166713723,1092,1747,0.8457737915480383,0.9567278628925641,0.8993407159747941
AD|e=E1|f=1|sp=1|k=3|tp=A0.5|sl=10|1h,-8.381413384986771e-05,-0.6830707862557922,1076,1754,0.9598413005472918,0.7317182160130589,0.8221303897428981
AD|e=E1|f=1|sp=1|k=3|tp=A1.0|sl=-|1h,6.954998075811271e-05,0.22834214240699552,325,600,1.268209359675123,0.9608478018001385,1.0801323747670202
AD|e=E1|f=1|sp=1|k=3|tp=A1.0|sl=6|1h,-7.010875549785295e-06,-0.06423552356471596,979,1778,0.9270707434022513,0.9820742101743615,1.0222313064790458
AD|e=E1|f=1|sp=1|k=3|tp=A1.0|sl=10|1h,-7.670255494609689e-05,-0.51795512256869,960,1786,0.9760849123665508,0.7126649244349044,0.8534706248766045
AD|e=E1|f=1|sp=1|k=3|tp=A2.0|sl=-|1h,1.310897789570463e-05,0.03635408661363718,110,258,1.092069940433744,0.9491780250803187,0.8589567179623635
AD|e=E1|f=1|sp=1|k=3|tp=A2.0|sl=6|1h,-2.855396180971591e-05,-0.18980675089670843,814,1814,0.8450578754553841,1.0384030330527894,0.9099276724232632
AD|e=E1|f=1|sp=1|k=3|tp=A2.0|sl=10|1h,-0.0001051224877010142,-0.49748600021952094,776,1782,0.8948066485757057,0.6559101046093926,0.8162830947172078
AD|e=E1|f=1|sp=1.5|k=1|tp=MID|sl=-|1h,8.453109263630314e-06,0.17508943881648217,993,1367,1.009655396861935,0.9703825590822047,1.069906584410256
AD|e=E1|f=1|sp=1.5|k=1|tp=MID|sl=6|1h,-1.0288930305304818e-05,-0.21240949147893592,998,1357,0.9464496139046773,0.974115042673068,1.0125009078044351
AD|e=E1|f=1|sp=1.5|k=1|tp=MID|sl=10|1h,-3.2667410212240072e-06,-0.06422713345042566,993,1365,1.0044257004048964,0.9420864421978794,1.0295853887580007
AD|e=E1|f=1|sp=1.5|k=1|tp=A0.5|sl=-|1h,2.815318867972325e-05,0.20776327516906418,388,495,1.1577101596033115,0.9738043262992226,1.0228369357602058
AD|e=E1|f=1|sp=1.5|k=1|tp=A0.5|sl=6|1h,-2.6857104172286158e-05,-0.4676783576804453,1086,1392,0.9522018564537682,0.9368274253727286,0.9426869347764508
AD|e=E1|f=1|sp=1.5|k=1|tp=A0.5|sl=10|1h,-4.858665846005434e-05,-0.6487356400856376,1069,1381,0.9893440355080328,0.8460304542351945,0.8745795997111813
AD|e=E1|f=1|sp=1.5|k=1|tp=A1.0|sl=-|1h,2.60758220201593e-05,0.17427253216540642,249,351,1.1865951997559112,0.9549686849104776,0.9996464229800152
AD|e=E1|f=1|sp=1.5|k=1|tp=A1.0|sl=6|1h,-7.5635803448285614e-06,-0.11123039407980961,972,1328,0.9667346404055696,0.9852787743690873,0.991786422820035
AD|e=E1|f=1|sp=1.5|k=1|tp=A1.0|sl=10|1h,-4.6482187784540955e-05,-0.5180897204384164,952,1312,0.9921355436426249,0.8450981205305079,0.8807380618027092
AD|e=E1|f=1|sp=1.5|k=1|tp=A2.0|sl=-|1h,-1.0367346647692987e-06,-0.006089385517985466,89,139,1.0407533884828823,0.9814813200564269,0.9309329800295194
AD|e=E1|f=1|sp=1.5|k=1|tp=A2.0|sl=6|1h,-1.1936564026289582e-05,-0.13871403711574815,800,1213,0.9689630570963715,0.9518138602285243,0.9913406030211047
AD|e=E1|f=1|sp=1.5|k=1|tp=A2.0|sl=10|1h,-7.836600439318815e-05,-0.674568775804071,774,1183,0.8850340295519883,0.8344844120664975,0.8135546509230257
AD|e=E1|f=1|sp=1.5|k=2|tp=MID|sl=-|1h,1.7605360047257618e-05,0.32310233903973057,993,1516,1.029289096770329,0.9661054287528065,1.1137166454614786
AD|e=E1|f=1|sp=1.5|k=2|tp=MID|sl=6|1h,-8.094894510313818e-06,-0.13787903622660677,998,1488,0.9498756374316071,0.9537556596587347,1.0413967248296307
AD|e=E1|f=1|sp=1.5|k=2|tp=MID|sl=10|1h,1.053857732571845e-05,0.18950499300717982,993,1510,1.015695389742004,0.9418984499893652,1.107821624545257
AD|e=E1|f=1|sp=1.5|k=2|tp=A0.5|sl=-|1h,3.0024149784014245e-05,0.14741198633858107,404,570,1.177707913484654,0.950548541540667,1.0003750845154502
AD|e=E1|f=1|sp=1.5|k=2|tp=A0.5|sl=6|1h,-2.5528256206634505e-05,-0.3455217665432264,1088,1539,0.9189721682555083,0.9974633327434695,0.9201092000944721
AD|e=E1|f=1|sp=1.5|k=2|tp=A0.5|sl=10|1h,-5.7606133380465456e-05,-0.5743701362890077,1070,1542,1.0196446745002716,0.7766151555886759,0.8670721265665562
AD|e=E1|f=1|sp=1.5|k=2|tp=A1.0|sl=-|1h,4.00329089771206e-05,0.1783242451360389,268,431,1.2229849353958906,0.9097253521531542,1.059659970526367
AD|e=E1|f=1|sp=1.5|k=2|tp=A1.0|sl=6|1h,6.142139504190665e-08,0.0006926571016225235,974,1517,0.9879084557118142,0.9952029898459491,0.9992376438600927
AD|e=E1|f=1|sp=1.5|k=2|tp=A1.0|sl=10|1h,-2.858952854706652e-05,-0.23490702574614677,954,1518,1.026324354891313,0.777624535318628,1.019214107089833
AD|e=E1|f=1|sp=1.5|k=2|tp=A2.0|sl=-|1h,5.767296035298849e-06,0.022026951285381794,106,201,1.0636871168650222,0.9721522456597801,0.9043237311738385
AD|e=E1|f=1|sp=1.5|k=2|tp=A2.0|sl=6|1h,-2.548168581599454e-05,-0.21796530485932522,808,1474,0.9202191712988125,0.9747683027588189,0.9251145495170127
AD|e=E1|f=1|sp=1.5|k=2|tp=A2.0|sl=10|1h,-6.932391278871572e-05,-0.4285537690129834,771,1449,0.9207304722373346,0.763345966688757,0.8819795770610955
AD|e=E1|f=1|sp=1.5|k=3|tp=MID|sl=-|1h,2.4459305918055754e-05,0.43187288331634544,993,1575,1.0473203972114578,0.9758098607798965,1.129866011949191
AD|e=E1|f=1|sp=1.5|k=3|tp=MID|sl=6|1h,4.3969034685925084e-07,0.007543980539137394,998,1528,0.9969717386217152,0.9623591484674826,1.0364111985999656
AD|e=E1|f=1|sp=1.5|k=3|tp=MID|sl=10|1h,1.3586613586457029e-05,0.2329950368105322,993,1563,1.0186787321140898,0.9433079197755118,1.123061980334317
AD|e=E1|f=1|sp=1.5|k=3|tp=A0.5|sl=-|1h,3.113950143505519e-05,0.11349132593587688,421,624,1.1733314793728649,0.920747687466405,0.9833374481947995
AD|e=E1|f=1|sp=1.5|k=3|tp=A0.5|sl=6|1h,-5.163531009761287e-05,-0.6069009701233147,1089,1609,0.9161698624223269,0.9113994740473185,0.8566394460356924
AD|e=E1|f=1|sp=1.5|k=3|tp=A0.5|sl=10|1h,-7.437074377210141e-05,-0.6067847107492107,1069,1625,1.0285125209489425,0.7117434833533796,0.8364725716495
AD|e=E1|f=1|sp=1.5|k=3|tp=A1.0|sl=-|1h,5.7885110792780236e-05,0.19114235489040857,327,556,1.220220815172333,0.9642483918423406,1.0435402260448734
AD|e=E1|f=1|sp=1.5|k=3|tp=A1.0|sl=6|1h,-2.7749941757297022e-05,-0.27026387855959266,974,1613,0.9744814489416367,0.8972249118003913,0.9409440509866343
AD|e=E1|f=1|sp=1.5|k=3|tp=A1.0|sl=10|1h,-5.3582800478047545e-05,-0.36963197982246737,952,1634,1.0962304102059481,0.6599987924754863,0.9492952986561847
AD|e=E1|f=1|sp=1.5|k=3|tp=A2.0|sl=-|1h,2.6379164724367335e-05,0.07347791170722932,135,291,1.143627774456063,0.9428344187578345,0.8986510585113038
AD|e=E1|f=1|sp=1.5|k=3|tp=A2.0|sl=6|1h,-5.0909267069772415e-05,-0.3655494396943024,809,1618,0.9153685457515545,0.8769064956587557,0.8744418842748078
AD|e=E1|f=1|sp=1.5|k=3|tp=A2.0|sl=10|1h,-6.331608677486416e-05,-0.30880550361272274,764,1610,1.055017983080791,0.6525596094086862,0.9062235331635048
AD|e=E1|f=1|sp=2|k=1|tp=MID|sl=-|1h,7.4627518146113594e-06,0.16222973171440191,993,1298,1.0156901422775604,0.9620871803931399,1.0666206212040046
AD|e=E1|f=1|sp=2|k=1|tp=MID|sl=6|1h,-1.0945581561947189e-05,-0.23517451053251553,999,1287,0.9598771851712157,0.9670178838615829,1.0019281507861661
AD|e=E1|f=1|sp=2|k=1|tp=MID|sl=10|1h,-4.892321048368411e-06,-0.0999538184604357,993,1296,1.010159069919059,0.9305661766722229,1.0264232624990794
AD|e=E1|f=1|sp=2|k=1|tp=A0.5|sl=-|1h,2.296915023332523e-05,0.16289777455505597,365,459,1.1051682960756266,0.9829052795842259,1.0273997718185333
AD|e=E1|f=1|sp=2|k=1|tp=A0.5|sl=6|1h,-1.5380491336538545e-05,-0.269758514433213,1083,1341,0.9727700144730926,0.970481404789985,0.9560750796655022
AD|e=E1|f=1|sp=2|k=1|tp=A0.5|sl=10|1h,-3.6483695722804924e-05,-0.49250896174296566,1057,1326,1.034820097307826,0.8916970493977926,0.8549288497478333
AD|e=E1|f=1|sp=2|k=1|tp=A1.0|sl=-|1h,2.2902082957979708e-05,0.1555086254939632,247,337,1.1895573521517837,0.9479969865499569,0.984893657608329
AD|e=E1|f=1|sp=2|k=1|tp=A1.0|sl=6|1h,-1.217208373612013e-07,-0.0018373564274029466,966,1275,0.9970060224690188,0.9889238248552334,1.0032884776821496
AD|e=E1|f=1|sp=2|k=1|tp=A1.0|sl=10|1h,-5.3972941054183185e-05,-0.6170668031568893,942,1260,0.9950662063604987,0.835985461153428,0.8478537576868381
AD|e=E1|f=1|sp=2|k=1|tp=A2.0|sl=-|1h,-6.066737182467478e-07,-0.0035693675064759852,93,138,1.0361321120092681,0.9905448669741603,0.9291860824470464
AD|e=E1|f=1|sp=2|k=1|tp=A2.0|sl=6|1h,-5.066042677310183e-06,-0.058771435929398284,802,1175,0.9479505942240882,1.0148916139885835,0.991700643821894
AD|e=E1|f=1|sp=2|k=1|tp=A2.0|sl=10|1h,-6.62253647108516e-05,-0.5756161719465616,769,1141,0.8949912224431206,0.8109449262528186,0.8923719384047752
AD|e=E1|f=1|sp=2|k=2|tp=MID|sl=-|1h,1.404681354157061e-05,0.28054075346878476,993,1395,1.035202311301664,0.9616272597444965,1.089351908507759
AD|e=E1|f=1|sp=2|k=2|tp=MID|sl=6|1h,-8.486501178061415e-06,-0.16173616754537817,999,1366,0.9669782126726432,0.9622646163335284,1.0128223131791116
AD|e=E1|f=1|sp=2|k=2|tp=MID|sl=10|1h,7.906999940641573e-06,0.15419914272577243,993,1388,1.019113372619079,0.9451925439082303,1.0835858527412883
AD|e=E1|f=1|sp=2|k=2|tp=A0.5|sl=-|1h,1.7911866212517565e-05,0.08253473126866288,370,507,1.092783425778969,0.9427937890108267,1.0058182455030233
AD|e=E1|f=1|sp=2|k=2|tp=A0.5|sl=6|1h,-3.321041920976346e-05,-0.48144648236577686,1085,1451,0.9393508941980354,0.9533720508661626,0.8998508768399816
AD|e=E1|f=1|sp=2|k=2|tp=A0.5|sl=10|1h,-6.761335184735284e-05,-0.7132884359925833,1064,1457,1.0362963880294693,0.7322913048852124,0.8518868682364475
AD|e=E1|f=1|sp=2|k=2|tp=A1.0|sl=-|1h,3.6123683527049136e-05,0.15877192125107153,266,410,1.2040658059453897,0.9029240116375604,1.056371987275492
AD|e=E1|f=1|sp=2|k=2|tp=A1.0|sl=6|1h,-2.2583934655379568e-05,-0.26931683015507346,967,1421,0.9497690587349384,0.9487495498745346,0.9493303146275751
AD|e=E1|f=1|sp=2|k=2|tp=A1.0|sl=10|1h,-7.098264597652316e-05,-0.6072140640076631,951,1431,0.9910512810465382,0.6932779334012011,0.9122900664562449
AD|e=E1|f=1|sp=2|k=2|tp=A2.0|sl=-|1h,1.536167001618818e-05,0.05974773000559654,131,237,1.1375046961731465,0.959789887606058,0.9105071612899904
AD|e=E1|f=1|sp=2|k=2|tp=A2.0|sl=6|1h,-4.008986284067529e-05,-0.3612734585238317,806,1376,0.9150712305872993,0.9814763714101763,0.8465321588189668
AD|e=E1|f=1|sp=2|k=2|tp=A2.0|sl=10|1h,-9.891319290146372e-05,-0.6235917737659425,770,1363,0.9453572761552439,0.6997866441233366,0.78211002813505
AD|e=E1|f=1|sp=2|k=3|tp=MID|sl=-|1h,1.860914649449222e-05,0.3628126968594323,993,1428,1.0443042137141223,0.9669580575282796,1.104257230505648
AD|e=E1|f=1|sp=2|k=3|tp=MID|sl=6|1h,-1.612125762579045e-07,-0.0031315822366427912,999,1383,0.989859188499405,0.9794851200825482,1.0237544801760865
AD|e=E1|f=1|sp=2|k=3|tp=MID|sl=10|1h,8.244207405150754e-06,0.15564222409428483,993,1418,1.022931687593976,0.9314088656424835,1.0972168704862393
AD|e=E1|f=1|sp=2|k=3|tp=A0.5|sl=-|1h,2.306779130087137e-05,0.08167981060321584,419,603,1.071300427596894,0.9023967972893254,1.0497748173349208
AD|e=E1|f=1|sp=2|k=3|tp=A0.5|sl=6|1h,-4.940312856501196e-05,-0.6665494572091641,1085,1491,0.9231138421056186,0.8740387953969544,0.9022268238495202
AD|e=E1|f=1|sp=2|k=3|tp=A0.5|sl=10|1h,-8.080810222261765e-05,-0.6995598212903339,1074,1542,0.9989790419722024,0.7085146730582768,0.8349420842120888
AD|e=E1|f=1|sp=2|k=3|tp=A1.0|sl=-|1h,6.94110517264739e-05,0.23232268778939352,348,566,1.2286938680497523,0.9245254339524778,1.1654919724537343
AD|e=E1|f=1|sp=2|k=3|tp=A1.0|sl=6|1h,-4.651887596301421e-05,-0.4993552916364323,967,1476,0.9694422755632709,0.8346850930765016,0.9086453847102672
AD|e=E1|f=1|sp=2|k=3|tp=A1.0|sl=10|1h,-9.554059770545632e-05,-0.6482158595098507,949,1526,1.0094107657745093,0.6311763091060751,0.8313453023778653
AD|e=E1|f=1|sp=2|k=3|tp=A2.0|sl=-|1h,3.571135334648877e-05,0.09931076819758294,152,312,1.1605270666177279,0.983479422247475,0.8985748189669236
AD|e=E1|f=1|sp=2|k=3|tp=A2.0|sl=6|1h,-5.463217211275733e-05,-0.43390302503973827,805,1447,0.9948108047098294,0.9249702930169224,0.7497620406879619
AD|e=E1|f=1|sp=2|k=3|tp=A2.0|sl=10|1h,-9.835000971443166e-05,-0.4878027724496837,773,1507,1.0425222661533518,0.6610883935490786,0.7322775844301038
AD|e=E2|f=0|sp=-|k=0|tp=MID|sl=-|1h,-8.629885418674744e-06,-0.1473231083210441,1116,1116,0.9821998614581103,0.9713701924145633,0.98789583442891
AD|e=E2|f=0|sp=-|k=0|tp=MID|sl=6|1h,-2.7469354352629766e-05,-0.42286170218410535,1332,1332,0.9293308052894114,0.9376892010839986,0.9616298004100667
AD|e=E2|f=0|sp=-|k=0|tp=MID|sl=10|1h,-2.349211553566179e-05,-0.36504101312614906,1203,1203,0.9547832585347904,0.9203079402815212,0.9773739627713349
AD|e=E2|f=0|sp=-|k=0|tp=A0.5|sl=-|1h,6.52486055052762e-06,0.08264094990404473,212,212,1.0406882491208973,0.99683195510905,0.993976874756708
AD|e=E2|f=0|sp=-|k=0|tp=A0.5|sl=6|1h,-4.742093405477272e-05,-0.7185206913425699,1612,1612,0.9185388842112532,0.8707716422177264,0.9256730900109001
AD|e=E2|f=0|sp=-|k=0|tp=A0.5|sl=10|1h,-4.662882172859372e-05,-0.6419922121893678,1325,1325,0.8914199572235758,0.874154376562814,0.9537845390447984
AD|e=E2|f=0|sp=-|k=0|tp=A1.0|sl=-|1h,5.659545966088102e-06,0.07072118323112228,151,151,1.0479304318293698,0.9937958847691676,0.984726943887436
AD|e=E2|f=0|sp=-|k=0|tp=A1.0|sl=6|1h,-3.6544916675719314e-05,-0.5036088240769485,1360,1360,0.9447038229138718,0.9044372308015399,0.9251901916213431
AD|e=E2|f=0|sp=-|k=0|tp=A1.0|sl=10|1h,-4.6232910682478715e-05,-0.5895625619341289,1097,1097,0.9015356034686572,0.8990825450085285,0.9175278496759594
AD|e=E2|f=0|sp=-|k=0|tp=A2.0|sl=-|1h,4.029181895407929e-06,0.04812430053782668,79,79,1.0297063832359894,0.9970334408331895,0.9881433018339921
AD|e=E2|f=0|sp=-|k=0|tp=A2.0|sl=6|1h,-2.2024240280293635e-05,-0.2549810403198273,1133,1133,0.933768505027138,0.943285743595881,0.9777641458924967
AD|e=E2|f=0|sp=-|k=0|tp=A2.0|sl=10|1h,-2.7458297826025374e-05,-0.2991802076043466,851,851,0.8990468655376678,0.9020126885636949,1.0254345917230268
AD|e=E2|f=0|sp=0.5|k=1|tp=MID|sl=-|1h,-4.355657308680634e-06,-0.04114921748735476,1116,1852,0.9668004525498941,0.9461452805880229,1.0434309606513428
AD|e=E2|f=0|sp=0.5|k=1|tp=MID|sl=6|1h,-4.064713782763672e-05,-0.3903813308824254,1291,2123,0.9046051615387932,0.8733514098980932,0.9660319591949703
AD|e=E2|f=0|sp=0.5|k=1|tp=MID|sl=10|1h,-3.285013841433572e-05,-0.2870088605824716,1179,1959,0.9227312677449273,0.8575225081021557,1.0077254802567825
AD|e=E2|f=0|sp=0.5|k=1|tp=A0.5|sl=-|1h,8.880686983125326e-06,0.05542444913086447,240,351,1.0633729773100045,0.9821213816422066,0.9721045614062196
AD|e=E2|f=0|sp=0.5|k=1|tp=A0.5|sl=6|1h,-6.408593356206527e-05,-0.647506675225737,1630,2329,0.9254551531797065,0.7423011104612831,0.9624522278902135
AD|e=E2|f=0|sp=0.5|k=1|tp=A0.5|sl=10|1h,-7.54740427424908e-05,-0.5714014720995664,1360,1969,0.8125357020481563,0.7132608415998175,1.0485672866364553
AD|e=E2|f=0|sp=0.5|k=1|tp=A1.0|sl=-|1h,2.3926741689788854e-05,0.14429867096717644,182,287,1.105348229193008,1.008493849558258,0.9972147230765013
AD|e=E2|f=0|sp=0.5|k=1|tp=A1.0|sl=6|1h,-8.981542773553034e-05,-0.7785801584430284,1350,2075,0.9339200884163519,0.7630235192324702,0.7865292701790855
AD|e=E2|f=0|sp=0.5|k=1|tp=A1.0|sl=10|1h,-6.825108726465493e-05,-0.4609602601592012,1085,1687,0.9077827030102932,0.7504112726419087,0.9268749218186577
AD|e=E2|f=0|sp=0.5|k=1|tp=A2.0|sl=-|1h,1.8234959837874656e-05,0.10599235821387609,96,169,1.0951818882251374,1.0117729006116176,0.966326689741399
AD|e=E2|f=0|sp=0.5|k=1|tp=A2.0|sl=6|1h,-6.245053845233465e-05,-0.43661271139859464,1126,1872,0.9357599797987903,0.8271097267647829,0.8462374969270092
AD|e=E2|f=0|sp=0.5|k=1|tp=A2.0|sl=10|1h,-2.3739656325201877e-05,-0.13496739887139494,847,1430,0.957068314330536,0.852676671078635,1.0025039967629517
AD|e=E2|f=0|sp=0.5|k=2|tp=MID|sl=-|1h,-1.0915898059075209e-06,-0.007663538369120863,1116,2308,0.9687835604047735,0.9264509297911664,1.0672769714903576
AD|e=E2|f=0|sp=0.5|k=2|tp=MID|sl=6|1h,-4.869642652881129e-05,-0.3419040714867779,1253,2561,0.9114236472437881,0.8347092780790479,0.9389873231081585
AD|e=E2|f=0|sp=0.5|k=2|tp=MID|sl=10|1h,-4.0589163809544685e-05,-0.26345061891376664,1169,2423,0.8933762419847903,0.837494829214639,0.9961540586522221
AD|e=E2|f=0|sp=0.5|k=2|tp=A0.5|sl=-|1h,6.922605616638313e-05,0.3060078059583958,446,756,1.1619828406231103,1.2030261014680865,1.0130690707932375
AD|e=E2|f=0|sp=0.5|k=2|tp=A0.5|sl=6|1h,-8.817550159319694e-05,-0.6431963408133123,1609,2656,0.8683927110223283,0.7088172164395015,0.9093683488999158
AD|e=E2|f=0|sp=0.5|k=2|tp=A0.5|sl=10|1h,-8.485068049678435e-05,-0.47837865313683836,1413,2362,0.7994146607929941,0.7271984339793252,0.9598540870884334
AD|e=E2|f=0|sp=0.5|k=2|tp=A1.0|sl=-|1h,3.804774435517516e-05,0.15287740674665423,207,403,1.1735058921923298,0.9972841107407188,0.9807467704399219
AD|e=E2|f=0|sp=0.5|k=2|tp=A1.0|sl=6|1h,-0.00010204190836623227,-0.6295706341655777,1313,2466,0.8988480345081584,0.6961221197266764,0.8111581434907393
AD|e=E2|f=0|sp=0.5|k=2|tp=A1.0|sl=10|1h,-0.00014007396175270902,-0.6474918522723181,1043,2005,0.7450237653062657,0.6318584607288583,0.8213708484993832
AD|e=E2|f=0|sp=0.5|k=2|tp=A2.0|sl=-|1h,3.024984596785767e-05,0.11509369614386149,104,244,1.1517270029119357,1.008702089003467,0.9348326417215322
AD|e=E2|f=0|sp=0.5|k=2|tp=A2.0|sl=6|1h,-0.00010935863698609097,-0.5356134124106083,1091,2344,0.9051970206620082,0.8365070196714788,0.6240822662434671
AD|e=E2|f=0|sp=0.5|k=2|tp=A2.0|sl=10|1h,-5.838889483278904e-05,-0.2374307828828153,863,1881,0.8792284614676869,0.8243291655620681,0.8661589913301487
AD|e=E2|f=0|sp=0.5|k=3|tp=MID|sl=-|1h,7.44370262847965e-06,0.04361924040155873,1116,2606,0.9787487468654427,0.9194211275178201,1.1026253119480498
AD|e=E2|f=0|sp=0.5|k=3|tp=MID|sl=6|1h,-3.5228104647673375e-05,-0.21091697484476105,1226,2809,0.9638735906435831,0.8519304827269488,0.9307693984620209
AD|e=E2|f=0|sp=0.5|k=3|tp=MID|sl=10|1h,-3.203741034476805e-05,-0.17701731419361605,1155,2686,0.928271419607247,0.7826144030768062,1.0630289394415213
AD|e=E2|f=0|sp=0.5|k=3|tp=A0.5|sl=-|1h,9.714073684663923e-05,0.3322984618117538,491,912,1.1469156328343018,1.2342910077012517,1.1263822392856453
AD|e=E2|f=0|sp=0.5|k=3|tp=A0.5|sl=6|1h,-0.00010234437795463113,-0.6073573595470412,1578,2841,0.8461370918765668,0.70631320471214,0.8417706178091587
AD|e=E2|f=0|sp=0.5|k=3|tp=A0.5|sl=10|1h,-4.809281301908933e-05,-0.21614420323000055,1410,2588,0.9179609898213021,0.6976735306208885,1.056695317227358
AD|e=E2|f=0|sp=0.5|k=3|tp=A1.0|sl=-|1h,0.00010987733586129934,0.3452798737305386,307,684,1.2005386548731125,1.286263242735806,1.090369420499186
AD|e=E2|f=0|sp=0.5|k=3|tp=A1.0|sl=6|1h,-9.622341494814478e-05,-0.48265949322830737,1274,2693,0.8317807576502549,0.7525623923717073,0.8177852462005987
AD|e=E2|f=0|sp=0.5|k=3|tp=A1.0|sl=10|1h,-0.00010373870175451304,-0.4024928578912436,1078,2342,0.7110541098737878,0.6776903116292344,0.9680314797560552
AD|e=E2|f=0|sp=0.5|k=3|tp=A2.0|sl=-|1h,3.835789105830624e-05,0.10559336630366908,107,298,1.1540435966677123,0.9536576072301239,0.9446623402122177
AD|e=E2|f=0|sp=0.5|k=3|tp=A2.0|sl=6|1h,-5.348877004133301e-05,-0.2172545183939455,1036,2603,0.9819629094585125,0.9866446912858273,0.6639245929754569
AD|e=E2|f=0|sp=0.5|k=3|tp=A2.0|sl=10|1h,-5.3374368630458164e-05,-0.17191102431480898,830,2114,0.7794887230900447,0.8129051932438122,0.9561889485560836
AD|e=E2|f=0|sp=1|k=1|tp=MID|sl=-|1h,-6.000994277098657e-06,-0.059398493476577885,1116,1725,0.9832469948932414,0.9342981474390977,1.0302749819437143
AD|e=E2|f=0|sp=1|k=1|tp=MID|sl=6|1h,-4.446349946535009e-05,-0.4431596431671331,1279,1958,0.9226842117630683,0.8611554478180443,0.9397507847628572
AD|e=E2|f=0|sp=1|k=1|tp=MID|sl=10|1h,-2.9935011023930802e-05,-0.28040975327268647,1176,1820,0.9277724450923702,0.8730763936603667,1.0056606032132562
AD|e=E2|f=0|sp=1|k=1|tp=A0.5|sl=-|1h,2.3145998596679688e-05,0.151932738254648,320,435,1.0610234499822015,1.061512251462574,0.9873789908701529
AD|e=E2|f=0|sp=1|k=1|tp=A0.5|sl=6|1h,-5.5606440665998526e-05,-0.5697487780994233,1612,2153,0.8959127347120395,0.7851788281584516,0.9909188653465361
AD|e=E2|f=0|sp=1|k=1|tp=A0.5|sl=10|1h,-6.566502521861969e-05,-0.5313123326039766,1366,1846,0.853514818094684,0.7337454260849986,1.0339161569692032
AD|e=E2|f=0|sp=1|k=1|tp=A1.0|sl=-|1h,2.6308265859958024e-05,0.1612504516938258,199,297,1.1025844080359688,1.0012588802154785,1.0227756129691485
AD|e=E2|f=0|sp=1|k=1|tp=A1.0|sl=6|1h,-6.618983961616856e-05,-0.5783258968732281,1329,1931,0.9148897545663365,0.8402043574963536,0.8444565977065501
AD|e=E2|f=0|sp=1|k=1|tp=A1.0|sl=10|1h,-7.216698062510138e-05,-0.4926228487656379,1059,1553,0.8893223706385699,0.7285833614524089,0.951189655871838
AD|e=E2|f=0|sp=1|k=1|tp=A2.0|sl=-|1h,1.8923499685130104e-05,0.1101685986979858,97,168,1.094890215140149,1.0131205761608686,0.9693850286801883
AD|e=E2|f=0|sp=1|k=1|tp=A2.0|sl=6|1h,-4.1876169384426505e-05,-0.29121661683033284,1101,1761,0.9504027199699345,0.9264113143464343,0.8451875053052993
AD|e=E2|f=0|sp=1|k=1|tp=A2.0|sl=10|1h,-3.530225008450663e-05,-0.20515216239020903,841,1356,0.9933195199289232,0.8251491257482462,0.9315294121098032
AD|e=E2|f=0|sp=1|k=2|tp=MID|sl=-|1h,3.414595241085635e-06,0.026128244303440466,1116,2041,1.0014030228751418,0.929376510372891,1.0637970453986425
AD|e=E2|f=0|sp=1|k=2|tp=MID|sl=6|1h,-3.7397835926456556e-05,-0.29098144910785667,1241,2218,0.9860636741707555,0.8579859638166011,0.9113340239138896
AD|e=E2|f=0|sp=1|k=2|tp=MID|sl=10|1h,-2.4413064263778023e-05,-0.1779086702196416,1160,2114,0.9547037410090269,0.8389194357906283,1.0378512713303079
AD|e=E2|f=0|sp=1|k=2|tp=A0.5|sl=-|1h,5.465482138308896e-05,0.24872596926295085,432,669,1.1336254675553328,1.1297026477294516,1.0162884785089987
AD|e=E2|f=0|sp=1|k=2|tp=A0.5|sl=6|1h,-8.203269209110104e-05,-0.6416165016128402,1566,2354,0.869686217701504,0.7730636705153713,0.8689484887673393
AD|e=E2|f=0|sp=1|k=2|tp=A0.5|sl=10|1h,-3.47203973958713e-05,-0.20924868388002812,1382,2115,0.979269133124894,0.7248842936782742,1.0797167849639255
AD|e=E2|f=0|sp=1|k=2|tp=A1.0|sl=-|1h,5.888035246745184e-05,0.24656066377801272,254,450,1.117465873085882,1.166744187209278,1.009154660429744
AD|e=E2|f=0|sp=1|k=2|tp=A1.0|sl=6|1h,-8.678709505384582e-05,-0.570441961985591,1279,2184,0.862673523764213,0.771140185361885,0.8431790058940445
AD|e=E2|f=0|sp=1|k=2|tp=A1.0|sl=10|1h,-0.00011481746363546752,-0.581803504791446,1052,1827,0.7656998536949446,0.6558335384440165,0.9127901954412293
AD|e=E2|f=0|sp=1|k=2|tp=A2.0|sl=-|1h,3.461129035339291e-05,0.13175247034025703,116,252,1.1245135167291385,0.9722496255008777,1.0203439504609
AD|e=E2|f=0|sp=1|k=2|tp=A2.0|sl=6|1h,-6.80049983130863e-05,-0.3587756509704853,1055,2080,0.9460466878923827,0.8899723184305908,0.7317387852168291
AD|e=E2|f=0|sp=1|k=2|tp=A2.0|sl=10|1h,-5.165528908672794e-05,-0.22162395083340955,836,1671,0.905657360007171,0.8059265287296961,0.905729245064418
AD|e=E2|f=0|sp=1|k=3|tp=MID|sl=-|1h,1.740594965895841e-05,0.11966581746141768,1116,2217,1.0254591283329075,0.9369038809170077,1.1156624354813258
AD|e=E2|f=0|sp=1|k=3|tp=MID|sl=6|1h,-3.9371744266432325e-05,-0.2827126934163495,1226,2334,1.004740046445173,0.8299602825844429,0.908426138421492
AD|e=E2|f=0|sp=1|k=3|tp=MID|sl=10|1h,-2.297513026562898e-05,-0.14810380739640472,1146,2259,0.9493886266446118,0.8345118783676125,1.0482033696315471
AD|e=E2|f=0|sp=1|k=3|tp=A0.5|sl=-|1h,5.9427090128564157e-05,0.20179525402383872,468,769,1.1260447348431424,1.1124761725450423,1.0106035156613502
AD|e=E2|f=0|sp=1|k=3|tp=A0.5|sl=6|1h,-7.214416295341185e-05,-0.4925476024560135,1548,2449,0.9564850203421393,0.7261184441266818,0.8857161028457041
AD|e=E2|f=0|sp=1|k=3|tp=A0.5|sl=10|1h,-5.784226514620433e-05,-0.2839416405919951,1408,2284,0.9904985048116339,0.6093288783372041,1.072426127993536
AD|e=E2|f=0|sp=1|k=3|tp=A1.0|sl=-|1h,9.35906065627899e-05,0.2961879815593686,308,608,1.1684611829675084,1.2035234127099526,1.0852078778750591
AD|e=E2|f=0|sp=1|k=3|tp=A1.0|sl=6|1h,-7.888374185087273e-05,-0.44683486780413195,1270,2351,0.9561037384374882,0.7800961216356446,0.7780272482885963
AD|e=E2|f=0|sp=1|k=3|tp=A1.0|sl=10|1h,-0.00014680268008914014,-0.6042714847181384,1076,2072,0.7474658747152744,0.6169287969891042,0.785736607912959
AD|e=E2|f=0|sp=1|k=3|tp=A2.0|sl=-|1h,5.8158793150237004e-05,0.16122068009125018,125,313,1.1958937240443392,0.9630318403294063,1.0217046719262055
AD|e=E2|f=0|sp=1|k=3|tp=A2.0|sl=6|1h,-8.02466259918107e-05,-0.34827279735696925,1012,2254,0.9193896062975203,0.8870102295762815,0.6791365495436511
AD|e=E2|f=0|sp=1|k=3|tp=A2.0|sl=10|1h,-6.604400871372612e-05,-0.22517921610590422,806,1869,0.8304802090510145,0.6003293239348282,1.1454739763624764
AD|e=E2|f=0|sp=1.5|k=1|tp=MID|sl=-|1h,-8.117441016118786e-06,-0.08439592645286714,1116,1613,0.9846475677579652,0.9492226189777562,1.00108514229339
AD|e=E2|f=0|sp=1.5|k=1|tp=MID|sl=6|1h,-4.223157454110986e-05,-0.44243617930420265,1266,1808,0.9467652690272754,0.8657366792249386,0.9250817650417958
AD|e=E2|f=0|sp=1.5|k=1|tp=MID|sl=10|1h,-2.6118485226365736e-05,-0.257546311570689,1170,1690,0.9348077836978421,0.9073659358131126,0.9852761585770188
AD|e=E2|f=0|sp=1.5|k=1|tp=A0.5|sl=-|1h,3.268442479679081e-05,0.21688172072475956,338,440,1.0553414769747744,1.0873057168758302,1.028548304724402
AD|e=E2|f=0|sp=1.5|k=1|tp=A0.5|sl=6|1h,-5.305720096177837e-05,-0.5664102822604803,1576,2006,0.907188684520638,0.7977079236639171,0.9795169240938141
AD|e=E2|f=0|sp=1.5|k=1|tp=A0.5|sl=10|1h,-6.0442993193340574e-05,-0.49332619974461656,1329,1713,0.8322146461770253,0.7598422086579866,1.059143007882059
AD|e=E2|f=0|sp=1.5|k=1|tp=A1.0|sl=-|1h,1.5825237870701552e-05,0.09793131341372487,191,268,1.0903810298489038,0.9694529125370838,1.002130087324735
AD|e=E2|f=0|sp=1.5|k=1|tp=A1.0|sl=6|1h,-5.56666139083934e-05,-0.5013358339582975,1303,1797,0.9599071132546095,0.828027272685763,0.8724457128906836
AD|e=E2|f=0|sp=1.5|k=1|tp=A1.0|sl=10|1h,-7.287062696849647e-05,-0.5003932957765271,1031,1444,0.9072815869180055,0.7374466660148271,0.9177745020567457
AD|e=E2|f=0|sp=1.5|k=1|tp=A2.0|sl=-|1h,1.7462544288136734e-05,0.10216873822645599,99,164,1.106787344845822,0.9983161112503882,0.9647064460668923
AD|e=E2|f=0|sp=1.5|k=1|tp=A2.0|sl=6|1h,-3.388575183502326e-05,-0.24915469266415372,1093,1661,0.9589714554570817,0.9563825262681294,0.8552711535502512
AD|e=E2|f=0|sp=1.5|k=1|tp=A2.0|sl=10|1h,-3.5623350996733815e-05,-0.21361329194277495,850,1308,0.9465073948454553,0.8858093698271586,0.912569023719243
AD|e=E2|f=0|sp=1.5|k=2|tp=MID|sl=-|1h,5.373611115159702e-06,0.045092558374535824,1116,1850,1.0224309702497956,0.9418537174447524,1.04522303686878
AD|e=E2|f=0|sp=1.5|k=2|tp=MID|sl=6|1h,-3.202240221826773e-05,-0.26940744965645264,1233,1980,1.0011913096259948,0.8704932877480928,0.9178700707684555
AD|e=E2|f=0|sp=1.5|k=2|tp=MID|sl=10|1h,-2.031560735735263e-05,-0.16094863414551625,1153,1898,0.993876789914756,0.8519001027339915,1.0116472639311913
AD|e=E2|f=0|sp=1.5|k=2|tp=A0.5|sl=-|1h,4.7000615973859305e-05,0.2136508883416296,398,585,1.054334583311133,1.1517250929335028,1.0200414082910247
AD|e=E2|f=0|sp=1.5|k=2|tp=A0.5|sl=6|1h,-7.64971847124278e-05,-0.6095120188831458,1534,2141,0.8899481938249233,0.76052451418265,0.8949270106395119
AD|e=E2|f=0|sp=1.5|k=2|tp=A0.5|sl=10|1h,-6.214036929574844e-05,-0.37386217769255414,1340,1916,0.903304857257239,0.6834349874402621,1.0488680571465292
AD|e=E2|f=0|sp=1.5|k=2|tp=A1.0|sl=-|1h,4.19209195926352e-05,0.1762296043488521,228,370,1.109783450075158,0.9912662940833523,1.0781388111666608
AD|e=E2|f=0|sp=1.5|k=2|tp=A1.0|sl=6|1h,-8.178437295723933e-05,-0.5467330553429259,1261,1998,0.9800967691513554,0.77524379874586,0.7631374496720343
AD|e=E2|f=0|sp=1.5|k=2|tp=A1.0|sl=10|1h,-0.00011858784472125645,-0.6141202005933881,1040,1688,0.855990066762837,0.6162504343017499,0.851707636685021
AD|e=E2|f=0|sp=1.5|k=2|tp=A2.0|sl=-|1h,3.558972002547689e-05,0.1361788907673158,119,240,1.142511623279764,0.9644059180663244,1.019303982451842
AD|e=E2|f=0|sp=1.5|k=2|tp=A2.0|sl=6|1h,-6.64590386976285e-05,-0.35646438348971143,1022,1857,0.8836121521418722,0.8819481553857996,0.8007077801078862
AD|e=E2|f=0|sp=1.5|k=2|tp=A2.0|sl=10|1h,-9.785642682156998e-05,-0.4324853252688826,816,1517,0.8772909968216185,0.5819341055945431,0.9793326965504253
AD|e=E2|f=0|sp=1.5|k=3|tp=MID|sl=-|1h,1.9286400910004228e-05,0.15095214890107728,1116,1962,1.0451193871986673,0.9637662095358964,1.0843318790696885
AD|e=E2|f=0|sp=1.5|k=3|tp=MID|sl=6|1h,-3.710563218493875e-05,-0.29970448515472736,1221,2035,1.0186984283002591,0.8676129893335032,0.8748082702082374
AD|e=E2|f=0|sp=1.5|k=3|tp=MID|sl=10|1h,-1.8841650091419246e-05,-0.1358285460923527,1142,1987,0.9985819859288677,0.8630197746294304,0.996042412626645
AD|e=E2|f=0|sp=1.5|k=3|tp=A0.5|sl=-|1h,6.399863647763158e-05,0.21671812612955774,439,687,1.0493809880143008,1.1263843448043556,1.0969169196924866
AD|e=E2|f=0|sp=1.5|k=3|tp=A0.5|sl=6|1h,-8.110525484450737e-05,-0.5867741829090196,1509,2202,0.9083398395303006,0.7804948946282415,0.8247389151750439
AD|e=E2|f=0|sp=1.5|k=3|tp=A0.5|sl=10|1h,-5.126231152984971e-05,-0.2585836178511763,1368,2063,0.8411889149186398,0.8299165969398362,0.9705350224617786
AD|e=E2|f=0|sp=1.5|k=3|tp=A1.0|sl=-|1h,7.256586486140437e-05,0.22996339648966715,300,549,1.1251898870413442,1.0836961986588007,1.1026274467490924
AD|e=E2|f=0|sp=1.5|k=3|tp=A1.0|sl=6|1h,-7.901768863078639e-05,-0.477611048787793,1236,2092,1.0016678140143331,0.7747541459862759,0.7523002307022016
AD|e=E2|f=0|sp=1.5|k=3|tp=A1.0|sl=10|1h,-7.497681643961948e-05,-0.31690446198302974,1078,1893,0.9489229487383763,0.7581221200086508,0.7931752435970653
AD|e=E2|f=0|sp=1.5|k=3|tp=A2.0|sl=-|1h,9.202938535519256e-05,0.26299942756355,162,375,1.2153303648936116,1.0500988901455393,1.1481420426303288
AD|e=E2|f=0|sp=1.5|k=3|tp=A2.0|sl=6|1h,-5.632259584929e-05,-0.27377527935210755,1020,2018,1.0093024666771793,0.8251710855154348,0.7873294234189073
AD|e=E2|f=0|sp=1.5|k=3|tp=A2.0|sl=10|1h,-7.85169510503736e-05,-0.267485015131255,793,1661,0.7822163500733439,0.7745910940137322,0.8741082199071428
AD|e=E2|f=0|sp=2|k=1|tp=MID|sl=-|1h,-6.792155763123004e-06,-0.07401213100059587,1116,1529,1.000762628172611,0.927478654880296,1.0178623848565949
AD|e=E2|f=0|sp=2|k=1|tp=MID|sl=6|1h,-4.0737866667034355e-05,-0.44128959662576495,1257,1688,0.9749974761746434,0.8449055952616212,0.9299286586703186
AD|e=E2|f=0|sp=2|k=1|tp=MID|sl=10|1h,-1.629478750993102e-05,-0.17099642412653596,1164,1589,0.9911495873036797,0.8842163935623553,1.015667373193801
AD|e=E2|f=0|sp=2|k=1|tp=A0.5|sl=-|1h,3.225635581161918e-05,0.21700438394817695,362,460,1.0641725488529092,1.0717691812434116,1.0336672410836074
AD|e=E2|f=0|sp=2|k=1|tp=A0.5|sl=6|1h,-6.871397576924927e-05,-0.7297955804336833,1536,1906,0.8821203454111732,0.8179122539955066,0.8921352097942526
AD|e=E2|f=0|sp=2|k=1|tp=A0.5|sl=10|1h,-5.9330052312934464e-05,-0.48435684377651633,1301,1641,0.8740061352036292,0.7723055579867141,1.000514193467936
AD|e=E2|f=0|sp=2|k=1|tp=A1.0|sl=-|1h,2.268981447349971e-05,0.1415463631463663,217,294,1.0842766121022942,1.019813549623507,0.9998847664843161
AD|e=E2|f=0|sp=2|k=1|tp=A1.0|sl=6|1h,-7.25509632899313e-05,-0.6671245048738603,1282,1702,0.9015362793994248,0.8285475351957746,0.8374034955249487
AD|e=E2|f=0|sp=2|k=1|tp=A1.0|sl=10|1h,-6.12002271743183e-05,-0.43618529369730047,1016,1378,0.8965938465603525,0.7658861358059684,0.9629437737714233
AD|e=E2|f=0|sp=2|k=1|tp=A2.0|sl=-|1h,1.2872376339130896e-05,0.0745324781767484,102,160,1.09690691799118,0.9844872057035812,0.9588036222844825
AD|e=E2|f=0|sp=2|k=1|tp=A2.0|sl=6|1h,-3.8435516673199545e-05,-0.2904499817981269,1065,1550,0.9507777352379875,0.9452821884732281,0.8501516130595352
AD|e=E2|f=0|sp=2|k=1|tp=A2.0|sl=10|1h,-3.151715206867226e-05,-0.1948600625363394,822,1215,0.9402243788644962,0.878199811021927,0.9527552967715738
AD|e=E2|f=0|sp=2|k=2|tp=MID|sl=-|1h,5.30695428433315e-06,0.04747439164787651,1116,1704,1.0489838659209108,0.9256939619981706,1.040286018148989
AD|e=E2|f=0|sp=2|k=2|tp=MID|sl=6|1h,-4.3729972423528874e-05,-0.37932456993700403,1234,1788,1.0070389414919951,0.8475644909568214,0.8725194419484013
AD|e=E2|f=0|sp=2|k=2|tp=MID|sl=10|1h,-2.54520193342641e-05,-0.2106633426616527,1148,1737,1.0015348902271977,0.8428656696866378,0.9863469108017887
AD|e=E2|f=0|sp=2|k=2|tp=A0.5|sl=-|1h,7.038739776944947e-05,0.32012521745126743,463,647,1.110718616176837,1.137963104922953,1.133284088281356
AD|e=E2|f=0|sp=2|k=2|tp=A0.5|sl=6|1h,-7.790408117073543e-05,-0.6255087881186495,1517,2016,0.9078946974865784,0.7876296707023135,0.8396311939260336
AD|e=E2|f=0|sp=2|k=2|tp=A0.5|sl=10|1h,-5.770046942026472e-05,-0.3478822191966881,1298,1791,0.9359819563236953,0.6103780691385372,1.1656652343465617
AD|e=E2|f=0|sp=2|k=2|tp=A1.0|sl=-|1h,7.080830910981845e-05,0.30782341952400644,294,464,1.1011052263623486,1.0783956338393212,1.2013224631481372
AD|e=E2|f=0|sp=2|k=2|tp=A1.0|sl=6|1h,-8.252187404544859e-05,-0.603754293698934,1254,1850,0.9656667516709779,0.8307190566617343,0.7230233996785161
AD|e=E2|f=0|sp=2|k=2|tp=A1.0|sl=10|1h,-9.18566391590683e-05,-0.49870091605664807,1035,1597,0.8169980434929621,0.6321836556156185,1.032026071816924
AD|e=E2|f=0|sp=2|k=2|tp=A2.0|sl=-|1h,5.5138377595104435e-05,0.21381985497157385,140,273,1.1818916281726992,0.9659168634240899,1.1126002820762406
AD|e=E2|f=0|sp=2|k=2|tp=A2.0|sl=6|1h,-6.470972969670216e-05,-0.3813035470797219,1014,1716,0.9444100588274313,0.8448369703338569,0.7980866014102379
AD|e=E2|f=0|sp=2|k=2|tp=A2.0|sl=10|1h,-8.976723061232009e-05,-0.4078273366903498,793,1408,0.8401396412982131,0.6281406711913786,1.0019764865083711
AD|e=E2|f=0|sp=2|k=3|tp=MID|sl=-|1h,2.6190970337007876e-05,0.2213617801322609,1116,1775,1.0676128276222612,0.9610254927239029,1.1167142932839025
AD|e=E2|f=0|sp=2|k=3|tp=MID|sl=6|1h,-4.488086721432336e-05,-0.3817667357865475,1231,1811,0.9963284248969223,0.8617018569438185,0.8603212298680935
AD|e=E2|f=0|sp=2|k=3|tp=MID|sl=10|1h,-9.97858126010218e-06,-0.07688456299213918,1140,1788,1.0325891057239287,0.8511769629827839,1.0375762203274923
AD|e=E2|f=0|sp=2|k=3|tp=A0.5|sl=-|1h,9.407269230672409e-05,0.3166707483855987,520,772,1.0982988971817824,1.123137709582458,1.2562154117753361
AD|e=E2|f=0|sp=2|k=3|tp=A0.5|sl=6|1h,-8.074235312461148e-05,-0.5911866300143022,1496,2046,0.893280782263414,0.7648404217137945,0.8586776671735761
AD|e=E2|f=0|sp=2|k=3|tp=A0.5|sl=10|1h,-2.6343257147040672e-05,-0.13643996702209787,1328,1920,0.8976435259717741,0.8196964577815964,1.0794303660668396
AD|e=E2|f=0|sp=2|k=3|tp=A1.0|sl=-|1h,0.0001172269423229787,0.374681281167907,345,595,1.204822288683586,1.2088500433305625,1.2197465281050404
AD|e=E2|f=0|sp=2|k=3|tp=A1.0|sl=6|1h,-8.409468053834128e-05,-0.5538182239648021,1231,1893,0.9472797207589093,0.8265320295693025,0.7280071805991298
AD|e=E2|f=0|sp=2|k=3|tp=A1.0|sl=10|1h,-2.7403374231861322e-05,-0.1276331819473816,1045,1737,0.9398816155285279,0.7924983137940862,1.0461254565077365
AD|e=E2|f=0|sp=2|k=3|tp=A2.0|sl=-|1h,0.00010540714915985183,0.30054980576053114,168,381,1.2731000183322463,1.0621360906535506,1.1764238371687146
AD|e=E2|f=0|sp=2|k=3|tp=A2.0|sl=6|1h,-9.196029780870433e-05,-0.49615807344212,1010,1799,0.9306851802217871,0.7573331787250225,0.7570699562912033
AD|e=E2|f=0|sp=2|k=3|tp=A2.0|sl=10|1h,-0.00010095822483492291,-0.36740240170280747,776,1524,0.8624504824690655,0.6279478805913724,0.8682047286978564
AD|e=E2|f=1|sp=-|k=0|tp=MID|sl=-|1h,-3.204185766488358e-06,-0.22876169825928597,158,158,0.9914316322904345,0.978763675404283,1.009858716137098
AD|e=E2|f=1|sp=-|k=0|tp=MID|sl=6|1h,-8.86049438074367e-06,-0.5789193315547716,158,158,0.9710687307720867,0.9751268142327401,0.9992603046501478
AD|e=E2|f=1|sp=-|k=0|tp=MID|sl=10|1h,-6.165829129273191e-06,-0.4114486666562676,158,158,0.9881205284692032,0.9641864394988159,1.009858716137098
AD|e=E2|f=1|sp=-|k=0|tp=A0.5|sl=-|1h,1.4968506046856316e-05,0.4111214695801642,140,140,1.0411283199016337,1.0379677447947437,1.0111730451872538
AD|e=E2|f=1|sp=-|k=0|tp=A0.5|sl=6|1h,-7.304781692165422e-06,-0.49589938534591244,178,178,0.9659653259932786,0.9932750903668193,0.9956992397210048
AD|e=E2|f=1|sp=-|k=0|tp=A0.5|sl=10|1h,-8.642626302875896e-06,-0.4914963351300833,178,178,0.990710280994242,0.9813044137144612,0.9744275057882275
AD|e=E2|f=1|sp=-|k=0|tp=A1.0|sl=-|1h,1.3376049468648088e-05,0.3277234057006138,118,118,1.057228790264635,1.0045924523424552,1.0177630818280128
AD|e=E2|f=1|sp=-|k=0|tp=A1.0|sl=6|1h,-9.818347217191188e-06,-0.5649680360282189,162,162,0.9678340084693088,0.9786762515946315,0.9928709888338698
AD|e=E2|f=1|sp=-|k=0|tp=A1.0|sl=10|1h,-1.2677334953663878e-05,-0.586319151820563,162,162,0.9845206634041664,0.9693289026996648,0.9679013212366474
AD|e=E2|f=1|sp=-|k=0|tp=A2.0|sl=-|1h,2.6380390822545376e-05,0.5231632621011304,106,106,1.0939680300899701,1.0365335452784998,1.031487823420073
AD|e=E2|f=1|sp=-|k=0|tp=A2.0|sl=6|1h,-7.707663376304071e-06,-0.335269768219741,158,158,0.9697359195154982,0.9815233771279744,1.000407945411569
AD|e=E2|f=1|sp=-|k=0|tp=A2.0|sl=10|1h,-1.9278976419437614e-05,-0.6650702982751635,157,157,0.9802664709561221,0.9453974357505276,0.9560773560087085
AD|e=E2|f=1|sp=0.5|k=1|tp=MID|sl=-|1h,-2.144413129059951e-06,-0.09430519730670195,158,270,0.9958374171122792,0.9739650902042158,1.0161740919521625
AD|e=E2|f=1|sp=0.5|k=1|tp=MID|sl=6|1h,-1.3914061721465876e-05,-0.5172765303832677,158,269,0.9666632272606257,0.9610873466368415,0.9858625612963327
AD|e=E2|f=1|sp=0.5|k=1|tp=MID|sl=10|1h,-8.75237184579942e-06,-0.34404106917906446,158,269,0.9947995275475863,0.9356261009860892,1.0161740919521625
AD|e=E2|f=1|sp=0.5|k=1|tp=A0.5|sl=-|1h,2.1669811708332634e-05,0.3249595659894421,144,209,1.0588621797812248,1.0511477721935982,1.013591251004987
AD|e=E2|f=1|sp=0.5|k=1|tp=A0.5|sl=6|1h,-5.9901715869013175e-06,-0.2603375946621028,180,257,0.9988454749649495,0.9766415968361604,0.986378912829244
AD|e=E2|f=1|sp=0.5|k=1|tp=A0.5|sl=10|1h,-1.6080455877162248e-05,-0.5406027261509913,180,258,0.9830928268105926,0.9455798231326125,0.9717831813640804
AD|e=E2|f=1|sp=0.5|k=1|tp=A1.0|sl=-|1h,4.0094775951736255e-05,0.5155639476367762,126,205,1.1086790824644606,1.104242599359471,1.0292675764845014
AD|e=E2|f=1|sp=0.5|k=1|tp=A1.0|sl=6|1h,-9.971146490317027e-06,-0.32221614328924986,162,259,1.001185575166963,0.9614600660061394,0.9743364286462826
AD|e=E2|f=1|sp=0.5|k=1|tp=A1.0|sl=10|1h,-2.4756831315274423e-05,-0.6074386425405043,162,259,0.9871412011379108,0.9395212348115843,0.9217336451085987
AD|e=E2|f=1|sp=0.5|k=1|tp=A2.0|sl=-|1h,5.134229105223903e-05,0.5301627670791595,112,200,1.203930669316515,1.0555146695283206,1.056000418096223
AD|e=E2|f=1|sp=0.5|k=1|tp=A2.0|sl=6|1h,-1.1608298754887413e-05,-0.2865100907003761,158,277,0.9846580916861282,0.9755105652046747,0.9650544385710134
AD|e=E2|f=1|sp=0.5|k=1|tp=A2.0|sl=10|1h,-2.5371041437167108e-05,-0.4826647241571541,158,277,1.007383788046088,0.9253881349037261,0.91134074145485
AD|e=E2|f=1|sp=0.5|k=2|tp=MID|sl=-|1h,8.964415787920124e-07,0.03142153262316143,158,342,1.003215164962055,0.974245639375944,1.0267762123357913
AD|e=E2|f=1|sp=0.5|k=2|tp=MID|sl=6|1h,-1.2159589400928737e-05,-0.35569481777667067,158,339,0.9930210119778884,0.9558985056654118,0.9743125181755532
AD|e=E2|f=1|sp=0.5|k=2|tp=MID|sl=10|1h,-1.0029084980859713e-05,-0.2853489308294946,158,340,1.0012198428909003,0.9112586025143306,1.0267762123357913
AD|e=E2|f=1|sp=0.5|k=2|tp=A0.5|sl=-|1h,4.359114275414011e-05,0.4920209770953951,169,283,1.0767894583917341,1.070393305863122,1.1074467553318432
AD|e=E2|f=1|sp=0.5|k=2|tp=A0.5|sl=6|1h,-1.0915182112709439e-05,-0.3558107978654755,180,294,0.9904789590846428,0.9554908383257404,0.9852166950727755
AD|e=E2|f=1|sp=0.5|k=2|tp=A0.5|sl=10|1h,-1.8679019457136733e-05,-0.5290060207808198,180,296,0.9765570817031881,0.9087141956630165,1.0010545099336512
AD|e=E2|f=1|sp=0.5|k=2|tp=A1.0|sl=-|1h,4.979900915298504e-05,0.4274682057408751,126,259,1.1295298874919164,1.119802409259402,1.0358031490153632
AD|e=E2|f=1|sp=0.5|k=2|tp=A1.0|sl=6|1h,-2.2908584009000568e-05,-0.5499011423878661,162,321,0.9997232426851294,0.9114918820956449,0.9483056540021254
AD|e=E2|f=1|sp=0.5|k=2|tp=A1.0|sl=10|1h,-4.2343077870431746e-05,-0.7609034568415537,162,323,0.989223910966771,0.8576898634364986,0.9002619790162883
AD|e=E2|f=1|sp=0.5|k=2|tp=A2.0|sl=-|1h,7.142501989626168e-05,0.5224021628648382,112,266,1.2896406282037303,1.0626425555910337,1.0798410281279431
AD|e=E2|f=1|sp=0.5|k=2|tp=A2.0|sl=6|1h,-1.7352458453740133e-05,-0.3090645328807321,158,364,1.0306475226930532,0.9409617587682984,0.9191856281954409
AD|e=E2|f=1|sp=0.5|k=2|tp=A2.0|sl=10|1h,-5.073094358493691e-05,-0.6779689769781945,158,366,1.0160460015411799,0.8398419080255916,0.8453156722608518
AD|e=E2|f=1|sp=0.5|k=3|tp=MID|sl=-|1h,4.320988562095339e-06,0.13627440879742245,158,383,1.0128422003655086,0.973449338983816,1.0390844312586176
AD|e=E2|f=1|sp=0.5|k=3|tp=MID|sl=6|1h,-5.4855099510924024e-06,-0.15593662782122297,158,377,0.9984493532466874,0.9371851170763126,1.0299822559980356
AD|e=E2|f=1|sp=0.5|k=3|tp=MID|sl=10|1h,-2.5219832334696004e-06,-0.07268838757497986,158,379,1.0092653256652793,0.9359337888490079,1.0390844312586176
AD|e=E2|f=1|sp=0.5|k=3|tp=A0.5|sl=-|1h,5.4940598901709244e-05,0.4610868944219309,170,306,1.0840321624992293,1.0859511502722674,1.1385923251068173
AD|e=E2|f=1|sp=0.5|k=3|tp=A0.5|sl=6|1h,-1.073500310844016e-05,-0.31826865073299526,180,315,0.9695227346902642,0.9342111771742165,1.0303361490366778
AD|e=E2|f=1|sp=0.5|k=3|tp=A0.5|sl=10|1h,-1.563009862242948e-05,-0.3437461284271143,180,318,0.9779558651216891,0.9323919851468885,0.9905146978429752
AD|e=E2|f=1|sp=0.5|k=3|tp=A1.0|sl=-|1h,8.914460343481656e-05,0.5832079055381839,153,352,1.1642934475809308,1.1591804960896532,1.2125947054094715
AD|e=E2|f=1|sp=0.5|k=3|tp=A1.0|sl=6|1h,-2.04569030427615e-05,-0.4069674362947838,162,362,0.9797834076117633,0.8764968364295884,1.0195721069204329
AD|e=E2|f=1|sp=0.5|k=3|tp=A1.0|sl=10|1h,-2.2213224726107256e-05,-0.32844800918590417,162,365,0.9988092254382149,0.8650862475228159,0.9971793934405674
AD|e=E2|f=1|sp=0.5|k=3|tp=A2.0|sl=-|1h,8.537489605453247e-05,0.464502409117973,113,313,1.3372843462862556,1.0545128387033753,1.098732709388069
AD|e=E2|f=1|sp=0.5|k=3|tp=A2.0|sl=6|1h,-3.150191062138277e-05,-0.4516034056860875,158,424,0.9965662599496513,0.9023879698075871,0.9041486494709035
AD|e=E2|f=1|sp=0.5|k=3|tp=A2.0|sl=10|1h,-4.267530211990725e-05,-0.44446806348204426,157,424,0.9679201864372942,0.9043179972442499,0.857927971341471
AD|e=E2|f=1|sp=1|k=1|tp=MID|sl=-|1h,-2.6307483550427708e-06,-0.12256262280490793,158,247,0.9995658784226777,0.9691709670189923,1.0144657235933103
AD|e=E2|f=1|sp=1|k=1|tp=MID|sl=6|1h,-1.5701666130219084e-05,-0.5938214160992324,158,246,0.9675486742003322,0.9537297667608594,0.9817314122184034
AD|e=E2|f=1|sp=1|k=1|tp=MID|sl=10|1h,-6.706159100308736e-06,-0.29722111193767237,158,246,0.9985241029514901,0.945942586864749,1.0144657235933103
AD|e=E2|f=1|sp=1|k=1|tp=A0.5|sl=-|1h,2.0228676120213944e-05,0.305805381261696,144,195,1.0575262135461858,1.0446735514175092,1.0123990466853485
AD|e=E2|f=1|sp=1|k=1|tp=A0.5|sl=6|1h,-4.912809574268628e-06,-0.23871709033498859,179,236,0.9901683135559469,0.9797141874694881,0.998878340060918
AD|e=E2|f=1|sp=1|k=1|tp=A0.5|sl=10|1h,-1.739633537363156e-05,-0.6438067750601002,179,238,0.9925603328320827,0.9390904549074738,0.9617633728208014
AD|e=E2|f=1|sp=1|k=1|tp=A1.0|sl=-|1h,3.5091572209592195e-05,0.4467839668306414,125,189,1.0968672382562328,1.0822297375708425,1.0293349527902924
AD|e=E2|f=1|sp=1|k=1|tp=A1.0|sl=6|1h,-1.608185751728105e-05,-0.5259685934611538,162,239,0.9870247073138201,0.9471444908439164,0.9662516655619651
AD|e=E2|f=1|sp=1|k=1|tp=A1.0|sl=10|1h,-3.141935138165637e-05,-0.7791996960897919,162,240,0.9669775677455068,0.9174769487113154,0.9248865629058416
AD|e=E2|f=1|sp=1|k=1|tp=A2.0|sl=-|1h,4.830894110398415e-05,0.5183264014011754,112,191,1.192233244731532,1.044893895690428,1.0583102082910198
AD|e=E2|f=1|sp=1|k=1|tp=A2.0|sl=6|1h,-1.756602713601224e-05,-0.4373848602473533,158,262,0.9817955784946932,0.9410351092356234,0.9671820235826859
AD|e=E2|f=1|sp=1|k=1|tp=A2.0|sl=10|1h,-2.4620696805368588e-05,-0.4821604199825531,158,262,0.9888811080696943,0.9403786663216085,0.9180840837863377
AD|e=E2|f=1|sp=1|k=2|tp=MID|sl=-|1h,2.837159854946336e-07,0.011542518937043013,158,290,1.002345855181061,0.9697366382765128,1.0290241297683116
AD|e=E2|f=1|sp=1|k=2|tp=MID|sl=6|1h,-1.261950708712097e-05,-0.4136553271960936,158,284,0.9927784297823277,0.9502880048944058,0.9781153568139784
AD|e=E2|f=1|sp=1|k=2|tp=MID|sl=10|1h,-5.252946122861129e-06,-0.1859427941035419,158,288,1.0003522621039005,0.9384405112131229,1.0290241297683116
AD|e=E2|f=1|sp=1|k=2|tp=A0.5|sl=-|1h,3.448067189540724e-05,0.8101045459780772,178,264,1.070895048906707,1.0645073620991012,1.080030304574515
AD|e=E2|f=1|sp=1|k=2|tp=A0.5|sl=6|1h,-1.1650298860458046e-05,-0.4167707452621385,179,261,0.9668550955864308,0.9543383015629782,1.0064754042206665
AD|e=E2|f=1|sp=1|k=2|tp=A0.5|sl=10|1h,-9.035723438065063e-06,-0.27422941699966297,179,264,0.9876503976512235,0.9161249876226274,1.0423667709130635
AD|e=E2|f=1|sp=1|k=2|tp=A1.0|sl=-|1h,4.5227686091074964e-05,0.38617105058339396,126,227,1.1230145858610787,1.0990692761720928,1.0322818012685218
AD|e=E2|f=1|sp=1|k=2|tp=A1.0|sl=6|1h,-2.3299585703885946e-05,-0.6099789242652502,162,281,0.9828359582900015,0.9182465439246096,0.9559496815261507
AD|e=E2|f=1|sp=1|k=2|tp=A1.0|sl=10|1h,-4.6978913875044693e-05,-0.8617810323476939,162,286,0.9583825622005617,0.8743213070854513,0.8861855443784247
AD|e=E2|f=1|sp=1|k=2|tp=A2.0|sl=-|1h,6.36817956347231e-05,0.4635132408160466,114,245,1.2533909490579331,1.045787105757398,1.076836488047032
AD|e=E2|f=1|sp=1|k=2|tp=A2.0|sl=6|1h,-2.6658947719199868e-05,-0.4818150072438917,158,326,0.9808393988254286,0.9131699186259669,0.9399078564157182
AD|e=E2|f=1|sp=1|k=2|tp=A2.0|sl=10|1h,-4.498745333981624e-05,-0.5715504165399338,157,328,1.0049781142580525,0.8665642225888723,0.8576005993515383
AD|e=E2|f=1|sp=1|k=3|tp=MID|sl=-|1h,4.660348051821444e-06,0.18260478228579888,158,314,1.0158336237431038,0.9780988096103087,1.0341023615823945
AD|e=E2|f=1|sp=1|k=3|tp=MID|sl=6|1h,-1.3037417179536095e-05,-0.40400656184225237,158,301,0.9988628283468535,0.9476625765311985,0.972163360798205
AD|e=E2|f=1|sp=1|k=3|tp=MID|sl=10|1h,-2.4623001667237876e-06,-0.08422782616287942,158,310,1.0116340343128805,0.9393223444295483,1.0341023615823945
AD|e=E2|f=1|sp=1|k=3|tp=A0.5|sl=-|1h,3.691670366748207e-05,0.6885063662498868,178,279,1.0747232825058843,1.0779532082642287,1.075774782624868
AD|e=E2|f=1|sp=1|k=3|tp=A0.5|sl=6|1h,-1.4906727366786921e-05,-0.4356516282095062,179,274,0.9765932100954379,0.9314847333156057,0.9997598304939446
AD|e=E2|f=1|sp=1|k=3|tp=A0.5|sl=10|1h,-1.020908684586358e-05,-0.23541495093031797,179,279,0.9790662636621731,0.9220355508391949,1.0355252728877584
AD|e=E2|f=1|sp=1|k=3|tp=A1.0|sl=-|1h,6.24955042658065e-05,0.5203563348127163,141,287,1.1547878571582426,1.1368250097274157,1.0780494922351205
AD|e=E2|f=1|sp=1|k=3|tp=A1.0|sl=6|1h,-3.2117646700018864e-05,-0.6923574130096384,162,306,0.9916015300752743,0.879900223861555,0.9348804289865825
AD|e=E2|f=1|sp=1|k=3|tp=A1.0|sl=10|1h,-4.893970248892409e-05,-0.6534004734212288,160,312,0.9962132505892068,0.8810366902916615,0.8302382861100986
AD|e=E2|f=1|sp=1|k=3|tp=A2.0|sl=-|1h,7.764614550806802e-05,0.41668381963953854,114,284,1.3034505553095215,1.0335114473493285,1.0960047420876837
AD|e=E2|f=1|sp=1|k=3|tp=A2.0|sl=6|1h,-3.9411515087799445e-05,-0.6012713530781433,158,369,0.9846540219856782,0.8658096843650649,0.9102808808154507
AD|e=E2|f=1|sp=1|k=3|tp=A2.0|sl=10|1h,-3.4844269711988034e-05,-0.35080805995081854,155,374,1.0196270511193164,0.9037207665395409,0.8541868662478291
AD|e=E2|f=1|sp=1.5|k=1|tp=MID|sl=-|1h,-2.1759762868071747e-06,-0.10892081338666044,158,228,0.9998735754508218,0.9744145327852708,1.0117194101121285
AD|e=E2|f=1|sp=1.5|k=1|tp=MID|sl=6|1h,-1.0540222989732703e-05,-0.4492760214010388,158,226,0.9913819548375571,0.9615947931734251,0.9815349642633018
AD|e=E2|f=1|sp=1.5|k=1|tp=MID|sl=10|1h,-3.3075685170397254e-06,-0.16561969437571308,158,226,0.9988314792891988,0.9686605877440915,1.0117194101121285
AD|e=E2|f=1|sp=1.5|k=1|tp=A0.5|sl=-|1h,3.069630653494378e-05,0.4674408238445514,165,213,1.0530176758141638,1.0465618200433453,1.0818477484538627
AD|e=E2|f=1|sp=1.5|k=1|tp=A0.5|sl=6|1h,-1.1811156604169946e-05,-0.5377838288458149,178,225,0.9803103408806466,0.96321355221316,0.9833006205483127
AD|e=E2|f=1|sp=1.5|k=1|tp=A0.5|sl=10|1h,-1.5660267704516184e-05,-0.6096026310372767,178,226,0.9784872339643857,0.9411566033693264,0.9842593430895974
AD|e=E2|f=1|sp=1.5|k=1|tp=A1.0|sl=-|1h,1.986677526293078e-05,0.251383598657555,119,172,1.0959562877065592,0.9893288931464018,1.0244687115989988
AD|e=E2|f=1|sp=1.5|k=1|tp=A1.0|sl=6|1h,-9.69043838623002e-06,-0.32551958674697284,162,227,1.0035021635254355,0.9402866989503682,0.9958965281254802
AD|e=E2|f=1|sp=1.5|k=1|tp=A1.0|sl=10|1h,-2.424335814456937e-05,-0.6545852562577666,162,228,0.9929258766045423,0.9191403058562428,0.940208161960015
AD|e=E2|f=1|sp=1.5|k=1|tp=A2.0|sl=-|1h,4.6367140595946233e-05,0.5240961710234364,113,180,1.18421029721817,1.0462193588830409,1.0526912042159493
AD|e=E2|f=1|sp=1.5|k=1|tp=A2.0|sl=6|1h,-1.1275054233184261e-05,-0.2834821817484436,158,246,1.0232905429865429,0.9516442778766535,0.9540036563678939
AD|e=E2|f=1|sp=1.5|k=1|tp=A2.0|sl=10|1h,-1.8696962402969965e-05,-0.37649364477996883,158,247,1.0152185943419456,0.9635342522221103,0.9055117281512618
AD|e=E2|f=1|sp=1.5|k=2|tp=MID|sl=-|1h,2.4923805288049428e-06,0.11468012842134943,158,259,1.010099330703848,0.9788650233755789,1.02586904985141
AD|e=E2|f=1|sp=1.5|k=2|tp=MID|sl=6|1h,-9.783004875747776e-06,-0.3487477369802547,158,251,1.006462983313984,0.95759874854834,0.9747094869527516
AD|e=E2|f=1|sp=1.5|k=2|tp=MID|sl=10|1h,-3.91675202280567e-07,-0.01743814432249414,158,255,1.0080903165272255,0.9634867372406178,1.02586904985141
AD|e=E2|f=1|sp=1.5|k=2|tp=A0.5|sl=-|1h,3.2992642799342005e-05,0.7184550703759627,177,250,1.0583649891506215,1.0787076206271466,1.0677257392819615
AD|e=E2|f=1|sp=1.5|k=2|tp=A0.5|sl=6|1h,-2.0044413905635982e-05,-0.7750693310538447,178,246,0.9532150292590976,0.9343584659857835,0.9904416607655835
AD|e=E2|f=1|sp=1.5|k=2|tp=A0.5|sl=10|1h,-1.5203139357447824e-05,-0.44421508008023,178,249,0.9710488519116335,0.900234336719628,1.0384390735383127
AD|e=E2|f=1|sp=1.5|k=2|tp=A1.0|sl=-|1h,2.9803541867369133e-05,0.30291709303620057,133,226,1.1198703503780283,0.9769362565719387,1.0695620900402332
AD|e=E2|f=1|sp=1.5|k=2|tp=A1.0|sl=6|1h,-3.097384257762326e-05,-0.7669704523463916,162,262,0.979981611402127,0.90367089100725,0.9286839503971462
AD|e=E2|f=1|sp=1.5|k=2|tp=A1.0|sl=10|1h,-3.692412451199926e-05,-0.6527825775097061,161,263,0.9578018317984874,0.8703125577463433,0.9475825915414542
AD|e=E2|f=1|sp=1.5|k=2|tp=A2.0|sl=-|1h,5.524146776414166e-05,0.41842028045022406,115,222,1.2162799930844288,1.0330743089555587,1.0683292146117302
AD|e=E2|f=1|sp=1.5|k=2|tp=A2.0|sl=6|1h,-3.1440162281262664e-05,-0.6081557948944094,158,296,0.9846718274305504,0.9018024215983906,0.9212836979437189
AD|e=E2|f=1|sp=1.5|k=2|tp=A2.0|sl=10|1h,-3.2724712974867995e-05,-0.45670836448990704,156,296,0.9985474712194068,0.8658304294932905,0.933727637099935
AD|e=E2|f=1|sp=1.5|k=3|tp=MID|sl=-|1h,5.6100310451282056e-06,0.25776273934772675,158,272,1.0161113427236284,0.9897089166654696,1.0281994714012814
AD|e=E2|f=1|sp=1.5|k=3|tp=MID|sl=6|1h,-9.614674485104085e-06,-0.33996473907665453,158,259,1.0090091514985247,0.9603100596504973,0.9704276024707789
AD|e=E2|f=1|sp=1.5|k=3|tp=MID|sl=10|1h,2.0961391180157586e-06,0.09528393265896132,158,266,1.0119106051667144,0.9725186946712902,1.0281994714012814
AD|e=E2|f=1|sp=1.5|k=3|tp=A0.5|sl=-|1h,3.550055961558452e-05,0.6549489207663914,177,266,1.0691263514303297,1.0760955653178317,1.0738175072514422
AD|e=E2|f=1|sp=1.5|k=3|tp=A0.5|sl=6|1h,-1.7283922053812263e-05,-0.5637625506914293,178,260,0.9955874733517884,0.9248654545839005,0.9736166328464776
AD|e=E2|f=1|sp=1.5|k=3|tp=A0.5|sl=10|1h,-2.091411300992618e-06,-0.050850717025505116,178,264,0.9875149627112981,0.9651284967608494,1.0315479121889286
AD|e=E2|f=1|sp=1.5|k=3|tp=A1.0|sl=-|1h,3.133805804235723e-05,0.24378339568578816,135,256,1.1332337874617375,0.9497422290496604,1.0756807195604234
AD|e=E2|f=1|sp=1.5|k=3|tp=A1.0|sl=6|1h,-3.9557131946193474e-05,-0.8634727707859142,162,282,0.9714829903578777,0.8843334040515598,0.9067358299279222
AD|e=E2|f=1|sp=1.5|k=3|tp=A1.0|sl=10|1h,-1.724663222621833e-05,-0.2542871149137078,161,291,1.0093783959467273,0.9383521244685552,0.9389270562186137
AD|e=E2|f=1|sp=1.5|k=3|tp=A2.0|sl=-|1h,7.929466140065755e-05,0.5004512341431148,125,280,1.2686898147879373,1.0330824745293814,1.1675373525176136
AD|e=E2|f=1|sp=1.5|k=3|tp=A2.0|sl=6|1h,-3.834288785013381e-05,-0.662607974430296,158,326,1.0308496013398374,0.87235780926248,0.8700006740338917
AD|e=E2|f=1|sp=1.5|k=3|tp=A2.0|sl=10|1h,-2.6353885181931514e-05,-0.2812817773688116,155,333,1.0498906762794677,0.9392352132065402,0.844234702447728
AD|e=E2|f=1|sp=2|k=1|tp=MID|sl=-|1h,-1.6250601607290641e-06,-0.0862775612111738,158,217,1.00445801151833,0.9706909894708716,1.0145048138521542
AD|e=E2|f=1|sp=2|k=1|tp=MID|sl=6|1h,-1.0818544253939805e-05,-0.4713090782982795,158,215,0.9977211897944644,0.9563752043706598,0.9789767636159192
AD|e=E2|f=1|sp=2|k=1|tp=MID|sl=10|1h,-2.756652390961217e-06,-0.1464107772333303,158,215,1.0034111373294186,0.9649590320569994,1.0145048138521542
AD|e=E2|f=1|sp=2|k=1|tp=A0.5|sl=-|1h,3.173448380070296e-05,0.4869128768448109,165,208,1.053763837256749,1.0511998317582987,1.0833603854491312
AD|e=E2|f=1|sp=2|k=1|tp=A0.5|sl=6|1h,-1.0150027486574178e-05,-0.463697898225394,178,220,0.9854504605091929,0.9670958060010895,0.9842660156956268
AD|e=E2|f=1|sp=2|k=1|tp=A0.5|sl=10|1h,-1.3655651027378795e-05,-0.5417700438800501,178,221,0.9861655160647049,0.9449291729264719,0.9848379282451072
AD|e=E2|f=1|sp=2|k=1|tp=A1.0|sl=-|1h,1.9394844038567585e-05,0.24556000127199712,120,167,1.0928416255233562,0.9903350922562899,1.0232989052806165
AD|e=E2|f=1|sp=2|k=1|tp=A1.0|sl=6|1h,-9.489029229718977e-06,-0.34533685070118203,162,220,0.9985922987268714,0.9478550651645117,0.9944573227006492
AD|e=E2|f=1|sp=2|k=1|tp=A1.0|sl=10|1h,-2.3930793430419713e-05,-0.677907142842444,162,221,0.986967535804172,0.929573786420507,0.9374222008631348
AD|e=E2|f=1|sp=2|k=1|tp=A2.0|sl=-|1h,4.2861877997343e-05,0.47621988227802475,113,172,1.1739702729577528,1.036258116339927,1.0487535883739016
AD|e=E2|f=1|sp=2|k=1|tp=A2.0|sl=6|1h,-1.648072303821814e-05,-0.4183697272157912,158,237,0.9933178486179363,0.9442831879305436,0.9591863513319274
AD|e=E2|f=1|sp=2|k=1|tp=A2.0|sl=10|1h,-2.4737845681411425e-05,-0.4841514120952769,158,238,1.0021229552555564,0.9535101501855037,0.8928301357698553
AD|e=E2|f=1|sp=2|k=2|tp=MID|sl=-|1h,3.062488519964946e-06,0.15502628880091188,158,242,1.0180992566567342,0.9778735120967421,1.0226202845115535
AD|e=E2|f=1|sp=2|k=2|tp=MID|sl=6|1h,-7.600481669631286e-06,-0.32107137024889426,158,234,1.0136779919507917,0.9540773477654427,0.9851931957181342
AD|e=E2|f=1|sp=2|k=2|tp=MID|sl=10|1h,-9.028853679150445e-08,-0.004410040439524021,158,238,1.0154646456905634,0.96149330807336,1.0226202845115535
AD|e=E2|f=1|sp=2|k=2|tp=A0.5|sl=-|1h,3.449538505400527e-05,0.7768373473114158,177,240,1.0629833424775348,1.0801296399818316,1.0719496973039957
AD|e=E2|f=1|sp=2|k=2|tp=A0.5|sl=6|1h,-1.4742334000475354e-05,-0.5537605073879919,178,237,0.9789194348038767,0.938131439021184,0.9923316577844774
AD|e=E2|f=1|sp=2|k=2|tp=A0.5|sl=10|1h,-4.1278829637139345e-06,-0.12102572179976315,178,239,1.0385274732360679,0.9000777119841188,1.0397240368313063
AD|e=E2|f=1|sp=2|k=2|tp=A1.0|sl=-|1h,2.688858880640569e-05,0.2769844778283341,134,216,1.1148411552674806,0.976103747663556,1.0567875507501332
AD|e=E2|f=1|sp=2|k=2|tp=A1.0|sl=6|1h,-2.1966491966223692e-05,-0.632375531215799,162,244,0.9971929268859112,0.9097701252245558,0.9595054071296741
AD|e=E2|f=1|sp=2|k=2|tp=A1.0|sl=10|1h,-2.3096167684859112e-05,-0.4668261210476841,161,250,1.0061592816413847,0.880615712720773,0.9728499222755819
AD|e=E2|f=1|sp=2|k=2|tp=A2.0|sl=-|1h,6.199501928140081e-05,0.5134041215635873,121,227,1.2178778700210993,1.0309778697441072,1.1241111603011973
AD|e=E2|f=1|sp=2|k=2|tp=A2.0|sl=6|1h,-2.8676056769874793e-05,-0.6039500426062077,158,277,1.0053484424956416,0.9019781269359065,0.9187188312647576
AD|e=E2|f=1|sp=2|k=2|tp=A2.0|sl=10|1h,-1.917509166604214e-05,-0.2649600270178755,155,281,1.0583521478541948,0.9038281565878267,0.9171820657116532
AD|e=E2|f=1|sp=2|k=3|tp=MID|sl=-|1h,3.758049658006269e-06,0.18732754024111592,158,245,1.0180992566567342,0.982033023073282,1.0226202845115535
AD|e=E2|f=1|sp=2|k=3|tp=MID|sl=6|1h,-7.352163332880071e-06,-0.3127253411839498,158,235,1.0136779919507917,0.9555398538231497,0.9851931957181342
AD|e=E2|f=1|sp=2|k=3|tp=MID|sl=10|1h,3.243267070419228e-07,0.01588505013774767,158,240,1.0154646456905634,0.9639560224204917,1.0226202845115535
AD|e=E2|f=1|sp=2|k=3|tp=A0.5|sl=-|1h,3.565737975698706e-05,0.6872159091695521,177,253,1.0820623335274147,1.061776294384705,1.0773396674527456
AD|e=E2|f=1|sp=2|k=3|tp=A0.5|sl=6|1h,-1.7211150607728327e-05,-0.5963866556458265,178,246,0.9853278233609322,0.927538729984198,0.9816729872880264
AD|e=E2|f=1|sp=2|k=3|tp=A0.5|sl=10|1h,3.69388604812294e-06,0.0871989125121678,178,252,1.0426996343923725,0.950784188274426,1.027874982982606
AD|e=E2|f=1|sp=2|k=3|tp=A1.0|sl=-|1h,5.776069955492053e-05,0.48926258378130766,142,251,1.1488785506573786,1.1281862612746527,1.0624445922521337
AD|e=E2|f=1|sp=2|k=3|tp=A1.0|sl=6|1h,-2.6721091669382233e-05,-0.7173076335102243,162,257,0.9999418152966281,0.8953157907936502,0.9436631360321373
AD|e=E2|f=1|sp=2|k=3|tp=A1.0|sl=10|1h,-1.4527737802481946e-05,-0.2186723917320916,161,272,1.0270732500778839,0.9599500949106345,0.9178754364588295
AD|e=E2|f=1|sp=2|k=3|tp=A2.0|sl=-|1h,7.41367849113893e-05,0.4763653718889738,127,268,1.2580459628636478,1.0331243765214035,1.1431649267086754
AD|e=E2|f=1|sp=2|k=3|tp=A2.0|sl=6|1h,-3.449536604121816e-05,-0.6908396089475161,158,295,1.0125265053878458,0.8876475909745547,0.89349204706056
AD|e=E2|f=1|sp=2|k=3|tp=A2.0|sl=10|1h,-1.8723132153203996e-05,-0.20851007581689948,156,317,1.1016364147900375,0.9606442971366549,0.8267747924154254
