trial_id,mean_daily_ret,sharpe_ann,n_trades,n_fills,final_eq_BTC,final_eq_ETH,final_eq_SOL
AD|e=E1|f=0|sp=-|k=0|tp=MID|sl=-|15m,-0.0001159422164657216,-1.5699690184257964,10883,10883,0.7787536150515842,0.7478844055935483,0.8317589587110306
AD|e=E1|f=0|sp=-|k=0|tp=MID|sl=6|15m,-0.00017074808071013698,-2.1967845206853798,12294,12294,0.6895836882747023,0.6615161331069362,0.7558466136258829
AD|e=E1|f=0|sp=-|k=0|tp=MID|sl=10|15m,-0.00013159246888875967,-1.7325504003429546,11394,11394,0.7436333531031468,0.7109729248474602,0.8322340553719122
AD|e=E1|f=0|sp=-|k=0|tp=A0.5|sl=-|15m,7.684903104486776e-07,0.009353921219428248,565,565,1.013144844216416,0.9941304360953352,0.9906549304184429
AD|e=E1|f=0|sp=-|k=0|tp=A0.5|sl=6|15m,-0.00020492846732398303,-2.6991543849089727,13317,13317,0.5741997504851415,0.5861754918249694,0.8284589848859523
AD|e=E1|f=0|sp=-|k=0|tp=A0.5|sl=10|15m,-0.00015694072181225976,-1.7692359086516065,10758,10758,0.6618128167880848,0.6737184283286161,0.8408870871435321
AD|e=E1|f=0|sp=-|k=0|tp=A1.0|sl=-|15m,8.080898518525971e-07,0.009761582438853162,306,306,1.0098545930582103,1.005584073076016,0.9825818160133762
AD|e=E1|f=0|sp=-|k=0|tp=A1.0|sl=6|15m,-0.0001641769206518156,-1.8959522772136652,10934,10934,0.6347310087836965,0.6415025239168426,0.8754891142899403
AD|e=E1|f=0|sp=-|k=0|tp=A1.0|sl=10|15m,-0.00010102650173107344,-1.0449076397193569,8326,8326,0.7523553588935902,0.7926318913417435,0.8840332960685711
AD|e=E1|f=0|sp=-|k=0|tp=A2.0|sl=-|15m,-1.2825516809206647e-06,-0.01564209693009905,159,159,1.014639670481069,1.0049629274960792,0.9660682147455262
AD|e=E1|f=0|sp=-|k=0|tp=A2.0|sl=6|15m,-0.00010589588532229508,-1.0143405419274947,8050,8050,0.739921587914977,0.7396232092426478,0.9268163990991728
AD|e=E1|f=0|sp=-|k=0|tp=A2.0|sl=10|15m,-3.342020179450521e-05,-0.2977836865003844,5591,5591,0.8984841788329765,0.8443823317073937,1.0460166055622482
AD|e=E1|f=0|sp=0.5|k=1|tp=MID|sl=-|15m,-0.0001462810386484988,-1.1262158263910689,10882,17540,0.7019093021557614,0.6374459067472048,0.880397593582808
AD|e=E1|f=0|sp=0.5|k=1|tp=MID|sl=6|15m,-0.0002257886817274783,-1.6749240219419617,11986,19267,0.5906158368103739,0.5164262527656145,0.7897991759408617
AD|e=E1|f=0|sp=0.5|k=1|tp=MID|sl=10|15m,-0.0001973218490720135,-1.4513748505451791,11290,18182,0.6135880814836125,0.568546069254605,0.8190908476097145
AD|e=E1|f=0|sp=0.5|k=1|tp=A0.5|sl=-|15m,1.8497016203004568e-06,0.010912916609760268,780,1120,1.0255696431171255,0.9837975031828851,0.9656934077406756
AD|e=E1|f=0|sp=0.5|k=1|tp=A0.5|sl=6|15m,-0.0002860807064751168,-2.3544868713797946,13637,19536,0.4890173211453267,0.41342454840102627,0.8244760453950247
AD|e=E1|f=0|sp=0.5|k=1|tp=A0.5|sl=10|15m,-0.00028122745700913035,-1.8455622208829339,11616,16728,0.5195004796053557,0.46490965048330696,0.6965299837438068
AD|e=E1|f=0|sp=0.5|k=1|tp=A1.0|sl=-|15m,1.2403075838033717e-05,0.07292117402246437,502,777,1.061079794149037,1.0064828310920666,0.9736113017146224
AD|e=E1|f=0|sp=0.5|k=1|tp=A1.0|sl=6|15m,-0.00023848915970212337,-1.6178534469666028,11116,17257,0.5087797516407374,0.48599591163396766,0.8906376975806101
AD|e=E1|f=0|sp=0.5|k=1|tp=A1.0|sl=10|15m,-0.00022284745582305972,-1.264648948939449,8885,13871,0.525055099565107,0.5698528420468191,0.7932952226866476
AD|e=E1|f=0|sp=0.5|k=1|tp=A2.0|sl=-|15m,-6.423719611656651e-07,-0.0037924176794510815,189,318,1.0316179570846646,0.9955435644974294,0.9331991815606052
AD|e=E1|f=0|sp=0.5|k=1|tp=A2.0|sl=6|15m,-0.00014483734863826025,-0.806273476181409,8247,13865,0.6281761397939026,0.6478867654432185,0.9471468921875398
AD|e=E1|f=0|sp=0.5|k=1|tp=A2.0|sl=10|15m,-0.00012814522638128595,-0.6137568829778934,5965,10068,0.6749558799231433,0.669273355655841,0.9227822848119557
AD|e=E1|f=0|sp=0.5|k=2|tp=MID|sl=-|15m,-0.00016687354667121456,-0.9689116030895687,10882,21696,0.6583493838209059,0.5715679018935856,0.9037145117006522
AD|e=E1|f=0|sp=0.5|k=2|tp=MID|sl=6|15m,-0.00024223791011644032,-1.42203197383595,11768,23266,0.5737891568986774,0.48154391133723945,0.7762685390409876
AD|e=E1|f=0|sp=0.5|k=2|tp=MID|sl=10|15m,-0.00024085266366116322,-1.3288010116817297,11197,22274,0.5599254588885156,0.5012516679524313,0.7548944731247151
AD|e=E1|f=0|sp=0.5|k=2|tp=A0.5|sl=-|15m,-1.6967923108966173e-06,-0.00650066764768956,886,1479,1.0187543210334664,0.9612588060532135,0.9185936677375568
AD|e=E1|f=0|sp=0.5|k=2|tp=A0.5|sl=6|15m,-0.000319794044903152,-1.9382839433814092,13772,22932,0.4742391487816233,0.3679286883377386,0.7567336052057544
AD|e=E1|f=0|sp=0.5|k=2|tp=A0.5|sl=10|15m,-0.00031674940947004637,-1.5763555374024327,11958,20110,0.49910570460290266,0.44135264252192125,0.5875563081999069
AD|e=E1|f=0|sp=0.5|k=2|tp=A1.0|sl=-|15m,2.3843437455338885e-05,0.0905807324684616,595,1125,1.0733130713790242,1.0264841762834545,0.9584957946260653
AD|e=E1|f=0|sp=0.5|k=2|tp=A1.0|sl=6|15m,-0.00024309285988583786,-1.2351274527475613,10984,20828,0.5151417045222887,0.41926868968035463,0.9584579078771909
AD|e=E1|f=0|sp=0.5|k=2|tp=A1.0|sl=10|15m,-0.00026151689852905806,-1.0955745300367559,9059,17353,0.49303887953577014,0.5580661249739753,0.6418062560880238
AD|e=E1|f=0|sp=0.5|k=2|tp=A2.0|sl=-|15m,1.118489194372485e-05,0.04223416978374078,246,531,1.062417792210443,0.9727628611414412,0.9398270066007848
AD|e=E1|f=0|sp=0.5|k=2|tp=A2.0|sl=6|15m,-0.00023120245509117775,-0.9339932453567025,8071,17444,0.5265800611030167,0.4721117847486246,0.8700195462213032
AD|e=E1|f=0|sp=0.5|k=2|tp=A2.0|sl=10|15m,-0.00021790710684124824,-0.7444793432608806,6120,13354,0.5743585038205367,0.6334017628138694,0.6093668861602602
AD|e=E1|f=0|sp=0.5|k=3|tp=MID|sl=-|15m,-0.00017167392912603577,-0.8398620681146183,10880,24279,0.6344957794038012,0.5455495690734329,0.9353570886423456
AD|e=E1|f=0|sp=0.5|k=3|tp=MID|sl=6|15m,-0.00026323521149752,-1.324723679893967,11625,25567,0.5516531659638287,0.44392173838139276,0.7525040558582697
AD|e=E1|f=0|sp=0.5|k=3|tp=MID|sl=10|15m,-0.00025772555577108615,-1.2182603363404014,11129,24751,0.5322574951211851,0.4621357954886927,0.7533093815290357
AD|e=E1|f=0|sp=0.5|k=3|tp=A0.5|sl=-|15m,1.437800413918193e-06,0.004002986328181227,958,1736,1.0423244940754406,0.9282165923638683,0.8686038083482038
AD|e=E1|f=0|sp=0.5|k=3|tp=A0.5|sl=6|15m,-0.0003486824066244508,-1.769705496111484,13742,24746,0.47388302952849454,0.3391359784483847,0.6653365366196218
AD|e=E1|f=0|sp=0.5|k=3|tp=A0.5|sl=10|15m,-0.00035189896114188945,-1.4426933607342327,12276,22399,0.4706020919164301,0.40050324286111494,0.5261034996052727
AD|e=E1|f=0|sp=0.5|k=3|tp=A1.0|sl=-|15m,3.7371742603105085e-05,0.10311228087564482,656,1397,1.1028346371189162,1.0065031103079563,0.944374566554098
AD|e=E1|f=0|sp=0.5|k=3|tp=A1.0|sl=6|15m,-0.00029335539892342476,-1.2600484005083217,11012,23316,0.5432815429151925,0.3425783812207868,0.7835126865411804
AD|e=E1|f=0|sp=0.5|k=3|tp=A1.0|sl=10|15m,-0.0003276099975533477,-1.14783727198368,9370,20066,0.5290178659674427,0.38225735370222974,0.5452250296070572
AD|e=E1|f=0|sp=0.5|k=3|tp=A2.0|sl=-|15m,3.7710129580352304e-05,0.10274592517194324,292,761,1.0922704996251051,1.0273718667217815,0.9292770222965853
AD|e=E1|f=0|sp=0.5|k=3|tp=A2.0|sl=6|15m,-0.0002995451779389629,-0.9955198630227172,7938,20006,0.506901743122968,0.37111999614404567,0.7155178006437495
AD|e=E1|f=0|sp=0.5|k=3|tp=A2.0|sl=10|15m,-0.0002973979992286348,-0.8333948000740913,6170,15817,0.5616249963495474,0.4755292435403193,0.46774905912628756
AD|e=E1|f=0|sp=1|k=1|tp=MID|sl=-|15m,-0.00013511267097997569,-1.0936222560528703,10882,16253,0.7318101475184067,0.6465472285555842,0.8951771551028281
AD|e=E1|f=0|sp=1|k=1|tp=MID|sl=6|15m,-0.00020610244588925778,-1.6184307229574284,11896,17686,0.6476910072295193,0.5379216848768493,0.7836943223118586
AD|e=E1|f=0|sp=1|k=1|tp=MID|sl=10|15m,-0.00018435626078848526,-1.429131438170944,11244,16782,0.631743480549482,0.6020481351807419,0.817085800371501
AD|e=E1|f=0|sp=1|k=1|tp=A0.5|sl=-|15m,-2.2719660487713553e-06,-0.013429638739960113,781,1045,1.0153565247558842,0.9723476406896338,0.9615105264754606
AD|e=E1|f=0|sp=1|k=1|tp=A0.5|sl=6|15m,-0.0002488887211778101,-2.148215533319101,13589,18234,0.5540988007151385,0.44967743072731237,0.842472835352459
AD|e=E1|f=0|sp=1|k=1|tp=A0.5|sl=10|15m,-0.00026171864302560274,-1.7878925173868927,11658,15747,0.5479748927419497,0.47837833764392024,0.7252424013042644
AD|e=E1|f=0|sp=1|k=1|tp=A1.0|sl=-|15m,1.2538546372477071e-05,0.07303622013302967,524,757,1.0511502242417463,1.011462798696365,0.979110054958048
AD|e=E1|f=0|sp=1|k=1|tp=A1.0|sl=6|15m,-0.00019562040881387083,-1.3801483103187562,11020,16024,0.6059205572885977,0.49205590382678493,0.9654552877947149
AD|e=E1|f=0|sp=1|k=1|tp=A1.0|sl=10|15m,-0.00019055630001372286,-1.1085689077540313,8982,13152,0.6105131434328624,0.5551316890889618,0.8573162590777242
AD|e=E1|f=0|sp=1|k=1|tp=A2.0|sl=-|15m,-1.8511902814101553e-06,-0.010913699905567361,202,313,1.0324718988632857,0.9861875271490361,0.9342051333985735
AD|e=E1|f=0|sp=1|k=1|tp=A2.0|sl=6|15m,-0.0001565497346398049,-0.8911874997508963,8108,12880,0.6906115918745582,0.6491715248270874,0.8024642073012582
AD|e=E1|f=0|sp=1|k=1|tp=A2.0|sl=10|15m,-0.00013447634539624157,-0.6623990043104878,5990,9593,0.7397157821464426,0.683433129012929,0.7968188029566388
AD|e=E1|f=0|sp=1|k=2|tp=MID|sl=-|15m,-0.000146509747134753,-0.9326245970885058,10882,18996,0.6779287431370178,0.6156135709442317,0.9329662841352587
AD|e=E1|f=0|sp=1|k=2|tp=MID|sl=6|15m,-0.00022004144729533342,-1.4294471179731312,11657,20082,0.6065761058137636,0.5286173242846773,0.7733943194162757
AD|e=E1|f=0|sp=1|k=2|tp=MID|sl=10|15m,-0.00021607551767895258,-1.3108090192496664,11158,19428,0.5971367337229958,0.5316149441288427,0.7846677516523831
AD|e=E1|f=0|sp=1|k=2|tp=A0.5|sl=-|15m,4.4832421292860426e-06,0.017183224074163547,951,1453,1.0557338871252069,0.9441003933974256,0.9384439827471167
AD|e=E1|f=0|sp=1|k=2|tp=A0.5|sl=6|15m,-0.0003023322863621056,-1.9514407299480643,13487,20231,0.5248727808672214,0.38411525337177826,0.729803695642551
AD|e=E1|f=0|sp=1|k=2|tp=A0.5|sl=10|15m,-0.00030414562875152027,-1.5790085181369131,11822,17940,0.525018293843478,0.4737795131366441,0.5647666819712612
AD|e=E1|f=0|sp=1|k=2|tp=A1.0|sl=-|15m,1.9774008185699583e-05,0.07543544596885832,660,1130,1.0737259043485292,1.0035114327714914,0.9551962198871401
AD|e=E1|f=0|sp=1|k=2|tp=A1.0|sl=6|15m,-0.000233613219036734,-1.2985389161878902,10907,18459,0.5483561539020291,0.42292191774233506,0.9536097856261855
AD|e=E1|f=0|sp=1|k=2|tp=A1.0|sl=10|15m,-0.00024795676840964437,-1.1457409938084555,9083,15562,0.5624190887917133,0.5248879133949619,0.6585852783209551
AD|e=E1|f=0|sp=1|k=2|tp=A2.0|sl=-|15m,1.3426995818204518e-05,0.05048765143269329,272,540,1.0686143235420726,0.99069442544523,0.9293962713350112
AD|e=E1|f=0|sp=1|k=2|tp=A2.0|sl=6|15m,-0.00023870416399110803,-1.0203762275169215,7882,15454,0.6005426030956756,0.46633816824375646,0.746053958862114
AD|e=E1|f=0|sp=1|k=2|tp=A2.0|sl=10|15m,-0.0001981249599722374,-0.7225456626872999,5931,11825,0.6036906136615025,0.5844692418322424,0.7205237453565775
AD|e=E1|f=0|sp=1|k=3|tp=MID|sl=-|15m,-0.00014113939422351804,-0.7874854021379025,10880,20461,0.6741721549656783,0.602574570872652,0.9792713688694112
AD|e=E1|f=0|sp=1|k=3|tp=MID|sl=6|15m,-0.00022328909661222142,-1.3009151885560082,11535,21229,0.5815612790616708,0.5243466998927846,0.7779750666339798
AD|e=E1|f=0|sp=1|k=3|tp=MID|sl=10|15m,-0.00022851999134819554,-1.2109017742960504,11086,20753,0.5959891807252837,0.4899348517444718,0.7639736752409862
AD|e=E1|f=0|sp=1|k=3|tp=A0.5|sl=-|15m,1.621052908870437e-05,0.0457612303249784,1247,2020,1.0673368931058442,0.9145971369981697,0.9466196204370068
AD|e=E1|f=0|sp=1|k=3|tp=A0.5|sl=6|15m,-0.00033258473966529714,-1.8199252374624089,13350,21195,0.5091246075592064,0.3465609287673977,0.6733474705859939
AD|e=E1|f=0|sp=1|k=3|tp=A0.5|sl=10|15m,-0.00036726093468632286,-1.5122693828767928,11860,19148,0.4023978584919423,0.44681202941028114,0.5007983276092036
AD|e=E1|f=0|sp=1|k=3|tp=A1.0|sl=-|15m,4.0858288088524676e-05,0.11318512224833119,760,1437,1.139932377089266,0.977810989441709,0.9617752006031985
AD|e=E1|f=0|sp=1|k=3|tp=A1.0|sl=6|15m,-0.0002822523208726825,-1.3216085694744721,10719,19679,0.5286825928716524,0.3956444944904388,0.7535601841936048
AD|e=E1|f=0|sp=1|k=3|tp=A1.0|sl=10|15m,-0.00033240157063647494,-1.2148858507736315,9161,17136,0.462002411140917,0.4853555900883741,0.4822086193323183
AD|e=E1|f=0|sp=1|k=3|tp=A2.0|sl=-|15m,3.472817413750967e-05,0.09465455477202987,328,766,1.073366679304323,1.0394396007511348,0.9174591361634311
AD|e=E1|f=0|sp=1|k=3|tp=A2.0|sl=6|15m,-0.000289730978433903,-1.0482018976214789,7650,16895,0.550932115028077,0.3996091909301541,0.6597262007740442
AD|e=E1|f=0|sp=1|k=3|tp=A2.0|sl=10|15m,-0.0002457425641265016,-0.7342318934599513,6031,13666,0.47255277011446956,0.6859482789587869,0.5424481306442054
AD|e=E1|f=0|sp=1.5|k=1|tp=MID|sl=-|15m,-0.00013771188995401375,-1.1799892921992976,10882,15227,0.7200623429688034,0.6517596012526874,0.8909585493555959
AD|e=E1|f=0|sp=1.5|k=1|tp=MID|sl=6|15m,-0.00018730610092818634,-1.6215692160188024,11831,16437,0.6576301423096882,0.5882366026630831,0.7971946263457841
AD|e=E1|f=0|sp=1.5|k=1|tp=MID|sl=10|15m,-0.0001893791158130625,-1.5259211965477568,11216,15673,0.6293328152076592,0.5895310399281727,0.8141600654376205
AD|e=E1|f=0|sp=1.5|k=1|tp=A0.5|sl=-|15m,-4.385440714023998e-06,-0.026008012870437226,773,992,1.0136131226667813,0.965711607646111,0.9575121555058103
AD|e=E1|f=0|sp=1.5|k=1|tp=A0.5|sl=6|15m,-0.00024217025125146085,-2.1204666957139024,13412,17155,0.5744921590546059,0.4823914051441067,0.7895601333055988
AD|e=E1|f=0|sp=1.5|k=1|tp=A0.5|sl=10|15m,-0.00026274455159747573,-1.830248299256904,11525,14866,0.5767336159495785,0.5035943890725926,0.6507035979252241
AD|e=E1|f=0|sp=1.5|k=1|tp=A1.0|sl=-|15m,9.814115592363555e-06,0.05760871395732036,531,748,1.047574142133883,1.0077763238062785,0.9700942785096978
AD|e=E1|f=0|sp=1.5|k=1|tp=A1.0|sl=6|15m,-0.00017643103649927756,-1.3184282590852987,10838,14956,0.6386759314513508,0.5155952606054691,0.9889067561632088
AD|e=E1|f=0|sp=1.5|k=1|tp=A1.0|sl=10|15m,-0.00020069683556185727,-1.190867947207743,8841,12300,0.595841539497154,0.5617188415310729,0.8175920584878597
AD|e=E1|f=0|sp=1.5|k=1|tp=A2.0|sl=-|15m,7.1175525085064905e-06,0.04163651854613557,223,340,1.0340571231316151,1.003625360541531,0.967912930166611
AD|e=E1|f=0|sp=1.5|k=1|tp=A2.0|sl=6|15m,-0.00013833937932344463,-0.8213209522627245,8008,12120,0.6972676951699142,0.7082847477106874,0.8203543394708259
AD|e=E1|f=0|sp=1.5|k=1|tp=A2.0|sl=10|15m,-0.00014560252051504095,-0.7386105428860276,5969,9107,0.7354187017902951,0.6955344745041149,0.7391755230710948
AD|e=E1|f=0|sp=1.5|k=2|tp=MID|sl=-|15m,-0.00014064263671103973,-0.9890920926675332,10882,17141,0.6821224864195908,0.6314650183165307,0.9421203940775548
AD|e=E1|f=0|sp=1.5|k=2|tp=MID|sl=6|15m,-0.0002112786843981686,-1.4943341969094242,11598,17930,0.6088541636783167,0.5426023018691474,0.7901013033519362
AD|e=E1|f=0|sp=1.5|k=2|tp=MID|sl=10|15m,-0.0002108757170570368,-1.3861967204812324,11126,17459,0.6065363427454863,0.5542240426335995,0.7676122060949099
AD|e=E1|f=0|sp=1.5|k=2|tp=A0.5|sl=-|15m,-1.624643429168265e-07,-0.0006231287142478977,988,1404,1.0455417292654965,0.9282057451315098,0.9355355356983677
AD|e=E1|f=0|sp=1.5|k=2|tp=A0.5|sl=6|15m,-0.0002816402691524281,-1.9039882651570317,13187,18426,0.5473004367043286,0.41940212208482425,0.7298311711651202
AD|e=E1|f=0|sp=1.5|k=2|tp=A0.5|sl=10|15m,-0.0003074459469618087,-1.6459999799229443,11611,16466,0.5175867396689949,0.4531495601841233,0.5885196836111565
AD|e=E1|f=0|sp=1.5|k=2|tp=A1.0|sl=-|15m,1.5712317501295655e-05,0.05995070513011762,657,1061,1.1111121298141158,0.9809549832430642,0.921257843589934
AD|e=E1|f=0|sp=1.5|k=2|tp=A1.0|sl=6|15m,-0.0002458782668693751,-1.4207382019079398,10595,16582,0.5840827582023053,0.3988933371295712,0.882883664086675
AD|e=E1|f=0|sp=1.5|k=2|tp=A1.0|sl=10|15m,-0.00023298806240418883,-1.077488469923713,8837,14115,0.5583947349097964,0.5765196801659532,0.664298246387767
AD|e=E1|f=0|sp=1.5|k=2|tp=A2.0|sl=-|15m,2.3168587766454793e-05,0.087133659876158,318,598,1.0877791279408207,1.0213214703444853,0.9405346794496006
AD|e=E1|f=0|sp=1.5|k=2|tp=A2.0|sl=6|15m,-0.0002125934736109614,-0.9667114610104958,7622,13827,0.6177469325937577,0.5365457175759737,0.7441347461809181
AD|e=E1|f=0|sp=1.5|k=2|tp=A2.0|sl=10|15m,-0.00019816112231444604,-0.7479135313771418,5795,10744,0.6637889775175857,0.6336807644203547,0.6090131729582205
AD|e=E1|f=0|sp=1.5|k=3|tp=MID|sl=-|15m,-0.0001258659287510108,-0.8038494329796216,10882,18019,0.7047310319432785,0.6169602029201992,1.0148579320526925
AD|e=E1|f=0|sp=1.5|k=3|tp=MID|sl=6|15m,-0.00019466931051199227,-1.317731342343716,11513,18476,0.6140521888064987,0.5513241055501831,0.8447871521977915
AD|e=E1|f=0|sp=1.5|k=3|tp=MID|sl=10|15m,-0.00018854569903802314,-1.1706761160270713,11061,18205,0.6303592178927223,0.5336985400470453,0.8612935110114888
AD|e=E1|f=0|sp=1.5|k=3|tp=A0.5|sl=-|15m,9.472585926726095e-06,0.02686150046241237,1268,1887,1.054093431868639,0.8898475924646386,0.9455887234428769
AD|e=E1|f=0|sp=1.5|k=3|tp=A0.5|sl=6|15m,-0.00028439183603447987,-1.7273453277952915,13004,18942,0.4526179334897993,0.458172021443658,0.7793256573037607
AD|e=E1|f=0|sp=1.5|k=3|tp=A0.5|sl=10|15m,-0.0002862957913313877,-1.32679730850407,11503,17202,0.43332243320183544,0.5436159786301178,0.6408804027276652
AD|e=E1|f=0|sp=1.5|k=3|tp=A1.0|sl=-|15m,3.48824371614366e-05,0.09719292218307794,790,1378,1.1482833786411235,0.9533404887149887,0.9450121141508357
AD|e=E1|f=0|sp=1.5|k=3|tp=A1.0|sl=6|15m,-0.0002838670707745859,-1.4144136719513223,10390,17248,0.4706505187171875,0.46181962621907285,0.7279395302254345
AD|e=E1|f=0|sp=1.5|k=3|tp=A1.0|sl=10|15m,-0.00028837029084286285,-1.1195560780568468,8802,15152,0.5304021699226737,0.514457513836506,0.5261896958489475
AD|e=E1|f=0|sp=1.5|k=3|tp=A2.0|sl=-|15m,3.617698869784835e-05,0.0984736583552118,366,769,1.1222908248624446,1.0064781117738852,0.9140139236620524
AD|e=E1|f=0|sp=1.5|k=3|tp=A2.0|sl=6|15m,-0.00022819101677701707,-0.9203961454820738,7436,14675,0.6241444508881477,0.541507455715362,0.6405066446264285
AD|e=E1|f=0|sp=1.5|k=3|tp=A2.0|sl=10|15m,-0.0001952635038210418,-0.6254926186327222,5841,12099,0.5706262539346539,0.8591033183371919,0.4978494084891656
AD|e=E1|f=0|sp=2|k=1|tp=MID|sl=-|15m,-0.0001406722210650025,-1.2609592202742452,10882,14409,0.696630031094935,0.6655729509014258,0.8883376429950385
AD|e=E1|f=0|sp=2|k=1|tp=MID|sl=6|15m,-0.00018504487332935638,-1.7033339370792833,11786,15426,0.6384541125533205,0.6015423915512383,0.8164496209747956
AD|e=E1|f=0|sp=2|k=1|tp=MID|sl=10|15m,-0.0001953434113994536,-1.636308646431266,11195,14801,0.6155219713535425,0.5941491277061994,0.7976972240711772
AD|e=E1|f=0|sp=2|k=1|tp=A0.5|sl=-|15m,-3.6084592162341336e-06,-0.021442239643877235,793,977,1.016457324751113,0.9689207890961845,0.9558308343327315
AD|e=E1|f=0|sp=2|k=1|tp=A0.5|sl=6|15m,-0.0002339605827740701,-2.1216013142301207,13211,16248,0.567524530183833,0.49306905393247114,0.8236386372576908
AD|e=E1|f=0|sp=2|k=1|tp=A0.5|sl=10|15m,-0.00024992558300309764,-1.802380833719455,11314,14070,0.5632292334983688,0.5270543233866949,0.6904977819519065
AD|e=E1|f=0|sp=2|k=1|tp=A1.0|sl=-|15m,5.936312370354657e-06,0.03483975709165087,513,688,1.037890999515527,1.004704107821882,0.9600624572387083
AD|e=E1|f=0|sp=2|k=1|tp=A1.0|sl=6|15m,-0.00018733273764078422,-1.4299230524499633,10669,14063,0.6129915673944366,0.5439994952704231,0.914851454087483
AD|e=E1|f=0|sp=2|k=1|tp=A1.0|sl=10|15m,-0.00019987571639828924,-1.2490550307136474,8662,11556,0.584249027707742,0.6263802478850885,0.7548644780274236
AD|e=E1|f=0|sp=2|k=1|tp=A2.0|sl=-|15m,6.227758400083196e-06,0.03642007536972345,227,335,1.0414330193284675,1.00038879912445,0.9634175383227027
AD|e=E1|f=0|sp=2|k=1|tp=A2.0|sl=6|15m,-0.00015598801945889402,-0.9411457311979372,7813,11317,0.6733016485079225,0.6313068279148285,0.8597344347559284
AD|e=E1|f=0|sp=2|k=1|tp=A2.0|sl=10|15m,-0.00013487829568305996,-0.7149419705549939,5819,8513,0.7358476725985555,0.6734527961801707,0.8229966651463266
AD|e=E1|f=0|sp=2|k=2|tp=MID|sl=-|15m,-0.00013514667086539093,-1.033506877053773,10882,15769,0.6759397049318917,0.6651844309768173,0.9405219595818224
AD|e=E1|f=0|sp=2|k=2|tp=MID|sl=6|15m,-0.0001981992109260414,-1.5366522328449783,11586,16340,0.5952504758839074,0.5834450547800704,0.8244848065024298
AD|e=E1|f=0|sp=2|k=2|tp=MID|sl=10|15m,-0.0001938099064447739,-1.3700721134407976,11106,16010,0.5851495281648056,0.5955871883452253,0.8235647410230107
AD|e=E1|f=0|sp=2|k=2|tp=A0.5|sl=-|15m,2.147774497118921e-06,0.008266283359988472,1050,1423,1.0737101444266224,0.9204337315437365,0.9330131411126703
AD|e=E1|f=0|sp=2|k=2|tp=A0.5|sl=6|15m,-0.00030518454864645955,-2.1194328823034936,12881,17015,0.49440401361663394,0.4200760628264899,0.703257338384549
AD|e=E1|f=0|sp=2|k=2|tp=A0.5|sl=10|15m,-0.0003284063046337885,-1.8223577892238951,11200,15152,0.44232223350589056,0.49055109403887104,0.5582009378691826
AD|e=E1|f=0|sp=2|k=2|tp=A1.0|sl=-|15m,1.9544964988816805e-05,0.0741695602313944,719,1095,1.1299806329948856,0.9742615578289081,0.933809772390817
AD|e=E1|f=0|sp=2|k=2|tp=A1.0|sl=6|15m,-0.00026015520258868496,-1.5649806737333816,10322,15058,0.563128296295659,0.4624836358786437,0.7324478764248148
AD|e=E1|f=0|sp=2|k=2|tp=A1.0|sl=10|15m,-0.0002454162022851057,-1.1885933504383543,8630,12992,0.5059233598808794,0.5820542638879219,0.6754527722672196
AD|e=E1|f=0|sp=2|k=2|tp=A2.0|sl=-|15m,2.357127295920862e-05,0.08856032624067652,342,608,1.0869207467927045,1.025432451028774,0.9468480127404784
AD|e=E1|f=0|sp=2|k=2|tp=A2.0|sl=6|15m,-0.00018722835700326837,-0.9406590408236625,7424,12473,0.7279421031631871,0.5718137504996502,0.708435000884917
AD|e=E1|f=0|sp=2|k=2|tp=A2.0|sl=10|15m,-0.0001828861573675283,-0.7354859313499533,5789,10059,0.5812151656632875,0.7150880659879528,0.6855461795943815
AD|e=E1|f=0|sp=2|k=3|tp=MID|sl=-|15m,-0.00012026825252262279,-0.8565524219753735,10882,16310,0.6995239129470358,0.6674864752769497,0.9920872011385629
AD|e=E1|f=0|sp=2|k=3|tp=MID|sl=6|15m,-0.00017908688361985005,-1.3541763171575967,11528,16557,0.6280437201212721,0.6121766239676291,0.8369473136242894
AD|e=E1|f=0|sp=2|k=3|tp=MID|sl=10|15m,-0.00018316365210680407,-1.2256264267612589,11052,16430,0.6547487570112014,0.5469273805359188,0.8721189097329564
AD|e=E1|f=0|sp=2|k=3|tp=A0.5|sl=-|15m,1.3496447950854359e-05,0.03808559785846531,1237,1747,1.081579464570022,0.8930507747372313,0.9366590078787789
AD|e=E1|f=0|sp=2|k=3|tp=A0.5|sl=6|15m,-0.0003034409734023556,-2.043756246701695,12720,17225,0.5095464156355748,0.439498490171048,0.6562388452741904
AD|e=E1|f=0|sp=2|k=3|tp=A0.5|sl=10|15m,-0.0002527264254389555,-1.187905974368985,11068,15644,0.5592675772923454,0.5138671644223894,0.6763948396530293
AD|e=E1|f=0|sp=2|k=3|tp=A1.0|sl=-|15m,3.388350557458279e-05,0.09447400146119873,824,1339,1.1826139130699544,0.9513558140042364,0.9140120019094363
AD|e=E1|f=0|sp=2|k=3|tp=A1.0|sl=6|15m,-0.00025475844588055606,-1.4070895519667184,10121,15290,0.5905449855434063,0.46525311011291715,0.7111662248627211
AD|e=E1|f=0|sp=2|k=3|tp=A1.0|sl=10|15m,-0.00020461730999479053,-0.805963833442182,8387,13470,0.5903910201693496,0.601688977161596,0.7154811887767224
AD|e=E1|f=0|sp=2|k=3|tp=A2.0|sl=-|15m,4.0212109313539924e-05,0.10967042050905214,416,816,1.181590051969318,1.0075183291498333,0.9004540296798249
AD|e=E1|f=0|sp=2|k=3|tp=A2.0|sl=6|15m,-0.0001800725360656624,-0.808407196697035,7248,12829,0.6713058055377259,0.5832576246850008,0.7736361067454263
AD|e=E1|f=0|sp=2|k=3|tp=A2.0|sl=10|15m,-0.00018986200196479815,-0.6425293042489749,5641,10821,0.5819410408359987,0.8897465359794619,0.5229480436356058
AD|e=E1|f=1|sp=-|k=0|tp=MID|sl=-|15m,-2.1389891157576946e-05,-0.6197508054358343,3930,3930,0.9178647076030636,0.9206497676501039,1.029226463575791
AD|e=E1|f=1|sp=-|k=0|tp=MID|sl=6|15m,-2.93746740746275e-05,-0.8989326867690189,3957,3957,0.9172132709582714,0.907931456134034,0.9942179237407535
AD|e=E1|f=1|sp=-|k=0|tp=MID|sl=10|15m,-2.5087597612861147e-05,-0.7343171158844297,3931,3931,0.9131185172468634,0.9155316117133635,1.0139070342086922
AD|e=E1|f=1|sp=-|k=0|tp=A0.5|sl=-|15m,-3.08751361218554e-06,-0.03977209730526513,485,485,1.0061015344697677,0.9914723214989813,0.9759830693524365
AD|e=E1|f=1|sp=-|k=0|tp=A0.5|sl=6|15m,-5.9399197745141976e-05,-1.7892018575198063,4434,4434,0.8553964298758454,0.8544979795341274,0.9449838753216313
AD|e=E1|f=1|sp=-|k=0|tp=A0.5|sl=10|15m,-5.0895445953615574e-05,-1.1780150956770348,4342,4342,0.8805126898161681,0.8903739072883468,0.9244109965371207
AD|e=E1|f=1|sp=-|k=0|tp=A1.0|sl=-|15m,2.057643716690485e-06,0.02567339128754496,308,308,1.0274707488487522,0.9919353934411423,0.9853834577974993
AD|e=E1|f=1|sp=-|k=0|tp=A1.0|sl=6|15m,-3.970543508630494e-05,-0.9953917660673951,3807,3807,0.8920749808811909,0.8866040555298718,0.9806282504254078
AD|e=E1|f=1|sp=-|k=0|tp=A1.0|sl=10|15m,-3.570785829586287e-05,-0.6970980364276211,3667,3667,0.8964144575057468,0.9463900955132946,0.9324765687082704
AD|e=E1|f=1|sp=-|k=0|tp=A2.0|sl=-|15m,-1.9982116800294956e-06,-0.024607013027844377,162,162,1.0166268578957596,0.9923703449639081,0.9702708452365799
AD|e=E1|f=1|sp=-|k=0|tp=A2.0|sl=6|15m,-2.5973262397625035e-05,-0.5155104733753046,3089,3089,0.904153296016828,0.9187949228242571,1.0114070387023806
AD|e=E1|f=1|sp=-|k=0|tp=A2.0|sl=10|15m,-2.550032625408721e-05,-0.39674529076284576,2896,2896,0.9204222492323167,0.9433817157278296,0.964407076446379
AD|e=E1|f=1|sp=0.5|k=1|tp=MID|sl=-|15m,-1.1219881712895553e-05,-0.18011874797856653,3930,6327,0.8816977924080933,0.8934440807153188,1.1654734316354587
AD|e=E1|f=1|sp=0.5|k=1|tp=MID|sl=6|15m,-1.962623906103252e-05,-0.3383257286732355,3946,6341,0.8931879726461192,0.8788055062411254,1.1086602092030953
AD|e=E1|f=1|sp=0.5|k=1|tp=MID|sl=10|15m,-1.9069577567252308e-05,-0.3109084562018956,3930,6326,0.8668360499238438,0.8821084045037062,1.133519260935903
AD|e=E1|f=1|sp=0.5|k=1|tp=A0.5|sl=-|15m,2.728868130558276e-05,0.1779632720185376,1050,1499,1.1743823990439424,1.0229961260788678,0.9518400935744353
AD|e=E1|f=1|sp=0.5|k=1|tp=A0.5|sl=6|15m,-5.516166276891799e-05,-0.9512367205870005,4528,6511,0.8823988773176088,0.7882799232344616,1.0098842643249246
AD|e=E1|f=1|sp=0.5|k=1|tp=A0.5|sl=10|15m,-6.618703588074863e-05,-0.8868215860488087,4476,6445,0.8410078208316234,0.8079330491566135,0.9550640684772183
AD|e=E1|f=1|sp=0.5|k=1|tp=A1.0|sl=-|15m,6.0664862727118995e-06,0.03748610237461782,439,670,1.0612059544673937,0.993708312515497,0.9498971543409944
AD|e=E1|f=1|sp=0.5|k=1|tp=A1.0|sl=6|15m,-3.6013503821656015e-05,-0.49304160452398266,3910,6130,0.891490689182329,0.8373486995505142,1.0478154512047446
AD|e=E1|f=1|sp=0.5|k=1|tp=A1.0|sl=10|15m,-3.589134057843692e-05,-0.3848956577549812,3821,5992,0.852073558980499,0.929090687728437,0.975504161265471
AD|e=E1|f=1|sp=0.5|k=1|tp=A2.0|sl=-|15m,2.0069999766807163e-06,0.012011210327340845,209,356,1.05042013742328,0.9766695784037771,0.9483307031519783
AD|e=E1|f=1|sp=0.5|k=1|tp=A2.0|sl=6|15m,-2.3934115882568435e-05,-0.25249494262589767,3202,5442,0.8746646582454439,0.902624008804973,1.0554086705336274
AD|e=E1|f=1|sp=0.5|k=1|tp=A2.0|sl=10|15m,-1.8850438596591426e-05,-0.1552701298190942,3029,5151,0.824482162896022,0.961862071013422,1.0647726454205293
AD|e=E1|f=1|sp=0.5|k=2|tp=MID|sl=-|15m,-9.839303855416628e-06,-0.12095990606352269,3930,7770,0.8545347670835579,0.8692317739075712,1.2379446029369718
AD|e=E1|f=1|sp=0.5|k=2|tp=MID|sl=6|15m,-1.685788031175457e-05,-0.22556939759967257,3937,7755,0.8880236136584848,0.849681523018187,1.1625604743096087
AD|e=E1|f=1|sp=0.5|k=2|tp=MID|sl=10|15m,-1.7714998949898922e-05,-0.22195872208970657,3930,7768,0.8371962021831363,0.8662363771439039,1.1887555244642516
AD|e=E1|f=1|sp=0.5|k=2|tp=A0.5|sl=-|15m,8.857644869387973e-05,0.42448995959104285,1522,2562,1.2270044924387487,1.081616808418188,1.2081778723713148
AD|e=E1|f=1|sp=0.5|k=2|tp=A0.5|sl=6|15m,-5.7343230068569274e-05,-0.7462262910865287,4548,7596,0.8548745333337257,0.7973548030189452,1.0057874639392832
AD|e=E1|f=1|sp=0.5|k=2|tp=A0.5|sl=10|15m,-8.224582497684486e-05,-0.8009386861288336,4515,7557,0.7929182031291963,0.7872889135747096,0.9234643103830292
AD|e=E1|f=1|sp=0.5|k=2|tp=A1.0|sl=-|15m,5.598535147215351e-05,0.2284411116806275,781,1452,1.2639232257112571,1.13171501565622,0.9061127687288498
AD|e=E1|f=1|sp=0.5|k=2|tp=A1.0|sl=6|15m,-2.4537179034308082e-05,-0.2559419010610139,3942,7548,0.9128620525450473,0.8368582743564934,1.0837621481812623
AD|e=E1|f=1|sp=0.5|k=2|tp=A1.0|sl=10|15m,-4.414654076174223e-05,-0.35338041302701384,3880,7440,0.8373242035897454,0.971540249068271,0.8806912693331654
AD|e=E1|f=1|sp=0.5|k=2|tp=A2.0|sl=-|15m,1.0782028461422693e-05,0.04159577739690672,249,540,1.0710308149221692,0.9542554121393934,0.9490788616462653
AD|e=E1|f=1|sp=0.5|k=2|tp=A2.0|sl=6|15m,-3.9830897646040726e-05,-0.31232012694832495,3237,7132,0.8626936950090383,0.8419516379293857,1.0190995483346328
AD|e=E1|f=1|sp=0.5|k=2|tp=A2.0|sl=10|15m,-3.3830081709744934e-05,-0.20382099936447723,3111,6873,0.7936550175281046,0.9805384068181359,0.9560294108384972
AD|e=E1|f=1|sp=0.5|k=3|tp=MID|sl=-|15m,-4.8293425079717024e-06,-0.050438261682986284,3930,8649,0.8339191236379502,0.8610794752481622,1.311572771601119
AD|e=E1|f=1|sp=0.5|k=3|tp=MID|sl=6|15m,-1.3851490317389492e-05,-0.1574247347544481,3935,8604,0.838735791276138,0.850094801841731,1.239670838464376
AD|e=E1|f=1|sp=0.5|k=3|tp=MID|sl=10|15m,-9.039230116757293e-06,-0.09685027952272451,3930,8644,0.8233576069383804,0.878725812578641,1.2378558728833393
AD|e=E1|f=1|sp=0.5|k=3|tp=A0.5|sl=-|15m,0.00010271949771495863,0.366757009109045,1596,2898,1.2585531127408636,1.0638626835361302,1.2260949386177167
AD|e=E1|f=1|sp=0.5|k=3|tp=A0.5|sl=6|15m,-5.155841567175149e-05,-0.5905384961253077,4562,8233,0.8564706093691236,0.7952776790996876,1.031728704503589
AD|e=E1|f=1|sp=0.5|k=3|tp=A0.5|sl=10|15m,-7.909214920792155e-05,-0.6782390018998392,4528,8219,0.7971552769412361,0.7671913986025893,0.9429388206411012
AD|e=E1|f=1|sp=0.5|k=3|tp=A1.0|sl=-|15m,9.795193759159979e-05,0.30332658402090207,943,1990,1.5147355947106846,1.1130419181575242,0.9212452254182314
AD|e=E1|f=1|sp=0.5|k=3|tp=A1.0|sl=6|15m,-2.6820768331751257e-05,-0.23204882003051944,3966,8485,0.8661382615489531,0.8480703702622884,1.0925085110192705
AD|e=E1|f=1|sp=0.5|k=3|tp=A1.0|sl=10|15m,-3.3328514908393447e-05,-0.22264257285298247,3914,8410,0.8344736084439374,0.9957535784374317,0.8966545522756554
AD|e=E1|f=1|sp=0.5|k=3|tp=A2.0|sl=-|15m,2.8518615752613977e-05,0.07976948127643871,289,743,1.1064241428801178,0.978685993239373,0.9153394799048253
AD|e=E1|f=1|sp=0.5|k=3|tp=A2.0|sl=6|15m,-5.399134083394208e-05,-0.3415040275667173,3242,8342,0.8258480870637268,0.8533269763319283,0.9423542051952543
AD|e=E1|f=1|sp=0.5|k=3|tp=A2.0|sl=10|15m,-5.932026798166657e-05,-0.2892238860626603,3122,8094,0.7526630003968852,1.0035007784311707,0.8123070832433774
AD|e=E1|f=1|sp=1|k=1|tp=MID|sl=-|15m,-1.3174778808900735e-05,-0.22484223989427662,3930,5811,0.8941159561256341,0.8984321892693837,1.1313686236359743
AD|e=E1|f=1|sp=1|k=1|tp=MID|sl=6|15m,-1.9414308008705174e-05,-0.3583876268641077,3942,5813,0.9095538335020745,0.887863459934262,1.081061456893656
AD|e=E1|f=1|sp=1|k=1|tp=MID|sl=10|15m,-2.2933054661850206e-05,-0.39719488085068383,3930,5810,0.8746067468961779,0.8835346306901558,1.0972139183609322
AD|e=E1|f=1|sp=1|k=1|tp=A0.5|sl=-|15m,5.178800129253479e-05,0.36345729139363614,1340,1800,1.1646200927276449,1.0851590448446962,1.055564537268826
AD|e=E1|f=1|sp=1|k=1|tp=A0.5|sl=6|15m,-4.738108672456785e-05,-0.8508993871840768,4512,6050,0.9025302534538612,0.7939848995599986,1.0278769845578566
AD|e=E1|f=1|sp=1|k=1|tp=A0.5|sl=10|15m,-6.234758707201958e-05,-0.8580169854129839,4467,6001,0.8478776758958877,0.8183254938301249,0.9573055611590143
AD|e=E1|f=1|sp=1|k=1|tp=A1.0|sl=-|15m,2.5441616785590594e-05,0.15484076690513995,598,862,1.0763391675436071,1.1045488681283497,0.9484999344230569
AD|e=E1|f=1|sp=1|k=1|tp=A1.0|sl=6|15m,-1.035274594534648e-05,-0.15071776365172665,3903,5708,0.9348118929097743,0.8806036150904583,1.1154804331343067
AD|e=E1|f=1|sp=1|k=1|tp=A1.0|sl=10|15m,-2.774707055993967e-05,-0.31760109130019326,3835,5615,0.887397211810177,0.9547770957780854,0.9614257379401115
AD|e=E1|f=1|sp=1|k=1|tp=A2.0|sl=-|15m,-1.3515852995235327e-07,-0.0008089803085450667,217,346,1.050105751567289,0.9678083388866929,0.9447472043116503
AD|e=E1|f=1|sp=1|k=1|tp=A2.0|sl=6|15m,-1.7211079385727503e-05,-0.18926992883587795,3188,5116,0.9336523217311467,0.8935229025377592,1.0442418245136083
AD|e=E1|f=1|sp=1|k=1|tp=A2.0|sl=10|15m,-2.7308709815330306e-05,-0.23296295032867376,3035,4875,0.8511940822623033,0.948631969194883,0.9958780616800335
AD|e=E1|f=1|sp=1|k=2|tp=MID|sl=-|15m,-1.7433693126671246e-05,-0.23745278757206142,3930,6696,0.8525501373172626,0.8807710317274611,1.1725815220049811
AD|e=E1|f=1|sp=1|k=2|tp=MID|sl=6|15m,-2.7224091585037594e-05,-0.4007666488314672,3937,6669,0.8723709637406151,0.856937938985863,1.1024626410122973
AD|e=E1|f=1|sp=1|k=2|tp=MID|sl=10|15m,-2.506439389603345e-05,-0.34786489674867155,3930,6693,0.8347494444335432,0.8757884747397549,1.1286104690543648
AD|e=E1|f=1|sp=1|k=2|tp=A0.5|sl=-|15m,6.221003925408436e-05,0.2960599754699733,1474,2206,1.212299222084565,1.073193035924025,1.0473755712882766
AD|e=E1|f=1|sp=1|k=2|tp=A0.5|sl=6|15m,-5.587297247876127e-05,-0.7795351716017526,4521,6737,0.8875374654864486,0.7839377741269486,0.9940082953488689
AD|e=E1|f=1|sp=1|k=2|tp=A0.5|sl=10|15m,-7.275140976852072e-05,-0.766615985579708,4492,6724,0.8504174741321076,0.8023056241828204,0.8963746464912532
AD|e=E1|f=1|sp=1|k=2|tp=A1.0|sl=-|15m,8.624550069721876e-05,0.3764890549258492,978,1654,1.1761103325306257,1.2593078235520216,1.0599474187874283
AD|e=E1|f=1|sp=1|k=2|tp=A1.0|sl=6|15m,-2.239254146688128e-05,-0.25233931503705065,3920,6662,0.9253265975245296,0.8253749393247721,1.100403725348553
AD|e=E1|f=1|sp=1|k=2|tp=A1.0|sl=10|15m,-3.1165345888258747e-05,-0.2736446122534237,3865,6594,0.8978476503547137,0.9083595694770069,0.9552582194600626
AD|e=E1|f=1|sp=1|k=2|tp=A2.0|sl=-|15m,1.7553891919998354e-05,0.067627169380419,277,554,1.1098074235289659,0.9620466306726351,0.9461944502221016
AD|e=E1|f=1|sp=1|k=2|tp=A2.0|sl=6|15m,-4.6596535495079064e-05,-0.3867422950666163,3219,6402,0.8688725774696807,0.8559219066287859,0.9593515317893936
AD|e=E1|f=1|sp=1|k=2|tp=A2.0|sl=10|15m,-5.5504260187229464e-05,-0.3600315760884911,3103,6209,0.7642690210285421,0.9392125303125692,0.9145781355873207
AD|e=E1|f=1|sp=1|k=3|tp=MID|sl=-|15m,-1.999827543591757e-05,-0.2402362905255043,3930,7154,0.8279220056707578,0.8648752416850318,1.2084576833992164
AD|e=E1|f=1|sp=1|k=3|tp=MID|sl=6|15m,-3.1204774073639315e-05,-0.41421855796231327,3936,7087,0.8171300322396432,0.8482772489771997,1.1480198837206097
AD|e=E1|f=1|sp=1|k=3|tp=MID|sl=10|15m,-2.4412403222663324e-05,-0.300134505093774,3930,7145,0.8174768345692841,0.8709983642850675,1.1435785695183431
AD|e=E1|f=1|sp=1|k=3|tp=A0.5|sl=-|15m,7.774416570872182e-05,0.2816800157607751,1681,2640,1.2484607521271793,1.1196531157486924,1.0172906942713813
AD|e=E1|f=1|sp=1|k=3|tp=A0.5|sl=6|15m,-6.299902577844037e-05,-0.7803061482380076,4527,7127,0.8558172689214956,0.7321941338633812,1.0427559112146823
AD|e=E1|f=1|sp=1|k=3|tp=A0.5|sl=10|15m,-9.452168284044059e-05,-0.8612146809966618,4502,7153,0.7879717061032886,0.7380559491962803,0.8977818861965717
AD|e=E1|f=1|sp=1|k=3|tp=A1.0|sl=-|15m,0.00012472208881412285,0.41525687234443526,1155,2136,1.3937607696274084,1.2617464317344633,1.056690287943797
AD|e=E1|f=1|sp=1|k=3|tp=A1.0|sl=6|15m,-4.221855471881214e-05,-0.40379260990872556,3925,7229,0.9191650280653032,0.7818542600561357,1.0170922819527894
AD|e=E1|f=1|sp=1|k=3|tp=A1.0|sl=10|15m,-4.861485942808948e-05,-0.34872577964463475,3877,7204,0.9127971176236424,0.8766543973512446,0.8472499913612854
AD|e=E1|f=1|sp=1|k=3|tp=A2.0|sl=-|15m,3.805821139668173e-05,0.10806681807373736,335,755,1.1231863072537454,1.0344914285201834,0.9077536306906312
AD|e=E1|f=1|sp=1|k=3|tp=A2.0|sl=6|15m,-6.424859187409489e-05,-0.4474273643508401,3220,7224,0.8215076695062017,0.8530578168394108,0.8943666849833848
AD|e=E1|f=1|sp=1|k=3|tp=A2.0|sl=10|15m,-5.94209946194302e-05,-0.310316435768032,3118,7091,0.725420194639914,0.933401739771262,0.9090495307618117
AD|e=E1|f=1|sp=1.5|k=1|tp=MID|sl=-|15m,-1.3080009351499992e-05,-0.2335200509008217,3930,5412,0.8933840387119245,0.9055592104834616,1.1249621039221398
AD|e=E1|f=1|sp=1.5|k=1|tp=MID|sl=6|15m,-1.781915724646812e-05,-0.3481549990864035,3940,5400,0.9090792753912413,0.8961862124797274,1.0831200781628965
AD|e=E1|f=1|sp=1.5|k=1|tp=MID|sl=10|15m,-2.0128325808102093e-05,-0.36702382469384365,3930,5410,0.8737526243577317,0.9014645970798133,1.0961838882629154
AD|e=E1|f=1|sp=1.5|k=1|tp=A0.5|sl=-|15m,1.7652587659036257e-05,0.11793454174098829,883,1129,1.0766628201570898,0.9548908544558865,1.0504055363665572
AD|e=E1|f=1|sp=1.5|k=1|tp=A0.5|sl=6|15m,-5.1025151027764554e-05,-0.9420232424701621,4478,5714,0.874179285752543,0.8193347624842219,1.0058977557350006
AD|e=E1|f=1|sp=1.5|k=1|tp=A0.5|sl=10|15m,-5.917682108287544e-05,-0.8311290612476256,4436,5682,0.8396518988221509,0.8550629201969089,0.943940041932417
AD|e=E1|f=1|sp=1.5|k=1|tp=A1.0|sl=-|15m,2.0254914954007005e-05,0.12339370656569867,514,717,1.0621089333723341,0.998524265025761,1.0309968914654288
AD|e=E1|f=1|sp=1.5|k=1|tp=A1.0|sl=6|15m,-2.5519684242847014e-05,-0.38408047038039667,3857,5342,0.9280702174000984,0.8207660511302974,1.0987847710285663
AD|e=E1|f=1|sp=1.5|k=1|tp=A1.0|sl=10|15m,-3.281652481250942e-05,-0.38251918555429454,3781,5258,0.8595530513699606,0.9578067911982399,0.9595786354675259
AD|e=E1|f=1|sp=1.5|k=1|tp=A2.0|sl=-|15m,6.612652023348409e-06,0.03949629663974533,226,345,1.0478308451918161,0.9746583037420705,0.9798716163428863
AD|e=E1|f=1|sp=1.5|k=1|tp=A2.0|sl=6|15m,-1.2137567004080365e-05,-0.14096849534729405,3169,4832,0.958817567751275,0.9429531036936074,0.9968392494504533
AD|e=E1|f=1|sp=1.5|k=1|tp=A2.0|sl=10|15m,-2.213271453215367e-05,-0.1977839832973157,3022,4630,0.8402125278420713,0.9995240883789125,0.9917458445509302
AD|e=E1|f=1|sp=1.5|k=2|tp=MID|sl=-|15m,-1.4247376208795234e-05,-0.21101092413739164,3930,6008,0.8562134449041348,0.8984364718640967,1.170720204343323
AD|e=E1|f=1|sp=1.5|k=2|tp=MID|sl=6|15m,-2.264917979249668e-05,-0.36238943031035714,3936,5957,0.8575935861436181,0.8882055505461939,1.116023332077718
AD|e=E1|f=1|sp=1.5|k=2|tp=MID|sl=10|15m,-2.191196925045873e-05,-0.3295591227773158,3930,6000,0.8369553237425076,0.9021762579764466,1.1174206085444622
AD|e=E1|f=1|sp=1.5|k=2|tp=A0.5|sl=-|15m,6.29541244936088e-05,0.3083793449251339,1579,2203,1.2211638512660599,1.0968086952199292,1.0284542858257253
AD|e=E1|f=1|sp=1.5|k=2|tp=A0.5|sl=6|15m,-4.733860972096655e-05,-0.7258466522510583,4483,6243,0.8853192067386734,0.7855837580154049,1.049821726977614
AD|e=E1|f=1|sp=1.5|k=2|tp=A0.5|sl=10|15m,-6.91394238799218e-05,-0.7905996352172624,4452,6249,0.8216780772943242,0.7780697290360412,0.9806336989841825
AD|e=E1|f=1|sp=1.5|k=2|tp=A1.0|sl=-|15m,0.00010163238123924172,0.4621468165747908,1108,1752,1.3312515596161167,1.233609665417083,1.0519521822566793
AD|e=E1|f=1|sp=1.5|k=2|tp=A1.0|sl=6|15m,-3.381278826781325e-05,-0.40672969683850335,3868,6067,0.9348243208230714,0.7901761394656641,1.0633893035579765
AD|e=E1|f=1|sp=1.5|k=2|tp=A1.0|sl=10|15m,-2.0718573128608944e-05,-0.1904211372919869,3818,6036,0.9239393329274446,0.9232509965550554,0.9770014865976012
AD|e=E1|f=1|sp=1.5|k=2|tp=A2.0|sl=-|15m,2.426320208987067e-05,0.09444880608345826,321,593,1.110851112477521,1.0134594857962287,0.9370425305494091
AD|e=E1|f=1|sp=1.5|k=2|tp=A2.0|sl=6|15m,-4.312682165630168e-05,-0.3893325937296525,3177,5797,0.8376200597220247,0.890111355277389,0.9837081960826437
AD|e=E1|f=1|sp=1.5|k=2|tp=A2.0|sl=10|15m,-6.82986927112101e-05,-0.462887300496594,3082,5687,0.7244359835811682,0.9214861362798396,0.9143868932807359
AD|e=E1|f=1|sp=1.5|k=3|tp=MID|sl=-|15m,-1.5560228891165997e-05,-0.21078682006875538,3930,6267,0.8417055491345052,0.8909832068378677,1.1895180115643817
AD|e=E1|f=1|sp=1.5|k=3|tp=MID|sl=6|15m,-1.853429012859754e-05,-0.2874003055562665,3936,6163,0.8357352760316364,0.9161349892595055,1.1272419009090806
AD|e=E1|f=1|sp=1.5|k=3|tp=MID|sl=10|15m,-1.8450951109046706e-05,-0.2559318602050869,3930,6250,0.8177333497892507,0.907055117497891,1.142334044232223
AD|e=E1|f=1|sp=1.5|k=3|tp=A0.5|sl=-|15m,6.804596719079199e-05,0.2519210320341037,1668,2433,1.221071288882907,1.065153563715462,1.0337631889540233
AD|e=E1|f=1|sp=1.5|k=3|tp=A0.5|sl=6|15m,-4.820315226041155e-05,-0.6572749574338042,4480,6487,0.8169912625193346,0.8419208618351036,1.0429488761853363
AD|e=E1|f=1|sp=1.5|k=3|tp=A0.5|sl=10|15m,-6.814859152681917e-05,-0.6780886955511035,4452,6546,0.8241841537280828,0.757960899181284,0.9862249816955037
AD|e=E1|f=1|sp=1.5|k=3|tp=A1.0|sl=-|15m,0.00011493361732076348,0.3868473137437541,1179,1999,1.3942415274236144,1.2348368663817209,1.014629646919897
AD|e=E1|f=1|sp=1.5|k=3|tp=A1.0|sl=6|15m,-3.444275017010487e-05,-0.3574004183972581,3867,6429,0.9073446380772443,0.8646467599847117,0.9822667408161047
AD|e=E1|f=1|sp=1.5|k=3|tp=A1.0|sl=10|15m,-2.5681250517508932e-05,-0.199140869548222,3815,6470,0.9228539177308808,0.9305641042862368,0.9147656083972008
AD|e=E1|f=1|sp=1.5|k=3|tp=A2.0|sl=-|15m,5.4057075065739995e-05,0.15321890043388525,382,782,1.2969648073442641,1.0019300710818206,0.8942581131170899
AD|e=E1|f=1|sp=1.5|k=3|tp=A2.0|sl=6|15m,-6.403878253199859e-05,-0.49492494656683983,3184,6372,0.7765241758618008,0.934052824102539,0.8733358498042642
AD|e=E1|f=1|sp=1.5|k=3|tp=A2.0|sl=10|15m,-3.4336073700700116e-05,-0.19279266134422837,3080,6346,0.712591183408525,1.0969293320654452,0.9278770045325857
AD|e=E1|f=1|sp=2|k=1|tp=MID|sl=-|15m,-2.4426913616096865e-05,-0.4622224654987267,3930,5079,0.8718484656352138,0.9009176766935131,1.0826510871303219
AD|e=E1|f=1|sp=2|k=1|tp=MID|sl=6|15m,-2.93467210230247e-05,-0.6050724763681188,3940,5059,0.8796461205101084,0.896293692040606,1.0433713882948241
AD|e=E1|f=1|sp=2|k=1|tp=MID|sl=10|15m,-3.0051417499575246e-05,-0.5856277861685911,3930,5076,0.8612729502956518,0.8925369305164642,1.0574981687552645
AD|e=E1|f=1|sp=2|k=1|tp=A0.5|sl=-|15m,2.886230322713502e-05,0.19681904702328903,1053,1291,1.1600851727574442,0.9562152583578497,1.0430517441499019
AD|e=E1|f=1|sp=2|k=1|tp=A0.5|sl=6|15m,-5.990085552517952e-05,-1.133471269197548,4463,5455,0.8551338434286733,0.8230542081552631,0.9690707271314761
AD|e=E1|f=1|sp=2|k=1|tp=A0.5|sl=10|15m,-5.788871479438536e-05,-0.8509547345118162,4417,5428,0.8578963473062902,0.8568317159551259,0.9292312760328753
AD|e=E1|f=1|sp=2|k=1|tp=A1.0|sl=-|15m,1.6138757286433455e-05,0.09864128473988176,525,703,1.0631089696934715,0.9962641709365916,1.0074587166427622
AD|e=E1|f=1|sp=2|k=1|tp=A1.0|sl=6|15m,-4.497363707242715e-05,-0.6995277308736655,3835,5053,0.8908557443003211,0.8302323984422771,1.0047340362055774
AD|e=E1|f=1|sp=2|k=1|tp=A1.0|sl=10|15m,-4.456804651902476e-05,-0.5367370425716341,3757,4981,0.8356346148365831,0.9560826519796473,0.9205857958431984
AD|e=E1|f=1|sp=2|k=1|tp=A2.0|sl=-|15m,9.406839319551932e-06,0.05631011196211587,238,352,1.074446219657794,0.9734282554592326,0.9778675495135192
AD|e=E1|f=1|sp=2|k=1|tp=A2.0|sl=6|15m,-3.508168923180043e-05,-0.42052824901215335,3150,4587,0.9104718190040859,0.9195811446537654,0.9386729870356608
AD|e=E1|f=1|sp=2|k=1|tp=A2.0|sl=10|15m,-4.5224735926910326e-05,-0.4195406718688672,3025,4444,0.8197777638339695,0.9440378465701252,0.9388568633283388
AD|e=E1|f=1|sp=2|k=2|tp=MID|sl=-|15m,-2.7866704444640774e-05,-0.45396747020000067,3930,5487,0.8415400948158207,0.8915149750574736,1.1079195429242163
AD|e=E1|f=1|sp=2|k=2|tp=MID|sl=6|15m,-3.4389365747280544e-05,-0.6152297336750275,3938,5412,0.8364686930616858,0.8929698090524764,1.065915017954538
AD|e=E1|f=1|sp=2|k=2|tp=MID|sl=10|15m,-2.91784585892954e-05,-0.4897014587669953,3930,5478,0.8286334536564306,0.8970770306200206,1.0817169804535958
AD|e=E1|f=1|sp=2|k=2|tp=A0.5|sl=-|15m,5.037144300138959e-05,0.23682398819987155,1445,1910,1.1895606225895319,1.0446002991174665,1.0183410360939262
AD|e=E1|f=1|sp=2|k=2|tp=A0.5|sl=6|15m,-7.466409775516653e-05,-1.1290397860124333,4466,5855,0.8516029571822751,0.7678043227760539,0.9485027604611277
AD|e=E1|f=1|sp=2|k=2|tp=A0.5|sl=10|15m,-8.850214074935545e-05,-1.016033771747206,4436,5900,0.7930834809700363,0.7798613183335473,0.8945628552935405
AD|e=E1|f=1|sp=2|k=2|tp=A1.0|sl=-|15m,6.443886960334124e-05,0.27570916605196844,931,1374,1.3329076995090667,1.0519734548953117,0.9743157613083232
AD|e=E1|f=1|sp=2|k=2|tp=A1.0|sl=6|15m,-6.119853518497986e-05,-0.7699629823962341,3840,5598,0.8939534726158728,0.8037779284561157,0.9305454765300867
AD|e=E1|f=1|sp=2|k=2|tp=A1.0|sl=10|15m,-3.67756201906811e-05,-0.3421070623522758,3773,5601,0.8658376809756364,0.9428569674658482,0.9207727035176988
AD|e=E1|f=1|sp=2|k=2|tp=A2.0|sl=-|15m,2.4951608886249396e-05,0.09822514251565113,356,608,1.117945043020919,1.0182031796950555,0.9391667056086204
AD|e=E1|f=1|sp=2|k=2|tp=A2.0|sl=6|15m,-4.638539770661444e-05,-0.438634187325533,3159,5343,0.8582280958905718,0.8984186197216695,0.9418129254511343
AD|e=E1|f=1|sp=2|k=2|tp=A2.0|sl=10|15m,-4.165487656132391e-05,-0.28984589484657447,3064,5316,0.7465083143815334,0.9609273652043302,1.0005370703213559
AD|e=E1|f=1|sp=2|k=3|tp=MID|sl=-|15m,-2.8292960503213464e-05,-0.42986866470213114,3930,5637,0.8451686049530611,0.8877024027155082,1.108236198228906
AD|e=E1|f=1|sp=2|k=3|tp=MID|sl=6|15m,-2.9783499615443546e-05,-0.5388198401120875,3938,5490,0.8347927108323471,0.930217074222938,1.054567031547932
AD|e=E1|f=1|sp=2|k=3|tp=MID|sl=10|15m,-3.625777651214519e-05,-0.546396784734936,3930,5618,0.8494429971830393,0.8760788844466706,1.0630389777667248
AD|e=E1|f=1|sp=2|k=3|tp=A0.5|sl=-|15m,6.524456945698068e-05,0.23615733708797748,1599,2213,1.221306526799144,1.074804881822302,1.0010373536869042
AD|e=E1|f=1|sp=2|k=3|tp=A0.5|sl=6|15m,-7.19972504607356e-05,-1.0201417328625584,4463,5982,0.834974645532359,0.7883582961379283,0.9555117303076565
AD|e=E1|f=1|sp=2|k=3|tp=A0.5|sl=10|15m,-5.8002263595861757e-05,-0.5524234671716206,4424,6124,0.848744333048475,0.805465896166959,1.0019264874765506
AD|e=E1|f=1|sp=2|k=3|tp=A1.0|sl=-|15m,7.888392849356693e-05,0.25468073357327614,1022,1610,1.3827717837074371,1.0855337049537528,0.931779358596024
AD|e=E1|f=1|sp=2|k=3|tp=A1.0|sl=6|15m,-4.6421017184462256e-05,-0.5378994443558313,3838,5793,0.882510601422874,0.8609301995947773,0.960405396909816
AD|e=E1|f=1|sp=2|k=3|tp=A1.0|sl=10|15m,-1.5547626351067175e-05,-0.1218282461505926,3785,5974,0.9279324007428046,1.0506465547484996,0.9011596009788851
AD|e=E1|f=1|sp=2|k=3|tp=A2.0|sl=-|15m,5.7732135292168936e-05,0.16518148015251183,436,823,1.3313775323258425,1.0148828399983385,0.8874147661011667
AD|e=E1|f=1|sp=2|k=3|tp=A2.0|sl=6|15m,-4.4462143324153444e-05,-0.38036549788345214,3160,5655,0.8256010963672902,0.9102408839363284,0.9716686415259506
AD|e=E1|f=1|sp=2|k=3|tp=A2.0|sl=10|15m,-5.243934257393519e-05,-0.2982464534165719,3068,5854,0.7078403304523686,1.2546657565753478,0.7716447798081733
AD|e=E2|f=0|sp=-|k=0|tp=MID|sl=-|15m,-5.285922672400592e-05,-0.9807679885179259,4027,4027,0.906614166649799,0.8440332083403492,0.9395218130761169
AD|e=E2|f=0|sp=-|k=0|tp=MID|sl=6|15m,-8.267017877482468e-05,-1.400143804725469,4841,4841,0.8508044203786287,0.774798213332641,0.9056065215122792
AD|e=E2|f=0|sp=-|k=0|tp=MID|sl=10|15m,-7.011214384147704e-05,-1.208794398410141,4337,4337,0.8667490405427755,0.8099367860050743,0.920025224527682
AD|e=E2|f=0|sp=-|k=0|tp=A0.5|sl=-|15m,-2.6831445064588865e-06,-0.03280070521846369,391,391,1.0163250664716668,0.9822582696153025,0.9759178582659821
AD|e=E2|f=0|sp=-|k=0|tp=A0.5|sl=6|15m,-0.00010734401174043078,-1.9922006831759258,5926,5926,0.7409614209393649,0.7077402671336788,0.9736197799868229
AD|e=E2|f=0|sp=-|k=0|tp=A0.5|sl=10|15m,-0.00010996915396003055,-1.7120602988838494,4982,4982,0.7574266770603787,0.747931295840985,0.8899131937505023
AD|e=E2|f=0|sp=-|k=0|tp=A1.0|sl=-|15m,1.7100420983027151e-06,0.020816473395386195,290,290,1.0432035789431358,0.9878779154318013,0.9716234037250314
AD|e=E2|f=0|sp=-|k=0|tp=A1.0|sl=6|15m,-0.00010425657554459062,-1.5995581224234323,5119,5119,0.7543166856639587,0.7304825311475344,0.9426002287000589
AD|e=E2|f=0|sp=-|k=0|tp=A1.0|sl=10|15m,-9.935279912063178e-05,-1.4163331402000439,4186,4186,0.7999112067286053,0.7689536894846465,0.8747687981834843
AD|e=E2|f=0|sp=-|k=0|tp=A2.0|sl=-|15m,-9.143441225294491e-07,-0.01096609956956027,168,168,1.019163640365507,0.9995133982828592,0.9682387901132945
AD|e=E2|f=0|sp=-|k=0|tp=A2.0|sl=6|15m,-8.459343340421416e-05,-1.0778557746698907,4366,4366,0.811311135897673,0.7521974977809613,0.9590504864075023
AD|e=E2|f=0|sp=-|k=0|tp=A2.0|sl=10|15m,-8.04532688394676e-05,-0.9182138101511653,3382,3382,0.8387095765803823,0.7737273064376654,0.928428840366845
AD|e=E2|f=0|sp=0.5|k=1|tp=MID|sl=-|15m,-6.983235626773532e-05,-0.7705202756896737,4026,6674,0.8607393937422594,0.7997808579399178,0.935498180082598
AD|e=E2|f=0|sp=0.5|k=1|tp=MID|sl=6|15m,-0.00011550183580081458,-1.1957365135715845,4634,7580,0.8048029184151725,0.734221729339173,0.8202651605822531
AD|e=E2|f=0|sp=0.5|k=1|tp=MID|sl=10|15m,-0.00011898723155477169,-1.1717745967595972,4265,7037,0.7756333427229443,0.7273737437514369,0.8402281522407032
AD|e=E2|f=0|sp=0.5|k=1|tp=A0.5|sl=-|15m,1.0891693377521836e-05,0.06521406236129647,608,895,1.0613746176303727,1.0062270545421732,0.9615669855124818
AD|e=E2|f=0|sp=0.5|k=1|tp=A0.5|sl=6|15m,-0.0001311154982958257,-1.5259506622957342,5904,8495,0.7703339746666004,0.5996002772235324,0.9520795717979088
AD|e=E2|f=0|sp=0.5|k=1|tp=A0.5|sl=10|15m,-0.0001630558412589937,-1.5014012492398183,5169,7480,0.740071815170001,0.6390577962866908,0.7568614907090626
AD|e=E2|f=0|sp=0.5|k=1|tp=A1.0|sl=-|15m,8.671276815050095e-06,0.0512166487962265,372,585,1.0526516692280372,0.9801772166014876,0.9821905614637049
AD|e=E2|f=0|sp=0.5|k=1|tp=A1.0|sl=6|15m,-0.0001378105885465582,-1.3410633571652937,5030,7699,0.6645397242847203,0.6896974084923401,0.9164434095885557
AD|e=E2|f=0|sp=0.5|k=1|tp=A1.0|sl=10|15m,-0.00019644909492621597,-1.4929602876030867,4232,6544,0.6600156462721936,0.6212856977013625,0.7053860150688697
AD|e=E2|f=0|sp=0.5|k=1|tp=A2.0|sl=-|15m,1.1791964380663022e-06,0.006900174585895135,198,328,1.0568926383204718,0.9833303231436483,0.9320708392020027
AD|e=E2|f=0|sp=0.5|k=1|tp=A2.0|sl=6|15m,-0.00012497463882441356,-0.9354167143172264,4212,6949,0.6960942968553032,0.6807326006708002,0.950749051789792
AD|e=E2|f=0|sp=0.5|k=1|tp=A2.0|sl=10|15m,-0.00016763731834467,-1.0507488553566746,3305,5515,0.7452725729949482,0.6448453161818628,0.7118161832676433
AD|e=E2|f=0|sp=0.5|k=2|tp=MID|sl=-|15m,-6.980862988116308e-05,-0.5945557383165068,4026,8399,0.8560646183160462,0.7789119562334934,0.9618376366909522
AD|e=E2|f=0|sp=0.5|k=2|tp=MID|sl=6|15m,-0.00014822608203626483,-1.1873868119214352,4525,9221,0.7533013241720307,0.6268312597797181,0.833132419190256
AD|e=E2|f=0|sp=0.5|k=2|tp=MID|sl=10|15m,-0.00014433345511232864,-1.0937533209869164,4212,8712,0.7541302887170673,0.6632787977434117,0.8028660874046277
AD|e=E2|f=0|sp=0.5|k=2|tp=A0.5|sl=-|15m,3.502958578734882e-05,0.14113004799800286,883,1513,1.1512248241183691,1.0587232114414418,0.9313318544196714
AD|e=E2|f=0|sp=0.5|k=2|tp=A0.5|sl=6|15m,-0.00017339524609428803,-1.492647740616397,5870,9728,0.748532617782042,0.5457743557969982,0.822389596775861
AD|e=E2|f=0|sp=0.5|k=2|tp=A0.5|sl=10|15m,-0.00017755715319179538,-1.197695018096467,5219,8776,0.6793995377617551,0.6295809927287583,0.7520647566879194
AD|e=E2|f=0|sp=0.5|k=2|tp=A1.0|sl=-|15m,1.565558571544862e-05,0.0604183211465764,428,813,1.0926804089491085,0.9518817528115181,0.962922484979764
AD|e=E2|f=0|sp=0.5|k=2|tp=A1.0|sl=6|15m,-0.00017256654999837071,-1.2301214821063644,4903,9055,0.7130240651432168,0.5013063600840307,0.9337456192253104
AD|e=E2|f=0|sp=0.5|k=2|tp=A1.0|sl=10|15m,-0.0002135395537641677,-1.2328954492545205,4195,7878,0.7077613124845024,0.4923592834429161,0.727733802958045
AD|e=E2|f=0|sp=0.5|k=2|tp=A2.0|sl=-|15m,2.202946323365982e-05,0.08376570686979962,249,538,1.1373355010365833,0.9846055534050099,0.9321862050642867
AD|e=E2|f=0|sp=0.5|k=2|tp=A2.0|sl=6|15m,-0.00017240218921808754,-0.9438596572302956,4055,8604,0.6011513495728786,0.5158942367920292,1.05593019265615
AD|e=E2|f=0|sp=0.5|k=2|tp=A2.0|sl=10|15m,-0.00019003194813835752,-0.8851520415652723,3287,7055,0.6405915853486294,0.6349501725876244,0.7063246810927062
AD|e=E2|f=0|sp=0.5|k=3|tp=MID|sl=-|15m,-4.5416063937307306e-05,-0.33068111315209714,4026,9526,0.8954761670816508,0.7945070178806066,1.0378522304099942
AD|e=E2|f=0|sp=0.5|k=3|tp=MID|sl=6|15m,-0.00012943067934199272,-0.9313993928197589,4439,10166,0.7722605689999532,0.650793307494068,0.8716979603487207
AD|e=E2|f=0|sp=0.5|k=3|tp=MID|sl=10|15m,-0.00010197065509032559,-0.7101911660917636,4167,9747,0.7859765994303227,0.738949866893346,0.893902390073603
AD|e=E2|f=0|sp=0.5|k=3|tp=A0.5|sl=-|15m,4.778735622930064e-05,0.14340151179247024,1040,1936,1.2033609707979904,1.0564588519171394,0.8926998783817415
AD|e=E2|f=0|sp=0.5|k=3|tp=A0.5|sl=6|15m,-0.00019921732209030705,-1.4899578580667205,5801,10365,0.6981448593949132,0.5406811993698339,0.7499198697298731
AD|e=E2|f=0|sp=0.5|k=3|tp=A0.5|sl=10|15m,-0.0001842773635870248,-1.0014310222383036,5195,9467,0.6833427408891505,0.6346866209999551,0.6924812428195897
AD|e=E2|f=0|sp=0.5|k=3|tp=A1.0|sl=-|15m,6.118556612054425e-05,0.17384771427700027,606,1272,1.138371998969564,1.133198352704912,0.944282778653173
AD|e=E2|f=0|sp=0.5|k=3|tp=A1.0|sl=6|15m,-0.00022919349717512853,-1.3633524232398821,4835,9910,0.6607610128302466,0.4008967400634307,0.872593759239279
AD|e=E2|f=0|sp=0.5|k=3|tp=A1.0|sl=10|15m,-0.0002541811561054307,-1.1528103020157237,4232,8856,0.5938590959456997,0.44053788340314937,0.728166444532647
AD|e=E2|f=0|sp=0.5|k=3|tp=A2.0|sl=-|15m,4.599894694206983e-05,0.126866161845699,296,742,1.1998798093799483,0.9640539726331688,0.9537219635678105
AD|e=E2|f=0|sp=0.5|k=3|tp=A2.0|sl=6|15m,-0.00016069795513522076,-0.7268367255285769,3988,9785,0.7209496275197351,0.42893593704467115,1.104245025300065
AD|e=E2|f=0|sp=0.5|k=3|tp=A2.0|sl=10|15m,-0.0001672937281156222,-0.6073443184773244,3266,8227,0.7247945789919337,0.5763807457348271,0.750135183648232
AD|e=E2|f=0|sp=1|k=1|tp=MID|sl=-|15m,-6.871209909312137e-05,-0.7974344869279025,4026,6237,0.8658406832698035,0.8004758275540345,0.9369249921939306
AD|e=E2|f=0|sp=1|k=1|tp=MID|sl=6|15m,-0.00011566784320568861,-1.2732136825313238,4597,7005,0.807063291073754,0.7208659350839529,0.8339863759085773
AD|e=E2|f=0|sp=1|k=1|tp=MID|sl=10|15m,-0.00012382126032655115,-1.2673736197143917,4251,6545,0.7720203493537412,0.7386859729693097,0.8078658612796473
AD|e=E2|f=0|sp=1|k=1|tp=A0.5|sl=-|15m,9.49702594696317e-06,0.057166834027977655,653,889,1.0503935269397087,1.0151017569954481,0.9550404142944364
AD|e=E2|f=0|sp=1|k=1|tp=A0.5|sl=6|15m,-0.00013173360825825304,-1.6205909363924451,5827,7814,0.7869635060865728,0.6019265247890635,0.9260093654791004
AD|e=E2|f=0|sp=1|k=1|tp=A0.5|sl=10|15m,-0.00014371834304038452,-1.3605041917765779,5077,6882,0.7609646306397644,0.6674989657370318,0.7948768737507306
AD|e=E2|f=0|sp=1|k=1|tp=A1.0|sl=-|15m,6.027295201827062e-06,0.03562139576390595,378,554,1.0504101052885386,0.9757107760583882,0.9729082897099032
AD|e=E2|f=0|sp=1|k=1|tp=A1.0|sl=6|15m,-0.00011240716469723795,-1.1086092451559357,4961,7117,0.7319896495875016,0.6779098287083577,0.9899275999537586
AD|e=E2|f=0|sp=1|k=1|tp=A1.0|sl=10|15m,-0.00016452306231294384,-1.3054010391013224,4202,6102,0.6984906137536305,0.682816957800856,0.7396147922044676
AD|e=E2|f=0|sp=1|k=1|tp=A2.0|sl=-|15m,7.0475610230140445e-06,0.04138281911297082,222,352,1.0972664489835424,0.9819011955551281,0.9324832730191909
AD|e=E2|f=0|sp=1|k=1|tp=A2.0|sl=6|15m,-0.00010990558900756868,-0.8307733434024461,4156,6507,0.7896301913705999,0.6074330782872362,1.0311279070292654
AD|e=E2|f=0|sp=1|k=1|tp=A2.0|sl=10|15m,-0.0001399183955032614,-0.9095800320914673,3275,5184,0.7695809519654638,0.7028705916280524,0.7526687471146719
AD|e=E2|f=0|sp=1|k=2|tp=MID|sl=-|15m,-5.6514167482984703e-05,-0.5262097609233747,4026,7473,0.8917193077841755,0.782533567764043,1.0016917143626414
AD|e=E2|f=0|sp=1|k=2|tp=MID|sl=6|15m,-0.00011707896293996588,-1.0599906669861425,4470,8043,0.7930267074137879,0.6862623362852242,0.8815062291838289
AD|e=E2|f=0|sp=1|k=2|tp=MID|sl=10|15m,-0.00011239587040131553,-0.9495626170639281,4185,7687,0.8195726464785539,0.677914451570077,0.8856738008581675
AD|e=E2|f=0|sp=1|k=2|tp=A0.5|sl=-|15m,2.0593358614175557e-05,0.08250492789442516,862,1318,1.0685490247723963,1.0469073793952954,0.9275346323747905
AD|e=E2|f=0|sp=1|k=2|tp=A0.5|sl=6|15m,-0.0001716953463306721,-1.5580433985732731,5710,8573,0.7195659274664151,0.6104841370107119,0.7745201519379148
AD|e=E2|f=0|sp=1|k=2|tp=A0.5|sl=10|15m,-0.00015963715223742865,-1.1147380963517497,5108,7791,0.7235208737318651,0.6465539716165415,0.7689838863134701
AD|e=E2|f=0|sp=1|k=2|tp=A1.0|sl=-|15m,1.1204202700083486e-05,0.04345248131267551,436,757,1.0865682820297202,0.9392389428008432,0.9552700573290114
AD|e=E2|f=0|sp=1|k=2|tp=A1.0|sl=6|15m,-0.00016499269092619216,-1.2531876379482154,4830,8032,0.6959717541705805,0.5336111631975475,0.946475170022075
AD|e=E2|f=0|sp=1|k=2|tp=A1.0|sl=10|15m,-0.00018184669519263376,-1.0681091957398563,4155,7052,0.6796448347607837,0.4945389295452286,0.9203478875628699
AD|e=E2|f=0|sp=1|k=2|tp=A2.0|sl=-|15m,3.20441806530513e-05,0.12125518525006647,282,570,1.131766370420695,0.9841140035330349,0.9961441825879608
AD|e=E2|f=0|sp=1|k=2|tp=A2.0|sl=6|15m,-0.00015252240486934455,-0.89229656451144,4008,7733,0.6802813895266633,0.538502479876322,1.0202452029752724
AD|e=E2|f=0|sp=1|k=2|tp=A2.0|sl=10|15m,-0.00018092077230203135,-0.8554494625051642,3229,6392,0.6398362203972416,0.5907113065117207,0.8068728297750902
AD|e=E2|f=0|sp=1|k=3|tp=MID|sl=-|15m,-2.6681103614698155e-05,-0.21863326165624775,4026,8146,0.9414603607867277,0.8082925679216042,1.0970466386414033
AD|e=E2|f=0|sp=1|k=3|tp=MID|sl=6|15m,-9.150644200026964e-05,-0.782019965862889,4409,8546,0.8062220274194027,0.7026275138093302,0.9893509789160579
AD|e=E2|f=0|sp=1|k=3|tp=MID|sl=10|15m,-6.652577166877747e-05,-0.5277812521782954,4154,8298,0.8648084408492197,0.7411307704132148,1.01641857067376
AD|e=E2|f=0|sp=1|k=3|tp=A0.5|sl=-|15m,2.8376456684013133e-05,0.0843475261563623,986,1628,1.099643773959065,1.0337246942286755,0.8824906401086291
AD|e=E2|f=0|sp=1|k=3|tp=A0.5|sl=6|15m,-0.0001575194970210758,-1.2976218098456194,5634,8951,0.7678716489288553,0.6021191463141183,0.7970273337813437
AD|e=E2|f=0|sp=1|k=3|tp=A0.5|sl=10|15m,-0.00015766681354291182,-0.9864503001759805,5047,8247,0.7914418120117227,0.6061835347477044,0.7473024209636201
AD|e=E2|f=0|sp=1|k=3|tp=A1.0|sl=-|15m,5.1255462975389474e-05,0.14594892334265133,624,1167,1.1142224901700915,1.1124123827106267,0.9245817518824194
AD|e=E2|f=0|sp=1|k=3|tp=A1.0|sl=6|15m,-0.00019517759053838034,-1.2186682438324132,4749,8555,0.7093772108731589,0.4959816834331778,0.8154138206814798
AD|e=E2|f=0|sp=1|k=3|tp=A1.0|sl=10|15m,-0.00023421046400252295,-1.1144724670410364,4154,7722,0.6604840495473576,0.4247384911476899,0.77236607257546
AD|e=E2|f=0|sp=1|k=3|tp=A2.0|sl=-|15m,4.3737601045276814e-05,0.120681312479052,311,707,1.1711643349678074,0.9617650083333154,0.9666791646560453
AD|e=E2|f=0|sp=1|k=3|tp=A2.0|sl=6|15m,-0.00019584624152408337,-0.9588733253158885,3922,8467,0.7022507623637907,0.46007607015538865,0.8632717247419652
AD|e=E2|f=0|sp=1|k=3|tp=A2.0|sl=10|15m,-9.985777865101787e-05,-0.3775774933063886,3206,7238,0.8573205053728646,0.5360683598496606,1.0410655007643466
AD|e=E2|f=0|sp=1.5|k=1|tp=MID|sl=-|15m,-6.362523492664287e-05,-0.7701525111324391,4027,5895,0.877169700454985,0.7992106599211727,0.9564670505403102
AD|e=E2|f=0|sp=1.5|k=1|tp=MID|sl=6|15m,-0.00010617792512774345,-1.2410025339110209,4573,6559,0.8105550251253703,0.7216855698862041,0.8806962427077399
AD|e=E2|f=0|sp=1.5|k=1|tp=MID|sl=10|15m,-0.0001178854763471712,-1.2483649542340212,4238,6155,0.7808415605105595,0.7371244381669199,0.8309370449840652
AD|e=E2|f=0|sp=1.5|k=1|tp=A0.5|sl=-|15m,6.9416119030524655e-06,0.042208393199630996,682,888,1.0382737509933915,1.0114374383359326,0.9553424651877261
AD|e=E2|f=0|sp=1.5|k=1|tp=A0.5|sl=6|15m,-0.00014656399490412092,-1.7748130543308664,5732,7321,0.7615827145511769,0.6188614263373025,0.8487684622851537
AD|e=E2|f=0|sp=1.5|k=1|tp=A0.5|sl=10|15m,-0.00014793554138499792,-1.4259609691801631,5058,6530,0.7341202446949078,0.6594792079788764,0.8123888290404655
AD|e=E2|f=0|sp=1.5|k=1|tp=A1.0|sl=-|15m,8.37631997250434e-06,0.0499625911854325,397,555,1.066439049968941,0.971515566521534,0.9769884999549835
AD|e=E2|f=0|sp=1.5|k=1|tp=A1.0|sl=6|15m,-0.00010289373647466606,-1.0442297415014117,4895,6691,0.7527446355492708,0.666378488323208,1.0396259605360443
AD|e=E2|f=0|sp=1.5|k=1|tp=A1.0|sl=10|15m,-0.00015648988476003615,-1.265377820809382,4143,5736,0.7125425976426836,0.6572797425189094,0.7922637297257137
AD|e=E2|f=0|sp=1.5|k=1|tp=A2.0|sl=-|15m,7.519917216595076e-06,0.0442600081019067,236,360,1.0972794368936003,0.9848219897556248,0.9324079678411142
AD|e=E2|f=0|sp=1.5|k=1|tp=A2.0|sl=6|15m,-9.454952626077044e-05,-0.7508273364048788,4090,6148,0.7432013356726056,0.6388881327027993,1.1474394978971598
AD|e=E2|f=0|sp=1.5|k=1|tp=A2.0|sl=10|15m,-0.00015572364855557714,-1.026835682774343,3244,4927,0.7407775728160927,0.7248432741211748,0.688236324094689
AD|e=E2|f=0|sp=1.5|k=2|tp=MID|sl=-|15m,-4.551707138620587e-05,-0.4628546411009342,4026,6759,0.9042932284246082,0.7922794038427353,1.0413713287891286
AD|e=E2|f=0|sp=1.5|k=2|tp=MID|sl=6|15m,-0.0001050834816128958,-1.0679490850998226,4452,7176,0.8029602427359604,0.7107244740318985,0.9045142276965171
AD|e=E2|f=0|sp=1.5|k=2|tp=MID|sl=10|15m,-8.84777971586387e-05,-0.8302965216659774,4165,6916,0.8643569599873046,0.7062193920034566,0.9329456850093474
AD|e=E2|f=0|sp=1.5|k=2|tp=A0.5|sl=-|15m,1.9378721497743803e-05,0.07837589291436954,925,1332,1.0825688041734605,1.028575772855859,0.9219422014367423
AD|e=E2|f=0|sp=1.5|k=2|tp=A0.5|sl=6|15m,-0.0001562383840600954,-1.5326905638899666,5594,7799,0.723646403258999,0.6045309289333346,0.8555055556404803
AD|e=E2|f=0|sp=1.5|k=2|tp=A0.5|sl=10|15m,-0.0001391680622353423,-1.0768600483640027,4984,7121,0.693139424958159,0.5854575183529821,1.0115790177759523
AD|e=E2|f=0|sp=1.5|k=2|tp=A1.0|sl=-|15m,4.0747885926225055e-05,0.15930066104426266,605,964,1.12012392525231,1.102939101855015,0.9460248160242498
AD|e=E2|f=0|sp=1.5|k=2|tp=A1.0|sl=6|15m,-0.00018247183127059405,-1.4635357381070262,4748,7312,0.7329424389398765,0.5478786177150956,0.7856555849861024
AD|e=E2|f=0|sp=1.5|k=2|tp=A1.0|sl=10|15m,-0.000159754693469034,-0.9853787660395998,4122,6518,0.7639200976501396,0.5098829986017067,0.9114128445726944
AD|e=E2|f=0|sp=1.5|k=2|tp=A2.0|sl=-|15m,3.511149436561989e-05,0.13375283834655546,303,569,1.175069875744259,0.9794629576947979,0.9785863461791207
AD|e=E2|f=0|sp=1.5|k=2|tp=A2.0|sl=6|15m,-0.00015558324247047658,-0.9810491325396118,3957,7052,0.7527255427532589,0.6042535588573449,0.8076329440931113
AD|e=E2|f=0|sp=1.5|k=2|tp=A2.0|sl=10|15m,-0.00013541143919983988,-0.667279814752598,3213,5943,0.7714726323895368,0.648059259818743,0.8073901872230488
AD|e=E2|f=0|sp=1.5|k=3|tp=MID|sl=-|15m,-2.920440527377203e-05,-0.2685254661161229,4026,7136,0.9373590822101503,0.8117251039915732,1.0795886321945298
AD|e=E2|f=0|sp=1.5|k=3|tp=MID|sl=6|15m,-9.785333712077667e-05,-0.9399868499003067,4406,7384,0.8195034510485563,0.7075615284934064,0.928789320156147
AD|e=E2|f=0|sp=1.5|k=3|tp=MID|sl=10|15m,-6.790550390605342e-05,-0.5994851778644741,4140,7235,0.8887634853330366,0.709083500894823,1.0223145623232164
AD|e=E2|f=0|sp=1.5|k=3|tp=A0.5|sl=-|15m,2.429900770541059e-05,0.07196799414542318,1003,1541,1.0514769687813705,1.0150700205375465,0.9132746957926801
AD|e=E2|f=0|sp=1.5|k=3|tp=A0.5|sl=6|15m,-0.00014754713554119845,-1.3021864032046633,5526,8027,0.657063157539846,0.5997027256248929,0.9954782674002665
AD|e=E2|f=0|sp=1.5|k=3|tp=A0.5|sl=10|15m,-0.00012897613361125636,-0.8766202002716171,4919,7434,0.7091873929399651,0.6262788429764898,0.9738195070213472
AD|e=E2|f=0|sp=1.5|k=3|tp=A1.0|sl=-|15m,4.2104087666968833e-05,0.1207086182944197,645,1111,1.1060093596185214,1.0847062283038382,0.9029796786333905
AD|e=E2|f=0|sp=1.5|k=3|tp=A1.0|sl=6|15m,-0.0001767893141465295,-1.2256176141662296,4667,7599,0.6900405825784975,0.5584943237307465,0.8391463202539545
AD|e=E2|f=0|sp=1.5|k=3|tp=A1.0|sl=10|15m,-0.00016650387986073391,-0.8585861640715604,4060,6949,0.8064957065851807,0.5099005642591289,0.8119085018694867
AD|e=E2|f=0|sp=1.5|k=3|tp=A2.0|sl=-|15m,5.1315181240791485e-05,0.1417879172470439,344,716,1.2373110208549385,0.9641806255558566,0.9512727416294493
AD|e=E2|f=0|sp=1.5|k=3|tp=A2.0|sl=6|15m,-0.00019049035070775122,-1.0373223802766676,3850,7432,0.6983745074857999,0.5810381333161142,0.7176184936343242
AD|e=E2|f=0|sp=1.5|k=3|tp=A2.0|sl=10|15m,-0.0001154057163323061,-0.4652288938413733,3192,6589,0.8433481902821808,0.6370138070255957,0.8188765743908687
AD|e=E2|f=0|sp=2|k=1|tp=MID|sl=-|15m,-5.6896291135623556e-05,-0.719688554937226,4027,5606,0.9008538348014988,0.8029791074902014,0.9673023035526226
AD|e=E2|f=0|sp=2|k=1|tp=MID|sl=6|15m,-9.171017058460242e-05,-1.1502501832982315,4548,6173,0.8293484572936757,0.7464997528030686,0.9112657602642824
AD|e=E2|f=0|sp=2|k=1|tp=MID|sl=10|15m,-0.00010510359770637842,-1.1701683420397777,4223,5833,0.8292618695685013,0.7204933445317712,0.8674682968564088
AD|e=E2|f=0|sp=2|k=1|tp=A0.5|sl=-|15m,1.3831877039034396e-05,0.0845510099721706,765,964,1.0461604369065547,1.0433213780083108,0.9589486690534587
AD|e=E2|f=0|sp=2|k=1|tp=A0.5|sl=6|15m,-0.00013565015997607757,-1.6676478828838806,5658,6968,0.7580190035084446,0.652875577516058,0.8651892928367727
AD|e=E2|f=0|sp=2|k=1|tp=A0.5|sl=10|15m,-0.00014319878629175497,-1.3974743470648432,5000,6234,0.7199348093027655,0.7146687739102004,0.7873183034978628
AD|e=E2|f=0|sp=2|k=1|tp=A1.0|sl=-|15m,1.0851656938177368e-05,0.06497989839799381,430,587,1.087548931896839,0.9672574263462668,0.9772697951274822
AD|e=E2|f=0|sp=2|k=1|tp=A1.0|sl=6|15m,-0.00011689926962897687,-1.2262064082042194,4825,6347,0.7773745564207918,0.6388058627909234,0.9646797308327439
AD|e=E2|f=0|sp=2|k=1|tp=A1.0|sl=10|15m,-0.00016041099289832992,-1.363094725877504,4077,5445,0.7613682661491259,0.6042607216569776,0.7890904474515134
AD|e=E2|f=0|sp=2|k=1|tp=A2.0|sl=-|15m,1.173122884838272e-05,0.06894316468309354,256,384,1.1172154333951954,0.9896198500149319,0.9351436757559076
AD|e=E2|f=0|sp=2|k=1|tp=A2.0|sl=6|15m,-0.00010649664073433391,-0.8620610215022767,4038,5837,0.7344952453785056,0.6183386342478813,1.1159913996785256
AD|e=E2|f=0|sp=2|k=1|tp=A2.0|sl=10|15m,-0.0001419999008654609,-0.9600709920376712,3189,4688,0.7484666297977829,0.74513932251322,0.7222830259066443
AD|e=E2|f=0|sp=2|k=2|tp=MID|sl=-|15m,-3.685775555044137e-05,-0.4043461233274207,4026,6227,0.9392021322206547,0.8033767173973463,1.0456894612684924
AD|e=E2|f=0|sp=2|k=2|tp=MID|sl=6|15m,-9.439724852157373e-05,-1.0300939172009271,4445,6528,0.8308121154934548,0.712436962510931,0.9341244523814739
AD|e=E2|f=0|sp=2|k=2|tp=MID|sl=10|15m,-8.766953618416504e-05,-0.8581035536932445,4162,6346,0.8619357101726871,0.7071586768849355,0.94157261130515
AD|e=E2|f=0|sp=2|k=2|tp=A0.5|sl=-|15m,1.6793569828636493e-05,0.06692106033418876,844,1158,1.0347277904196321,1.0299991030227484,0.9470538913291424
AD|e=E2|f=0|sp=2|k=2|tp=A0.5|sl=6|15m,-0.00014918676282456964,-1.5111056711041468,5509,7256,0.7098698108629649,0.6584733487761656,0.8375604395064048
AD|e=E2|f=0|sp=2|k=2|tp=A0.5|sl=10|15m,-0.00012732546984399102,-1.0320553593618649,4887,6642,0.714472934275108,0.6929065919152514,0.8940427609474763
AD|e=E2|f=0|sp=2|k=2|tp=A1.0|sl=-|15m,2.764231613049567e-05,0.1089268285755407,595,899,1.1074581178210103,1.0266340173513067,0.9496697272926209
AD|e=E2|f=0|sp=2|k=2|tp=A1.0|sl=6|15m,-0.00017363911008813442,-1.4560558806480612,4671,6755,0.6868456087650899,0.6311437333085308,0.7707827128561524
AD|e=E2|f=0|sp=2|k=2|tp=A1.0|sl=10|15m,-0.00014520205375775772,-0.9412912195126876,4064,6099,0.8168251223463509,0.5381724618650935,0.8877062744955942
AD|e=E2|f=0|sp=2|k=2|tp=A2.0|sl=-|15m,2.8222087855159883e-05,0.10752379869706453,305,542,1.189215749868262,0.9816336464713151,0.9237835830174346
AD|e=E2|f=0|sp=2|k=2|tp=A2.0|sl=6|15m,-0.00015541917298405062,-1.0174491235686136,3889,6430,0.754665287243399,0.6399008762969841,0.7640330077628135
AD|e=E2|f=0|sp=2|k=2|tp=A2.0|sl=10|15m,-0.00012102867793615466,-0.6008577181686804,3151,5507,0.8157951786823143,0.7503700333071646,0.7228712893149895
AD|e=E2|f=0|sp=2|k=3|tp=MID|sl=-|15m,-3.2154854470272333e-05,-0.3251752086465533,4026,6451,0.9427519221672995,0.8091677532353516,1.0615865422947444
AD|e=E2|f=0|sp=2|k=3|tp=MID|sl=6|15m,-9.337420419047226e-05,-0.969665623068058,4410,6606,0.8434271441494418,0.7012821404579272,0.9394719374045796
AD|e=E2|f=0|sp=2|k=3|tp=MID|sl=10|15m,-8.623739217974389e-05,-0.7760458540335006,4137,6517,0.8503765655536173,0.7007840888457496,0.9683334792828888
AD|e=E2|f=0|sp=2|k=3|tp=A0.5|sl=-|15m,2.290247788048325e-05,0.06861355723125878,992,1435,1.0315036371663036,1.0319992335477082,0.9112011494071443
AD|e=E2|f=0|sp=2|k=3|tp=A0.5|sl=6|15m,-0.0001688973507350035,-1.5450407156948922,5470,7375,0.6507080293502778,0.6361279715845989,0.8329144731698969
AD|e=E2|f=0|sp=2|k=3|tp=A0.5|sl=10|15m,-0.00016415737233619506,-1.092152233441484,4872,6899,0.7042166714263461,0.6448489614885297,0.766496684237588
AD|e=E2|f=0|sp=2|k=3|tp=A1.0|sl=-|15m,3.783007390192073e-05,0.10911900241330556,651,1053,1.0907646704875493,1.0157185167457945,0.9546111709867835
AD|e=E2|f=0|sp=2|k=3|tp=A1.0|sl=6|15m,-0.00017577707330206262,-1.3290000972800027,4604,6885,0.7067914987500218,0.5894606836650389,0.7864374884241502
AD|e=E2|f=0|sp=2|k=3|tp=A1.0|sl=10|15m,-0.00017034264448401518,-0.8927034425796053,4026,6415,0.845153131647222,0.4676502917976388,0.8266472365959793
AD|e=E2|f=0|sp=2|k=3|tp=A2.0|sl=-|15m,3.488980284786201e-05,0.09638580316780865,325,633,1.1801149763673935,0.9467323913528409,0.9161788767764483
AD|e=E2|f=0|sp=2|k=3|tp=A2.0|sl=6|15m,-0.0001549101911173054,-0.9079994962927772,3797,6610,0.6822354124167634,0.6439698955085952,0.8336980482741171
AD|e=E2|f=0|sp=2|k=3|tp=A2.0|sl=10|15m,-0.00013053942535657387,-0.5341887488442739,3115,5958,0.7035042228104864,0.5844733440573062,0.9809775156429659
AD|e=E2|f=1|sp=-|k=0|tp=MID|sl=-|15m,-6.267080169833172e-07,-0.04086509633182354,502,502,0.9783765685745729,0.9924427758460131,1.026537196137494
AD|e=E2|f=1|sp=-|k=0|tp=MID|sl=6|15m,-5.266817310786436e-07,-0.0370144242471862,504,504,0.9878649680672732,0.9888208696383551,1.021084861840907
AD|e=E2|f=1|sp=-|k=0|tp=MID|sl=10|15m,-1.3742709271830853e-06,-0.09405958648151956,502,502,0.9770796290520728,0.9885503288920152,1.027212276963376
AD|e=E2|f=1|sp=-|k=0|tp=A0.5|sl=-|15m,1.541573656544288e-05,0.2865840423743359,320,320,1.0215452336870854,1.0271807100051948,1.0427970774476705
AD|e=E2|f=1|sp=-|k=0|tp=A0.5|sl=6|15m,-3.5254553597460077e-06,-0.3138436839734485,558,558,0.9875616655734557,0.9831050372612462,1.0078888769609775
AD|e=E2|f=1|sp=-|k=0|tp=A0.5|sl=10|15m,-9.611583612971594e-06,-0.6804063767994748,557,557,0.9789206482053873,0.9709837382947079,0.9913148540296806
AD|e=E2|f=1|sp=-|k=0|tp=A1.0|sl=-|15m,2.561176669488992e-05,0.4637234111447054,292,292,1.0431100548232972,1.0478935914756988,1.0661926545807807
AD|e=E2|f=1|sp=-|k=0|tp=A1.0|sl=6|15m,1.7877404719590181e-06,0.12712113053685167,519,519,1.0063884209349117,0.983997467421209,1.021319285022445
AD|e=E2|f=1|sp=-|k=0|tp=A1.0|sl=10|15m,-2.1366757597900006e-06,-0.12657510051463033,517,517,0.9975055599504608,0.985041029659948,1.0044156566304274
AD|e=E2|f=1|sp=-|k=0|tp=A2.0|sl=-|15m,1.8191419495063275e-05,0.29815872377198294,194,194,1.0686770472344644,1.04315681768961,0.9962029310698469
AD|e=E2|f=1|sp=-|k=0|tp=A2.0|sl=6|15m,7.844489603961158e-06,0.4150720250295441,503,503,1.011860680666701,0.9892611914055194,1.048345815939451
AD|e=E2|f=1|sp=-|k=0|tp=A2.0|sl=10|15m,9.432829118391348e-06,0.41586530791974347,501,501,1.0272401120611971,0.9934812231332162,1.0379760894638057
AD|e=E2|f=1|sp=0.5|k=1|tp=MID|sl=-|15m,7.833209032173735e-08,0.0030008624908912083,502,827,0.9563580383119147,0.9993755873257977,1.0465007168939384
AD|e=E2|f=1|sp=0.5|k=1|tp=MID|sl=6|15m,2.7301424222547116e-06,0.12124920030367499,503,826,0.9765673218149038,0.997422042268641,1.0440388031188876
AD|e=E2|f=1|sp=0.5|k=1|tp=MID|sl=10|15m,1.0380989841618269e-06,0.042910432008426105,502,826,0.9646173086163486,0.9955911126604396,1.0477685313157483
AD|e=E2|f=1|sp=0.5|k=1|tp=A0.5|sl=-|15m,2.3955588575518307e-05,0.23781777651194164,336,464,1.0246337198007753,1.0317571366886038,1.0759526250679472
AD|e=E2|f=1|sp=0.5|k=1|tp=A0.5|sl=6|15m,-2.587010001565954e-06,-0.1529446611285962,560,789,0.9827573077818288,0.9636562364542893,1.0387976565663946
AD|e=E2|f=1|sp=0.5|k=1|tp=A0.5|sl=10|15m,-8.673801562121951e-06,-0.3878763982249444,559,789,0.9612066510951603,0.9387817645438209,1.0493709552848514
AD|e=E2|f=1|sp=0.5|k=1|tp=A1.0|sl=-|15m,4.013469848559079e-05,0.3546275413439003,294,436,1.0615711888110608,1.0708290464788415,1.1014333909612466
AD|e=E2|f=1|sp=0.5|k=1|tp=A1.0|sl=6|15m,-4.302551355086729e-06,-0.17521760292108202,520,790,0.9952675990001548,0.9701152173405124,1.0078220841700156
AD|e=E2|f=1|sp=0.5|k=1|tp=A1.0|sl=10|15m,-1.0311316139511964e-05,-0.3191605412110229,519,790,0.9862715823566119,0.9453858145937413,1.0042577348611648
AD|e=E2|f=1|sp=0.5|k=1|tp=A2.0|sl=-|15m,3.060553177961061e-05,0.24686736094243655,196,314,1.1222970406650052,1.0740308958383584,0.9742109087013587
AD|e=E2|f=1|sp=0.5|k=1|tp=A2.0|sl=6|15m,1.3740680271074769e-05,0.4009895371674999,503,829,1.0387313904083753,0.9925161645170777,1.0543053088248708
AD|e=E2|f=1|sp=0.5|k=1|tp=A2.0|sl=10|15m,1.560719656076567e-05,0.371371871864429,502,829,1.049373762913331,0.9897455204320181,1.056795601977458
AD|e=E2|f=1|sp=0.5|k=2|tp=MID|sl=-|15m,1.0922268237685182e-06,0.03218237676255735,502,1039,0.940326508391972,1.0101245336652094,1.0586453792021602
AD|e=E2|f=1|sp=0.5|k=2|tp=MID|sl=6|15m,5.8820872125382045e-06,0.21485436572120212,503,1033,0.9641901448823983,1.0100488874299256,1.0640905218652916
AD|e=E2|f=1|sp=0.5|k=2|tp=MID|sl=10|15m,7.658062372497809e-07,0.02427742856126995,502,1037,0.9484606038332286,1.000247111518183,1.0579057015347646
AD|e=E2|f=1|sp=0.5|k=2|tp=A0.5|sl=-|15m,3.204579982192294e-05,0.2145198655204667,357,561,1.024030176797464,1.0452089999505685,1.0957339964419248
AD|e=E2|f=1|sp=0.5|k=2|tp=A0.5|sl=6|15m,-6.633414938737516e-06,-0.28058654523690985,561,916,0.9694020459824437,0.9653082293903723,1.0247692491955407
AD|e=E2|f=1|sp=0.5|k=2|tp=A0.5|sl=10|15m,-1.5253170166083327e-07,-0.005042962997564154,560,918,0.9460966725967017,0.9704917264076517,1.0859820724472375
AD|e=E2|f=1|sp=0.5|k=2|tp=A1.0|sl=-|15m,5.474090060593078e-05,0.32858058989101124,304,542,1.0680026821143158,1.0905048877444083,1.1443157540537818
AD|e=E2|f=1|sp=0.5|k=2|tp=A1.0|sl=6|15m,-4.900473735807357e-06,-0.15010386894211833,520,957,0.9934301535637745,0.9605723666939627,1.0147531314955067
AD|e=E2|f=1|sp=0.5|k=2|tp=A1.0|sl=10|15m,-7.833617223137447e-06,-0.1790945105491841,519,959,0.9605718004865194,0.9146712899857478,1.0796964350365634
AD|e=E2|f=1|sp=0.5|k=2|tp=A2.0|sl=-|15m,3.934219737075966e-05,0.20402772168864636,199,401,1.1502676433764882,1.0883436148569463,0.9511406560402064
AD|e=E2|f=1|sp=0.5|k=2|tp=A2.0|sl=6|15m,1.4493451606668824e-05,0.3112570551695501,504,1065,1.0433481573050318,1.0014771689065172,1.0425418005057236
AD|e=E2|f=1|sp=0.5|k=2|tp=A2.0|sl=10|15m,2.0126806503237065e-05,0.33875836071365956,503,1070,1.0434259871455525,0.9793149810076515,1.0993651251841048
AD|e=E2|f=1|sp=0.5|k=3|tp=MID|sl=-|15m,3.428697186440857e-06,0.08625833796686902,502,1172,0.9320297496117541,1.0152871716064695,1.077161827574277
AD|e=E2|f=1|sp=0.5|k=3|tp=MID|sl=6|15m,6.988248629236628e-06,0.21830006504135746,503,1161,0.9520923497844287,1.0144416855145282,1.079553981147671
AD|e=E2|f=1|sp=0.5|k=3|tp=MID|sl=10|15m,4.439813358359854e-06,0.11915207053831922,502,1168,0.9361422483833706,1.02115314810857,1.0731320588125906
AD|e=E2|f=1|sp=0.5|k=3|tp=A0.5|sl=-|15m,3.7060761886299046e-05,0.1855843208919987,372,634,1.013568485901349,1.0543886982356574,1.1019266621112414
AD|e=E2|f=1|sp=0.5|k=3|tp=A0.5|sl=6|15m,-5.39734085504171e-06,-0.19446899156744957,561,995,0.9379447342915661,0.9935616797174123,1.0362244847122708
AD|e=E2|f=1|sp=0.5|k=3|tp=A0.5|sl=10|15m,2.2933075097297826e-06,0.062498377287138224,560,999,0.9023689315530462,1.0381728560601233,1.0795340920343712
AD|e=E2|f=1|sp=0.5|k=3|tp=A1.0|sl=-|15m,7.142221331814228e-05,0.33041336999865156,321,635,1.0633292389089675,1.1278515748198894,1.1908803505571344
AD|e=E2|f=1|sp=0.5|k=3|tp=A1.0|sl=6|15m,-8.455733197407791e-07,-0.02241837436068909,520,1070,0.9499662634646568,0.9241742255160581,1.1295964880026428
AD|e=E2|f=1|sp=0.5|k=3|tp=A1.0|sl=10|15m,-5.2695213636651206e-06,-0.10383640291578795,519,1075,0.9248758072644937,0.8729317692844407,1.1921307551463267
AD|e=E2|f=1|sp=0.5|k=3|tp=A2.0|sl=-|15m,0.00010673851859188636,0.423272727529457,245,570,1.1777908298729491,1.0977064999640296,1.3298907601580785
AD|e=E2|f=1|sp=0.5|k=3|tp=A2.0|sl=6|15m,7.478362720403793e-06,0.14009355375115518,504,1237,1.0251639094350689,0.944111335275575,1.0752831973215766
AD|e=E2|f=1|sp=0.5|k=3|tp=A2.0|sl=10|15m,1.1677761174644453e-05,0.15978445286168494,503,1248,1.0045394012754727,0.9312387557309049,1.1339278642442514
AD|e=E2|f=1|sp=1|k=1|tp=MID|sl=-|15m,-1.4726347175668594e-06,-0.058996473438884804,502,765,0.9507307346393601,1.0035491412345166,1.038471340019333
AD|e=E2|f=1|sp=1|k=1|tp=MID|sl=6|15m,8.90165816174024e-07,0.0426107479957758,503,763,0.9674636196953875,1.0023952097006306,1.036929561450038
AD|e=E2|f=1|sp=1|k=1|tp=MID|sl=10|15m,-7.689432025532551e-07,-0.033309961458507724,502,764,0.9576184318463956,0.9995379839003049,1.0397294270136872
AD|e=E2|f=1|sp=1|k=1|tp=A0.5|sl=-|15m,2.3645949292897807e-05,0.24108800150876677,347,451,1.0241576232431449,1.0377440187538929,1.0699813463068002
AD|e=E2|f=1|sp=1|k=1|tp=A0.5|sl=6|15m,-3.373926839499717e-06,-0.2014964191909486,560,743,0.9871546537958018,0.9639944428550372,1.028836112235593
AD|e=E2|f=1|sp=1|k=1|tp=A0.5|sl=10|15m,-5.50948483726555e-06,-0.2500166733929936,559,744,0.9694262755186261,0.9582878855773969,1.0395314030858858
AD|e=E2|f=1|sp=1|k=1|tp=A1.0|sl=-|15m,4.055494172224663e-05,0.37824549593890516,304,423,1.0543959256592275,1.0706570630315533,1.1143782568024807
AD|e=E2|f=1|sp=1|k=1|tp=A1.0|sl=6|15m,2.2372137623769374e-06,0.10120351300879227,519,739,0.9971613332208866,0.9849899840705093,1.031735788649018
AD|e=E2|f=1|sp=1|k=1|tp=A1.0|sl=10|15m,-1.6689364771599362e-06,-0.05511006753927503,518,740,0.9888021327790993,0.9643203970460413,1.0362062950932098
AD|e=E2|f=1|sp=1|k=1|tp=A2.0|sl=-|15m,2.8168740012398102e-05,0.2272697784709202,197,296,1.1124041516144312,1.0636169566179263,0.9777043086259396
AD|e=E2|f=1|sp=1|k=1|tp=A2.0|sl=6|15m,1.3257826696329436e-05,0.4078360177369992,504,785,1.0321769158981873,0.9960305499446636,1.054350166268552
AD|e=E2|f=1|sp=1|k=1|tp=A2.0|sl=10|15m,1.2746720263470021e-05,0.3110188142525093,503,786,1.0430237286568889,0.9897899963440844,1.0447961382475626
AD|e=E2|f=1|sp=1|k=2|tp=MID|sl=-|15m,-2.7825115352134795e-06,-0.0888600400839003,502,902,0.9365648625459407,1.004581920854779,1.043909606304183
AD|e=E2|f=1|sp=1|k=2|tp=MID|sl=6|15m,-1.8469929905396384e-07,-0.007379811909873051,503,893,0.9573676942855869,0.9963269056204368,1.0468107005204752
AD|e=E2|f=1|sp=1|k=2|tp=MID|sl=10|15m,-2.8584114406128656e-06,-0.09872696317574153,502,899,0.9390509676422651,1.0022561719518255,1.043180224551108
AD|e=E2|f=1|sp=1|k=2|tp=A0.5|sl=-|15m,2.864845027537707e-05,0.19955295059077544,370,534,1.0152833073310958,1.0472318539387317,1.0847181901477945
AD|e=E2|f=1|sp=1|k=2|tp=A0.5|sl=6|15m,-2.151099951803794e-06,-0.10345395945081398,560,831,0.9796422427489335,0.9820049024215923,1.025010294346143
AD|e=E2|f=1|sp=1|k=2|tp=A0.5|sl=10|15m,5.347796670017866e-06,0.19695051055125617,559,834,0.9488652405722231,1.011274802679208,1.0755111947589227
AD|e=E2|f=1|sp=1|k=2|tp=A1.0|sl=-|15m,5.319055931585041e-05,0.3322789807462676,319,506,1.053015520519253,1.1004903249445095,1.1448551458110956
AD|e=E2|f=1|sp=1|k=2|tp=A1.0|sl=6|15m,1.3773027414418613e-06,0.0484009649803105,519,852,0.9884191926086606,0.9557513294869799,1.0660426319132403
AD|e=E2|f=1|sp=1|k=2|tp=A1.0|sl=10|15m,-2.899908902017604e-06,-0.07490680947865015,518,855,0.9542175207452263,0.9202562132595381,1.1149956568157842
AD|e=E2|f=1|sp=1|k=2|tp=A2.0|sl=-|15m,9.689988973311032e-05,0.5508200692534256,295,551,1.1280630970476233,1.227658442193545,1.2424193183993892
AD|e=E2|f=1|sp=1|k=2|tp=A2.0|sl=6|15m,9.660096969545795e-06,0.23560966665741323,504,967,1.0469336452073446,0.9632178109855722,1.0493325325069325
AD|e=E2|f=1|sp=1|k=2|tp=A2.0|sl=10|15m,2.5409429073640757e-05,0.45050211754128167,503,974,1.0173805550298,0.9811229249817935,1.1636967839038868
AD|e=E2|f=1|sp=1|k=3|tp=MID|sl=-|15m,-2.902909770151356e-06,-0.08035225646868216,502,976,0.926354620148962,1.0145895424925209,1.0436180671606743
AD|e=E2|f=1|sp=1|k=3|tp=MID|sl=6|15m,-1.6126528768099418e-06,-0.05554336779424227,503,960,0.9400058862856868,1.0051802491158501,1.0469582428583277
AD|e=E2|f=1|sp=1|k=3|tp=MID|sl=10|15m,-4.928169328548375e-06,-0.1407525302441882,502,970,0.9204789371702813,1.013675244718362,1.0381022317841724
AD|e=E2|f=1|sp=1|k=3|tp=A0.5|sl=-|15m,3.533558338778901e-05,0.1762221771291318,370,562,1.0094348885811237,1.0543587954927918,1.093749094449853
AD|e=E2|f=1|sp=1|k=3|tp=A0.5|sl=6|15m,-1.7629820888391866e-06,-0.06651217613752533,560,884,0.9661602735422969,0.9882430487541135,1.0346207684306832
AD|e=E2|f=1|sp=1|k=3|tp=A0.5|sl=10|15m,-4.842140024216211e-06,-0.1371090592730014,559,889,0.9043081155170825,1.009057352043427,1.0608504477830507
AD|e=E2|f=1|sp=1|k=3|tp=A1.0|sl=-|15m,6.406737615593733e-05,0.2916801935271068,322,559,1.048338853818811,1.1150141100470103,1.1665819872811003
AD|e=E2|f=1|sp=1|k=3|tp=A1.0|sl=6|15m,5.559815806227803e-07,0.01635077747501992,519,927,0.9734412833227754,0.9713028876252392,1.0587201242930762
AD|e=E2|f=1|sp=1|k=3|tp=A1.0|sl=10|15m,-6.748639681769723e-06,-0.1420572514543468,518,935,0.9147092467539009,0.9451201937142746,1.1040265439588488
AD|e=E2|f=1|sp=1|k=3|tp=A2.0|sl=-|15m,0.00011924680791635628,0.49911107506736807,295,617,1.143017905358462,1.290286797248225,1.2778609039813154
AD|e=E2|f=1|sp=1|k=3|tp=A2.0|sl=6|15m,1.049592460856019e-05,0.2089340110579204,504,1084,1.0281849924999251,0.9269704226589768,1.113355934177177
AD|e=E2|f=1|sp=1|k=3|tp=A2.0|sl=10|15m,2.2394136227530493e-05,0.3239232050874454,503,1102,0.962329764159222,0.9725712164619229,1.2134900378310507
AD|e=E2|f=1|sp=1.5|k=1|tp=MID|sl=-|15m,-8.331060667653641e-07,-0.0352604066640352,502,721,0.956606785746958,1.0021667594547765,1.0377287145761207
AD|e=E2|f=1|sp=1.5|k=1|tp=MID|sl=6|15m,1.6168038328170728e-06,0.08362058604977318,503,718,0.9732047331478243,0.9996306673926034,1.038437558955206
AD|e=E2|f=1|sp=1.5|k=1|tp=MID|sl=10|15m,9.543846493621494e-07,0.04502976679806807,502,720,0.9643961172102344,1.0040068135078517,1.0389859018947956
AD|e=E2|f=1|sp=1.5|k=1|tp=A0.5|sl=-|15m,2.2167540346955517e-05,0.23079228479859087,353,440,1.0210630125592939,1.0388304797795314,1.063730523696428
AD|e=E2|f=1|sp=1.5|k=1|tp=A0.5|sl=6|15m,-2.9161343911094805e-06,-0.17513422664987027,558,710,0.987409784382035,0.9715084383182423,1.0235274220217176
AD|e=E2|f=1|sp=1.5|k=1|tp=A0.5|sl=10|15m,-5.420897445931242e-07,-0.025752238149856874,557,711,0.9712487535991707,0.9823125225268109,1.0438728980260221
AD|e=E2|f=1|sp=1.5|k=1|tp=A1.0|sl=-|15m,4.161508652995172e-05,0.38753983453598756,303,409,1.0540419110327612,1.07743103787847,1.114765853100801
AD|e=E2|f=1|sp=1.5|k=1|tp=A1.0|sl=6|15m,1.4566100097476433e-06,0.064849459669136,518,704,1.0020859286304966,0.973747293913004,1.0334892103284288
AD|e=E2|f=1|sp=1.5|k=1|tp=A1.0|sl=10|15m,2.9096515419423626e-07,0.009849661642847412,517,706,0.9910502608811808,0.9658822839064161,1.044839863754292
AD|e=E2|f=1|sp=1.5|k=1|tp=A2.0|sl=-|15m,2.6207350050106416e-05,0.21154203818604947,198,285,1.105296450540728,1.0605529068621975,0.9750121597849741
AD|e=E2|f=1|sp=1.5|k=1|tp=A2.0|sl=6|15m,8.611776012523325e-06,0.2751279465293251,504,747,1.0152845531748493,0.9874393462975743,1.0508377139710925
AD|e=E2|f=1|sp=1.5|k=1|tp=A2.0|sl=10|15m,1.1343799708326025e-05,0.2881267684877182,503,749,1.029494829530549,0.9842299645563359,1.0556098374933756
AD|e=E2|f=1|sp=1.5|k=2|tp=MID|sl=-|15m,-2.8774344177479483e-06,-0.09830096577047508,502,809,0.943155817752686,1.006956119555257,1.0338272252696035
AD|e=E2|f=1|sp=1.5|k=2|tp=MID|sl=6|15m,-3.495598631566349e-07,-0.015284959996282665,503,795,0.9585167213428093,1.0053149118766636,1.0353693310084586
AD|e=E2|f=1|sp=1.5|k=2|tp=MID|sl=10|15m,-2.8427986873784824e-06,-0.10274425490202142,502,806,0.9437985740549236,1.008890677665287,1.0314216873484112
AD|e=E2|f=1|sp=1.5|k=2|tp=A0.5|sl=-|15m,2.7477045535242756e-05,0.18532439696653147,360,482,1.014344391255592,1.0471892221517995,1.0739097316495059
AD|e=E2|f=1|sp=1.5|k=2|tp=A0.5|sl=6|15m,-4.400410154125341e-06,-0.21156833070375697,558,773,0.9731134078009885,0.9764594413490234,1.0233765980894698
AD|e=E2|f=1|sp=1.5|k=2|tp=A0.5|sl=10|15m,-5.600816155630005e-06,-0.19454567283246146,557,779,0.9317016439135116,0.968340336887524,1.0688929136867837
AD|e=E2|f=1|sp=1.5|k=2|tp=A1.0|sl=-|15m,5.0834407927904144e-05,0.3193245547987194,320,478,1.0518984981438257,1.1041886211972638,1.1258619092624995
AD|e=E2|f=1|sp=1.5|k=2|tp=A1.0|sl=6|15m,1.1341083225376395e-06,0.0426432569037491,518,787,1.000179474102026,0.9644726259300116,1.042665226029962
AD|e=E2|f=1|sp=1.5|k=2|tp=A1.0|sl=10|15m,7.358636904164533e-07,0.019777180950569285,517,797,0.9649664482923777,0.9600672116457216,1.0812815370664828
AD|e=E2|f=1|sp=1.5|k=2|tp=A2.0|sl=-|15m,9.254427427425056e-05,0.5295495041515195,295,506,1.120942582620395,1.2260375975817255,1.2192869681437204
AD|e=E2|f=1|sp=1.5|k=2|tp=A2.0|sl=6|15m,8.58542576055706e-06,0.22658607304398162,504,880,1.0283153666218077,0.9719303631473136,1.0522741819673367
AD|e=E2|f=1|sp=1.5|k=2|tp=A2.0|sl=10|15m,1.8836632091903887e-05,0.35230960560910496,503,896,0.999595817122861,1.0117222448960033,1.1038808487076832
AD|e=E2|f=1|sp=1.5|k=3|tp=MID|sl=-|15m,-4.538695162173838e-06,-0.13806476528747377,502,849,0.9359880465165644,1.0048111457709727,1.0329689717919397
AD|e=E2|f=1|sp=1.5|k=3|tp=MID|sl=6|15m,-6.724311217174986e-07,-0.027168509813911425,503,824,0.9561455343866262,1.0031180808372613,1.0379855885431226
AD|e=E2|f=1|sp=1.5|k=3|tp=MID|sl=10|15m,-5.924493478971295e-06,-0.17859133075275663,502,842,0.935167961284454,1.0083274686292385,1.0213614725643017
AD|e=E2|f=1|sp=1.5|k=3|tp=A0.5|sl=-|15m,3.116311914332588e-05,0.1524545679970682,367,513,1.009095110412826,1.0375748421637647,1.0795864113068023
AD|e=E2|f=1|sp=1.5|k=3|tp=A0.5|sl=6|15m,-8.339096791026761e-06,-0.32854067812108717,558,804,0.96435712008105,0.9452738207430481,1.0406033720696457
AD|e=E2|f=1|sp=1.5|k=3|tp=A0.5|sl=10|15m,5.368508490955068e-06,0.1404860173926909,557,816,0.9441606250556243,1.009706710642141,1.080843531110339
AD|e=E2|f=1|sp=1.5|k=3|tp=A1.0|sl=-|15m,6.005814466046479e-05,0.2812011848136287,326,523,1.0431300993390487,1.1112077994772438,1.1529387166059482
AD|e=E2|f=1|sp=1.5|k=3|tp=A1.0|sl=6|15m,-6.829913449754485e-06,-0.2216995168975542,518,829,0.9974778961134906,0.9241145884759938,1.0380227164959708
AD|e=E2|f=1|sp=1.5|k=3|tp=A1.0|sl=10|15m,5.124540372801007e-07,0.01054959229686791,517,851,0.9657683526809149,0.9575227945854411,1.0793541045148913
AD|e=E2|f=1|sp=1.5|k=3|tp=A2.0|sl=-|15m,0.00010813973936023183,0.455196519841577,296,559,1.1251453246820806,1.250863216318935,1.2520553835420523
AD|e=E2|f=1|sp=1.5|k=3|tp=A2.0|sl=6|15m,1.4652696001826693e-05,0.3285734080856385,504,950,1.052210962065051,0.9656872832833484,1.072555316573786
AD|e=E2|f=1|sp=1.5|k=3|tp=A2.0|sl=10|15m,2.8336584903016992e-05,0.4260008013580256,503,987,1.0252061252704974,1.021288357346806,1.1259563978707863
AD|e=E2|f=1|sp=2|k=1|tp=MID|sl=-|15m,-2.0342759936372955e-06,-0.09034886598143646,502,681,0.9573718128096145,0.9934225092408158,1.038423337369294
AD|e=E2|f=1|sp=2|k=1|tp=MID|sl=6|15m,3.5892691643163934e-07,0.020279646754259424,503,676,0.9716984226775118,0.9890119838116298,1.043239274743651
AD|e=E2|f=1|sp=2|k=1|tp=MID|sl=10|15m,-5.114493117424833e-07,-0.025570545865678845,502,679,0.9632495160402734,0.995594231625731,1.0396813662094146
AD|e=E2|f=1|sp=2|k=1|tp=A0.5|sl=-|15m,2.2482503651564044e-05,0.2340984166580578,354,431,1.016671250377289,1.0482073249045254,1.0605023661267032
AD|e=E2|f=1|sp=2|k=1|tp=A0.5|sl=6|15m,-2.761982477431117e-06,-0.16908737898703133,558,688,0.9928133585402162,0.9758688395337398,1.014429661214539
AD|e=E2|f=1|sp=2|k=1|tp=A0.5|sl=10|15m,1.4061413709059775e-06,0.06601349229748883,557,690,0.9817476032903653,0.9893722464693647,1.0377235911921527
AD|e=E2|f=1|sp=2|k=1|tp=A1.0|sl=-|15m,3.7202552076540076e-05,0.3482778236702465,305,395,1.0444773117118669,1.0775202002733897,1.094749111029074
AD|e=E2|f=1|sp=2|k=1|tp=A1.0|sl=6|15m,-1.7471230665827826e-06,-0.08293746187217266,518,678,0.9894499480073398,0.9572638351817224,1.0440724519441094
AD|e=E2|f=1|sp=2|k=1|tp=A1.0|sl=10|15m,1.081911723575723e-06,0.038272770612581115,517,681,0.9827720487584134,0.9507137437480759,1.0759544710142794
AD|e=E2|f=1|sp=2|k=1|tp=A2.0|sl=-|15m,5.489551752633498e-05,0.4673446341929571,243,335,1.099106557484444,1.0584638835169229,1.1766559035053425
AD|e=E2|f=1|sp=2|k=1|tp=A2.0|sl=6|15m,7.711393471923413e-06,0.27038486465471256,503,718,1.0251635313693197,0.9632766274643525,1.0612235065998459
AD|e=E2|f=1|sp=2|k=1|tp=A2.0|sl=10|15m,1.0170228942280689e-05,0.2683241276441787,502,722,1.015483172004432,0.9680747021658871,1.0803728242827049
AD|e=E2|f=1|sp=2|k=2|tp=MID|sl=-|15m,-3.7653703806915873e-06,-0.1382391494515075,502,744,0.9485671322931789,0.9912326701927455,1.0388064256752152
AD|e=E2|f=1|sp=2|k=2|tp=MID|sl=6|15m,-2.407472792902419e-06,-0.11776070604497024,503,725,0.9530969356395482,0.9910409076885666,1.0431918916400487
AD|e=E2|f=1|sp=2|k=2|tp=MID|sl=10|15m,-4.389093101484674e-06,-0.17118251632268594,502,739,0.9483947965871906,0.9899671234922822,1.0363893020121333
AD|e=E2|f=1|sp=2|k=2|tp=A0.5|sl=-|15m,2.651589675541659e-05,0.17939353641477584,359,464,1.009653403720651,1.0494044968281986,1.0698104191304871
AD|e=E2|f=1|sp=2|k=2|tp=A0.5|sl=6|15m,-2.1891300608489135e-06,-0.10758524589046324,558,733,0.97411479436212,0.9932092040303466,1.018978458714573
AD|e=E2|f=1|sp=2|k=2|tp=A0.5|sl=10|15m,1.2503207941714007e-06,0.04530685689989391,557,743,0.9451950375420726,1.0171705177799613,1.0465854223463704
AD|e=E2|f=1|sp=2|k=2|tp=A1.0|sl=-|15m,4.486679646561625e-05,0.27684295149507304,312,445,1.038597047249307,1.0857035682444334,1.114325984794763
AD|e=E2|f=1|sp=2|k=2|tp=A1.0|sl=6|15m,-1.0104013220641247e-05,-0.40726748797436085,518,738,0.972678724455406,0.9497888098488639,1.0158853904395255
AD|e=E2|f=1|sp=2|k=2|tp=A1.0|sl=10|15m,-6.355695822346389e-06,-0.1715762969632018,517,754,0.956542008258956,0.9477824926959826,1.0577101043109352
AD|e=E2|f=1|sp=2|k=2|tp=A2.0|sl=-|15m,8.664928370631277e-05,0.49940250051666396,295,475,1.1045900908670978,1.2086868974247944,1.2114327178863429
AD|e=E2|f=1|sp=2|k=2|tp=A2.0|sl=6|15m,2.744799853658476e-06,0.07642758484412204,503,812,1.0075963494292808,0.9736777333714864,1.0342725388611682
AD|e=E2|f=1|sp=2|k=2|tp=A2.0|sl=10|15m,1.6272380513753376e-05,0.31761543697911415,502,836,0.9884148304508579,0.9975526733581462,1.1150979289930174
AD|e=E2|f=1|sp=2|k=3|tp=MID|sl=-|15m,-5.719201843633384e-06,-0.18857432146733616,502,769,0.9411011779844989,0.9895673225732924,1.035963386465127
AD|e=E2|f=1|sp=2|k=3|tp=MID|sl=6|15m,-2.5490286986268465e-07,-0.011998622233313362,503,737,0.964333962813398,0.9918470171687982,1.04394957247814
AD|e=E2|f=1|sp=2|k=3|tp=MID|sl=10|15m,-7.947160349839676e-06,-0.25755146239963017,502,761,0.935104712263459,0.9932783529185447,1.0243222389218563
AD|e=E2|f=1|sp=2|k=3|tp=A0.5|sl=-|15m,2.9388677141534454e-05,0.14676567210271957,373,497,1.0050686185991566,1.0400051163286708,1.074281859866821
AD|e=E2|f=1|sp=2|k=3|tp=A0.5|sl=6|15m,-2.132705930776565e-06,-0.09398145983514528,558,747,0.9815626028244494,0.9919619712796791,1.012582776670059
AD|e=E2|f=1|sp=2|k=3|tp=A0.5|sl=10|15m,6.036189302552621e-06,0.18125850369001587,557,773,0.9609375046333813,1.0356562176660855,1.0407312896770524
AD|e=E2|f=1|sp=2|k=3|tp=A1.0|sl=-|15m,5.497284310151525e-05,0.25881591069404075,328,501,1.0367650856874837,1.0842051180415007,1.1533616839122225
AD|e=E2|f=1|sp=2|k=3|tp=A1.0|sl=6|15m,-1.1771229062780724e-05,-0.43118713918498447,518,760,0.9859879703207698,0.9411912462509054,1.0005667678459866
AD|e=E2|f=1|sp=2|k=3|tp=A1.0|sl=10|15m,-1.792309053749999e-06,-0.03929449219614111,517,800,0.9895433891000933,0.9174904259135408,1.084426764009062
AD|e=E2|f=1|sp=2|k=3|tp=A2.0|sl=-|15m,0.00010276294560018628,0.4608465720656685,302,533,1.105487921908062,1.2279630833376058,1.267126036792914
AD|e=E2|f=1|sp=2|k=3|tp=A2.0|sl=6|15m,2.3573609030249022e-05,0.6206561213605488,503,847,1.025782904308505,0.9906162567396948,1.1348382145571865
AD|e=E2|f=1|sp=2|k=3|tp=A2.0|sl=10|15m,2.887930253858765e-05,0.48090697411455086,502,907,0.9973786029905252,0.9733028014537908,1.2215668091388427
AD|e=E1|f=0|sp=-|k=0|tp=MID|sl=-|1h,-5.278163177884083e-05,-0.698163368433497,2706,2706,0.8956685246804656,0.8985747278323373,0.8887028426679181
AD|e=E1|f=0|sp=-|k=0|tp=MID|sl=6|1h,-8.356747071999419e-05,-1.0437110716688096,3046,3046,0.8309639692708288,0.8569208837266803,0.8296654636585163
AD|e=E1|f=0|sp=-|k=0|tp=MID|sl=10|1h,-6.86276030973833e-05,-0.864891182048651,2836,2836,0.8602110756182411,0.8663315672210268,0.8694132627793593
AD|e=E1|f=0|sp=-|k=0|tp=A0.5|sl=-|1h,1.0561416256878819e-06,0.0126661382960093,237,237,1.0219392361260002,0.9936858411963191,0.9810604483485855
AD|e=E1|f=0|sp=-|k=0|tp=A0.5|sl=6|1h,-8.238520252838838e-05,-1.0620988713240276,3132,3132,0.8518668191420639,0.8227685699608762,0.8491478816745758
AD|e=E1|f=0|sp=-|k=0|tp=A0.5|sl=10|1h,-6.170497880553412e-05,-0.691864001174541,2539,2539,0.8567500875278952,0.8765590559988524,0.8975208258975591
AD|e=E1|f=0|sp=-|k=0|tp=A1.0|sl=-|1h,-2.0018591782908027e-06,-0.024198000842572287,138,138,1.0123069296650675,1.0012706854048288,0.9645303594895495
AD|e=E1|f=0|sp=-|k=0|tp=A1.0|sl=6|1h,-3.661887809999805e-05,-0.41340804359650934,2611,2611,0.878757813472828,0.9080795159240601,0.9863431886225964
AD|e=E1|f=0|sp=-|k=0|tp=A1.0|sl=10|1h,-3.449849912563535e-05,-0.3399669269521398,2009,2009,0.9451455507299592,0.9001531351074323,0.9337471764105355
AD|e=E1|f=0|sp=-|k=0|tp=A2.0|sl=-|1h,1.5944308122271777e-07,0.0019152174802836673,81,81,1.0247075834900639,1.012371262018754,0.9548714829663539
AD|e=E1|f=0|sp=-|k=0|tp=A2.0|sl=6|1h,-3.484534271534812e-05,-0.3185335770707425,1904,1904,0.8514821603686007,0.9668692044713438,0.9603264190037406
AD|e=E1|f=0|sp=-|k=0|tp=A2.0|sl=10|1h,-2.009331987501976e-05,-0.17674556206633257,1325,1325,0.9382314546426619,0.9700450244049158,0.9502889281103856
AD|e=E1|f=0|sp=0.5|k=1|tp=MID|sl=-|1h,-7.34399452558781e-05,-0.5421153555406236,2706,4343,0.8623423748319359,0.8521308099852398,0.8389267973938174
AD|e=E1|f=0|sp=0.5|k=1|tp=MID|sl=6|1h,-0.00011067662299013585,-0.8517195519539584,2972,4758,0.7960166003995279,0.8113342893169404,0.7603458718494256
AD|e=E1|f=0|sp=0.5|k=1|tp=MID|sl=10|1h,-0.00011474721062605682,-0.8064774787405466,2805,4511,0.82386187466514,0.789492272586858,0.731741626926844
AD|e=E1|f=0|sp=0.5|k=1|tp=A0.5|sl=-|1h,1.0475568788837687e-05,0.062215407029420376,345,503,1.0807564822711249,0.9853268568904416,0.9604425289585905
AD|e=E1|f=0|sp=0.5|k=1|tp=A0.5|sl=6|1h,-0.00014111443742754678,-1.0638669463999089,3194,4593,0.7601854797631635,0.724123020034757,0.7373883627685547
AD|e=E1|f=0|sp=0.5|k=1|tp=A0.5|sl=10|1h,-0.00014975544319138914,-0.9023301434941462,2617,3759,0.8459129206494981,0.6491330040596192,0.6882725440636134
AD|e=E1|f=0|sp=0.5|k=1|tp=A1.0|sl=-|1h,1.3577238180731101e-05,0.07839872814641625,213,335,1.0651717280486301,1.00648100209846,0.9699214298724198
AD|e=E1|f=0|sp=0.5|k=1|tp=A1.0|sl=6|1h,-6.639564674085627e-05,-0.43742255784616074,2635,4079,0.8713787415217725,0.8947125078973426,0.8173102268706205
AD|e=E1|f=0|sp=0.5|k=1|tp=A1.0|sl=10|1h,-8.51039430311771e-05,-0.45243529504173036,2068,3213,0.8316534402787734,0.7573320163625287,0.8836671093111215
AD|e=E1|f=0|sp=0.5|k=1|tp=A2.0|sl=-|1h,4.061775812702112e-06,0.02354310875757733,88,149,1.033166729097851,1.0140388225982586,0.9361919273593937
AD|e=E1|f=0|sp=0.5|k=1|tp=A2.0|sl=6|1h,-2.6323292864521627e-05,-0.14151847655829225,1946,3271,1.0320921121767672,0.938623666981519,0.8282993676542014
AD|e=E1|f=0|sp=0.5|k=1|tp=A2.0|sl=10|1h,-4.871639291587626e-05,-0.22730876204650113,1442,2437,0.9848611720052033,0.9113684789514256,0.7633241056291536
AD|e=E1|f=0|sp=0.5|k=2|tp=MID|sl=-|1h,-7.05154456306881e-05,-0.38992793990159297,2706,5379,0.8681068901217609,0.8337989245593336,0.845633899481635
AD|e=E1|f=0|sp=0.5|k=2|tp=MID|sl=6|1h,-0.0001333684962434362,-0.7633987358805383,2929,5791,0.7914243756404198,0.7969680730312171,0.6603553046202268
AD|e=E1|f=0|sp=0.5|k=2|tp=MID|sl=10|1h,-0.00013784294946863942,-0.6841180493476428,2789,5549,0.8062959332103067,0.7434168842673774,0.6636320930274383
AD|e=E1|f=0|sp=0.5|k=2|tp=A0.5|sl=-|1h,2.21176498709547e-05,0.08634681366581512,433,744,1.1123357595861814,0.9301124386778854,1.0043279290694245
AD|e=E1|f=0|sp=0.5|k=2|tp=A0.5|sl=6|1h,-0.0001738557031464908,-0.9477970453949769,3223,5433,0.7760336438953216,0.6168781204815977,0.6713570195442424
AD|e=E1|f=0|sp=0.5|k=2|tp=A0.5|sl=10|1h,-0.00019806627952540832,-0.8888367397002522,2802,4738,0.8223056469338363,0.6055655444302,0.5388930152275667
AD|e=E1|f=0|sp=0.5|k=2|tp=A1.0|sl=-|1h,3.2368563948389654e-05,0.122470796154634,264,507,1.151615502722939,1.0166080021161954,0.9397217787388593
AD|e=E1|f=0|sp=0.5|k=2|tp=A1.0|sl=6|1h,-5.868759874587759e-05,-0.2796816884437509,2653,5014,0.901401619489427,0.8262802055376502,0.8638011898604767
AD|e=E1|f=0|sp=0.5|k=2|tp=A1.0|sl=10|1h,-0.0001332567180454953,-0.5156089104399993,2106,3983,0.8592298068713163,0.8381857281724913,0.5416410185093763
AD|e=E1|f=0|sp=0.5|k=2|tp=A2.0|sl=-|1h,4.237337662991577e-06,0.01586410905897639,103,228,1.0389135475466282,0.9977158560861242,0.8908840819408732
AD|e=E1|f=0|sp=0.5|k=2|tp=A2.0|sl=6|1h,-4.897718983445387e-05,-0.18953353903024928,1953,4272,1.0592561875332738,0.8391849113124169,0.7421396772045195
AD|e=E1|f=0|sp=0.5|k=2|tp=A2.0|sl=10|1h,-3.016977626532814e-05,-0.10122623654719164,1504,3274,1.05975045884286,0.9245695219256327,0.7302086177833206
AD|e=E1|f=0|sp=0.5|k=3|tp=MID|sl=-|1h,-5.761263373464816e-05,-0.266083726444606,2706,6020,0.871204728029329,0.8355899951650013,0.8865584844425652
AD|e=E1|f=0|sp=0.5|k=3|tp=MID|sl=6|1h,-0.00013690905125439594,-0.6551875126347589,2900,6375,0.8169279128048329,0.7720307553105867,0.6315554326326582
AD|e=E1|f=0|sp=0.5|k=3|tp=MID|sl=10|1h,-0.00013637651612185276,-0.5807888233341131,2768,6153,0.8345385550560855,0.6494029300533501,0.7172782050498567
AD|e=E1|f=0|sp=0.5|k=3|tp=A0.5|sl=-|1h,5.1169049437171415e-05,0.14771923494154438,534,992,1.1627951380189223,0.9968110924071487,0.9865169526957619
AD|e=E1|f=0|sp=0.5|k=3|tp=A0.5|sl=6|1h,-0.00018882506174954932,-0.8672615970560635,3264,5994,0.6618042103252697,0.6591423223672263,0.6541548342289613
AD|e=E1|f=0|sp=0.5|k=3|tp=A0.5|sl=10|1h,-0.0002679907955594033,-0.9957061086982189,2824,5258,0.6364441661368362,0.5400729787409186,0.4823237450908893
AD|e=E1|f=0|sp=0.5|k=3|tp=A1.0|sl=-|1h,6.003858603098041e-05,0.16676261527478883,315,673,1.179537121283695,0.9645970888729699,1.048405363309911
AD|e=E1|f=0|sp=0.5|k=3|tp=A1.0|sl=6|1h,-6.901151431484436e-05,-0.2651246170650709,2626,5570,0.9135565409960221,0.7212085336658136,0.8760679095915859
AD|e=E1|f=0|sp=0.5|k=3|tp=A1.0|sl=10|1h,-0.00021237464869609755,-0.6721965429492354,2127,4575,0.7492616917743171,0.71195202093265,0.4197203301826192
AD|e=E1|f=0|sp=0.5|k=3|tp=A2.0|sl=-|1h,2.381585298110875e-05,0.0648646059090713,132,335,1.1174291421769034,1.0058796626013886,0.8435403554770753
AD|e=E1|f=0|sp=0.5|k=3|tp=A2.0|sl=6|1h,-3.4427320516094584e-06,-0.010410215997439853,1875,4769,1.2314712461187554,0.846975056329806,0.7773722601562667
AD|e=E1|f=0|sp=0.5|k=3|tp=A2.0|sl=10|1h,-0.0001076347551985111,-0.29667772094340444,1436,3674,0.7877666362533378,0.8445319321226313,0.6244247716577291
AD|e=E1|f=0|sp=1|k=1|tp=MID|sl=-|1h,-6.597893705485238e-05,-0.5099383865644723,2706,4045,0.8724511867106923,0.8463713952980665,0.8768085462107545
AD|e=E1|f=0|sp=1|k=1|tp=MID|sl=6|1h,-9.796969815112336e-05,-0.7966181150821172,2960,4414,0.8213521196928829,0.8156469602042286,0.7955361054076102
AD|e=E1|f=0|sp=1|k=1|tp=MID|sl=10|1h,-0.00010782995414712288,-0.7799463259300488,2800,4192,0.8308592710764168,0.77667187774159,0.7715777183341427
AD|e=E1|f=0|sp=1|k=1|tp=A0.5|sl=-|1h,1.2396305307675637e-05,0.0745721825360334,393,528,1.084373384488346,0.968967512388856,0.9857587954175623
AD|e=E1|f=0|sp=1|k=1|tp=A0.5|sl=6|1h,-0.00013418922690948285,-1.0681731428589527,3207,4338,0.8457544215675508,0.7138282741783302,0.7039078806013731
AD|e=E1|f=0|sp=1|k=1|tp=A0.5|sl=10|1h,-0.00013018828676071657,-0.8330025099738724,2684,3633,0.8898418992281106,0.7542923461588891,0.6386942650961553
AD|e=E1|f=0|sp=1|k=1|tp=A1.0|sl=-|1h,1.6549912882509616e-05,0.09583009710404507,231,340,1.076013071941335,1.007494697775884,0.977325144726362
AD|e=E1|f=0|sp=1|k=1|tp=A1.0|sl=6|1h,-7.613887576117917e-05,-0.5166163510138824,2628,3831,0.8820877502398445,0.8076497442252228,0.8446859252584469
AD|e=E1|f=0|sp=1|k=1|tp=A1.0|sl=10|1h,-8.304891474625579e-05,-0.4554953470451046,2050,2986,0.8478767712523008,0.8055176297502864,0.8282926971208234
AD|e=E1|f=0|sp=1|k=1|tp=A2.0|sl=-|1h,1.3021101678831268e-07,0.0007565272549871973,93,149,1.031833772995658,0.9987173269048596,0.929294741862817
AD|e=E1|f=0|sp=1|k=1|tp=A2.0|sl=6|1h,-6.683447243066867e-05,-0.37498752020382425,1935,3091,1.050761523120926,0.7913805726874299,0.7552847885555849
AD|e=E1|f=0|sp=1|k=1|tp=A2.0|sl=10|1h,-3.2177066958716085e-05,-0.15662053565846135,1393,2237,1.0205891960076838,0.9254501687998028,0.80905344629194
AD|e=E1|f=0|sp=1|k=2|tp=MID|sl=-|1h,-6.24850698330646e-05,-0.3745328645332011,2706,4723,0.8856332916724975,0.8163445356592935,0.8967962076330206
AD|e=E1|f=0|sp=1|k=2|tp=MID|sl=6|1h,-0.00012480959704136757,-0.7779899984393526,2914,5029,0.8190581152171834,0.7354646912101268,0.7356603083331407
AD|e=E1|f=0|sp=1|k=2|tp=MID|sl=10|1h,-0.00011761428700633888,-0.6478466164910328,2773,4840,0.8617865499981826,0.7205282509405461,0.7358409785835929
AD|e=E1|f=0|sp=1|k=2|tp=A0.5|sl=-|1h,3.1114507565736654e-05,0.12381959585892412,504,772,1.1465237910989903,0.9562941919780489,1.0044188644600998
AD|e=E1|f=0|sp=1|k=2|tp=A0.5|sl=6|1h,-0.00016833130902637635,-0.9854469935550465,3217,4906,0.7981677314204774,0.6699120452217696,0.626476845114871
AD|e=E1|f=0|sp=1|k=2|tp=A0.5|sl=10|1h,-0.0002103358858738811,-0.988399769379191,2762,4253,0.8191375869350821,0.6125396326594339,0.49959066618731685
AD|e=E1|f=0|sp=1|k=2|tp=A1.0|sl=-|1h,3.7862754693439386e-05,0.14427405064668547,293,509,1.1391033755564244,1.0134205513859287,0.9863873824811986
AD|e=E1|f=0|sp=1|k=2|tp=A1.0|sl=6|1h,-4.984134703782615e-05,-0.25157150215507085,2626,4485,0.9817155597447607,0.7806870106754014,0.8920977006909229
AD|e=E1|f=0|sp=1|k=2|tp=A1.0|sl=10|1h,-0.00013430210060443214,-0.5460134128395423,2105,3646,0.8580277615914951,0.8151026939435639,0.5604288580048432
AD|e=E1|f=0|sp=1|k=2|tp=A2.0|sl=-|1h,1.8848652948837008e-06,0.007078170890123784,106,216,1.0353034868784068,0.9996445716377946,0.8800172700813811
AD|e=E1|f=0|sp=1|k=2|tp=A2.0|sl=6|1h,-8.73617848219127e-05,-0.36223082855676647,1885,3740,1.0720741715199371,0.7649301611208339,0.6429044964834104
AD|e=E1|f=0|sp=1|k=2|tp=A2.0|sl=10|1h,-6.641296829775364e-05,-0.23128844589066785,1432,2865,0.8152083303482593,0.901424999481337,0.7867911981647611
AD|e=E1|f=0|sp=1|k=3|tp=MID|sl=-|1h,-5.001747576843108e-05,-0.2569846967007327,2706,5086,0.8851581159518032,0.846898018485483,0.9160046215931688
AD|e=E1|f=0|sp=1|k=3|tp=MID|sl=6|1h,-0.00010977248926504927,-0.5989050457746429,2881,5302,0.8262106826911622,0.8294935372118092,0.6984945180153617
AD|e=E1|f=0|sp=1|k=3|tp=MID|sl=10|1h,-9.264980407078145e-05,-0.45954954200747417,2755,5158,0.8394859624129227,0.7316706700294677,0.8554724889691556
AD|e=E1|f=0|sp=1|k=3|tp=A0.5|sl=-|1h,4.8087784710335294e-05,0.1411347825142786,567,938,1.1434171992382398,0.9657590122577923,1.0230469685832284
AD|e=E1|f=0|sp=1|k=3|tp=A0.5|sl=6|1h,-0.00022712633745636818,-1.1094045729455584,3182,5155,0.6435893406013852,0.6604418743435478,0.5342836954913299
AD|e=E1|f=0|sp=1|k=3|tp=A0.5|sl=10|1h,-0.00017049109839653505,-0.6433430111583524,2774,4579,0.6920415695081149,0.5651785100022082,0.780732048028597
AD|e=E1|f=0|sp=1|k=3|tp=A1.0|sl=-|1h,6.576144221644189e-05,0.18460190794267858,356,678,1.1675883628266097,1.0150219209172915,1.045077127861074
AD|e=E1|f=0|sp=1|k=3|tp=A1.0|sl=6|1h,-6.571572404581434e-05,-0.27691583608660947,2605,4852,0.8415505960042811,0.940272827960323,0.7594143978244228
AD|e=E1|f=0|sp=1|k=3|tp=A1.0|sl=10|1h,-5.3266454096549216e-05,-0.17493063349357685,2120,4030,0.8253553167572851,0.7553036771857149,0.9722474834768862
AD|e=E1|f=0|sp=1|k=3|tp=A2.0|sl=-|1h,2.021402524557928e-05,0.05504731245654676,122,294,1.0770239839174682,0.9941987773362037,0.866501691831297
AD|e=E1|f=0|sp=1|k=3|tp=A2.0|sl=6|1h,-2.9643753511919314e-05,-0.09923078828281079,1832,4113,1.0437211819527146,1.09686986807769,0.6229918218205918
AD|e=E1|f=0|sp=1|k=3|tp=A2.0|sl=10|1h,-3.5770407537005124e-05,-0.1000506965226136,1422,3259,0.9058842735924616,0.8962854497099961,0.7943368458820814
AD|e=E1|f=0|sp=1.5|k=1|tp=MID|sl=-|1h,-5.4479143169218625e-05,-0.4397966985943289,2706,3811,0.8953357199852098,0.8718954667954093,0.8922105217025749
AD|e=E1|f=0|sp=1.5|k=1|tp=MID|sl=6|1h,-8.736298075132441e-05,-0.7497541770684204,2952,4129,0.8542507670419044,0.8328119895571477,0.8017013792173269
AD|e=E1|f=0|sp=1.5|k=1|tp=MID|sl=10|1h,-9.195876003932424e-05,-0.6905138384997789,2794,3938,0.8704092965299604,0.8114418442635437,0.7793745242944394
AD|e=E1|f=0|sp=1.5|k=1|tp=A0.5|sl=-|1h,1.3240301163364424e-05,0.07935891696887,396,511,1.098559625141422,0.9664336545361295,0.9807325213873082
AD|e=E1|f=0|sp=1.5|k=1|tp=A0.5|sl=6|1h,-0.00012205603196499284,-0.996033402531357,3161,4091,0.8706603734113485,0.7055168184291338,0.7464659625452051
AD|e=E1|f=0|sp=1.5|k=1|tp=A0.5|sl=10|1h,-0.00010884874311061135,-0.7063995452415637,2652,3458,0.9053439432952227,0.753053228969964,0.719004065424601
AD|e=E1|f=0|sp=1.5|k=1|tp=A1.0|sl=-|1h,1.457483985115021e-05,0.08484081712582969,236,327,1.0873399575396785,0.9935051864534307,0.9693829577392341
AD|e=E1|f=0|sp=1.5|k=1|tp=A1.0|sl=6|1h,-7.240961015141579e-05,-0.49962968839750754,2590,3583,0.9458429192026434,0.7954809130662293,0.8194193891805823
AD|e=E1|f=0|sp=1.5|k=1|tp=A1.0|sl=10|1h,-9.38663643323737e-05,-0.5216324070218625,2025,2809,0.8835612890294868,0.8826404277882798,0.6793356045680017
AD|e=E1|f=0|sp=1.5|k=1|tp=A2.0|sl=-|1h,3.2227500286512026e-06,0.018678776430845766,98,154,1.0431786028109356,1.004136756670687,0.9315453971999165
AD|e=E1|f=0|sp=1.5|k=1|tp=A2.0|sl=6|1h,-4.7098760764616426e-05,-0.27060448213616456,1889,2895,1.02496729700692,0.8516525628626971,0.8145558667286352
AD|e=E1|f=0|sp=1.5|k=1|tp=A2.0|sl=10|1h,-4.849163186766411e-05,-0.23897073438764393,1375,2113,0.9966924425824956,0.9398290317591146,0.7395942593622262
AD|e=E1|f=0|sp=1.5|k=2|tp=MID|sl=-|1h,-4.359947719699604e-05,-0.2824450418854363,2706,4276,0.891481513532475,0.8696786368918125,0.9455115320465546
AD|e=E1|f=0|sp=1.5|k=2|tp=MID|sl=6|1h,-9.888494178876649e-05,-0.6690006209582946,2899,4493,0.8153539260585346,0.8260087403929892,0.7769413003534944
AD|e=E1|f=0|sp=1.5|k=2|tp=MID|sl=10|1h,-8.79664741365692e-05,-0.5390422844636374,2763,4357,0.8434069627626615,0.769635534682454,0.8532447923881677
AD|e=E1|f=0|sp=1.5|k=2|tp=A0.5|sl=-|1h,2.3722119643389516e-05,0.09328164188506415,491,711,1.1255071597508177,0.9221552925470545,1.0121959242526453
AD|e=E1|f=0|sp=1.5|k=2|tp=A0.5|sl=6|1h,-0.00014199387445942044,-0.8767569311651983,3136,4473,0.7866687056506765,0.7542811182702193,0.6680886732805836
AD|e=E1|f=0|sp=1.5|k=2|tp=A0.5|sl=10|1h,-0.0001802128969927108,-0.880349009145622,2665,3896,0.798235946445963,0.6530214568767743,0.5838943819552693
AD|e=E1|f=0|sp=1.5|k=2|tp=A1.0|sl=-|1h,2.8653020203929697e-05,0.10999141510494188,294,470,1.123994657850656,0.9472906245710567,1.012650744423151
AD|e=E1|f=0|sp=1.5|k=2|tp=A1.0|sl=6|1h,-3.9386164392762355e-05,-0.21263342141121394,2595,4084,0.9575586699057078,0.9092926841288416,0.8463866666217291
AD|e=E1|f=0|sp=1.5|k=2|tp=A1.0|sl=10|1h,-7.8071227355652e-05,-0.3369484658170068,2121,3422,0.9187233099063394,0.810492836418165,0.7520493053713668
AD|e=E1|f=0|sp=1.5|k=2|tp=A2.0|sl=-|1h,1.1731466213190625e-05,0.043897978400074936,115,224,1.0733451506221037,0.9935255798162009,0.9071011013486946
AD|e=E1|f=0|sp=1.5|k=2|tp=A2.0|sl=6|1h,-2.4383652431903045e-05,-0.10553995895309122,1818,3332,1.1247259892981192,0.9791465481311906,0.71283335382252
AD|e=E1|f=0|sp=1.5|k=2|tp=A2.0|sl=10|1h,-7.107749672067845e-05,-0.2620299479839418,1394,2598,0.9577209901790104,0.8548742346767527,0.6948134743078173
AD|e=E1|f=0|sp=1.5|k=3|tp=MID|sl=-|1h,-3.6259709865337884e-05,-0.21036677623943997,2706,4483,0.8974940854696165,0.8819701140641127,0.9560297409089892
AD|e=E1|f=0|sp=1.5|k=3|tp=MID|sl=6|1h,-9.629431253455658e-05,-0.5871290798480886,2878,4613,0.8545575076670413,0.8363212877381501,0.7360069251888961
AD|e=E1|f=0|sp=1.5|k=3|tp=MID|sl=10|1h,-8.893021273309849e-05,-0.4865738885074136,2749,4530,0.8265723554712707,0.7613818464491404,0.8629031067100772
AD|e=E1|f=0|sp=1.5|k=3|tp=A0.5|sl=-|1h,3.862349098530227e-05,0.11089177248389404,525,809,1.1121108279050307,0.9016495511667308,1.0550654864525855
AD|e=E1|f=0|sp=1.5|k=3|tp=A0.5|sl=6|1h,-0.00020890023742966678,-1.120592553152711,3087,4604,0.720170981407515,0.7151900918496197,0.5003321446422627
AD|e=E1|f=0|sp=1.5|k=3|tp=A0.5|sl=10|1h,-0.00020147219318105694,-0.7719898599016499,2636,4052,0.7583153222076043,0.5825178355164945,0.5762522139425811
AD|e=E1|f=0|sp=1.5|k=3|tp=A1.0|sl=-|1h,4.4596753659666594e-05,0.12518234883921422,346,602,1.1750302487144137,0.9199014881902352,1.0036187608053662
AD|e=E1|f=0|sp=1.5|k=3|tp=A1.0|sl=6|1h,-9.400651156783573e-05,-0.43548768383715025,2537,4242,0.8356734797154157,0.9681378356868721,0.6346836981481824
AD|e=E1|f=0|sp=1.5|k=3|tp=A1.0|sl=10|1h,-5.5398217088739326e-05,-0.18840044852540674,2080,3602,0.8767979760901501,0.6634616679314262,1.0453806983759864
AD|e=E1|f=0|sp=1.5|k=3|tp=A2.0|sl=-|1h,4.234365772083087e-05,0.11499580191546856,161,346,1.1591719644230167,0.9803063138145751,0.9339014142183418
AD|e=E1|f=0|sp=1.5|k=3|tp=A2.0|sl=6|1h,-7.796439414210294e-05,-0.3033765652066938,1824,3623,1.0233178021386211,0.9335018601623344,0.5775524939212714
AD|e=E1|f=0|sp=1.5|k=3|tp=A2.0|sl=10|1h,-1.6923624626369915e-05,-0.04962362139337793,1377,2843,1.042684309829498,0.721115590149579,0.9832593456917684
AD|e=E1|f=0|sp=2|k=1|tp=MID|sl=-|1h,-4.81495707355014e-05,-0.40609038372121786,2706,3614,0.9001777132467127,0.8796202562434203,0.9163016778374311
AD|e=E1|f=0|sp=2|k=1|tp=MID|sl=6|1h,-8.849348055658134e-05,-0.7880133779144457,2938,3873,0.8577009843973418,0.8200026483462184,0.806255115564717
AD|e=E1|f=0|sp=2|k=1|tp=MID|sl=10|1h,-8.609313501188533e-05,-0.6681879401833314,2788,3719,0.8889602284006343,0.8054249136726019,0.7977838580385409
AD|e=E1|f=0|sp=2|k=1|tp=A0.5|sl=-|1h,1.8447121671151556e-05,0.11067617940147968,423,533,1.1052079305697937,0.9630373074784958,1.010182789584745
AD|e=E1|f=0|sp=2|k=1|tp=A0.5|sl=6|1h,-9.321736940787293e-05,-0.7637605149970579,3126,3919,0.8881675030162851,0.762292561346628,0.8089036582914796
AD|e=E1|f=0|sp=2|k=1|tp=A0.5|sl=10|1h,-0.00010351615837110975,-0.6892261901238449,2654,3362,0.94482731859992,0.8028372904206499,0.6687705071718598
AD|e=E1|f=0|sp=2|k=1|tp=A1.0|sl=-|1h,1.8308454782159107e-05,0.10908997848698856,261,354,1.1026569994442266,1.0049763156256162,0.968412917475531
AD|e=E1|f=0|sp=2|k=1|tp=A1.0|sl=6|1h,-4.6962897123803354e-05,-0.32974065254254437,2584,3448,1.0075457919450155,0.7971271593210205,0.8986901617052577
AD|e=E1|f=0|sp=2|k=1|tp=A1.0|sl=10|1h,-7.094286990826824e-05,-0.40841169022428864,2018,2713,0.9122762172741024,0.9319576453680348,0.7203636045147074
AD|e=E1|f=0|sp=2|k=1|tp=A2.0|sl=-|1h,5.4088662567615576e-06,0.03138496869022866,101,151,1.03747003035661,1.022935445768167,0.9320628919124527
AD|e=E1|f=0|sp=2|k=1|tp=A2.0|sl=6|1h,-3.807035010892385e-05,-0.22579295007973682,1833,2701,0.9931979275622979,0.9415187284039588,0.8059647320666659
AD|e=E1|f=0|sp=2|k=1|tp=A2.0|sl=10|1h,-4.929254752038372e-05,-0.24912589788643974,1377,2034,0.8784835560494948,0.9708754776558537,0.8101542224634443
AD|e=E1|f=0|sp=2|k=2|tp=MID|sl=-|1h,-4.255843590251651e-05,-0.29737272917452984,2706,3933,0.9102566833920294,0.8655969929493155,0.9411844202143885
AD|e=E1|f=0|sp=2|k=2|tp=MID|sl=6|1h,-9.866037578900998e-05,-0.7231566608419685,2896,4087,0.8194178093524088,0.8390906214530952,0.7658329134038098
AD|e=E1|f=0|sp=2|k=2|tp=MID|sl=10|1h,-7.233970474193332e-05,-0.48563283789101885,2755,3984,0.8665367587807772,0.791087994870358,0.897708759965706
AD|e=E1|f=0|sp=2|k=2|tp=A0.5|sl=-|1h,3.808352501089776e-05,0.15022191093938886,538,744,1.1307440111873899,0.9447242574687821,1.0752671797558697
AD|e=E1|f=0|sp=2|k=2|tp=A0.5|sl=6|1h,-0.0001442434689562381,-0.938237295412073,3060,4143,0.7657897058780547,0.8261763398283924,0.6218513743291909
AD|e=E1|f=0|sp=2|k=2|tp=A0.5|sl=10|1h,-0.00015793178836153856,-0.7623162300946885,2571,3564,0.7973319966443337,0.535048697979433,0.8164523086343585
AD|e=E1|f=0|sp=2|k=2|tp=A1.0|sl=-|1h,4.800754422256806e-05,0.18593283825534918,348,539,1.192490079386775,0.9554271486805598,1.0668377697690237
AD|e=E1|f=0|sp=2|k=2|tp=A1.0|sl=6|1h,-5.917812430965958e-05,-0.3461752039868317,2516,3723,0.915798109380607,0.8853475308859856,0.8114643300768339
AD|e=E1|f=0|sp=2|k=2|tp=A1.0|sl=10|1h,-8.116769269888526e-05,-0.3584131969384515,2034,3106,0.8605675954178048,0.6702997698199424,0.9575330782079797
AD|e=E1|f=0|sp=2|k=2|tp=A2.0|sl=-|1h,2.3368289244856674e-05,0.08792212183095868,142,260,1.1431142307877729,0.9937746238202203,0.9154201436806405
AD|e=E1|f=0|sp=2|k=2|tp=A2.0|sl=6|1h,-4.9421912345276916e-05,-0.22871736200592319,1802,3076,0.9701135128794811,0.9411697895963232,0.744823372336746
AD|e=E1|f=0|sp=2|k=2|tp=A2.0|sl=10|1h,-4.8584924512745196e-05,-0.1823206497026394,1360,2387,1.021127297174672,0.7883555769542012,0.8174472375461538
AD|e=E1|f=0|sp=2|k=3|tp=MID|sl=-|1h,-2.6404738836792023e-05,-0.17323841749088417,2706,4068,0.9171588413439679,0.8830041581698016,1.0064209890997249
AD|e=E1|f=0|sp=2|k=3|tp=MID|sl=6|1h,-8.161105120337162e-05,-0.5754120881529895,2884,4138,0.8512665926231924,0.835170239000604,0.8208372483489944
AD|e=E1|f=0|sp=2|k=3|tp=MID|sl=10|1h,-7.570503172734611e-05,-0.46396588911612463,2745,4097,0.8732146924238575,0.7640042945238188,0.895794572584698
AD|e=E1|f=0|sp=2|k=3|tp=A0.5|sl=-|1h,7.442038413457912e-05,0.22796542359045419,716,1044,1.131175329003858,1.0180259315685174,1.167404551577481
AD|e=E1|f=0|sp=2|k=3|tp=A0.5|sl=6|1h,-0.000145156381378692,-0.8851771467862882,3027,4201,0.7733543176208839,0.7929735540253783,0.6329154487146806
AD|e=E1|f=0|sp=2|k=3|tp=A0.5|sl=10|1h,-0.0001393456173857232,-0.5647843237665645,2619,3806,0.7707570600456134,0.604034502405055,0.8125814589525733
AD|e=E1|f=0|sp=2|k=3|tp=A1.0|sl=-|1h,9.611744088029026e-05,0.2795480372360081,463,764,1.2582086765280474,0.9457693155922249,1.2677529239721186
AD|e=E1|f=0|sp=2|k=3|tp=A1.0|sl=6|1h,-5.760282859979876e-05,-0.3065085937395243,2472,3789,0.914402084919818,0.8978486166869981,0.8003462643053455
AD|e=E1|f=0|sp=2|k=3|tp=A1.0|sl=10|1h,-8.906965778425003e-05,-0.31439208718885614,1991,3247,0.8819510020952465,0.6606467411156035,0.8593989653300601
AD|e=E1|f=0|sp=2|k=3|tp=A2.0|sl=-|1h,4.8804226858975835e-05,0.13202291513954775,169,350,1.204560062658617,0.9764610560764324,0.9368615650270697
AD|e=E1|f=0|sp=2|k=3|tp=A2.0|sl=6|1h,-7.351873500489013e-05,-0.31060372993238766,1773,3179,0.9743204192602029,1.0191451004545746,0.582138657262522
AD|e=E1|f=0|sp=2|k=3|tp=A2.0|sl=10|1h,-3.3787305220344306e-05,-0.10300423585471843,1337,2584,1.0965258639617408,0.7022322135928414,0.8830541017423855
AD|e=E1|f=1|sp=-|k=0|tp=MID|sl=-|1h,-5.734724451016411e-06,-0.1789243443424569,1000,1000,0.967873529230528,0.9747586468553023,1.0208071136376842
AD|e=E1|f=1|sp=-|k=0|tp=MID|sl=6|1h,-1.357208211731903e-05,-0.42847688949549734,1009,1009,0.9368921538750954,0.9836628200242291,0.9957035542041456
AD|e=E1|f=1|sp=-|k=0|tp=MID|sl=10|1h,-1.2080146507902931e-05,-0.36786134337228077,1000,1000,0.956892617588796,0.9629830297614778,1.0047980711222033
AD|e=E1|f=1|sp=-|k=0|tp=A0.5|sl=-|1h,5.694930264970917e-06,0.07451926054788867,271,271,1.0453958308903337,0.9911231619362683,0.9903807062901335
AD|e=E1|f=1|sp=-|k=0|tp=A0.5|sl=6|1h,-2.5128185286490653e-05,-0.7466868906993168,1087,1087,0.9192368342466659,0.9662350672858614,0.9616786649904318
AD|e=E1|f=1|sp=-|k=0|tp=A0.5|sl=10|1h,-2.858227613496501e-05,-0.6447379139324242,1066,1066,0.9318752318716581,0.9431257021991348,0.9498294663588043
AD|e=E1|f=1|sp=-|k=0|tp=A1.0|sl=-|1h,7.648974648377429e-06,0.09801530146772479,174,174,1.0638899985969608,0.9847049990271743,0.9908412232544743
AD|e=E1|f=1|sp=-|k=0|tp=A1.0|sl=6|1h,-5.026248700966227e-06,-0.12482389766277144,963,963,0.9520375886105843,1.0217395312065598,0.9930358862902402
AD|e=E1|f=1|sp=-|k=0|tp=A1.0|sl=10|1h,-1.4816687519583059e-05,-0.28560999994937514,933,933,0.9577412813627393,0.9733448143161245,0.9735387454382685
AD|e=E1|f=1|sp=-|k=0|tp=A2.0|sl=-|1h,-2.2469932259710383e-06,-0.027343700783591357,76,76,1.0245847577185385,1.001546353727625,0.9511568913537332
AD|e=E1|f=1|sp=-|k=0|tp=A2.0|sl=6|1h,-1.081407486749592e-06,-0.021231518522261843,785,785,0.9413678646170345,1.0166838808833967,1.032104704052095
AD|e=E1|f=1|sp=-|k=0|tp=A2.0|sl=10|1h,-2.1097832954878982e-05,-0.3207299621456594,740,740,0.92414447980335,0.9679945876054811,0.9733331803427031
AD|e=E1|f=1|sp=0.5|k=1|tp=MID|sl=-|1h,-6.33190087151426e-06,-0.1156039444330157,1000,1582,0.9581180886982702,0.9485821236251936,1.0513772648518533
AD|e=E1|f=1|sp=0.5|k=1|tp=MID|sl=6|1h,-2.264931062242368e-05,-0.41678678691875337,1005,1580,0.9132465058412713,0.9432333543873206,1.0028667910899525
AD|e=E1|f=1|sp=0.5|k=1|tp=MID|sl=10|1h,-2.1163381314183632e-05,-0.3653711993355085,1000,1581,0.928497242207622,0.9199122260004532,1.019596349080998
AD|e=E1|f=1|sp=0.5|k=1|tp=A0.5|sl=-|1h,1.1217851069874142e-05,0.0771217134473465,340,482,1.0829184589338323,0.9829143124474935,0.9721102808961123
AD|e=E1|f=1|sp=0.5|k=1|tp=A0.5|sl=6|1h,-3.691834000910124e-05,-0.614625638742993,1101,1577,0.8895201684335858,0.9311515596358741,0.9535739908242118
AD|e=E1|f=1|sp=0.5|k=1|tp=A0.5|sl=10|1h,-6.22810621811679e-05,-0.796901103385713,1084,1559,0.9230087574605501,0.8308931637684379,0.876192159673655
AD|e=E1|f=1|sp=0.5|k=1|tp=A1.0|sl=-|1h,3.482461846216307e-05,0.2251523274950432,272,426,1.1416490136078676,1.0387951486842804,1.0057104634725793
AD|e=E1|f=1|sp=0.5|k=1|tp=A1.0|sl=6|1h,-5.954600517851772e-06,-0.08409824208966402,985,1523,0.9404254651909606,1.0031297633604095,1.010606302013424
AD|e=E1|f=1|sp=0.5|k=1|tp=A1.0|sl=10|1h,-5.09731231872822e-05,-0.5494374425170939,964,1499,0.8691859105219121,0.8584818953944054,0.9611240843518449
AD|e=E1|f=1|sp=0.5|k=1|tp=A2.0|sl=-|1h,-1.3894658083925538e-07,-0.000815494217785315,82,139,1.0344321764204627,0.9914549177444063,0.932200615328671
AD|e=E1|f=1|sp=0.5|k=1|tp=A2.0|sl=6|1h,1.415443494050676e-05,0.15301755522579488,809,1367,0.9814933148530793,1.0159593686573751,1.0740821088956443
AD|e=E1|f=1|sp=0.5|k=1|tp=A2.0|sl=10|1h,-4.742331631809378e-05,-0.3912772456790089,778,1323,0.8573003009456932,0.9313162240402577,0.9083436974050895
AD|e=E1|f=1|sp=0.5|k=2|tp=MID|sl=-|1h,3.1719295941955393e-07,0.004534241920456118,1000,1947,0.9780614857888965,0.9280966200732848,1.0922497006893264
AD|e=E1|f=1|sp=0.5|k=2|tp=MID|sl=6|1h,-2.399254506916707e-05,-0.34037815699681895,1004,1930,0.9146707562083632,0.9271924542798516,1.0053494165554109
AD|e=E1|f=1|sp=0.5|k=2|tp=MID|sl=10|1h,-2.3495188791011888e-05,-0.3082806730368847,1000,1943,0.9481151075660728,0.8688501303661355,1.0358154045951529
AD|e=E1|f=1|sp=0.5|k=2|tp=A0.5|sl=-|1h,3.0365782130867384e-05,0.14583355359862632,408,680,1.1729676325506604,0.9417493869933566,1.0131658974703106
AD|e=E1|f=1|sp=0.5|k=2|tp=A0.5|sl=6|1h,-3.871579963047342e-05,-0.47337043067402496,1105,1856,0.9110731077463333,0.9100518616151989,0.9351247072684078
AD|e=E1|f=1|sp=0.5|k=2|tp=A0.5|sl=10|1h,-8.24347829348324e-05,-0.7636549290493705,1089,1847,0.987195674870056,0.7315013008281458,0.8116259998966033
AD|e=E1|f=1|sp=0.5|k=2|tp=A1.0|sl=-|1h,4.763679680559648e-05,0.20471272124939216,288,551,1.2226751296509304,1.0126448638639507,0.9923284483785815
AD|e=E1|f=1|sp=0.5|k=2|tp=A1.0|sl=6|1h,-7.091136889075216e-06,-0.07308584130294536,987,1859,0.9424513803281068,1.0131715624557776,0.9814735779276771
AD|e=E1|f=1|sp=0.5|k=2|tp=A1.0|sl=10|1h,-6.51588206671056e-05,-0.5060943133905552,967,1840,0.9128542846970837,0.7799114195339079,0.9070714130915594
AD|e=E1|f=1|sp=0.5|k=2|tp=A2.0|sl=-|1h,-4.170737307243861e-06,-0.01583519426711526,91,204,1.0260941839504225,0.9640981030058341,0.8870836385685927
AD|e=E1|f=1|sp=0.5|k=2|tp=A2.0|sl=6|1h,7.546250803596169e-07,0.005930278278148832,818,1783,0.9383499079895039,0.9697689711698341,1.0659615541435905
AD|e=E1|f=1|sp=0.5|k=2|tp=A2.0|sl=10|1h,-7.636506809617165e-05,-0.4507461624190183,793,1747,0.797704541656534,0.7534896042871408,0.9810188608185174
AD|e=E1|f=1|sp=0.5|k=3|tp=MID|sl=-|1h,9.880090616699937e-06,0.12418913915645852,1000,2167,0.9931265183152319,0.916168973917684,1.1521707850113534
AD|e=E1|f=1|sp=0.5|k=3|tp=MID|sl=6|1h,-2.6062474477006352e-05,-0.31309284958622374,1004,2135,0.9052638946249332,0.8968420452777517,1.0317984609939865
AD|e=E1|f=1|sp=0.5|k=3|tp=MID|sl=10|1h,-9.38570915472287e-06,-0.1117885262380243,1000,2159,0.9700242895896151,0.8467178567389408,1.1306825899859847
AD|e=E1|f=1|sp=0.5|k=3|tp=A0.5|sl=-|1h,7.739959400996335e-05,0.2946499794050729,481,890,1.1823633461876282,1.0463844499061812,1.1537061537957791
AD|e=E1|f=1|sp=0.5|k=3|tp=A0.5|sl=6|1h,-3.758065086995805e-05,-0.38438224164098517,1108,2030,0.8337421374118478,0.988119677526831,0.9418285229152491
AD|e=E1|f=1|sp=0.5|k=3|tp=A0.5|sl=10|1h,-9.297611718907326e-05,-0.7256526635719918,1092,2028,0.8811948528434564,0.7495443004541154,0.8234744688922548
AD|e=E1|f=1|sp=0.5|k=3|tp=A1.0|sl=-|1h,7.438376169700377e-05,0.2369660606251063,311,660,1.2607535209899825,0.9739745105128765,1.0982433451489182
AD|e=E1|f=1|sp=0.5|k=3|tp=A1.0|sl=6|1h,-6.515464510537436e-06,-0.05506125761885671,988,2089,0.8955211015186222,1.0383204593772581,1.0003931303124438
AD|e=E1|f=1|sp=0.5|k=3|tp=A1.0|sl=10|1h,-7.707840648112644e-05,-0.500456596162155,966,2072,0.8750355995175957,0.7706367527962539,0.8755622374072113
AD|e=E1|f=1|sp=0.5|k=3|tp=A2.0|sl=-|1h,1.5225846473853053e-05,0.04259921998251075,120,312,1.1221580052482336,0.9577252005068865,0.8399418768217577
AD|e=E1|f=1|sp=0.5|k=3|tp=A2.0|sl=6|1h,-9.004182646127622e-06,-0.05593435706861027,825,2095,0.8819117975257391,1.025538186673224,0.9892286956584403
AD|e=E1|f=1|sp=0.5|k=3|tp=A2.0|sl=10|1h,-9.682771773802402e-05,-0.4497363284545244,795,2050,0.7585431494749106,0.7063046041051225,0.9364945024373188
AD|e=E1|f=1|sp=1|k=1|tp=MID|sl=-|1h,-5.0145795259040895e-06,-0.09853394594348325,1000,1461,0.9714973647440697,0.9397697999442133,1.0560276623119573
AD|e=E1|f=1|sp=1|k=1|tp=MID|sl=6|1h,-2.1680326181807207e-05,-0.4258030366131613,1004,1455,0.9207883397393498,0.9390076520100886,1.0058538808582285
AD|e=E1|f=1|sp=1|k=1|tp=MID|sl=10|1h,-1.8157291353685104e-05,-0.33771610998210727,1000,1459,0.9555257148576974,0.90752173297234,1.0241061748406095
AD|e=E1|f=1|sp=1|k=1|tp=A0.5|sl=-|1h,1.61904669817438e-05,0.11756098366313868,385,514,1.1426599595299543,0.9690798659187928,0.9662886072157935
AD|e=E1|f=1|sp=1|k=1|tp=A0.5|sl=6|1h,-4.0005231067877384e-05,-0.6903908964696643,1099,1468,0.9147999036742294,0.9104984834053189,0.9308174927227996
AD|e=E1|f=1|sp=1|k=1|tp=A0.5|sl=10|1h,-6.156144314351212e-05,-0.8089927329688716,1084,1455,0.9772666122817658,0.8278323323978345,0.8349218088774882
AD|e=E1|f=1|sp=1|k=1|tp=A1.0|sl=-|1h,3.472901000385748e-05,0.23012196988495262,288,422,1.1643839436562249,1.023412259800949,1.0016641889998368
AD|e=E1|f=1|sp=1|k=1|tp=A1.0|sl=6|1h,-8.72979447599009e-06,-0.12802653832095168,982,1414,0.9349705184568268,0.9740236763403838,1.0297664606870889
AD|e=E1|f=1|sp=1|k=1|tp=A1.0|sl=10|1h,-5.1093778816795384e-05,-0.5714413775070025,962,1392,0.9028843267604435,0.84302664897399,0.9424031446086312
AD|e=E1|f=1|sp=1|k=1|tp=A2.0|sl=-|1h,-4.932821535593502e-06,-0.029028903217682853,84,135,1.0266445193717657,0.9758184493152631,0.926832824574904
AD|e=E1|f=1|sp=1|k=1|tp=A2.0|sl=6|1h,-1.174740661057121e-05,-0.13164165585388252,805,1288,0.9600575123491285,0.9130240000139035,1.0426751824580613
AD|e=E1|f=1|sp=1|k=1|tp=A2.0|sl=10|1h,-6.441808592157856e-05,-0.5480967747234082,780,1256,0.8436444022371252,0.8570708833556958,0.9041655935961573
AD|e=E1|f=1|sp=1|k=2|tp=MID|sl=-|1h,-2.972286904754678e-06,-0.04815757205611439,1000,1683,0.9862008126029828,0.9149539245796207,1.0790521268730087
AD|e=E1|f=1|sp=1|k=2|tp=MID|sl=6|1h,-2.2919774163280606e-05,-0.36044989906577857,1004,1663,0.923416013278046,0.9128625726555182,1.020239351452977
AD|e=E1|f=1|sp=1|k=2|tp=MID|sl=10|1h,-2.1383153244584213e-05,-0.320154766016363,1000,1678,0.9865075942366875,0.8589708838609006,1.0232997222803928
AD|e=E1|f=1|sp=1|k=2|tp=A0.5|sl=-|1h,3.25224532072739e-05,0.16184774914228464,432,650,1.1622057378602635,0.9686940198727504,1.0141892650335178
AD|e=E1|f=1|sp=1|k=2|tp=A0.5|sl=6|1h,-3.422852677975705e-05,-0.4361227408185272,1099,1647,0.8989708517087766,0.9809931712746423,0.9049122290660448
AD|e=E1|f=1|sp=1|k=2|tp=A0.5|sl=10|1h,-8.272932175179686e-05,-0.7817978015549293,1080,1638,0.9667733960367989,0.787388979980856,0.7701689937032419
AD|e=E1|f=1|sp=1|k=2|tp=A1.0|sl=-|1h,5.3700944336816546e-05,0.2417030973465471,323,553,1.2380641681251061,1.0505800746334484,0.9880476819907613
AD|e=E1|f=1|sp=1|k=2|tp=A1.0|sl=6|1h,1.7764053805871144e-05,0.19651594993548074,984,1646,0.9742787212322889,1.0706053077050075,1.049531786480437
AD|e=E1|f=1|sp=1|k=2|tp=A1.0|sl=10|1h,-3.787445149235445e-05,-0.3084500684580905,966,1639,0.9926170463816805,0.8256075937701668,0.9359741896641196
AD|e=E1|f=1|sp=1|k=2|tp=A2.0|sl=-|1h,-5.2777811781375e-06,-0.020076443276753023,96,196,1.030471380905893,0.9642907089830748,0.8776859002443648
AD|e=E1|f=1|sp=1|k=2|tp=A2.0|sl=6|1h,-1.4473899038772768e-05,-0.11784997013971066,818,1619,0.8816571827463064,0.9979899435854527,1.006416312578305
AD|e=E1|f=1|sp=1|k=2|tp=A2.0|sl=10|1h,-8.17236255163213e-05,-0.4895369475839641,784,1576,0.7916597683404585,0.7505307839331673,0.9627741708456462
AD|e=E1|f=1|sp=1|k=3|tp=MID|sl=-|1h,4.843188068749378e-06,0.07251366866357994,1000,1802,1.0071488667781827,0.9169561373263482,1.1046366210544727
AD|e=E1|f=1|sp=1|k=3|tp=MID|sl=6|1h,-2.3372683168913905e-05,-0.33438643564638415,1004,1766,0.9281792896608971,0.9063136616808053,1.016641778072172
AD|e=E1|f=1|sp=1|k=3|tp=MID|sl=10|1h,-5.23442391596223e-06,-0.07531023792849391,1000,1792,0.9923547093193434,0.8917614690584771,1.0822069238883014
AD|e=E1|f=1|sp=1|k=3|tp=A0.5|sl=-|1h,2.9801876857499365e-05,0.10832163388439409,434,697,1.1536167477391235,0.93340920859943,0.9832807612531161
AD|e=E1|f=1|sp=1|k=3|tp=A0.5|sl=6|1h,-6.326645925467692e-05,-0.67885141135037,1102,1761,0.8175686455274916,0.9252742886786702,0.8769028000782291
AD|e=E1|f=1|sp=1|k=3|tp=A0.5|sl=10|1h,-9.90337185211322e-05,-0.8101126277112906,1086,1768,0.9283458287317464,0.7070288635881969,0.8009730130791624
AD|e=E1|f=1|sp=1|k=3|tp=A1.0|sl=-|1h,7.3045611989644e-05,0.24397416376579545,345,636,1.2439623321616602,1.0161912922128122,1.0737927790400081
AD|e=E1|f=1|sp=1|k=3|tp=A1.0|sl=6|1h,-1.319097078201414e-05,-0.1217879262735957,984,1789,0.8965400599405735,1.0074530755135314,0.992603350198636
AD|e=E1|f=1|sp=1|k=3|tp=A1.0|sl=10|1h,-7.753599249267185e-05,-0.531819315349337,965,1796,0.9444203680270016,0.7562850668774848,0.8285023733361768
AD|e=E1|f=1|sp=1|k=3|tp=A2.0|sl=-|1h,1.215545017402235e-05,0.03369270301940606,111,260,1.0886410606532926,0.9478404156789363,0.8574602306941778
AD|e=E1|f=1|sp=1|k=3|tp=A2.0|sl=6|1h,-4.628719279766031e-05,-0.30664007851823216,820,1831,0.8120463672317998,0.987310130226494,0.8924276428943413
AD|e=E1|f=1|sp=1|k=3|tp=A2.0|sl=10|1h,-0.00011785366294088593,-0.5555741611776007,782,1798,0.8592662687175852,0.6438091004826859,0.7999284469989346
AD|e=E1|f=1|sp=1.5|k=1|tp=MID|sl=-|1h,-2.9679769111300755e-06,-0.06151885622557796,1000,1374,0.9825169504198591,0.9479741627470368,1.0489019874629952
AD|e=E1|f=1|sp=1.5|k=1|tp=MID|sl=6|1h,-2.1399497931778942e-05,-0.44096883391312913,1005,1364,0.921187927206033,0.9518993722182664,0.9940125411126668
AD|e=E1|f=1|sp=1.5|k=1|tp=MID|sl=10|1h,-1.4663973279770893e-05,-0.2882885997902172,1000,1372,0.9775439032900726,0.9203386480531242,1.0093823774679602
AD|e=E1|f=1|sp=1.5|k=1|tp=A0.5|sl=-|1h,3.610919796374524e-05,0.27406885960515803,418,532,1.1392495182688223,0.9677020246072884,1.0977026474169196
AD|e=E1|f=1|sp=1.5|k=1|tp=A0.5|sl=6|1h,-3.803994166624032e-05,-0.6615842691361614,1095,1402,0.9249736551446945,0.9113239661191362,0.9311007362442687
AD|e=E1|f=1|sp=1.5|k=1|tp=A0.5|sl=10|1h,-5.9133545800564674e-05,-0.7900049887602806,1078,1391,0.9610983934170442,0.8229219215947692,0.8672880128579614
AD|e=E1|f=1|sp=1.5|k=1|tp=A1.0|sl=-|1h,2.2853874374267844e-05,0.1527403806473605,251,352,1.1708665552369109,0.9514644986591607,0.9967078865970952
AD|e=E1|f=1|sp=1.5|k=1|tp=A1.0|sl=6|1h,-1.961979378989531e-05,-0.28833934929175437,977,1333,0.939121963113936,0.9604151140913052,0.9723224239587276
AD|e=E1|f=1|sp=1.5|k=1|tp=A1.0|sl=10|1h,-5.838049804146559e-05,-0.6508233812583565,957,1317,0.9641256729124487,0.8236573970306936,0.8641337204669347
AD|e=E1|f=1|sp=1.5|k=1|tp=A2.0|sl=-|1h,-2.1286544456153295e-06,-0.012501493835504491,89,139,1.0355679437036234,0.9805217422153835,0.9301278427988364
AD|e=E1|f=1|sp=1.5|k=1|tp=A2.0|sl=6|1h,-2.5129920176144533e-05,-0.29061252472651844,805,1222,0.9497452210734599,0.9173989115329728,0.9672153544865681
AD|e=E1|f=1|sp=1.5|k=1|tp=A2.0|sl=10|1h,-9.049405655713795e-05,-0.7768769392574315,778,1191,0.869992487605001,0.7988171108446254,0.8021490618864592
AD|e=E1|f=1|sp=1.5|k=2|tp=MID|sl=-|1h,4.411213981306044e-06,0.08096369941691219,1000,1522,0.9968705175432846,0.9408099514681321,1.0885665946256415
AD|e=E1|f=1|sp=1.5|k=2|tp=MID|sl=6|1h,-2.102268868705768e-05,-0.35736911706408725,1005,1494,0.920462038578626,0.9295511086821204,1.0181155640684956
AD|e=E1|f=1|sp=1.5|k=2|tp=MID|sl=10|1h,-2.5947849845645257e-06,-0.04662926825957076,1000,1516,0.98393882996103,0.9172965793997772,1.0828699269717026
AD|e=E1|f=1|sp=1.5|k=2|tp=A0.5|sl=-|1h,4.159989937780947e-05,0.2105817292279548,434,612,1.156419743853004,0.9433214171767542,1.1026781597334585
AD|e=E1|f=1|sp=1.5|k=2|tp=A0.5|sl=6|1h,-3.8156272495566935e-05,-0.5158207454528765,1097,1549,0.8901431459722202,0.967329801644116,0.9060895399604625
AD|e=E1|f=1|sp=1.5|k=2|tp=A0.5|sl=10|1h,-6.849436219337006e-05,-0.6837094230926268,1079,1551,0.9880907394062435,0.7526626140930334,0.8633270299104299
AD|e=E1|f=1|sp=1.5|k=2|tp=A1.0|sl=-|1h,3.607450803237939e-05,0.16068344480804056,270,432,1.2035953509612962,0.9060157640741372,1.05488472106687
AD|e=E1|f=1|sp=1.5|k=2|tp=A1.0|sl=6|1h,-1.4656121101434324e-05,-0.16524411132920575,979,1521,0.9537465958577749,0.9667917603722853,0.9730075682062876
AD|e=E1|f=1|sp=1.5|k=2|tp=A1.0|sl=10|1h,-4.3304332785858275e-05,-0.3559067899775519,959,1522,0.9912827318650472,0.7547987355560473,0.9928822074963638
AD|e=E1|f=1|sp=1.5|k=2|tp=A2.0|sl=-|1h,3.877727622965251e-06,0.01481038555996174,106,201,1.0563308072586992,0.96879163843805,0.9030650889899283
AD|e=E1|f=1|sp=1.5|k=2|tp=A2.0|sl=6|1h,-4.1776337900927495e-05,-0.3557907163755237,813,1482,0.8989285353348028,0.9284343940183308,0.8990720784437095
AD|e=E1|f=1|sp=1.5|k=2|tp=A2.0|sl=10|1h,-7.823122688408211e-05,-0.4803536927012767,775,1456,0.9071881713733614,0.7448856453264426,0.8679106524405079
AD|e=E1|f=1|sp=1.5|k=3|tp=MID|sl=-|1h,1.0586240601866962e-05,0.18700336237779142,1000,1581,1.0130188781044225,0.9488584688257533,1.1028009918283974
AD|e=E1|f=1|sp=1.5|k=3|tp=MID|sl=6|1h,-1.2986581075602348e-05,-0.2224333221028921,1005,1534,0.9651815108192979,0.9371613887618346,1.0119407263279774
AD|e=E1|f=1|sp=1.5|k=3|tp=MID|sl=10|1h,-1.6693709504497976e-07,-0.0028615927688943037,1000,1569,0.9856672971114296,0.91747840315993,1.0962906836309256
AD|e=E1|f=1|sp=1.5|k=3|tp=A0.5|sl=-|1h,4.63459110565598e-05,0.1746955657419791,451,668,1.1510419270023606,0.9122093616397784,1.1135696721283737
AD|e=E1|f=1|sp=1.5|k=3|tp=A0.5|sl=6|1h,-6.492283896399035e-05,-0.7615827656566002,1098,1619,0.8862276622902363,0.8827870539064337,0.8423033387495465
AD|e=E1|f=1|sp=1.5|k=3|tp=A0.5|sl=10|1h,-8.608004657717966e-05,-0.7026171425539928,1078,1634,0.9954488719594936,0.6886572599058551,0.8310256115104611
AD|e=E1|f=1|sp=1.5|k=3|tp=A1.0|sl=-|1h,5.274834885805336e-05,0.17417320143092851,329,557,1.1987659571694975,0.9556513352673365,1.0381054450095615
AD|e=E1|f=1|sp=1.5|k=3|tp=A1.0|sl=6|1h,-4.337421061624521e-05,-0.42200347567793534,979,1617,0.9389621078712083,0.8699857806486287,0.9145779712617492
AD|e=E1|f=1|sp=1.5|k=3|tp=A1.0|sl=10|1h,-6.88651229482937e-05,-0.47489701155137404,957,1639,1.0604941325485884,0.6390527481774291,0.9222768722901685
AD|e=E1|f=1|sp=1.5|k=3|tp=A2.0|sl=-|1h,2.360388354408243e-05,0.06574558177520258,135,291,1.1308615813217688,0.9391834031949408,0.8966580717267285
AD|e=E1|f=1|sp=1.5|k=3|tp=A2.0|sl=6|1h,-7.194513825436353e-05,-0.5147610566496709,814,1626,0.8751131870292813,0.8311285107182871,0.8474288945442112
AD|e=E1|f=1|sp=1.5|k=3|tp=A2.0|sl=10|1h,-8.369550884775731e-05,-0.40722878179297606,768,1619,1.0125646595122342,0.6102805133239707,0.8900391461064275
AD|e=E1|f=1|sp=2|k=1|tp=MID|sl=-|1h,-2.714674501651714e-06,-0.059037156986803986,1000,1306,0.9896002816445819,0.9471960167992713,1.0443029535266883
AD|e=E1|f=1|sp=2|k=1|tp=MID|sl=6|1h,-2.0802498482221722e-05,-0.4459402955574478,1006,1295,0.9354001356382106,0.9523850722584626,0.9823426743911833
AD|e=E1|f=1|sp=2|k=1|tp=MID|sl=10|1h,-1.5045608048026606e-05,-0.3072690374117051,1000,1304,0.9843282407951017,0.916170936571324,1.004956621902454
AD|e=E1|f=1|sp=2|k=1|tp=A0.5|sl=-|1h,1.897527484418826e-05,0.1345621053840532,369,463,1.0890480094103085,0.977085311090182,1.0231832974160309
AD|e=E1|f=1|sp=2|k=1|tp=A0.5|sl=6|1h,-2.731279548786118e-05,-0.47829334757293135,1092,1350,0.94581980469805,0.9451556896775964,0.9380176897761244
AD|e=E1|f=1|sp=2|k=1|tp=A0.5|sl=10|1h,-4.827196333907507e-05,-0.6515329022452565,1066,1335,1.0066604714818914,0.8682409702377526,0.8392944497425855
AD|e=E1|f=1|sp=2|k=1|tp=A1.0|sl=-|1h,2.761084630031141e-05,0.18966010438818126,267,364,1.1740635128111756,0.993014095668049,0.9824026684771998
AD|e=E1|f=1|sp=2|k=1|tp=A1.0|sl=6|1h,-7.080665205583115e-06,-0.10705586602462457,971,1280,0.9694258096720023,0.9937267802227946,0.983774316249087
AD|e=E1|f=1|sp=2|k=1|tp=A1.0|sl=10|1h,-5.8169301273231e-05,-0.6686891454245942,947,1265,0.9680450548900287,0.85364966153967,0.8319308226589277
AD|e=E1|f=1|sp=2|k=1|tp=A2.0|sl=-|1h,-4.629345725607104e-07,-0.0027227285953852604,93,139,1.0312114150760727,0.9968118646161268,0.9284370291000337
AD|e=E1|f=1|sp=2|k=1|tp=A2.0|sl=6|1h,-1.7096336503448743e-05,-0.1972724346425077,806,1182,0.932285499232623,0.9862276706973321,0.9632997391236225
AD|e=E1|f=1|sp=2|k=1|tp=A2.0|sl=10|1h,-7.655013931496213e-05,-0.663793244815035,772,1147,0.8842890789610434,0.7825234029538498,0.8781183406858802
AD|e=E1|f=1|sp=2|k=2|tp=MID|sl=-|1h,2.8335935645819656e-06,0.05659823311728641,1000,1403,1.006421256623246,0.9446316409343517,1.0644490302731784
AD|e=E1|f=1|sp=2|k=2|tp=MID|sl=6|1h,-1.9425283277234492e-05,-0.3694982046553011,1006,1374,0.9406441298000312,0.9460368694938908,0.9899189479974936
AD|e=E1|f=1|sp=2|k=2|tp=MID|sl=10|1h,-3.2364605809519104e-06,-0.06308191785413485,1000,1396,0.9910157177206278,0.9286017461043251,1.0588785742349722
AD|e=E1|f=1|sp=2|k=2|tp=A0.5|sl=-|1h,1.3473922707923292e-05,0.062079791333684776,374,511,1.075270202874639,0.9366627684112643,1.0009297411608034
AD|e=E1|f=1|sp=2|k=2|tp=A0.5|sl=6|1h,-4.571344098213891e-05,-0.6616860936999116,1094,1460,0.9127424131551677,0.926536478034319,0.8821770373258736
AD|e=E1|f=1|sp=2|k=2|tp=A0.5|sl=10|1h,-8.03057712528597e-05,-0.8467414454040184,1073,1466,1.0064785904294549,0.7112169134960165,0.8351140767115973
AD|e=E1|f=1|sp=2|k=2|tp=A1.0|sl=-|1h,4.1403960387136675e-05,0.18450372899853001,286,439,1.18587975421455,0.955948175502011,1.0517083949021673
AD|e=E1|f=1|sp=2|k=2|tp=A1.0|sl=6|1h,-2.8294729631136936e-05,-0.3395336876877982,972,1425,0.9219429254121871,0.9663312722237882,0.9272954583213926
AD|e=E1|f=1|sp=2|k=2|tp=A1.0|sl=10|1h,-7.275649904985731e-05,-0.6302562070318701,956,1435,0.9613605812252364,0.7246483325333027,0.8910681087412239
AD|e=E1|f=1|sp=2|k=2|tp=A2.0|sl=-|1h,1.4317414686005471e-05,0.05568226140032908,131,238,1.1266637624241271,0.9640313954896237,0.9091853702201916
AD|e=E1|f=1|sp=2|k=2|tp=A2.0|sl=6|1h,-5.46006667906134e-05,-0.4892945850676183,810,1383,0.901908221584369,0.940606608980867,0.8193080486205799
AD|e=E1|f=1|sp=2|k=2|tp=A2.0|sl=10|1h,-0.00010578644125813858,-0.6616503180945827,773,1370,0.9398835474502739,0.6874605717813801,0.7670853648182084
AD|e=E1|f=1|sp=2|k=3|tp=MID|sl=-|1h,6.962046010563566e-06,0.13590291404978158,1000,1436,1.0145506201346133,0.94908049166527,1.077803313581584
AD|e=E1|f=1|sp=2|k=3|tp=MID|sl=6|1h,-1.1382343033910788e-05,-0.2211289003297797,1006,1391,0.9625566300694658,0.9626215726231968,0.9995998017853618
AD|e=E1|f=1|sp=2|k=3|tp=MID|sl=10|1h,-3.3031353315265256e-06,-0.062396196594971594,1000,1426,0.9940240349403481,0.9144134539319965,1.0710594221694285
AD|e=E1|f=1|sp=2|k=3|tp=A0.5|sl=-|1h,1.7713323150127745e-05,0.06271584366649662,423,607,1.053327999028412,0.895594838754277,1.0405800244776395
AD|e=E1|f=1|sp=2|k=3|tp=A0.5|sl=6|1h,-6.241709260285191e-05,-0.8401896318126285,1094,1500,0.8955844431518311,0.8486971784885444,0.8838255081423363
AD|e=E1|f=1|sp=2|k=3|tp=A0.5|sl=10|1h,-9.372618722971593e-05,-0.811125611364107,1083,1551,0.9681382445133708,0.6896233868710916,0.817340121278221
AD|e=E1|f=1|sp=2|k=3|tp=A1.0|sl=-|1h,6.994182143678697e-05,0.23810292259778443,368,595,1.2076529781827394,0.9617778396959683,1.1555172484028133
AD|e=E1|f=1|sp=2|k=3|tp=A1.0|sl=6|1h,-4.927736835523525e-05,-0.5392213447401846,972,1479,0.9392517346081366,0.8689761822564716,0.8867209842417254
AD|e=E1|f=1|sp=2|k=3|tp=A1.0|sl=10|1h,-9.149070517857873e-05,-0.6375185427376251,954,1529,0.9782759569981099,0.6874116507517435,0.8108592722630834
AD|e=E1|f=1|sp=2|k=3|tp=A2.0|sl=-|1h,3.396192160389753e-05,0.09443871471537725,152,313,1.1473056081418342,0.9859633531341133,0.8966859478581822
AD|e=E1|f=1|sp=2|k=3|tp=A2.0|sl=6|1h,-7.29207423818936e-05,-0.5771106586484954,809,1453,0.9603263447119006,0.885254816142204,0.7248052459638541
AD|e=E1|f=1|sp=2|k=3|tp=A2.0|sl=10|1h,-0.00011608321199329971,-0.5747348953790126,776,1514,1.0054552953544973,0.6283332804308085,0.7159018563999
AD|e=E2|f=0|sp=-|k=0|tp=MID|sl=-|1h,-1.897215659964992e-05,-0.32547493437674063,1118,1118,0.9617368962066613,0.9499616714079709,0.9679488923338248
AD|e=E2|f=0|sp=-|k=0|tp=MID|sl=6|1h,-3.852535421641917e-05,-0.5935969904220582,1335,1335,0.9060157880191348,0.9134445154043535,0.9458218679733466
AD|e=E2|f=0|sp=-|k=0|tp=MID|sl=10|1h,-3.427371989797329e-05,-0.5339813651612565,1205,1205,0.9331604497613235,0.9001257912029235,0.9566918974726745
AD|e=E2|f=0|sp=-|k=0|tp=A0.5|sl=-|1h,5.0117738787405435e-06,0.06345411294493704,214,214,1.0350518265165374,0.9950447122021975,0.9918325718174601
AD|e=E2|f=0|sp=-|k=0|tp=A0.5|sl=6|1h,-5.643058283613474e-05,-0.8531981786938385,1634,1634,0.8949571323220724,0.8565140260585608,0.913673844609461
AD|e=E2|f=0|sp=-|k=0|tp=A0.5|sl=10|1h,-5.522429202487611e-05,-0.7579967781633473,1334,1334,0.8693994036914433,0.8657348939174204,0.936473498983882
AD|e=E2|f=0|sp=-|k=0|tp=A1.0|sl=-|1h,4.29594830281045e-06,0.05367254614839253,151,151,1.0421249473972296,0.9922466895594922,0.9834083214777835
AD|e=E2|f=0|sp=-|k=0|tp=A1.0|sl=6|1h,-4.693399077884904e-05,-0.644542928861507,1373,1373,0.9177611086329448,0.8882367005282422,0.9095329759036901
AD|e=E2|f=0|sp=-|k=0|tp=A1.0|sl=10|1h,-5.335767347573416e-05,-0.6792047288353572,1105,1105,0.8814664823042522,0.8876442328298315,0.9096525777974884
AD|e=E2|f=0|sp=-|k=0|tp=A2.0|sl=-|1h,3.2852346274886997e-06,0.03924102598142781,79,79,1.0271681895237326,0.9958646925090046,0.9871643560727622
AD|e=E2|f=0|sp=-|k=0|tp=A2.0|sl=6|1h,-3.175970565908009e-05,-0.36674167057271007,1135,1135,0.9121067868292152,0.9258232477933189,0.9603803903482256
AD|e=E2|f=0|sp=-|k=0|tp=A2.0|sl=10|1h,-3.4655190710286226e-05,-0.37697589546748245,852,852,0.8833061827111464,0.8897421880932054,1.012135377797578
AD|e=E2|f=0|sp=0.5|k=1|tp=MID|sl=-|1h,-2.1205543897040796e-05,-0.20135873961405426,1118,1857,0.9322340026078759,0.9107682971060812,1.0133394506047697
AD|e=E2|f=0|sp=0.5|k=1|tp=MID|sl=6|1h,-5.975778505852141e-05,-0.5746965906970192,1293,2128,0.8683224902526023,0.8370025492001384,0.9333481923498915
AD|e=E2|f=0|sp=0.5|k=1|tp=MID|sl=10|1h,-5.071537279140115e-05,-0.4444880727232821,1181,1964,0.8877066255670337,0.8230258034924732,0.9775864933585047
AD|e=E2|f=0|sp=0.5|k=1|tp=A0.5|sl=-|1h,5.616990464677689e-06,0.03504649740145522,243,354,1.0499290368834695,0.9776767501854007,0.9692246810077133
AD|e=E2|f=0|sp=0.5|k=1|tp=A0.5|sl=6|1h,-8.206914120082334e-05,-0.8261633071715708,1652,2354,0.8893017752448853,0.7126193642613525,0.9337237948380651
AD|e=E2|f=0|sp=0.5|k=1|tp=A0.5|sl=10|1h,-9.274265950630764e-05,-0.7010123471085915,1373,1984,0.7785574262743491,0.6886458706957603,1.018929671100244
AD|e=E2|f=0|sp=0.5|k=1|tp=A1.0|sl=-|1h,2.114052905758229e-05,0.12747734163225813,182,287,1.0943074751958568,1.0031109465480816,0.9953350583183826
AD|e=E2|f=0|sp=0.5|k=1|tp=A1.0|sl=6|1h,-0.00010069046552547537,-0.8755293149269685,1364,2092,0.8934253438606451,0.7538195502051085,0.7783579419976715
AD|e=E2|f=0|sp=0.5|k=1|tp=A1.0|sl=10|1h,-7.888093537556932e-05,-0.5325683338567534,1089,1693,0.8764476038072574,0.7313226091650629,0.922576515941672
AD|e=E2|f=0|sp=0.5|k=1|tp=A2.0|sl=-|1h,2.018367183108837e-05,0.11704768504121177,99,175,1.0889927770566086,1.0091612653638422,0.9860654058306828
AD|e=E2|f=0|sp=0.5|k=1|tp=A2.0|sl=6|1h,-7.817348843552012e-05,-0.5449481975479257,1127,1875,0.9009257333351927,0.7982988656084367,0.8264016155640863
AD|e=E2|f=0|sp=0.5|k=1|tp=A2.0|sl=10|1h,-3.3697860136682514e-05,-0.19159345835198602,848,1432,0.9284617430162218,0.8307067464565452,0.9975909618966865
AD|e=E2|f=0|sp=0.5|k=2|tp=MID|sl=-|1h,-2.2165158732242277e-05,-0.15634817613369476,1118,2313,0.9248168581691057,0.8837018174609211,1.029467038880464
AD|e=E2|f=0|sp=0.5|k=2|tp=MID|sl=6|1h,-7.135921909072986e-05,-0.5014985470537116,1255,2568,0.8676393840170545,0.7930039957316968,0.9027828047915164
AD|e=E2|f=0|sp=0.5|k=2|tp=MID|sl=10|1h,-6.272079000654057e-05,-0.40823720177495026,1171,2428,0.8510072779580526,0.7962600799354393,0.9596457318874632
AD|e=E2|f=0|sp=0.5|k=2|tp=A0.5|sl=-|1h,6.284332269372665e-05,0.2788995891160479,457,769,1.1382664191288965,1.1882610617216096,1.0071108045170785
AD|e=E2|f=0|sp=0.5|k=2|tp=A0.5|sl=6|1h,-0.00010311533457939524,-0.7501572165934224,1635,2680,0.8245724419356669,0.6914633172939513,0.8952602044998271
AD|e=E2|f=0|sp=0.5|k=2|tp=A0.5|sl=10|1h,-9.894062029024359e-05,-0.5612672611405444,1432,2383,0.7620147942677086,0.6956907961128214,0.9655800748290653
AD|e=E2|f=0|sp=0.5|k=2|tp=A1.0|sl=-|1h,3.410711110106003e-05,0.13702171461521415,207,403,1.156149384288333,0.9909128171142817,0.9776811323122118
AD|e=E2|f=0|sp=0.5|k=2|tp=A1.0|sl=6|1h,-0.00011715455747285732,-0.722861030521051,1328,2480,0.8554427629579623,0.6924274178694879,0.7807186710568067
AD|e=E2|f=0|sp=0.5|k=2|tp=A1.0|sl=10|1h,-0.00015344466482850722,-0.7095406692590542,1053,2014,0.7205752517435703,0.6227122318783035,0.793644594914964
AD|e=E2|f=0|sp=0.5|k=2|tp=A2.0|sl=-|1h,3.3552878165243106e-05,0.12738631506515818,107,252,1.141797237409404,1.0052106361363407,0.9655950423837205
AD|e=E2|f=0|sp=0.5|k=2|tp=A2.0|sl=6|1h,-0.00012108286106872034,-0.5946345035787681,1091,2346,0.9073661078989302,0.7994595121940167,0.606135678841402
AD|e=E2|f=0|sp=0.5|k=2|tp=A2.0|sl=10|1h,-7.068319654806546e-05,-0.2876177249304399,865,1884,0.8458816245921802,0.7957198647568848,0.8646749639019359
AD|e=E2|f=0|sp=0.5|k=3|tp=MID|sl=-|1h,-1.5411895864280032e-05,-0.09061471075100194,1118,2613,0.9284938660262682,0.8706333885219889,1.066240304709345
AD|e=E2|f=0|sp=0.5|k=3|tp=MID|sl=6|1h,-6.091496420866668e-05,-0.3644740982823393,1228,2816,0.9128120031457311,0.7970080884423054,0.8965356658501089
AD|e=E2|f=0|sp=0.5|k=3|tp=MID|sl=10|1h,-5.6636159637632145e-05,-0.31232219574817877,1157,2695,0.8788204740651607,0.7347292357326525,1.0272407257603637
AD|e=E2|f=0|sp=0.5|k=3|tp=A0.5|sl=-|1h,8.90302333251133e-05,0.3045197875810293,499,921,1.1232053725793976,1.21692386473503,1.1094866257903455
AD|e=E2|f=0|sp=0.5|k=3|tp=A0.5|sl=6|1h,-0.00012010415417850155,-0.7102330024575807,1602,2862,0.8031103755042859,0.6899373462757444,0.813561056941587
AD|e=E2|f=0|sp=0.5|k=3|tp=A0.5|sl=10|1h,-6.937750588529341e-05,-0.3135284666657811,1428,2607,0.8717819293855255,0.663374773048919,1.027120317142893
AD|e=E2|f=0|sp=0.5|k=3|tp=A1.0|sl=-|1h,0.0001028966831684086,0.32342963020934873,309,685,1.1801487520409737,1.2657731662432525,1.0796631228929474
AD|e=E2|f=0|sp=0.5|k=3|tp=A1.0|sl=6|1h,-0.00011319749923990928,-0.5658380967066673,1291,2706,0.789874572947097,0.7427839929680983,0.7856611752371916
AD|e=E2|f=0|sp=0.5|k=3|tp=A1.0|sl=10|1h,-0.00012237390772026714,-0.4771117229158509,1091,2355,0.6782263291395437,0.6558942708631896,0.9353900773801802
AD|e=E2|f=0|sp=0.5|k=3|tp=A2.0|sl=-|1h,3.6095158200479896e-05,0.09941231473684069,108,300,1.1424830025498272,0.9498000219636438,0.9449129522993742
AD|e=E2|f=0|sp=0.5|k=3|tp=A2.0|sl=6|1h,-6.150670848972033e-05,-0.2514154598890868,1038,2607,0.9980213008191133,0.9312472358307501,0.6595799188313552
AD|e=E2|f=0|sp=0.5|k=3|tp=A2.0|sl=10|1h,-5.5450682591897725e-05,-0.17846595064834062,836,2130,0.7517564138095889,0.7954232315325098,1.0002009438598527
AD|e=E2|f=0|sp=1|k=1|tp=MID|sl=-|1h,-2.197143252032667e-05,-0.2184764829518249,1118,1728,0.9506354309725045,0.9007289217604684,1.001739540970761
AD|e=E2|f=0|sp=1|k=1|tp=MID|sl=6|1h,-6.220782744874042e-05,-0.6204932316296389,1281,1961,0.8882585220712987,0.8271460326319061,0.9109132529605817
AD|e=E2|f=0|sp=1|k=1|tp=MID|sl=10|1h,-4.6810003439865716e-05,-0.43975182016403164,1178,1823,0.8950572794945052,0.8396600480042797,0.9767858220316354
AD|e=E2|f=0|sp=1|k=1|tp=A0.5|sl=-|1h,1.9735820258147825e-05,0.12952078111576254,324,439,1.0496778062370105,1.0551033481462546,0.9831215846056176
AD|e=E2|f=0|sp=1|k=1|tp=A0.5|sl=6|1h,-6.973205614828825e-05,-0.7140113221674543,1631,2169,0.8638788920219431,0.7544693999060271,0.9802043744355761
AD|e=E2|f=0|sp=1|k=1|tp=A0.5|sl=10|1h,-8.118469617322558e-05,-0.6585419293131097,1380,1858,0.8198493269209005,0.7099378875094616,1.0110863498021587
AD|e=E2|f=0|sp=1|k=1|tp=A1.0|sl=-|1h,2.3441505532117935e-05,0.14366376270871078,199,297,1.0916690634787274,0.9971821524017708,1.0189513159999257
AD|e=E2|f=0|sp=1|k=1|tp=A1.0|sl=6|1h,-7.937014497748678e-05,-0.6971310037413189,1341,1943,0.8787789304630195,0.8304289761995577,0.8202434116752584
AD|e=E2|f=0|sp=1|k=1|tp=A1.0|sl=10|1h,-8.329380866497856e-05,-0.5692728058050778,1070,1567,0.8596996246865798,0.7197174835221852,0.9300845553112894
AD|e=E2|f=0|sp=1|k=1|tp=A2.0|sl=-|1h,1.7384503320373737e-05,0.10120643543730466,97,168,1.0887322127825911,1.0105639844960057,0.9680163881168167
AD|e=E2|f=0|sp=1|k=1|tp=A2.0|sl=6|1h,-5.6128132959988175e-05,-0.38931117054164494,1103,1764,0.9290764351978226,0.8950384563391673,0.819509819803882
AD|e=E2|f=0|sp=1|k=1|tp=A2.0|sl=10|1h,-4.733825611966987e-05,-0.27480000897142304,842,1358,0.9655688484714169,0.804867164611161,0.9121148568238816
AD|e=E2|f=0|sp=1|k=2|tp=MID|sl=-|1h,-1.5733207065619988e-05,-0.12080296044803253,1118,2044,0.9617467928365091,0.8895512494547766,1.0284743210112226
AD|e=E2|f=0|sp=1|k=2|tp=MID|sl=6|1h,-5.9101832163793734e-05,-0.4589741677985558,1243,2222,0.9436071753740392,0.82034538542999,0.8710770927288395
AD|e=E2|f=0|sp=1|k=2|tp=MID|sl=10|1h,-4.4230364619017584e-05,-0.3229631287309014,1162,2117,0.9154103346824329,0.8014885980536451,1.0026352346906933
AD|e=E2|f=0|sp=1|k=2|tp=A0.5|sl=-|1h,4.868818180347301e-05,0.2215463047664983,437,674,1.1130110069502483,1.1178224769942948,1.0081811879556692
AD|e=E2|f=0|sp=1|k=2|tp=A0.5|sl=6|1h,-0.0001002702603900474,-0.7819097902558603,1589,2373,0.8287555256082086,0.7468843532029243,0.843295505319665
AD|e=E2|f=0|sp=1|k=2|tp=A0.5|sl=10|1h,-5.204580522472285e-05,-0.3153490634984628,1397,2127,0.9363300033269208,0.6979734359386799,1.0544161858212016
AD|e=E2|f=0|sp=1|k=2|tp=A1.0|sl=-|1h,5.4727130098593485e-05,0.2291498399700603,255,451,1.104135002151277,1.1559424251119144,1.0046748140095176
AD|e=E2|f=0|sp=1|k=2|tp=A1.0|sl=6|1h,-9.759120732667721e-05,-0.6439769852268676,1291,2191,0.8261895266658953,0.7603003678340173,0.8356733735375655
AD|e=E2|f=0|sp=1|k=2|tp=A1.0|sl=10|1h,-0.00013085270221897826,-0.6622132374618599,1058,1830,0.7385432038928119,0.6352426140253038,0.8849441977898448
AD|e=E2|f=0|sp=1|k=2|tp=A2.0|sl=-|1h,3.19974835728938e-05,0.12179602375584658,116,252,1.1151116208676493,0.9691162265065758,1.015615881571353
AD|e=E2|f=0|sp=1|k=2|tp=A2.0|sl=6|1h,-8.886045479093947e-05,-0.46726470649944546,1055,2083,0.9067118408791672,0.8510557329950974,0.701740975487515
AD|e=E2|f=0|sp=1|k=2|tp=A2.0|sl=10|1h,-6.665093447823619e-05,-0.2857097915792196,838,1674,0.8760929982349095,0.7805805257475196,0.8812268609204796
AD|e=E2|f=0|sp=1|k=3|tp=MID|sl=-|1h,-2.084337709317697e-06,-0.014370419219916242,1118,2222,0.9817095571934052,0.8976506191371763,1.0787167123985455
AD|e=E2|f=0|sp=1|k=3|tp=MID|sl=6|1h,-6.1017853904897693e-05,-0.43751948309369365,1227,2338,0.9592293012370476,0.7994711501267323,0.8641891204604708
AD|e=E2|f=0|sp=1|k=3|tp=MID|sl=10|1h,-4.283697226164854e-05,-0.27652303553302715,1148,2264,0.9079446080342218,0.798728329120744,1.0131521091170508
AD|e=E2|f=0|sp=1|k=3|tp=A0.5|sl=-|1h,5.2938173059484285e-05,0.1797425670000723,473,774,1.1061746132305168,1.099292822878645,1.000053825974071
AD|e=E2|f=0|sp=1|k=3|tp=A0.5|sl=6|1h,-9.395262583617535e-05,-0.6439328169658521,1570,2468,0.9088727129606283,0.6897196536014485,0.8579919893838427
AD|e=E2|f=0|sp=1|k=3|tp=A0.5|sl=10|1h,-6.847247767164695e-05,-0.33882671363494343,1426,2299,0.9439036694541441,0.6154506299335227,1.0447054956434862
AD|e=E2|f=0|sp=1|k=3|tp=A1.0|sl=-|1h,8.794125671189992e-05,0.2783005226240549,309,609,1.1503988532843106,1.1895128273663298,1.0768414186171205
AD|e=E2|f=0|sp=1|k=3|tp=A1.0|sl=6|1h,-9.395560246152299e-05,-0.5332503453900292,1281,2358,0.9131500264857014,0.7492293961760247,0.7730831111262073
AD|e=E2|f=0|sp=1|k=3|tp=A1.0|sl=10|1h,-0.00016664874737456082,-0.6839848522002766,1080,2072,0.7186480281008231,0.585823486065974,0.7609725273601115
AD|e=E2|f=0|sp=1|k=3|tp=A2.0|sl=-|1h,5.598057780289688e-05,0.1555289213639523,127,318,1.1922269039499052,0.9592447118257119,1.0153627250268769
AD|e=E2|f=0|sp=1|k=3|tp=A2.0|sl=6|1h,-0.0001021549587317576,-0.44199897396323234,1014,2260,0.8786604994981213,0.850487110312207,0.6471025174498255
AD|e=E2|f=0|sp=1|k=3|tp=A2.0|sl=10|1h,-8.481393052738682e-05,-0.2892051907156966,812,1883,0.80587222840708,0.5697947911085415,1.1082802349218193
AD|e=E2|f=0|sp=1.5|k=1|tp=MID|sl=-|1h,-2.3040815161344058e-05,-0.2405323451786502,1118,1616,0.9534813942042603,0.9174618490544538,0.9756228658592139
AD|e=E2|f=0|sp=1.5|k=1|tp=MID|sl=6|1h,-5.809393615205172e-05,-0.6087063190393357,1268,1812,0.9161237302495985,0.8347210950608351,0.8990970007382023
AD|e=E2|f=0|sp=1.5|k=1|tp=MID|sl=10|1h,-4.128319899954856e-05,-0.4082122509063625,1172,1694,0.906427737408543,0.8752261637988815,0.9594354812617821
AD|e=E2|f=0|sp=1.5|k=1|tp=A0.5|sl=-|1h,2.9225317346756013e-05,0.19388947868541456,342,444,1.046191723427156,1.0804815761503328,1.0219547454012463
AD|e=E2|f=0|sp=1.5|k=1|tp=A0.5|sl=6|1h,-6.488638819296351e-05,-0.6913495540612065,1599,2028,0.8722438875751806,0.7835940998514626,0.9641296795588109
AD|e=E2|f=0|sp=1.5|k=1|tp=A0.5|sl=10|1h,-7.465253995469537e-05,-0.6113940334114145,1343,1725,0.803411454393237,0.7366842387249812,1.0368498261762695
AD|e=E2|f=0|sp=1.5|k=1|tp=A1.0|sl=-|1h,1.3175889294314478e-05,0.08152045404327883,191,268,1.080219205879493,0.9661337783081396,0.9984864417762692
AD|e=E2|f=0|sp=1.5|k=1|tp=A1.0|sl=6|1h,-6.804654216739124e-05,-0.6139577757340642,1313,1806,0.9212415435259803,0.8193246330770346,0.8512963840175312
AD|e=E2|f=0|sp=1.5|k=1|tp=A1.0|sl=10|1h,-8.500390811282138e-05,-0.5832814165360548,1039,1452,0.8701729884366892,0.7291736979531073,0.8980233134929279
AD|e=E2|f=0|sp=1.5|k=1|tp=A2.0|sl=-|1h,1.585592346104158e-05,0.09276685782311671,99,164,1.1003671628822103,0.9960906819884818,0.9628313952402409
AD|e=E2|f=0|sp=1.5|k=1|tp=A2.0|sl=6|1h,-4.849602295150537e-05,-0.3545150254701595,1094,1662,0.9302521939351396,0.9265443092541135,0.8315083022344899
AD|e=E2|f=0|sp=1.5|k=1|tp=A2.0|sl=10|1h,-3.8501786099831255e-05,-0.23317009271242112,853,1312,0.9665517297204653,0.8638322476807228,0.9009216575132255
AD|e=E2|f=0|sp=1.5|k=2|tp=MID|sl=-|1h,-1.036865083576274e-05,-0.08725348510390159,1118,1854,0.9851443455572603,0.9086155225464735,1.020481905496239
AD|e=E2|f=0|sp=1.5|k=2|tp=MID|sl=6|1h,-4.748786886040612e-05,-0.3992576361617774,1234,1983,0.9650652645225873,0.842737881298312,0.8940313130079747
AD|e=E2|f=0|sp=1.5|k=2|tp=MID|sl=10|1h,-3.649518190315374e-05,-0.28949056698044157,1155,1902,0.9565771061027006,0.8208470529655422,0.98724765334872
AD|e=E2|f=0|sp=1.5|k=2|tp=A0.5|sl=-|1h,5.116982683039045e-05,0.2356367636306187,430,633,1.106128194108942,1.141003832113661,1.0111948879110946
AD|e=E2|f=0|sp=1.5|k=2|tp=A0.5|sl=6|1h,-8.256032697086034e-05,-0.6611185334430594,1552,2159,0.8763139635778455,0.7508502236165481,0.8869773996762726
AD|e=E2|f=0|sp=1.5|k=2|tp=A0.5|sl=10|1h,-7.190560029541824e-05,-0.4352136756451598,1358,1931,0.9116756665886712,0.6602626306181081,1.0135930623778606
AD|e=E2|f=0|sp=1.5|k=2|tp=A1.0|sl=-|1h,3.808426830430056e-05,0.16015513640571177,228,370,1.0973136094752682,0.986471822240871,1.0700013178484873
AD|e=E2|f=0|sp=1.5|k=2|tp=A1.0|sl=6|1h,-8.930573614637189e-05,-0.5977191910390884,1271,2005,0.9319190663738208,0.7487457669042894,0.7935132834580179
AD|e=E2|f=0|sp=1.5|k=2|tp=A1.0|sl=10|1h,-0.0001269577330008564,-0.6596916299165907,1050,1697,0.8124072181321265,0.5997266721208996,0.8761368718769486
AD|e=E2|f=0|sp=1.5|k=2|tp=A2.0|sl=-|1h,3.327038641258787e-05,0.12729652630214863,119,240,1.1331537728342485,0.9615791398963827,1.0159462008714544
AD|e=E2|f=0|sp=1.5|k=2|tp=A2.0|sl=6|1h,-8.077730807549117e-05,-0.4320158336246859,1025,1861,0.8690722745968359,0.8468429511105846,0.77609955198771
AD|e=E2|f=0|sp=1.5|k=2|tp=A2.0|sl=10|1h,-0.00011008230110706035,-0.48698169421526855,822,1524,0.8573867280349613,0.5661514632649058,0.9552742430358592
AD|e=E2|f=0|sp=1.5|k=3|tp=MID|sl=-|1h,3.3327217172653604e-06,0.026136947556161416,1118,1967,1.007854351329041,0.9305424459847099,1.0555020660168524
AD|e=E2|f=0|sp=1.5|k=3|tp=MID|sl=6|1h,-5.307146706185382e-05,-0.4285249912353733,1223,2039,0.9806671683510775,0.834994948528954,0.8556367060523691
AD|e=E2|f=0|sp=1.5|k=3|tp=MID|sl=10|1h,-3.501019334066558e-05,-0.2524249706895329,1144,1992,0.9624261708372035,0.8327069749693977,0.9694087932543736
AD|e=E2|f=0|sp=1.5|k=3|tp=A0.5|sl=-|1h,6.630002619408513e-05,0.2275776705196827,468,732,1.0944017461318758,1.1145257705660214,1.0864353647992486
AD|e=E2|f=0|sp=1.5|k=3|tp=A0.5|sl=6|1h,-8.454170346486133e-05,-0.6199302385915194,1532,2217,0.892990458735203,0.77526061149543,0.827654805089354
AD|e=E2|f=0|sp=1.5|k=3|tp=A0.5|sl=10|1h,-5.599777673081837e-05,-0.2829539948255217,1389,2079,0.8603347657942295,0.8434665612588889,0.9074833669726122
AD|e=E2|f=0|sp=1.5|k=3|tp=A1.0|sl=-|1h,6.814220553728283e-05,0.2159066031855196,301,550,1.113699784425912,1.0742932725957006,1.09319785374468
AD|e=E2|f=0|sp=1.5|k=3|tp=A1.0|sl=6|1h,-9.585142978370915e-05,-0.5818946195163006,1249,2097,0.9450697512423021,0.741143838021913,0.7516759080932685
AD|e=E2|f=0|sp=1.5|k=3|tp=A1.0|sl=10|1h,-9.87618526482601e-05,-0.41748864169658395,1084,1895,0.89152486587036,0.6709513532246966,0.8233630949647399
AD|e=E2|f=0|sp=1.5|k=3|tp=A2.0|sl=-|1h,8.445765777064737e-05,0.2406479562826899,160,367,1.173589490805119,1.0438201258022728,1.1396223510314512
AD|e=E2|f=0|sp=1.5|k=3|tp=A2.0|sl=6|1h,-7.096888330167834e-05,-0.3445466171532288,1023,2022,0.9945401457126719,0.7816479516562126,0.7707093938741398
AD|e=E2|f=0|sp=1.5|k=3|tp=A2.0|sl=10|1h,-0.00011288609191291732,-0.3832784066334397,794,1660,0.7412747187098014,0.6770437275556669,0.8526026277630108
AD|e=E2|f=0|sp=2|k=1|tp=MID|sl=-|1h,-2.0383897357747833e-05,-0.22314312299896089,1118,1532,0.9710152605528789,0.899113830139252,0.9952051526646148
AD|e=E2|f=0|sp=2|k=1|tp=MID|sl=6|1h,-5.573509751828684e-05,-0.6044953947210709,1259,1691,0.943189596998543,0.8174873361684605,0.9057372441358182
AD|e=E2|f=0|sp=2|k=1|tp=MID|sl=10|1h,-3.0274194201343315e-05,-0.31869256639962845,1166,1592,0.9604011779896915,0.856788946956569,0.992422089798363
AD|e=E2|f=0|sp=2|k=1|tp=A0.5|sl=-|1h,2.940673529332631e-05,0.19802982768846852,368,466,1.0538365353987484,1.0662276856543145,1.0308836626903797
AD|e=E2|f=0|sp=2|k=1|tp=A0.5|sl=6|1h,-8.031116149012899e-05,-0.854679591221854,1559,1926,0.8512097016964707,0.7962075561121392,0.8841769584237481
AD|e=E2|f=0|sp=2|k=1|tp=A0.5|sl=10|1h,-6.78351509387004e-05,-0.5587207657640176,1318,1656,0.8463090143497244,0.7503345120271591,1.0095187875232625
AD|e=E2|f=0|sp=2|k=1|tp=A1.0|sl=-|1h,2.0165212913324508e-05,0.12578826219323067,218,295,1.0745488105622794,1.0162535591793438,0.9967321740990048
AD|e=E2|f=0|sp=2|k=1|tp=A1.0|sl=6|1h,-7.765329110363781e-05,-0.7153582083593003,1294,1713,0.8882413483028772,0.8193068396365272,0.8330342202342876
AD|e=E2|f=0|sp=2|k=1|tp=A1.0|sl=10|1h,-7.167777492665164e-05,-0.5100166440532045,1023,1385,0.8701285321511149,0.7504614114511927,0.9491835296576734
AD|e=E2|f=0|sp=2|k=1|tp=A2.0|sl=-|1h,1.1365860203296655e-05,0.06580804600013539,102,160,1.0906735107888272,0.982467424915425,0.9572424443583895
AD|e=E2|f=0|sp=2|k=1|tp=A2.0|sl=6|1h,-5.2152727672904664e-05,-0.3933252558890596,1067,1552,0.9204096174550465,0.9210450672898565,0.8281208509818694
AD|e=E2|f=0|sp=2|k=1|tp=A2.0|sl=10|1h,-4.240204842617167e-05,-0.2619679024191407,823,1216,0.917109474289446,0.8583689125566104,0.9344281495103537
AD|e=E2|f=0|sp=2|k=2|tp=MID|sl=-|1h,-9.86866034924735e-06,-0.08855771702861923,1118,1707,1.0138467438511027,0.8951221868433897,1.0137136190925782
AD|e=E2|f=0|sp=2|k=2|tp=MID|sl=6|1h,-5.9967796249967217e-05,-0.5203542820519502,1236,1791,0.9715650437528024,0.8179815750483151,0.8477472485821522
AD|e=E2|f=0|sp=2|k=2|tp=MID|sl=10|1h,-4.092497754730985e-05,-0.3392048852835296,1150,1740,0.9673202840979497,0.8143246638821868,0.9608277092368546
AD|e=E2|f=0|sp=2|k=2|tp=A0.5|sl=-|1h,6.530645202617973e-05,0.29714871276315247,470,653,1.0965356038313487,1.1284920323169663,1.1217016073314536
AD|e=E2|f=0|sp=2|k=2|tp=A0.5|sl=6|1h,-8.422150581215402e-05,-0.6812302077167702,1538,2032,0.8743919934129477,0.7614101309029649,0.8676926797519056
AD|e=E2|f=0|sp=2|k=2|tp=A0.5|sl=10|1h,-7.615514814344672e-05,-0.45781383070162707,1313,1803,0.8842331666123991,0.5924780144857543,1.1342251511054497
AD|e=E2|f=0|sp=2|k=2|tp=A1.0|sl=-|1h,6.665177525293506e-05,0.28976380213254926,295,465,1.0888385857555773,1.0720371615691862,1.1909639307120659
AD|e=E2|f=0|sp=2|k=2|tp=A1.0|sl=6|1h,-8.609154286438127e-05,-0.6328557133293152,1269,1863,0.9644226648878022,0.8047190010259256,0.7314631982066939
AD|e=E2|f=0|sp=2|k=2|tp=A1.0|sl=10|1h,-0.00010866911780144122,-0.5908581207608552,1045,1605,0.7739052313840938,0.6162882781375805,1.007754633175882
AD|e=E2|f=0|sp=2|k=2|tp=A2.0|sl=-|1h,5.256081013584486e-05,0.2038211230676085,140,273,1.1716562552626433,0.9630851365489087,1.107701653735939
AD|e=E2|f=0|sp=2|k=2|tp=A2.0|sl=6|1h,-7.957679400576948e-05,-0.4679344361551303,1018,1721,0.911423161949528,0.8204972943905309,0.776809682784878
AD|e=E2|f=0|sp=2|k=2|tp=A2.0|sl=10|1h,-0.00010217131794821667,-0.4637667541067502,794,1410,0.8160439580766089,0.6123891589615916,0.9801090873303256
AD|e=E2|f=0|sp=2|k=3|tp=MID|sl=-|1h,1.0583247301341533e-05,0.08971104443393643,1118,1778,1.0308467201719305,0.9287866690387685,1.0869227128685854
AD|e=E2|f=0|sp=2|k=3|tp=MID|sl=6|1h,-6.11400666399144e-05,-0.520082790458454,1233,1814,0.9610631809488482,0.831902537035933,0.835648661052097
AD|e=E2|f=0|sp=2|k=3|tp=MID|sl=10|1h,-2.569197544261975e-05,-0.1981952135089512,1142,1791,0.9967483923052933,0.8223025400981236,1.0098564772965244
AD|e=E2|f=0|sp=2|k=3|tp=A0.5|sl=-|1h,8.733738717480721e-05,0.2941118951952653,528,777,1.0827498117545649,1.1123532294820135,1.2340659535107454
AD|e=E2|f=0|sp=2|k=3|tp=A0.5|sl=6|1h,-9.254842059254894e-05,-0.6831409589138752,1519,2061,0.8586836156587463,0.7397816965444052,0.8590171672040702
AD|e=E2|f=0|sp=2|k=3|tp=A0.5|sl=10|1h,-4.449798323928698e-05,-0.23271075527341928,1346,1934,0.8641176712975637,0.7929174635180952,1.0377372065704757
AD|e=E2|f=0|sp=2|k=3|tp=A1.0|sl=-|1h,0.00011183513564953069,0.35745658869694247,346,596,1.1869273227696813,1.1983196334069828,1.2078786711591423
AD|e=E2|f=0|sp=2|k=3|tp=A1.0|sl=6|1h,-9.293900178412665e-05,-0.614699031833574,1245,1903,0.9453772203052979,0.8030463305520676,0.7112764224933136
AD|e=E2|f=0|sp=2|k=3|tp=A1.0|sl=10|1h,-4.101969631690296e-05,-0.19170962600903738,1056,1745,0.9062253102288726,0.781905607895839,1.012285347201754
AD|e=E2|f=0|sp=2|k=3|tp=A2.0|sl=-|1h,0.00010150790320197571,0.2895362357904115,168,381,1.2591785716361468,1.0559670960092946,1.1678326324886779
AD|e=E2|f=0|sp=2|k=3|tp=A2.0|sl=6|1h,-0.00010799363084557973,-0.5809527511309092,1011,1801,0.8956853279478157,0.7324728853045083,0.7365219698489577
AD|e=E2|f=0|sp=2|k=3|tp=A2.0|sl=10|1h,-0.0001128326957956725,-0.409706995508274,777,1526,0.8355357435550962,0.6162101229891862,0.8486181686347748
AD|e=E2|f=1|sp=-|k=0|tp=MID|sl=-|1h,-4.3515010035303495e-06,-0.3112158667537692,159,159,0.9878534293044018,0.9773587860470383,1.0078176656930942
AD|e=E2|f=1|sp=-|k=0|tp=MID|sl=6|1h,-1.000577656102183e-05,-0.6540350363224962,159,159,0.9675699172363669,0.9737282187753392,0.9972437620903483
AD|e=E2|f=1|sp=-|k=0|tp=MID|sl=10|1h,-7.3120467470495284e-06,-0.48811455731264447,159,159,0.9845552522523884,0.9628067361363243,1.0078176656930942
AD|e=E2|f=1|sp=-|k=0|tp=A0.5|sl=-|1h,1.3907208735196556e-05,0.3822761875047107,142,142,1.0368171940446413,1.0365804344452747,1.0101058713614335
AD|e=E2|f=1|sp=-|k=0|tp=A0.5|sl=6|1h,-8.717888236490785e-06,-0.5912633086441486,180,180,0.9618748384571311,0.9915562549656687,0.9929737786247174
AD|e=E2|f=1|sp=-|k=0|tp=A0.5|sl=10|1h,-1.0055772415059286e-05,-0.5719869393794665,180,180,0.9865075751548854,0.9796097270454974,0.971766469267913
AD|e=E2|f=1|sp=-|k=0|tp=A1.0|sl=-|1h,1.2469296987691533e-05,0.30632356066990746,119,119,1.0531595302646202,1.003855602059507,1.0167463658515434
AD|e=E2|f=1|sp=-|k=0|tp=A1.0|sl=6|1h,-1.0368538738222363e-05,-0.5980583947000186,163,163,0.9640219330434254,0.9817387735951667,0.9903273743751158
AD|e=E2|f=1|sp=-|k=0|tp=A1.0|sl=10|1h,-1.2779136636028112e-05,-0.5926845682463651,163,163,0.9806377606880659,0.9750575977034585,0.9654288763789207
AD|e=E2|f=1|sp=-|k=0|tp=A2.0|sl=-|1h,2.5787117998398113e-05,0.5114947406129482,107,107,1.0904936896880995,1.0369440736736846,1.0305734612333461
AD|e=E2|f=1|sp=-|k=0|tp=A2.0|sl=6|1h,-8.78386819134798e-06,-0.38172131999435327,159,159,0.9662411943568022,0.9810132816347374,0.9979007701558817
AD|e=E2|f=1|sp=-|k=0|tp=A2.0|sl=10|1h,-2.034267990014887e-05,-0.7015836033635112,158,158,0.9767872610071312,0.9449163070639793,0.9536939975083822
AD|e=E2|f=1|sp=0.5|k=1|tp=MID|sl=-|1h,-4.272130812190419e-06,-0.188161985432174,159,271,0.9896382469401824,0.9703552163556949,1.0129628547556595
AD|e=E2|f=1|sp=0.5|k=1|tp=MID|sl=6|1h,-1.6028009606247743e-05,-0.5955242970566523,159,270,0.9607091254315192,0.957528497679393,0.9827547041344417
AD|e=E2|f=1|sp=0.5|k=1|tp=MID|sl=10|1h,-1.0868107077960117e-05,-0.42719909739187373,159,270,0.9886649968893227,0.9321678229069019,1.0129628547556595
AD|e=E2|f=1|sp=0.5|k=1|tp=A0.5|sl=-|1h,1.9612623619571765e-05,0.29446860690543164,146,210,1.0501168115234616,1.048209224685322,1.0119867240366056
AD|e=E2|f=1|sp=0.5|k=1|tp=A0.5|sl=6|1h,-8.49248200631041e-06,-0.36895636899569145,182,258,0.9906693035058896,0.9734198668802031,0.9825321065651179
AD|e=E2|f=1|sp=0.5|k=1|tp=A0.5|sl=10|1h,-1.8589578375804635e-05,-0.6246243720890126,182,259,0.9750493357418726,0.9424129270252126,0.9679970312944357
AD|e=E2|f=1|sp=0.5|k=1|tp=A1.0|sl=-|1h,3.810001084357196e-05,0.49463339768648523,127,205,1.1019533726722175,1.1007047783147106,1.0263187779977436
AD|e=E2|f=1|sp=0.5|k=1|tp=A1.0|sl=6|1h,-1.1159641993919647e-05,-0.3694071392629856,163,259,0.9950803587328918,0.9653686832548793,0.9692971485129085
AD|e=E2|f=1|sp=0.5|k=1|tp=A1.0|sl=10|1h,-2.5190792717628103e-05,-0.6355164545373814,163,259,0.9811249301683862,0.9477342913182695,0.9169793641228396
AD|e=E2|f=1|sp=0.5|k=1|tp=A2.0|sl=-|1h,4.985458461179003e-05,0.5149894792016234,113,201,1.1964460603523492,1.0541413886365223,1.0542563173135602
AD|e=E2|f=1|sp=0.5|k=1|tp=A2.0|sl=6|1h,-1.3809851844425055e-05,-0.340577014602068,159,278,0.9783028095634818,0.9727299181803827,0.9609589076856582
AD|e=E2|f=1|sp=0.5|k=1|tp=A2.0|sl=10|1h,-2.7569737345577932e-05,-0.5243835782676034,159,278,1.0008756531357725,0.922762333253321,0.9074863760064252
AD|e=E2|f=1|sp=0.5|k=2|tp=MID|sl=-|1h,-1.9145219171975105e-06,-0.06712677663918284,159,343,0.9952211224124738,0.9693287196679222,1.0223919888464021
AD|e=E2|f=1|sp=0.5|k=2|tp=MID|sl=6|1h,-1.4936911656674579e-05,-0.43614055597945955,159,340,0.9852256786871114,0.9511343574186831,0.9701632309253179
AD|e=E2|f=1|sp=0.5|k=2|tp=MID|sl=10|1h,-1.2816871713972548e-05,-0.3642143618590488,159,341,0.9933585189978457,0.9066726785209284,1.0223919888464021
AD|e=E2|f=1|sp=0.5|k=2|tp=A0.5|sl=-|1h,4.1139073870763477e-05,0.4643779594167537,171,283,1.0687331072098711,1.0663393579397107,1.103240205474062
AD|e=E2|f=1|sp=0.5|k=2|tp=A0.5|sl=6|1h,-1.3458353067952491e-05,-0.43732850816023244,182,294,0.9832014147073235,0.9518412885508742,0.980799357159186
AD|e=E2|f=1|sp=0.5|k=2|tp=A0.5|sl=10|1h,-2.1240177685093052e-05,-0.6003904686835868,182,296,0.9693846338812461,0.9051468796722572,0.996562946944495
AD|e=E2|f=1|sp=0.5|k=2|tp=A1.0|sl=-|1h,4.7175052245463626e-05,0.40619276741505456,127,257,1.121038403697842,1.113480119033496,1.032902712167657
AD|e=E2|f=1|sp=0.5|k=2|tp=A1.0|sl=6|1h,-2.3968914759529282e-05,-0.5789633907780747,163,319,0.9921763679176577,0.9175996133106663,0.9430267099444473
AD|e=E2|f=1|sp=0.5|k=2|tp=A1.0|sl=10|1h,-4.225352893387243e-05,-0.762671224766759,163,321,0.98175819902085,0.8695868947437864,0.8952604932812965
AD|e=E2|f=1|sp=0.5|k=2|tp=A2.0|sl=-|1h,6.906569527603845e-05,0.5053337680397018,113,267,1.2789215077552238,1.0584155734424667,1.0774220907790808
AD|e=E2|f=1|sp=0.5|k=2|tp=A2.0|sl=6|1h,-2.0376640903856664e-05,-0.3624130071862093,159,365,1.0217134591392916,0.9368603593411057,0.9140610605311654
AD|e=E2|f=1|sp=0.5|k=2|tp=A2.0|sl=10|1h,-5.401288217241921e-05,-0.7215276565790187,159,367,1.0072411941505168,0.8348381687812827,0.8406179859651742
AD|e=E2|f=1|sp=0.5|k=3|tp=MID|sl=-|1h,1.1198604799283476e-06,0.035283754929480535,159,384,1.003886653638629,0.9677972515385335,1.0338568799039964
AD|e=E2|f=1|sp=0.5|k=3|tp=MID|sl=6|1h,-8.625272541359003e-06,-0.24441561069067616,159,378,0.9898556728277274,0.9318600659350491,1.0248020839471106
AD|e=E2|f=1|sp=0.5|k=3|tp=MID|sl=10|1h,-5.682011346657391e-06,-0.16340425277761275,159,380,1.0005178878088465,0.9305622067909709,1.0338568799039964
AD|e=E2|f=1|sp=0.5|k=3|tp=A0.5|sl=-|1h,5.243551845924953e-05,0.44008295473007714,172,306,1.0754182584091638,1.0824352022781525,1.133805829028647
AD|e=E2|f=1|sp=0.5|k=3|tp=A0.5|sl=6|1h,-1.331195752439181e-05,-0.39275978126461014,182,315,0.9620066502170527,0.9312133690933039,1.025286019403433
AD|e=E2|f=1|sp=0.5|k=3|tp=A0.5|sl=10|1h,-1.823582682052488e-05,-0.4004432595265678,182,318,0.9703728745281348,0.9292372268391026,0.9856665508467736
AD|e=E2|f=1|sp=0.5|k=3|tp=A1.0|sl=-|1h,8.499694977328112e-05,0.5598991364300046,154,348,1.1541876354004796,1.1492486426222246,1.2029930600591776
AD|e=E2|f=1|sp=0.5|k=3|tp=A1.0|sl=6|1h,-2.2135934410935546e-05,-0.44253117211853604,163,358,0.9714788358229545,0.882496980305977,1.0108616498488383
AD|e=E2|f=1|sp=0.5|k=3|tp=A1.0|sl=10|1h,-2.2703031623397795e-05,-0.33787209053903566,163,361,0.9903398238175216,0.87751345644825,0.9886640273126606
AD|e=E2|f=1|sp=0.5|k=3|tp=A2.0|sl=-|1h,8.281687264831652e-05,0.4506695753590724,114,314,1.3244634398667334,1.0508635101599324,1.0957549178054644
AD|e=E2|f=1|sp=0.5|k=3|tp=A2.0|sl=6|1h,-3.509296034999379e-05,-0.5021779857166648,159,425,0.9866028271533818,0.8975623797986264,0.8980526328162901
AD|e=E2|f=1|sp=0.5|k=3|tp=A2.0|sl=10|1h,-4.6266919518493195e-05,-0.48171260388246673,158,425,0.9581907108136393,0.899323513033408,0.8523498439643789
AD|e=E2|f=1|sp=1|k=1|tp=MID|sl=-|1h,-4.540642077397614e-06,-0.21172105397750915,159,248,0.9937480515445877,0.9661435127179125,1.0116139865303604
AD|e=E2|f=1|sp=1|k=1|tp=MID|sl=6|1h,-1.7597364376621287e-05,-0.6646230256345772,159,247,0.9619814390658995,0.9507545049415816,0.9789798884631482
AD|e=E2|f=1|sp=1|k=1|tp=MID|sl=10|1h,-8.604858423621422e-06,-0.381154474380176,159,247,0.9927707597466022,0.9429935083570359,1.0116139865303604
AD|e=E2|f=1|sp=1|k=1|tp=A0.5|sl=-|1h,1.8304649055616605e-05,0.27707116621868844,146,196,1.049159816532346,1.0421800576340736,1.0108556228683165
AD|e=E2|f=1|sp=1|k=1|tp=A0.5|sl=6|1h,-7.216509344763145e-06,-0.35032434580597155,181,237,0.9824090786192654,0.9769946287675177,0.9953279808669132
AD|e=E2|f=1|sp=1|k=1|tp=A0.5|sl=10|1h,-1.9715454060234453e-05,-0.7288673018094146,181,239,0.9847816928585705,0.9363836634497883,0.9583542053895916
AD|e=E2|f=1|sp=1|k=1|tp=A1.0|sl=-|1h,3.331041214930923e-05,0.4280740322729947,126,190,1.0918849438456946,1.0784617000181682,1.026445750567829
AD|e=E2|f=1|sp=1|k=1|tp=A1.0|sl=6|1h,-1.6904738588519872e-05,-0.5662744436757485,163,240,0.9823965016195774,0.9515660855870091,0.9614802434996317
AD|e=E2|f=1|sp=1|k=1|tp=A1.0|sl=10|1h,-3.1474431801982114e-05,-0.8026578542144027,163,241,0.9624481222545449,0.9261283205626399,0.920329540834729
AD|e=E2|f=1|sp=1|k=1|tp=A2.0|sl=-|1h,4.694109228603615e-05,0.503788241245519,113,193,1.185346622443696,1.0438410722376534,1.0565617266431193
AD|e=E2|f=1|sp=1|k=1|tp=A2.0|sl=6|1h,-1.9589857444308516e-05,-0.4870366748285685,159,264,0.9758896122555591,0.9387440085257824,0.9633012657755576
AD|e=E2|f=1|sp=1|k=1|tp=A2.0|sl=10|1h,-2.664393759023812e-05,-0.5215167171441947,159,264,0.9829302805261289,0.938088878764663,0.9144124657345888
AD|e=E2|f=1|sp=1|k=2|tp=MID|sl=-|1h,-2.0348897679763105e-06,-0.08275801299184843,159,291,0.9954618351381288,0.9659701246040827,1.0254067859020095
AD|e=E2|f=1|sp=1|k=2|tp=MID|sl=6|1h,-1.4876162246392417e-05,-0.48647347612396985,159,285,0.986135486704637,0.9467132719051901,0.9747451444894476
AD|e=E2|f=1|sp=1|k=2|tp=MID|sl=10|1h,-7.550098830628965e-06,-0.26678397825518657,159,289,0.9935987812182464,0.9348023170218888,1.0254067859020095
AD|e=E2|f=1|sp=1|k=2|tp=A0.5|sl=-|1h,3.220688337844908e-05,0.7577457821968385,180,264,1.063566130994081,1.0610957166982409,1.0757942430126362
AD|e=E2|f=1|sp=1|k=2|tp=A0.5|sl=6|1h,-1.3881482616319832e-05,-0.49536898873649465,181,261,0.9603720172411773,0.9513591507820593,1.0025428604268798
AD|e=E2|f=1|sp=1|k=2|tp=A0.5|sl=10|1h,-1.1296746223116453e-05,-0.34260489937301464,181,264,0.9810231533479832,0.9131127350029304,1.0382862132186887
AD|e=E2|f=1|sp=1|k=2|tp=A1.0|sl=-|1h,4.316357658054998e-05,0.3688537219203888,127,226,1.116474683037025,1.0948209513764022,1.0292124570995502
AD|e=E2|f=1|sp=1|k=2|tp=A1.0|sl=6|1h,-2.5854658012525622e-05,-0.6785188783915708,163,280,0.9771414774561293,0.9142024759694692,0.9506830931878127
AD|e=E2|f=1|sp=1|k=2|tp=A1.0|sl=10|1h,-4.9576473897143384e-05,-0.9106895474502833,163,285,0.9527783155129881,0.87032566046039,0.8812654913300871
AD|e=E2|f=1|sp=1|k=2|tp=A2.0|sl=-|1h,6.180255130755496e-05,0.4499048193676666,115,247,1.2441057087584102,1.0435731661570025,1.0746121883525865
AD|e=E2|f=1|sp=1|k=2|tp=A2.0|sl=6|1h,-2.928721631899272e-05,-0.5283404917858531,159,328,0.9734560583002702,0.9098321353453466,0.9352078664366728
AD|e=E2|f=1|sp=1|k=2|tp=A2.0|sl=10|1h,-4.763206313559425e-05,-0.6047314264686405,158,330,0.9975223234297392,0.8632531908200317,0.8532786129725465
AD|e=E2|f=1|sp=1|k=3|tp=MID|sl=-|1h,2.1122854837829228e-06,0.08270570498053582,159,315,1.0082630044011245,0.9737823359378764,1.030163483017182
AD|e=E2|f=1|sp=1|k=3|tp=MID|sl=6|1h,-1.545517548108596e-05,-0.4771019591216316,159,302,0.9917122738597834,0.943820562038079,0.9685865052616721
AD|e=E2|f=1|sp=1|k=3|tp=MID|sl=10|1h,-4.96917380275095e-06,-0.169522062562709,159,311,1.004271981251435,0.9352401884084834,1.030163483017182
AD|e=E2|f=1|sp=1|k=3|tp=A0.5|sl=-|1h,3.449937707926974e-05,0.6443152038630849,180,279,1.0668691463010425,1.0742452987985391,1.0713688107776467
AD|e=E2|f=1|sp=1|k=3|tp=A0.5|sl=6|1h,-1.7260818642526686e-05,-0.5028348706838476,181,274,0.9696433142729143,0.928361148980018,0.9957377540872754
AD|e=E2|f=1|sp=1|k=3|tp=A0.5|sl=10|1h,-1.2612936031316847e-05,-0.29050030682609534,181,279,0.9720982608543809,0.9187301331075697,1.031290819289646
AD|e=E2|f=1|sp=1|k=3|tp=A1.0|sl=-|1h,5.985892968458303e-05,0.498929285579326,142,286,1.1467858718111061,1.1312369486075649,1.0733942947501298
AD|e=E2|f=1|sp=1|k=3|tp=A1.0|sl=6|1h,-3.4907918909362023e-05,-0.7527723216729627,163,305,0.9850454447655929,0.8756690150730486,0.9295135668566029
AD|e=E2|f=1|sp=1|k=3|tp=A1.0|sl=10|1h,-5.178616418186726e-05,-0.6917569994072628,161,311,0.9895094361437625,0.876592620500336,0.8254848805835091
AD|e=E2|f=1|sp=1|k=3|tp=A2.0|sl=-|1h,7.53974682379484e-05,0.40664076087943934,115,286,1.292765976801056,1.0305982237559814,1.0933526360966075
AD|e=E2|f=1|sp=1|k=3|tp=A2.0|sl=6|1h,-4.244446637980268e-05,-0.6459644174965947,159,371,0.9760375868012495,0.8621432836123889,0.9050945186304697
AD|e=E2|f=1|sp=1|k=3|tp=A2.0|sl=10|1h,-3.7931568204131214e-05,-0.38419686049527557,156,376,1.0112538606736559,0.8995154898053079,0.8493253125163183
AD|e=E2|f=1|sp=1.5|k=1|tp=MID|sl=-|1h,-3.986570469426626e-06,-0.19948203145098464,159,229,0.994401842933868,0.9718227410078096,1.0086708272034723
AD|e=E2|f=1|sp=1.5|k=1|tp=MID|sl=6|1h,-1.2328719291658256e-05,-0.5243917484360886,159,227,0.9860165397512425,0.9590966995991367,0.9785849010237374
AD|e=E2|f=1|sp=1.5|k=1|tp=MID|sl=10|1h,-5.0986659964431455e-06,-0.2550711832702567,159,227,0.9934239081711367,0.9661424262448084,1.0086708272034723
AD|e=E2|f=1|sp=1.5|k=1|tp=A0.5|sl=-|1h,2.8500978496870167e-05,0.4341114223500812,167,214,1.0448703168873126,1.0443069699174174,1.0779548194042963
AD|e=E2|f=1|sp=1.5|k=1|tp=A0.5|sl=6|1h,-1.410877563341104e-05,-0.6415718116270315,180,226,0.9728009730820614,0.9608800678988366,0.9793206936307441
AD|e=E2|f=1|sp=1.5|k=1|tp=A0.5|sl=10|1h,-1.796716877647788e-05,-0.6997571263192218,180,227,0.9709921385626159,0.9388269456865326,0.9802754011429342
AD|e=E2|f=1|sp=1.5|k=1|tp=A1.0|sl=-|1h,1.826150071655366e-05,0.23166979607714935,120,172,1.09001000199763,0.9863558033724135,1.0230230238077598
AD|e=E2|f=1|sp=1.5|k=1|tp=A1.0|sl=6|1h,-1.0582125749543407e-05,-0.35622809438796965,163,227,0.9979058597128722,0.9436353238242031,0.9924726340665834
AD|e=E2|f=1|sp=1.5|k=1|tp=A1.0|sl=10|1h,-2.4529826503606642e-05,-0.665313068127144,163,228,0.987390998004056,0.9258724754975525,0.9369893528678734
AD|e=E2|f=1|sp=1.5|k=1|tp=A2.0|sl=-|1h,4.50704509534513e-05,0.5096231700178805,114,181,1.1775399169573537,1.0452874283870177,1.0511370263996274
AD|e=E2|f=1|sp=1.5|k=1|tp=A2.0|sl=6|1h,-1.3183410923540657e-05,-0.3310194093170273,159,247,1.0172685117353455,0.9496572457403616,0.9504000778496898
AD|e=E2|f=1|sp=1.5|k=1|tp=A2.0|sl=10|1h,-2.0613920032476677e-05,-0.415033205220721,159,248,1.0092458727350264,0.9614629332686099,0.9021034411679106
AD|e=E2|f=1|sp=1.5|k=2|tp=MID|sl=-|1h,3.8607942362806217e-07,0.017742419490064984,159,260,1.0038046395562528,0.9757445489271914,1.0222347702505021
AD|e=E2|f=1|sp=1.5|k=2|tp=MID|sl=6|1h,-1.1808746760908303e-05,-0.4196733517665503,159,252,1.000367582021549,0.9548315243010135,0.9712671559044801
AD|e=E2|f=1|sp=1.5|k=2|tp=MID|sl=10|1h,-2.4587903675554706e-06,-0.10919253345015639,159,256,1.0019259716832032,0.9605316465278673,1.0222347702505021
AD|e=E2|f=1|sp=1.5|k=2|tp=A0.5|sl=-|1h,3.0443790039824573e-05,0.6638877106130959,179,251,1.0494395316990264,1.0756239117551292,1.063071747767486
AD|e=E2|f=1|sp=1.5|k=2|tp=A0.5|sl=6|1h,-2.253962678433408e-05,-0.8703696818288305,180,247,0.9453091562591137,0.9318265668082576,0.9861415912523909
AD|e=E2|f=1|sp=1.5|k=2|tp=A0.5|sl=10|1h,-1.7729046891768496e-05,-0.518141441097332,180,250,0.9629909371732059,0.897643855471074,1.0339188822910954
AD|e=E2|f=1|sp=1.5|k=2|tp=A1.0|sl=-|1h,2.7746037745735772e-05,0.2822140511393566,134,225,1.1126850700160285,0.9733471049733297,1.0667973593152016
AD|e=E2|f=1|sp=1.5|k=2|tp=A1.0|sl=6|1h,-3.336204819762801e-05,-0.8256228436810543,163,261,0.9737229131819836,0.8997904687538535,0.9249616963737134
AD|e=E2|f=1|sp=1.5|k=2|tp=A1.0|sl=10|1h,-3.9322042409164234e-05,-0.6952771417730794,162,262,0.9516330683922966,0.8664293468265111,0.9439455213805821
AD|e=E2|f=1|sp=1.5|k=2|tp=A2.0|sl=-|1h,5.3548819095563636e-05,0.40565780091938125,116,223,1.207872327076762,1.0313705011849328,1.0663106588277147
AD|e=E2|f=1|sp=1.5|k=2|tp=A2.0|sl=6|1h,-3.381715698472776e-05,-0.6527197425926091,159,297,0.9777967608770659,0.8992424205721207,0.9168406350963685
AD|e=E2|f=1|sp=1.5|k=2|tp=A2.0|sl=10|1h,-3.510412431011899e-05,-0.4896551693800887,157,297,0.9916291286349743,0.8631768079184243,0.9293845137416498
AD|e=E2|f=1|sp=1.5|k=3|tp=MID|sl=-|1h,3.3791355080183895e-06,0.15510576845240734,159,273,1.009482012439002,0.9862616873584409,1.0243754059461665
AD|e=E2|f=1|sp=1.5|k=3|tp=MID|sl=6|1h,-1.1716464652748467e-05,-0.4125731030091409,159,260,1.0027212915824473,0.9574218655394211,0.9668299297849228
AD|e=E2|f=1|sp=1.5|k=3|tp=MID|sl=10|1h,-7.638868046825989e-08,-0.003462714273166683,159,267,1.0054861640708168,0.9693061820163615,1.0243754059461665
AD|e=E2|f=1|sp=1.5|k=3|tp=A0.5|sl=-|1h,3.279906643781773e-05,0.6060697055418728,179,267,1.059550889168833,1.0727069040521477,1.0690110009077594
AD|e=E2|f=1|sp=1.5|k=3|tp=A0.5|sl=6|1h,-1.9912711145979264e-05,-0.6485360485115844,180,261,0.9868576634475363,0.9221426493876592,0.9692775574706015
AD|e=E2|f=1|sp=1.5|k=3|tp=A0.5|sl=10|1h,-4.7640715738647e-06,-0.11593177791603129,180,265,0.9788572600486755,0.9620539867633072,1.0269376293578225
AD|e=E2|f=1|sp=1.5|k=3|tp=A1.0|sl=-|1h,2.8998583915352474e-05,0.2257116883830806,136,255,1.124975820955659,0.9458106296086793,1.0724593560768394
AD|e=E2|f=1|sp=1.5|k=3|tp=A1.0|sl=6|1h,-4.213329182141937e-05,-0.9184889926473857,163,281,0.9647125874283203,0.8802269783707307,0.9028907890128698
AD|e=E2|f=1|sp=1.5|k=3|tp=A1.0|sl=10|1h,-1.9916956080481817e-05,-0.2937772347559312,162,290,1.002219460724522,0.9337094999702431,0.9348272162387872
AD|e=E2|f=1|sp=1.5|k=3|tp=A2.0|sl=-|1h,7.704934413564632e-05,0.48637330204293244,126,281,1.2587363702001415,1.0301709524431841,1.1638190856015402
AD|e=E2|f=1|sp=1.5|k=3|tp=A2.0|sl=6|1h,-4.100365960411764e-05,-0.7069442074784331,159,327,1.0228016931678243,0.8694752785246718,0.8654025749468734
AD|e=E2|f=1|sp=1.5|k=3|tp=A2.0|sl=10|1h,-2.9088859074670406e-05,-0.3103538478472724,156,334,1.0416887979884804,0.9356233315161038,0.839871922120489
AD|e=E2|f=1|sp=2|k=1|tp=MID|sl=-|1h,-3.3318162488875907e-06,-0.17683797836578358,159,218,0.9991347887640099,0.9683926134838917,1.0116241825825458
AD|e=E2|f=1|sp=2|k=1|tp=MID|sl=6|1h,-1.2502951327900463e-05,-0.5434561743580283,159,216,0.9924934572348817,0.9541704208453387,0.976205934517366
AD|e=E2|f=1|sp=2|k=1|tp=MID|sl=10|1h,-4.443911775903605e-06,-0.2358009455973062,159,216,0.998152199432012,0.9627323478545345,1.0116241825825458
AD|e=E2|f=1|sp=2|k=1|tp=A0.5|sl=-|1h,2.9963213070692967e-05,0.45980695926822795,167,209,1.048102774902067,1.0490559841235843,1.0795876600539283
AD|e=E2|f=1|sp=2|k=1|tp=A0.5|sl=6|1h,-1.2023848806483167e-05,-0.5480557149308135,180,221,0.9802308631983638,0.9648643021396903,0.98039630105534
AD|e=E2|f=1|sp=2|k=1|tp=A0.5|sl=10|1h,-1.5538715620114615e-05,-0.6161759742828363,180,222,0.9809418629051965,0.942699009321757,0.9809659322659244
AD|e=E2|f=1|sp=2|k=1|tp=A1.0|sl=-|1h,1.7986121314464642e-05,0.22784782033481338,121,167,1.0869129210544908,0.9884418728613572,1.0219146064038651
AD|e=E2|f=1|sp=2|k=1|tp=A1.0|sl=6|1h,-1.1395243278282702e-05,-0.4147441528675032,163,220,0.9931403782730465,0.9451178590865474,0.9910965575053645
AD|e=E2|f=1|sp=2|k=1|tp=A1.0|sl=10|1h,-2.5843236206585974e-05,-0.7324877047875893,163,221,0.981581766847322,0.9268393452290479,0.9342681673570958
AD|e=E2|f=1|sp=2|k=1|tp=A2.0|sl=-|1h,4.164207461959921e-05,0.462739308596317,114,173,1.167631461891571,1.0355181961582933,1.0472670040034309
AD|e=E2|f=1|sp=2|k=1|tp=A2.0|sl=6|1h,-1.8302665025245042e-05,-0.4638380042988033,159,238,0.9877097571539964,0.9424778960274333,0.9556731570084946
AD|e=E2|f=1|sp=2|k=1|tp=A2.0|sl=10|1h,-2.6568063039491874e-05,-0.5196901530761968,159,239,0.9964620135025782,0.9516289688202627,0.8895763010449672
AD|e=E2|f=1|sp=2|k=2|tp=MID|sl=-|1h,1.104368649061259e-06,0.055875535851631464,159,243,1.0120292126081818,0.9750410957499577,1.0193557855320483
AD|e=E2|f=1|sp=2|k=2|tp=MID|sl=6|1h,-9.478681835593822e-06,-0.3989548472393699,159,235,1.0078124291002946,0.9515989256280187,0.9820571393207597
AD|e=E2|f=1|sp=2|k=2|tp=MID|sl=10|1h,-2.0091309918044647e-06,-0.09790942034864784,159,239,1.0095291719343475,0.9588247274891926,1.0193557855320483
AD|e=E2|f=1|sp=2|k=2|tp=A0.5|sl=-|1h,3.2404939980877616e-05,0.7309419302045783,179,241,1.056632573518216,1.0772296854837202,1.0674630768837368
AD|e=E2|f=1|sp=2|k=2|tp=A0.5|sl=6|1h,-1.6641782538021367e-05,-0.624770724023114,180,238,0.9740970545717628,0.9356973313665519,0.9881958142568585
AD|e=E2|f=1|sp=2|k=2|tp=A0.5|sl=10|1h,-9.577914842577107e-06,-0.26712886573789785,180,240,1.0110678555176011,0.8976444896664026,1.0353790147055328
AD|e=E2|f=1|sp=2|k=2|tp=A1.0|sl=-|1h,2.5003523744058923e-05,0.25771775538862635,135,216,1.1078606564129065,0.9733853848956261,1.054058205959113
AD|e=E2|f=1|sp=2|k=2|tp=A1.0|sl=6|1h,-2.3962110282790013e-05,-0.6891238775085158,163,244,0.9919430216716378,0.9067771176995931,0.9559326068751847
AD|e=E2|f=1|sp=2|k=2|tp=A1.0|sl=10|1h,-2.8677695629123274e-05,-0.5655297414566813,162,250,0.979117699123754,0.8775688015020521,0.9691668092561563
AD|e=E2|f=1|sp=2|k=2|tp=A2.0|sl=-|1h,6.025359133330101e-05,0.4990617721868369,122,228,1.2097405495543987,1.0294581447165618,1.1211924032499867
AD|e=E2|f=1|sp=2|k=2|tp=A2.0|sl=6|1h,-3.073937103398167e-05,-0.6461076376869329,159,278,0.9994555690737917,0.899785742270475,0.9146626044068882
AD|e=E2|f=1|sp=2|k=2|tp=A2.0|sl=10|1h,-2.1415713729110174e-05,-0.29571297828041104,156,282,1.0512513753886084,0.9013120504572713,0.9132381258525911
AD|e=E2|f=1|sp=2|k=3|tp=MID|sl=-|1h,1.7711625772021982e-06,0.08826055473683063,159,246,1.0120292126081818,0.9790150540111054,1.0193557855320483
AD|e=E2|f=1|sp=2|k=3|tp=MID|sl=6|1h,-9.239970317390514e-06,-0.3915316754055259,159,236,1.0078124291002946,0.9530013189142605,0.9820571393207597
AD|e=E2|f=1|sp=2|k=3|tp=MID|sl=10|1h,-1.6136844090418877e-06,-0.0788729176492604,159,241,1.0095291719343475,0.9611672187462931,1.0193557855320483
AD|e=E2|f=1|sp=2|k=3|tp=A0.5|sl=-|1h,3.344375232622548e-05,0.6454408296994452,179,254,1.0752178162499582,1.0586197223877294,1.0727041413858802
AD|e=E2|f=1|sp=2|k=3|tp=A0.5|sl=6|1h,-1.9329812140407073e-05,-0.6680468158545582,180,247,0.979422764792309,0.9249150051756144,0.9775252656234602
AD|e=E2|f=1|sp=2|k=3|tp=A0.5|sl=10|1h,1.4982772072183578e-06,0.03537624230903831,180,253,1.0362331044251534,0.9479231669268073,1.0234606230442687
AD|e=E2|f=1|sp=2|k=3|tp=A1.0|sl=-|1h,5.552809491132434e-05,0.4706264976254685,143,251,1.1408810163081518,1.1236977404572108,1.0595120956091637
AD|e=E2|f=1|sp=2|k=3|tp=A1.0|sl=6|1h,-2.8973750491614237e-05,-0.776013911768977,163,257,0.9935531092022573,0.8920561845473208,0.9400400860034265
AD|e=E2|f=1|sp=2|k=3|tp=A1.0|sl=10|1h,-1.694060607179426e-05,-0.2548898401532301,162,272,1.0200627528615034,0.9561048048586748,0.9141911693264949
AD|e=E2|f=1|sp=2|k=3|tp=A2.0|sl=-|1h,7.200672706409558e-05,0.46280521054843743,128,269,1.2487595947638679,1.0305132506503951,1.1394601560171507
AD|e=E2|f=1|sp=2|k=3|tp=A2.0|sl=6|1h,-3.686298303890306e-05,-0.7361933649118215,159,296,1.0052748124795339,0.8851783095234567,0.8893402229088109
AD|e=E2|f=1|sp=2|k=3|tp=A2.0|sl=10|1h,-2.1306439368226015e-05,-0.23716490349206248,157,318,1.0934666388077252,0.9572815905379797,0.8226492444700625
