trial_id,tf,entry,filt,spacing,kmax,tp,stop,mean_daily_ret,ann_mean_ret,cum_net_return,sharpe_ann,mdd,n_trades,n_wins,win_rate,final_eq_BTC,final_eq_ETH,final_eq_SOL
AD|e=E1|f=0|sp=-|k=0|tp=MID|sl=-|15m,15m,E1,0,,0,MID,,-0.00018940127831686344,-0.06913146658565515,-0.3239534747928414,-2.566520312395709,-0.3265957560445606,10883,6565,0.6032344022787834,0.6639970831267299,0.6399202804915233,0.7243645015542365
AD|e=E1|f=0|sp=-|k=0|tp=MID|sl=6|15m,15m,E1,0,,0,MID,6.0,-0.0002536876693768788,-0.09259599932256075,-0.4078272911166526,-3.2374483396785103,-0.41014187270822844,12294,7312,0.594761672360501,0.575204578095866,0.5539649131820445,0.6482719726238638
AD|e=E1|f=0|sp=-|k=0|tp=MID|sl=10|15m,15m,E1,0,,0,MID,10.0,-0.00020848218404959998,-0.07609599717810399,-0.3500554609791654,-2.7354479492370767,-0.3525958166415505,11394,6872,0.6031244514656837,0.628924537846566,0.6034937276083782,0.7210411349262237
AD|e=E1|f=0|sp=-|k=0|tp=A0.5|sl=-|15m,15m,E1,0,,0,A0.5,,-3.0230342514324463e-06,-0.001103407501772843,-0.008707467483779263,-0.036811054614873294,-0.06879335029820399,565,513,0.9079646017699115,1.000332489454426,0.9874760641886361,0.9865740952932192
AD|e=E1|f=0|sp=-|k=0|tp=A0.5|sl=6|15m,15m,E1,0,,0,A0.5,6.0,-0.00029475496490637723,-0.10758556219082768,-0.455734730342375,-3.842344140663796,-0.457318726092259,13317,10273,0.7714199894871218,0.4724131281735683,0.48278766437724424,0.7019114603679715
AD|e=E1|f=0|sp=-|k=0|tp=A0.5|sl=10|15m,15m,E1,0,,0,A0.5,10.0,-0.0002295135949174798,-0.08377246214488013,-0.3780614679777995,-2.5799445716812826,-0.3812201869646916,10758,8781,0.8162297824874511,0.5641426960246181,0.5760647143212122,0.7368773642029136
AD|e=E1|f=0|sp=-|k=0|tp=A1.0|sl=-|15m,15m,E1,0,,0,A1.0,,-1.2393441899836859e-06,-0.0004523606293440453,-0.005104515214802707,-0.014975569393821758,-0.0695885446065897,306,303,0.9901960784313726,1.0040081584012845,1.0007675493293948,0.9804548783764688
AD|e=E1|f=0|sp=-|k=0|tp=A1.0|sl=6|15m,15m,E1,0,,0,A1.0,6.0,-0.0002379322186364675,-0.08684525980231063,-0.3886666741359136,-2.7251255527707836,-0.392587576045744,10934,8503,0.7776659959758552,0.5403184133109402,0.5466746416836771,0.76521271903072
AD|e=E1|f=0|sp=-|k=0|tp=A1.0|sl=10|15m,15m,E1,0,,0,A1.0,10.0,-0.00015719983858226058,-0.057377941082525113,-0.2787462131907147,-1.6215147463982735,-0.286800790469117,8326,7060,0.8479461926495316,0.663967423565366,0.7013458645637788,0.800183963636361
AD|e=E1|f=0|sp=-|k=0|tp=A2.0|sl=-|15m,15m,E1,0,,0,A2.0,,-2.3423134809459577e-06,-0.0008549444205452746,-0.007310114267703449,-0.0285732361265895,-0.07033727250989863,159,156,0.9811320754716981,1.0113324173164473,1.0023615051559795,0.9653073996941653
AD|e=E1|f=0|sp=-|k=0|tp=A2.0|sl=6|15m,15m,E1,0,,0,A2.0,6.0,-0.00016020308661474084,-0.0584741266143804,-0.28362133582793725,-1.525808911543944,-0.2941081901565624,8050,5552,0.6896894409937888,0.6572018918725471,0.6576240951299004,0.8391120518406526
AD|e=E1|f=0|sp=-|k=0|tp=A2.0|sl=10|15m,15m,E1,0,,0,A2.0,10.0,-7.115563092499028e-05,-0.02597180528762145,-0.14019321284778286,-0.6331672408709311,-0.17385087424350376,5591,4418,0.7901985333571812,0.826273495363431,0.7798092894627523,0.9755796581772078
AD|e=E1|f=0|sp=0.5|k=1|tp=MID|sl=-|15m,15m,E1,0,0.5,1,MID,,-0.00026469115030564093,-0.09661226986155894,-0.42341672875810776,-2.0360738015935245,-0.4302444130237878,10882,7468,0.6862709060834405,0.542907102966047,0.496848367678706,0.7029085996234562
AD|e=E1|f=0|sp=0.5|k=1|tp=MID|sl=6|15m,15m,E1,0,0.5,1,MID,6.0,-0.000355764885411801,-0.12985418317530736,-0.5221896236622037,-2.6175548052897537,-0.5249995765614466,11986,8122,0.6776238945436343,0.4449031683677179,0.39205201949715973,0.6186343474852118
AD|e=E1|f=0|sp=0.5|k=1|tp=MID|sl=10|15m,15m,E1,0,0.5,1,MID,10.0,-0.0003200160987077265,-0.11680587602832018,-0.4857692600679069,-2.3431712859704557,-0.48957110300638707,11290,7733,0.6849424269264837,0.4696827125195134,0.43872344240717115,0.6498643803721805
AD|e=E1|f=0|sp=0.5|k=1|tp=A0.5|sl=-|15m,15m,E1,0,0.5,1,A0.5,,-5.678884912311469e-06,-0.002072792992993686,-0.022204530621952934,-0.03350988226892371,-0.13259605794578166,780,701,0.8987179487179487,0.9992546347429245,0.9709538780330753,0.9583941564891013
AD|e=E1|f=0|sp=0.5|k=1|tp=A0.5|sl=6|15m,15m,E1,0,0.5,1,A0.5,6.0,-0.00041785089430170777,-0.15251557642012334,-0.5789290096509035,-3.4046594272652118,-0.5819737607130715,13637,11004,0.8069223436239642,0.3669916120984859,0.3129974041057094,0.6428146696678021
AD|e=E1|f=0|sp=0.5|k=1|tp=A0.5|sl=10|15m,15m,E1,0,0.5,1,A0.5,10.0,-0.0003940748073538174,-0.14383730468414335,-0.5592183020749404,-2.577581180675342,-0.5649342445200743,11616,9754,0.8397038567493113,0.40659616661316134,0.36597522472786076,0.5629966224520684
AD|e=E1|f=0|sp=0.5|k=1|tp=A1.0|sl=-|15m,15m,E1,0,0.5,1,A1.0,,7.181821273829844e-06,0.002621364764947893,0.003923471081835217,0.042237807967079925,-0.1371686207523014,502,498,0.9920318725099602,1.0422846798182226,0.9968650483400646,0.9687916509619374
AD|e=E1|f=0|sp=0.5|k=1|tp=A1.0|sl=6|15m,15m,E1,0,0.5,1,A1.0,6.0,-0.00035489293400730763,-0.12953592091266727,-0.5219821162221352,-2.389160229830969,-0.528229054164266,11116,9138,0.8220582943504858,0.39503058143842407,0.37808197081992495,0.7182389985574179
AD|e=E1|f=0|sp=0.5|k=1|tp=A1.0|sl=10|15m,15m,E1,0,0.5,1,A1.0,10.0,-0.00031642858132948927,-0.11549643218526358,-0.4844202894230413,-1.7913086728343852,-0.4928533383966992,8885,7786,0.8763083849184018,0.4274008734634801,0.46548654064324674,0.6692470645511879
AD|e=E1|f=0|sp=0.5|k=1|tp=A2.0|sl=-|15m,15m,E1,0,0.5,1,A2.0,,-2.7696473584682747e-06,-0.0010109212858409203,-0.016324025845284473,-0.016353970547178943,-0.14134567150430744,189,186,0.9841269841269841,1.0243485705978055,0.9909766791359604,0.931688925850218
AD|e=E1|f=0|sp=0.5|k=1|tp=A2.0|sl=6|15m,15m,E1,0,0.5,1,A2.0,6.0,-0.00023837474143096964,-0.08700678062230392,-0.39495018528996473,-1.3193791740972372,-0.4131691569408731,8247,6072,0.7362677337213532,0.5127328730579885,0.5295235567337673,0.7965536513626366
AD|e=E1|f=0|sp=0.5|k=1|tp=A2.0|sl=10|15m,15m,E1,0,0.5,1,A2.0,10.0,-0.00019608659966730208,-0.07157160887856526,-0.3427447849524914,-0.9376657991490505,-0.38271406313587475,5965,4884,0.8187761944677284,0.5812994589563409,0.5758793715439204,0.818441079172984
AD|e=E1|f=0|sp=0.5|k=2|tp=MID|sl=-|15m,15m,E1,0,0.5,2,MID,,-0.00031335069277199716,-0.11437300286177897,-0.48086145310724726,-1.8151033044204317,-0.49835703702800926,10882,8002,0.7353427678735527,0.4798349644702797,0.420264869579651,0.6823969926034638
AD|e=E1|f=0|sp=0.5|k=2|tp=MID|sl=6|15m,15m,E1,0,0.5,2,MID,6.0,-0.00039918946378963863,-0.1457041542832181,-0.5648338327067108,-2.3232698154173312,-0.5716356014328887,11768,8554,0.7268864717878993,0.4079674227497588,0.345737730941335,0.5764093118043881
AD|e=E1|f=0|sp=0.5|k=2|tp=MID|sl=10|15m,15m,E1,0,0.5,2,MID,10.0,-0.0003911551846515065,-0.14277164239779988,-0.5582051424864318,-2.146396226651063,-0.5641471682500947,11197,8214,0.733589354291328,0.4046193110719951,0.3650973906775964,0.5666008825705491
AD|e=E1|f=0|sp=0.5|k=2|tp=A0.5|sl=-|15m,15m,E1,0,0.5,2,A0.5,,-1.162946120790621e-05,-0.004244753340885766,-0.0482861417248831,-0.04455287614322432,-0.20270947963809738,886,785,0.8860045146726863,0.9826000379528848,0.9456243822541849,0.9102091158413319
AD|e=E1|f=0|sp=0.5|k=2|tp=A0.5|sl=6|15m,15m,E1,0,0.5,2,A0.5,6.0,-0.000474482900817982,-0.17318625879856342,-0.6270185392624352,-2.8516991070138804,-0.6328590475498879,13772,11388,0.8268951495788557,0.339393153112344,0.26556578950991006,0.5631924902747614
AD|e=E1|f=0|sp=0.5|k=2|tp=A0.5|sl=10|15m,15m,E1,0,0.5,2,A0.5,10.0,-0.00045243967014171774,-0.16514047960172698,-0.6116361210411569,-2.2432566826378624,-0.6170146151239009,11958,10228,0.8553269777554775,0.3712749779564562,0.333307641717257,0.4522865667741906
AD|e=E1|f=0|sp=0.5|k=2|tp=A1.0|sl=-|15m,15m,E1,0,0.5,2,A1.0,,1.628094814394977e-05,0.005942546072541666,0.007497438839690229,0.061861431187462526,-0.19980030540023086,595,590,0.9915966386554622,1.0470188897644326,1.0118430022026421,0.9510476516610906
AD|e=E1|f=0|sp=0.5|k=2|tp=A1.0|sl=6|15m,15m,E1,0,0.5,2,A1.0,6.0,-0.00038359809482116293,-0.14001330460972447,-0.5523084423970203,-1.936193040831145,-0.5648381652816058,10984,9338,0.8501456664238893,0.3800793849660989,0.3111321079952666,0.7345993901916087
AD|e=E1|f=0|sp=0.5|k=2|tp=A1.0|sl=10|15m,15m,E1,0,0.5,2,A1.0,10.0,-0.00037861675994774224,-0.1381951173809259,-0.5507870896789012,-1.5822662559565568,-0.5602046958909819,9059,8119,0.8962357876145269,0.38144828898357214,0.4362140547216188,0.5148119173230944
AD|e=E1|f=0|sp=0.5|k=2|tp=A2.0|sl=-|15m,15m,E1,0,0.5,2,A2.0,,7.6222983805791456e-06,0.002782138908911388,-0.010594830968300939,0.028786439385722663,-0.2084508456358023,246,243,0.9878048780487805,1.0498269450105688,0.9666016857666955,0.9361500001321884
AD|e=E1|f=0|sp=0.5|k=2|tp=A2.0|sl=6|15m,15m,E1,0,0.5,2,A2.0,6.0,-0.00034883964504367937,-0.12732647044094297,-0.5232264591031897,-1.401849220983861,-0.5376135492297154,8071,6188,0.766695576756288,0.40835917978969427,0.36639435471266396,0.6985274619793097
AD|e=E1|f=0|sp=0.5|k=2|tp=A2.0|sl=10|15m,15m,E1,0,0.5,2,A2.0,10.0,-0.00030801010260317265,-0.11242368745015802,-0.4861851672889821,-1.0505519893051403,-0.5079285830619529,6120,5143,0.840359477124183,0.47044839784467707,0.5234464298029634,0.5158915529575236
AD|e=E1|f=0|sp=0.5|k=3|tp=MID|sl=-|15m,15m,E1,0,0.5,3,MID,,-0.00033560822950870787,-0.12249700377067838,-0.506392899696346,-1.6362604678253498,-0.533060580040679,10880,8253,0.7585477941176471,0.4457514006793308,0.3870122450850546,0.6817270954857467
AD|e=E1|f=0|sp=0.5|k=3|tp=MID|sl=6|15m,15m,E1,0,0.5,3,MID,6.0,-0.00043571552802982547,-0.1590361677308863,-0.5979616591903729,-2.17291043267222,-0.6063142458694577,11625,8711,0.7493333333333333,0.37974319222118685,0.30882060711502374,0.5410032394805852
AD|e=E1|f=0|sp=0.5|k=3|tp=MID|sl=10|15m,15m,E1,0,0.5,3,MID,10.0,-0.0004247537328006895,-0.15503511247225166,-0.5895922052844673,-1.9956541805833974,-0.5992679605881843,11129,8421,0.7566717584688651,0.3712483098237064,0.32535444530462265,0.5464095257377034
AD|e=E1|f=0|sp=0.5|k=3|tp=A0.5|sl=-|15m,15m,E1,0,0.5,3,A0.5,,-1.022351367356931e-05,-0.0037315824908527983,-0.06711761582295461,-0.028461553239158218,-0.27277134130801284,958,854,0.8914405010438413,0.9977200142136626,0.9110218965652652,0.8599572409799356
AD|e=E1|f=0|sp=0.5|k=3|tp=A0.5|sl=6|15m,15m,E1,0,0.5,3,A0.5,6.0,-0.0005156196445267429,-0.18820117025226116,-0.6588099334594562,-2.596261253251584,-0.6644490190596049,13742,11503,0.8370688400523941,0.33040889316797967,0.2385802658281524,0.4833897265753403
AD|e=E1|f=0|sp=0.5|k=3|tp=A0.5|sl=10|15m,15m,E1,0,0.5,3,A0.5,10.0,-0.0005030587367178438,-0.18361643890201299,-0.652606410512114,-2.0553610546939343,-0.6576333426015868,12276,10584,0.8621700879765396,0.33882242029748866,0.29180959810912765,0.3941408953125546
AD|e=E1|f=0|sp=0.5|k=3|tp=A1.0|sl=-|15m,15m,E1,0,0.5,3,A1.0,,2.7988223106736286e-05,0.010215701433958745,0.0082567064847201,0.07722815748746913,-0.2677270882336755,656,649,0.989329268292683,1.0677579398452035,0.9904040684184181,0.9350798856343535
AD|e=E1|f=0|sp=0.5|k=3|tp=A1.0|sl=6|15m,15m,E1,0,0.5,3,A1.0,6.0,-0.00045064703054696636,-0.16448616614964273,-0.6122831490092826,-1.9228482373733427,-0.6260695106764089,11012,9542,0.8665092626225935,0.386545608541345,0.2458447875045478,0.580359838087933
AD|e=E1|f=0|sp=0.5|k=3|tp=A1.0|sl=10|15m,15m,E1,0,0.5,3,A1.0,10.0,-0.0004630292953697227,-0.1690056928099488,-0.625905435260631,-1.6179300573285065,-0.6339310196874033,9370,8518,0.9090715048025614,0.3941762287970585,0.2872841985399994,0.4216912990337267
AD|e=E1|f=0|sp=0.5|k=3|tp=A2.0|sl=-|15m,15m,E1,0,0.5,3,A2.0,,3.259476148384419e-05,0.01189708794160313,0.016575484554801623,0.08882054109454739,-0.2753136785000633,292,289,0.9897260273972602,1.0744610284084786,1.016937879818571,0.9244789890917412
AD|e=E1|f=0|sp=0.5|k=3|tp=A2.0|sl=6|15m,15m,E1,0,0.5,3,A2.0,6.0,-0.00043444274596479357,-0.15857160227714964,-0.6046561026401994,-1.4364673666204775,-0.6329222942046642,7938,6272,0.7901234567901234,0.3784476326112712,0.27815041548814456,0.5551441657916464
AD|e=E1|f=0|sp=0.5|k=3|tp=A2.0|sl=10|15m,15m,E1,0,0.5,3,A2.0,10.0,-0.00040411698585563144,-0.1475026998373055,-0.5850348670892807,-1.1304078351098876,-0.6044918392188134,6170,5302,0.8593192868719611,0.44505942481605465,0.3783890481334379,0.3835209554460802
AD|e=E1|f=0|sp=1|k=1|tp=MID|sl=-|15m,15m,E1,0,1.0,1,MID,,-0.00024484003503145584,-0.08936661278648138,-0.3990330214973832,-1.9786073179755952,-0.412281168461892,10882,7582,0.6967469215217791,0.5771311304477251,0.5127533714555391,0.7268689389768754
AD|e=E1|f=0|sp=1|k=1|tp=MID|sl=6|15m,15m,E1,0,1.0,1,MID,6.0,-0.0003254220958000626,-0.11877906496702285,-0.49104363999057765,-2.533501341825202,-0.4978403689684706,11896,8200,0.6893073301950235,0.4995572756198771,0.4173494293911707,0.6265681395787565
AD|e=E1|f=0|sp=1|k=1|tp=MID|sl=10|15m,15m,E1,0,1.0,1,MID,10.0,-0.0002976091999268105,-0.10862735797328583,-0.46114482009427715,-2.2953520309280826,-0.46790254826656585,11244,7824,0.695837780149413,0.4939461789044514,0.47358262193567024,0.6599933964200864
AD|e=E1|f=0|sp=1|k=1|tp=A0.5|sl=-|15m,15m,E1,0,1.0,1,A0.5,,-9.299071225792452e-06,-0.003394160997414245,-0.029417123419656965,-0.05497242221823236,-0.1335334298254357,781,690,0.8834827144686299,0.9908321996075361,0.9607761195412077,0.9546412742519566
AD|e=E1|f=0|sp=1|k=1|tp=A0.5|sl=6|15m,15m,E1,0,1.0,1,A0.5,6.0,-0.0003719063207801723,-0.1357458070847629,-0.5369588557756384,-3.17798926273871,-0.540985146269563,13589,11053,0.813378467878431,0.4240158090987483,0.3465375838290487,0.6681074089701994
AD|e=E1|f=0|sp=1|k=1|tp=A0.5|sl=10|15m,15m,E1,0,1.0,1,A0.5,10.0,-0.0003679704070534516,-0.13430919857450985,-0.5345901412286631,-2.5049459672424175,-0.5398661681894479,11658,9846,0.8445702521873392,0.43518059630845096,0.3823165649585549,0.5927829581460599
AD|e=E1|f=0|sp=1|k=1|tp=A1.0|sl=-|15m,15m,E1,0,1.0,1,A1.0,,7.452900961314699e-06,0.002720308850879865,0.0042784864956759705,0.0434259442765792,-0.1341077835918767,524,519,0.9904580152671756,1.033738500193545,1.0016286837262787,0.9740994675705666
AD|e=E1|f=0|sp=1|k=1|tp=A1.0|sl=6|15m,15m,E1,0,1.0,1,A1.0,6.0,-0.0003037258660497038,-0.11085994110814189,-0.46860415912610465,-2.1265469958742367,-0.483621288759417,11020,9163,0.8314882032667876,0.4786271673387699,0.3904005649660595,0.7899008962257653
AD|e=E1|f=0|sp=1|k=1|tp=A1.0|sl=10|15m,15m,E1,0,1.0,1,A1.0,10.0,-0.00027930458872241047,-0.10194617488367982,-0.44319990621900807,-1.6208566467466985,-0.45786246860535096,8982,7931,0.8829881986194611,0.5016743180244078,0.45999238517155094,0.727747232058413
AD|e=E1|f=0|sp=1|k=1|tp=A2.0|sl=-|15m,15m,E1,0,1.0,1,A2.0,,-3.944258260954336e-06,-0.0014396542652483327,-0.018726662022305107,-0.023256913245841053,-0.14174432202345544,202,199,0.9851485148514851,1.0251108110794542,0.9819511662502309,0.9326929558878044
AD|e=E1|f=0|sp=1|k=1|tp=A2.0|sl=6|15m,15m,E1,0,1.0,1,A2.0,6.0,-0.00024343191300657367,-0.08885264824739939,-0.4008975377506727,-1.3778324298772058,-0.421189871716954,8108,6059,0.7472866304884065,0.5702765476401421,0.538502632274285,0.6848086385034317
AD|e=E1|f=0|sp=1|k=1|tp=A2.0|sl=10|15m,15m,E1,0,1.0,1,A2.0,10.0,-0.0001992060612716364,-0.07271021236414728,-0.34636880952570626,-0.9795302372179516,-0.38496036343622986,5990,4970,0.8297161936560935,0.6400145550109801,0.5940939601134372,0.7102474510999861
AD|e=E1|f=0|sp=1|k=2|tp=MID|sl=-|15m,15m,E1,0,1.0,2,MID,,-0.00027476835538025517,-0.10029044971379314,-0.43693859868571383,-1.7433459105308626,-0.459769640406813,10882,7978,0.7331372909391656,0.5143620674240432,0.4695178360559459,0.7301289517954583
AD|e=E1|f=0|sp=1|k=2|tp=MID|sl=6|15m,15m,E1,0,1.0,2,MID,6.0,-0.000355532345500865,-0.12976930610781573,-0.5229816682751032,-2.288805687508175,-0.5298311825520388,11657,8452,0.7250579051213862,0.45232315197772655,0.3967117007314859,0.5981945587666321
AD|e=E1|f=0|sp=1|k=2|tp=MID|sl=10|15m,15m,E1,0,1.0,2,MID,10.0,-0.000347184323634418,-0.12672227812656256,-0.5153462887530211,-2.0931507331708,-0.5253426777009421,11158,8159,0.731224233733644,0.45021055933591086,0.4026995967804057,0.6111250985205281
AD|e=E1|f=0|sp=1|k=2|tp=A0.5|sl=-|15m,15m,E1,0,1.0,2,A0.5,,-5.280050765092684e-06,-0.0019272185292588295,-0.03575890251470881,-0.0202364123262797,-0.20375856200803555,951,851,0.8948475289169295,1.0183888995008445,0.9301422011803263,0.9293704303948651
AD|e=E1|f=0|sp=1|k=2|tp=A0.5|sl=6|15m,15m,E1,0,1.0,2,A0.5,6.0,-0.00043882147634513195,-0.16016983886597316,-0.598132977918501,-2.809077738661714,-0.6046846529355159,13487,11200,0.8304293022910951,0.3904076102939978,0.2878111389723584,0.5633997299002622
AD|e=E1|f=0|sp=1|k=2|tp=A0.5|sl=10|15m,15m,E1,0,1.0,2,A0.5,10.0,-0.0004252051077910619,-0.1551998643437376,-0.5887458432221949,-2.199393653752766,-0.5961484377632926,11822,10154,0.8589071223143292,0.40301800486361666,0.3684165865167866,0.44787758544587697
AD|e=E1|f=0|sp=1|k=2|tp=A1.0|sl=-|15m,15m,E1,0,1.0,2,A1.0,,1.2186695596443492e-05,0.004448143892701875,-0.0007358633060727815,0.0464943581235904,-0.20003455777462065,660,650,0.9848484848484849,1.0450647831105562,0.990769033395104,0.9482082447225579
AD|e=E1|f=0|sp=1|k=2|tp=A1.0|sl=6|15m,15m,E1,0,1.0,2,A1.0,6.0,-0.00035814928158507653,-0.13072448777855294,-0.527100503233346,-1.9769184452878126,-0.5401648591138042,10907,9369,0.8589896396809389,0.41878849899758236,0.3247015576339659,0.7532997960237052
AD|e=E1|f=0|sp=1|k=2|tp=A1.0|sl=10|15m,15m,E1,0,1.0,2,A1.0,10.0,-0.00035297619659537503,-0.1288363117573119,-0.5246200521757235,-1.6264483931060478,-0.5379967832347782,9083,8221,0.9050974347682483,0.4473263992630786,0.421462592738919,0.5389816110490355
AD|e=E1|f=0|sp=1|k=2|tp=A2.0|sl=-|15m,15m,E1,0,1.0,2,A2.0,,9.803872926258276e-06,0.0035784136180842707,-0.006369357034266221,0.036868705842974234,-0.2065275390263075,272,269,0.9889705882352942,1.055331880622173,0.9841282996077217,0.9262248059287506
AD|e=E1|f=0|sp=1|k=2|tp=A2.0|sl=6|15m,15m,E1,0,1.0,2,A2.0,6.0,-0.00034292268506608097,-0.12516678004911955,-0.5161868940167584,-1.458342566473122,-0.5439663270787269,7882,6154,0.7807663029687897,0.4783546227913362,0.37279777614738974,0.6150927852906891
AD|e=E1|f=0|sp=1|k=2|tp=A2.0|sl=10|15m,15m,E1,0,1.0,2,A2.0,10.0,-0.0002779150329086109,-0.10143898701164297,-0.45121597773922884,-1.011830012367303,-0.47027930424024234,5931,5068,0.8544933400775586,0.5073915521168647,0.4932849723868458,0.6203554288902393
AD|e=E1|f=0|sp=1|k=3|tp=MID|sl=-|15m,15m,E1,0,1.0,3,MID,,-0.000279303139996813,-0.10194564609883673,-0.4437694368388725,-1.5513600551338405,-0.47467590937049564,10880,8092,0.74375,0.5004607753388178,0.45033059127202907,0.751791735608209
AD|e=E1|f=0|sp=1|k=3|tp=MID|sl=6|15m,15m,E1,0,1.0,3,MID,6.0,-0.0003665269898745101,-0.1337823513041962,-0.5346927104073553,-2.114876206014679,-0.5432315188345126,11535,8485,0.7355873428695275,0.4267381654538201,0.38716130396888515,0.5923745143033262
AD|e=E1|f=0|sp=1|k=3|tp=MID|sl=10|15m,15m,E1,0,1.0,3,MID,10.0,-0.0003685756802678332,-0.13453012329775912,-0.5377226547740345,-1.939783945892062,-0.5482550843066777,11086,8225,0.7419267544650912,0.4405370712642696,0.364258762685834,0.5849657257757599
AD|e=E1|f=0|sp=1|k=3|tp=A0.5|sl=-|15m,15m,E1,0,1.0,3,A0.5,,2.62079853599274e-06,0.00095659146563735,-0.04089106201662496,0.007397657014720839,-0.27472536434767314,1247,1109,0.8893344025661588,1.015668514592047,0.8983296249174417,0.9309132842083194
AD|e=E1|f=0|sp=1|k=3|tp=A0.5|sl=6|15m,15m,E1,0,1.0,3,A0.5,6.0,-0.00047558359098931187,-0.17358801071109883,-0.6287465347732332,-2.582249282721996,-0.6334316327049987,13350,11217,0.8402247191011236,0.3735940267459798,0.2561940695591611,0.5129374850205
AD|e=E1|f=0|sp=1|k=3|tp=A0.5|sl=10|15m,15m,E1,0,1.0,3,A0.5,10.0,-0.000496450083770257,-0.1812042805761438,-0.6477891532997264,-2.037549044711496,-0.6540385183892741,11860,10239,0.8633220910623947,0.3041161786233027,0.34087219983865197,0.39097534153902375
AD|e=E1|f=0|sp=1|k=3|tp=A1.0|sl=-|15m,15m,E1,0,1.0,3,A1.0,,3.120218898028754e-05,0.011388798977804952,0.015335952788012586,0.08643524503808094,-0.27059203532319465,760,750,0.9868421052631579,1.1011867502796941,0.9628953421789922,0.952145945136728
AD|e=E1|f=0|sp=1|k=3|tp=A1.0|sl=6|15m,15m,E1,0,1.0,3,A1.0,6.0,-0.0004150149140839168,-0.15148044364062963,-0.5814336829143022,-1.9302085457295208,-0.5915606074327208,10719,9386,0.8756413844575054,0.39649731885689427,0.29853657173200165,0.5860729438185215
AD|e=E1|f=0|sp=1|k=3|tp=A1.0|sl=10|15m,15m,E1,0,1.0,3,A1.0,10.0,-0.00044804251453678986,-0.1635355178059283,-0.6132259975101789,-1.633017748843304,-0.6295191804536,9161,8388,0.9156205654404541,0.3587223326498674,0.3798553927961508,0.38832746698415466
AD|e=E1|f=0|sp=1|k=3|tp=A2.0|sl=-|15m,15m,E1,0,1.0,3,A2.0,,2.9582581574206395e-05,0.010797642274585333,0.010333522196421141,0.0806360375902542,-0.27724664925210285,328,325,0.9908536585365854,1.055909315132199,1.028494405098964,0.9128371865453339
AD|e=E1|f=0|sp=1|k=3|tp=A2.0|sl=6|15m,15m,E1,0,1.0,3,A2.0,6.0,-0.0004036669330478462,-0.14733843056246385,-0.5765347544271395,-1.4529149936362153,-0.5993170020747158,7650,6160,0.8052287581699347,0.42998521328151806,0.3133203211428702,0.5328426067376637
AD|e=E1|f=0|sp=1|k=3|tp=A2.0|sl=10|15m,15m,E1,0,1.0,3,A2.0,10.0,-0.00033796568003092184,-0.12335747321128647,-0.5217356903161393,-1.0078170888320963,-0.5515578711851372,6031,5271,0.8739844138617144,0.3861451939512531,0.5635060602923758,0.45694761095026376
AD|e=E1|f=0|sp=1.5|k=1|tp=MID|sl=-|15m,15m,E1,0,1.5,1,MID,,-0.00024050975057727248,-0.08778605896070446,-0.39328596038948815,-2.056100041302684,-0.40841512729479157,10882,7527,0.6916927035471421,0.576333345937682,0.5247444541875967,0.7328199902339635
AD|e=E1|f=0|sp=1.5|k=1|tp=MID|sl=6|15m,15m,E1,0,1.5,1,MID,6.0,-0.00029820663277697564,-0.1088454209635961,-0.4611515179887036,-2.5575719360854587,-0.4716040948518262,11831,8099,0.6845575183839067,0.5164818664916448,0.46488572704807885,0.6473189015032006
AD|e=E1|f=0|sp=1.5|k=1|tp=MID|sl=10|15m,15m,E1,0,1.5,1,MID,10.0,-0.00029514329692846683,-0.10772730337889039,-0.4581550372076426,-2.3649135998171005,-0.4650898901088365,11216,7740,0.6900855920114123,0.5002723807729554,0.47131899398122895,0.6665430416185841
AD|e=E1|f=0|sp=1.5|k=1|tp=A0.5|sl=-|15m,15m,E1,0,1.5,1,A0.5,,-1.1053461704846409e-05,-0.004034513522268939,-0.032843010685228546,-0.06556097905005495,-0.13535437072647316,773,681,0.8809831824062095,0.9896673798833987,0.9554145797645117,0.9510684747278
AD|e=E1|f=0|sp=1.5|k=1|tp=A0.5|sl=6|15m,15m,E1,0,1.5,1,A0.5,6.0,-0.0003579113186119814,-0.13063763129337322,-0.5233632976719088,-3.1052248988014064,-0.5283960424776095,13412,10940,0.8156874440799284,0.4467682564321525,0.3769714850268524,0.6355408657514868
AD|e=E1|f=0|sp=1.5|k=1|tp=A0.5|sl=10|15m,15m,E1,0,1.5,1,A0.5,10.0,-0.0003630495180968975,-0.13251307410536758,-0.5297076602562634,-2.5199767814904113,-0.5362867970455953,11525,9784,0.848937093275488,0.46364371049751824,0.4074788745595994,0.5383589858204914
AD|e=E1|f=0|sp=1.5|k=1|tp=A1.0|sl=-|15m,15m,E1,0,1.5,1,A1.0,,4.7912192836122445e-06,0.0017487950385184693,-0.00103645630038518,0.028129638427702924,-0.13814900194814905,531,522,0.9830508474576272,1.0293206797656045,0.9986444843554141,0.9656950420899394
AD|e=E1|f=0|sp=1.5|k=1|tp=A1.0|sl=6|15m,15m,E1,0,1.5,1,A1.0,6.0,-0.0002773323250275454,-0.10122629863505407,-0.4384843589862857,-2.05722774770656,-0.4508412240149272,10838,9069,0.8367780033216461,0.5125722463335749,0.415604756081202,0.8195018368440737
AD|e=E1|f=0|sp=1.5|k=1|tp=A1.0|sl=10|15m,15m,E1,0,1.5,1,A1.0,10.0,-0.00028368323305420486,-0.10354438006478477,-0.4479508212603476,-1.6790783271664615,-0.45838343801543435,8841,7847,0.88756927949327,0.4962361471853564,0.47136519615535954,0.7006278197587863
AD|e=E1|f=0|sp=1.5|k=1|tp=A2.0|sl=-|15m,15m,E1,0,1.5,1,A2.0,,4.8397079260763115e-06,0.0017664933930178538,-0.0010124884074633744,0.028316369313400567,-0.1389486195134947,223,220,0.9865470852017937,1.0269412655357848,0.9990191998715047,0.9652927614330804
AD|e=E1|f=0|sp=1.5|k=1|tp=A2.0|sl=6|15m,15m,E1,0,1.5,1,A2.0,6.0,-0.00022009623258043576,-0.08033512489185905,-0.3708541195983046,-1.2991624610870454,-0.39728183686504925,8008,6057,0.7563686313686314,0.5831618184911781,0.5932362307078435,0.7065772270896447
AD|e=E1|f=0|sp=1.5|k=1|tp=A2.0|sl=10|15m,15m,E1,0,1.5,1,A2.0,10.0,-0.00020704152861236526,-0.07557015794351332,-0.35624987192520463,-1.048228278849777,-0.39246155532658067,5969,4977,0.833808008041548,0.6425060588197371,0.6075900942363035,0.6625900636173339
AD|e=E1|f=0|sp=1.5|k=2|tp=MID|sl=-|15m,15m,E1,0,1.5,2,MID,,-0.0002563745482728564,-0.09357671011959258,-0.4142504254322976,-1.7953426494238984,-0.43438302363553427,10882,7755,0.7126447344238191,0.5310080207572934,0.49467129548641336,0.7558765545073864
AD|e=E1|f=0|sp=1.5|k=2|tp=MID|sl=6|15m,15m,E1,0,1.5,2,MID,6.0,-0.000332257647569344,-0.12127404136281056,-0.4988843683953048,-2.32812161104376,-0.5038452978683594,11598,8157,0.7033109156751164,0.4680745602037511,0.4201083113234347,0.6285107437136864
AD|e=E1|f=0|sp=1.5|k=2|tp=MID|sl=10|15m,15m,E1,0,1.5,2,MID,10.0,-0.00032869509266375156,-0.11997370882226932,-0.49579054224912567,-2.1463013169530796,-0.5048344681938703,11126,7911,0.7110372101384145,0.47009466215893175,0.43182653724880293,0.6137838951734649
AD|e=E1|f=0|sp=1.5|k=2|tp=A0.5|sl=-|15m,15m,E1,0,1.5,2,A0.5,,-9.59990588587626e-06,-0.003503965648344835,-0.04425145911234307,-0.0368190386024395,-0.20501163190896443,988,876,0.8866396761133604,1.0081377881008802,0.916125756186421,0.9271085422319887
AD|e=E1|f=0|sp=1.5|k=2|tp=A0.5|sl=6|15m,15m,E1,0,1.5,2,A0.5,6.0,-0.0004059588946877895,-0.14817499656104316,-0.5696810696428611,-2.7225956609849478,-0.5759182706628376,13187,10987,0.8331690301054069,0.4180087685968581,0.32195193449988146,0.5774283511535976
AD|e=E1|f=0|sp=1.5|k=2|tp=A0.5|sl=10|15m,15m,E1,0,1.5,2,A0.5,10.0,-0.00041855842587838277,-0.15277382544560972,-0.5827373852488619,-2.233102680207629,-0.5899942644047913,11611,9991,0.8604771337524761,0.4056829591362791,0.35887032497089316,0.47725709126889354
AD|e=E1|f=0|sp=1.5|k=2|tp=A1.0|sl=-|15m,15m,E1,0,1.5,2,A1.0,,8.593854769826177e-06,0.0031367569909865546,-0.00808303472572236,0.03279193238741783,-0.20865025408511584,657,648,0.9863013698630136,1.0813569245539374,0.9696330671288953,0.9161644428764086
AD|e=E1|f=0|sp=1.5|k=2|tp=A1.0|sl=6|15m,15m,E1,0,1.5,2,A1.0,6.0,-0.0003577391503127724,-0.13057478986416193,-0.5262694541807306,-2.052806872266831,-0.5370154716326129,10595,9151,0.8637092968381312,0.4582272381081267,0.3144985213518578,0.7149520714705324
AD|e=E1|f=0|sp=1.5|k=2|tp=A1.0|sl=10|15m,15m,E1,0,1.5,2,A1.0,10.0,-0.0003282331843037562,-0.11980511227087103,-0.49979641467546254,-1.5138025559735562,-0.5190570215808576,8837,8040,0.909811021839991,0.4525177499950836,0.47284154373597015,0.5548491302566207
AD|e=E1|f=0|sp=1.5|k=2|tp=A2.0|sl=-|15m,15m,E1,0,1.5,2,A2.0,,1.915184487670756e-05,0.006990423379998259,0.012922910505038132,0.07203654031173878,-0.20711223832487702,318,315,0.9905660377358491,1.0731355787752064,1.0134479173592932,0.9370494904044203
AD|e=E1|f=0|sp=1.5|k=2|tp=A2.0|sl=6|15m,15m,E1,0,1.5,2,A2.0,6.0,-0.0003058516569663342,-0.11163585479271199,-0.47659654811798224,-1.3835730089754439,-0.5041684035086005,7622,6036,0.791918131723957,0.5041831686417156,0.438769501496997,0.626374903613886
AD|e=E1|f=0|sp=1.5|k=2|tp=A2.0|sl=10|15m,15m,E1,0,1.5,2,A2.0,10.0,-0.0002706520065851633,-0.0987879824035846,-0.44190614394740213,-1.0197064226907837,-0.48158219006291825,5795,5008,0.8641932700603969,0.5666368311820148,0.5436882678298803,0.5312433781654048
AD|e=E1|f=0|sp=1.5|k=3|tp=MID|sl=-|15m,15m,E1,0,1.5,3,MID,,-0.00024754178992258665,-0.09035275332174413,-0.4045098814881435,-1.5723498115814507,-0.43547206760995116,10882,7801,0.716871898548061,0.5409618219058461,0.47756511909249116,0.8054558183335047
AD|e=E1|f=0|sp=1.5|k=3|tp=MID|sl=6|15m,15m,E1,0,1.5,3,MID,6.0,-0.0003193408876343711,-0.11655942398654545,-0.4857659795500904,-2.139475310959101,-0.49288297980177176,11513,8137,0.7067662642230522,0.4682659192932316,0.4235410936085061,0.6673067756900706
AD|e=E1|f=0|sp=1.5|k=3|tp=MID|sl=10|15m,15m,E1,0,1.5,3,MID,10.0,-0.0003114173931691592,-0.11366734850674311,-0.47812418883228625,-1.9186522179038281,-0.4892761216662914,11061,7905,0.7146731760238676,0.48257462054689143,0.4117358082740779,0.6824608521556264
AD|e=E1|f=0|sp=1.5|k=3|tp=A0.5|sl=-|15m,15m,E1,0,1.5,3,A0.5,,-3.2230616893684656e-06,-0.00117641751661949,-0.05194353192458534,-0.009138940945183211,-0.2743544544697466,1268,1124,0.886435331230284,1.0052861710289942,0.8762126084946346,0.9306749214394218
AD|e=E1|f=0|sp=1.5|k=3|tp=A0.5|sl=6|15m,15m,E1,0,1.5,3,A0.5,6.0,-0.00041219918032141993,-0.15045270081731826,-0.5760202663723559,-2.484485488974628,-0.5815296124949101,13004,10935,0.8408951091971701,0.3427871872479521,0.34940894706121567,0.6124981948403185
AD|e=E1|f=0|sp=1.5|k=3|tp=A0.5|sl=10|15m,15m,E1,0,1.5,3,A0.5,10.0,-0.00040239762005756376,-0.14687513132101077,-0.5705444688235153,-1.8585491793915134,-0.5766876046564131,11503,9980,0.8675997565852386,0.33694499994129257,0.4259384370687873,0.5133842089750227
AD|e=E1|f=0|sp=1.5|k=3|tp=A1.0|sl=-|15m,15m,E1,0,1.5,3,A1.0,,2.5626788243215103e-05,0.009353777708773513,0.004321786400249161,0.07140270812261625,-0.2722796142947117,790,779,0.9860759493670886,1.1092516904840433,0.9401710774238871,0.9364886763804446
AD|e=E1|f=0|sp=1.5|k=3|tp=A1.0|sl=6|15m,15m,E1,0,1.5,3,A1.0,6.0,-0.0004002165741278189,-0.1460790495566539,-0.5676119752550415,-1.980973875720266,-0.5772704836559268,10390,9100,0.875842155919153,0.36527583858505835,0.36067817830199506,0.5849672951561359
AD|e=E1|f=0|sp=1.5|k=3|tp=A1.0|sl=10|15m,15m,E1,0,1.5,3,A1.0,10.0,-0.000390624369089357,-0.1425778947176153,-0.5633283135688516,-1.5124076024397666,-0.5782765836956336,8802,8102,0.9204726198591229,0.42437512954930257,0.4140161471032192,0.4343840533487817
AD|e=E1|f=0|sp=1.5|k=3|tp=A2.0|sl=-|15m,15m,E1,0,1.5,3,A2.0,,3.100921501858384e-05,0.011318363481783101,0.013167882791190522,0.08441483832733036,-0.27697572155391403,366,363,0.9918032786885246,1.1016387991642356,0.9975864406938568,0.9097121366199473
AD|e=E1|f=0|sp=1.5|k=3|tp=A2.0|sl=6|15m,15m,E1,0,1.5,3,A2.0,6.0,-0.000327183611504807,-0.11942201819925456,-0.5015687349380602,-1.3126846846278355,-0.5336041168926305,7436,6038,0.8119956966110812,0.5040444402601816,0.43783354327252133,0.5318237820899606
AD|e=E1|f=0|sp=1.5|k=3|tp=A2.0|sl=10|15m,15m,E1,0,1.5,3,A2.0,10.0,-0.0002769300283800216,-0.10107946035870788,-0.4547487233489771,-0.885398792467734,-0.49700637604031117,5841,5167,0.8846087998630372,0.4791855188770848,0.71795104305589,0.4282144878397785
AD|e=E1|f=0|sp=2|k=1|tp=MID|sl=-|15m,15m,E1,0,2.0,1,MID,,-0.0002379396198316619,-0.08684796123855659,-0.3898023646730213,-2.1270311222274194,-0.4002293159271251,10882,7376,0.6778165778349569,0.565022613179961,0.5414999229609111,0.7382879735810726
AD|e=E1|f=0|sp=2|k=1|tp=MID|sl=6|15m,15m,E1,0,2.0,1,MID,6.0,-0.00028911805973354005,-0.10552809180274211,-0.4506611815686975,-2.6359142427386217,-0.45637717508924436,11786,7894,0.6697777023587307,0.5096014147125302,0.4820256671753639,0.6710429277665337
AD|e=E1|f=0|sp=2|k=1|tp=MID|sl=10|15m,15m,E1,0,2.0,1,MID,10.0,-0.0002952140758960713,-0.10775313770206603,-0.45799826398297827,-2.458422037820784,-0.4639027228219055,11195,7574,0.676552032157213,0.4962394099867889,0.48044713127214256,0.6602119258613788
AD|e=E1|f=0|sp=2|k=1|tp=A0.5|sl=-|15m,15m,E1,0,2.0,1,A0.5,,-1.0168237343628836e-05,-0.003711406630424525,-0.031040913027553296,-0.060427607091483995,-0.1354072958073974,793,701,0.8839848675914249,0.9928989859193166,0.9583490396800235,0.9497944676530712
AD|e=E1|f=0|sp=2|k=1|tp=A0.5|sl=6|15m,15m,E1,0,2.0,1,A0.5,6.0,-0.000343577642750166,-0.12540583960381058,-0.5089372253838436,-3.0867174526194137,-0.5143066430144949,13211,10788,0.8165922337446068,0.44744582482594614,0.39037513521545,0.6703301479010962
AD|e=E1|f=0|sp=2|k=1|tp=A0.5|sl=10|15m,15m,E1,0,2.0,1,A0.5,10.0,-0.000344854316756137,-0.12587182561599,-0.5115178433118743,-2.477589790492717,-0.5169108194855543,11314,9610,0.8493901361145484,0.4581821552917207,0.43044037253901224,0.5781998336587645
AD|e=E1|f=0|sp=2|k=1|tp=A1.0|sl=-|15m,15m,E1,0,2.0,1,A1.0,,1.320674745234496e-06,0.00048204628201059107,-0.00814361290689758,0.007752196468714088,-0.13813466569922994,513,506,0.98635477582846,1.0216801563490217,0.9958911913115055,0.9560690610983723
AD|e=E1|f=0|sp=2|k=1|tp=A1.0|sl=6|15m,15m,E1,0,2.0,1,A1.0,6.0,-0.00028219811780756557,-0.10300231299976143,-0.44391819053725756,-2.1381091087842665,-0.45537688910092766,10669,8945,0.8384103477364326,0.49911018941818014,0.44370007536413036,0.7665294675506542
AD|e=E1|f=0|sp=2|k=1|tp=A1.0|sl=10|15m,15m,E1,0,2.0,1,A1.0,10.0,-0.00027783503478988835,-0.10140978769830924,-0.44067365229048805,-1.7314727488986017,-0.44952974827664094,8662,7722,0.891480027707227,0.491905479569353,0.5317855847861549,0.6523779611140753
AD|e=E1|f=0|sp=2|k=1|tp=A2.0|sl=-|15m,15m,E1,0,2.0,1,A2.0,,3.998154396170403e-06,0.0014593263546021972,-0.0027472377805390913,0.023383965757073133,-0.138439474977746,227,224,0.986784140969163,1.0340924754822602,0.995922470186236,0.9610506778709292
AD|e=E1|f=0|sp=2|k=1|tp=A2.0|sl=6|15m,15m,E1,0,2.0,1,A2.0,6.0,-0.00023230832032222277,-0.08479253691761131,-0.38624773135816826,-1.393787509227375,-0.40911327190267044,7813,5941,0.7603993344425957,0.570897562659079,0.5349794835106771,0.7464977785170424
AD|e=E1|f=0|sp=2|k=1|tp=A2.0|sl=10|15m,15m,E1,0,2.0,1,A2.0,10.0,-0.00019229885702125925,-0.07018908281275962,-0.3356041590963196,-1.0170501844445778,-0.373855300341722,5819,4885,0.8394913215329094,0.6476939013140746,0.5965012209823656,0.7402642682198454
AD|e=E1|f=0|sp=2|k=2|tp=MID|sl=-|15m,15m,E1,0,2.0,2,MID,,-0.00024161086277114756,-0.08818796491146887,-0.3954812537414082,-1.8387070537592902,-0.4141614793524958,10882,7500,0.6892115419959566,0.5372606615623081,0.5306002424724904,0.7685401610525869
AD|e=E1|f=0|sp=2|k=2|tp=MID|sl=6|15m,15m,E1,0,2.0,2,MID,6.0,-0.00030844826886266955,-0.11258361813487439,-0.47305815185605804,-2.3684801030874696,-0.48054263558960886,11586,7861,0.6784912825824271,0.4687846679300089,0.46140235196449386,0.6697977386542744
AD|e=E1|f=0|sp=2|k=2|tp=MID|sl=10|15m,15m,E1,0,2.0,2,MID,10.0,-0.00030184963991612446,-0.11017511856938543,-0.4665362770635072,-2.1190983613879,-0.4751209836274647,11106,7636,0.6875562758869079,0.4634255596937528,0.4732172507853571,0.6713334410952368
AD|e=E1|f=0|sp=2|k=2|tp=A0.5|sl=-|15m,15m,E1,0,2.0,2,A0.5,,-7.41803067477893e-06,-0.0027075811962943095,-0.03978715109278541,-0.028548338663197132,-0.2048919486216434,1050,926,0.8819047619047619,1.0334829419209186,0.9088346917766394,0.925110387403114
AD|e=E1|f=0|sp=2|k=2|tp=A0.5|sl=6|15m,15m,E1,0,2.0,2,A0.5,6.0,-0.0004199677685105439,-0.15328823550634854,-0.5817149643422408,-2.8944061971900195,-0.5863920730638965,12881,10706,0.8311466501048055,0.3851681572085058,0.3288112510818021,0.5673964493146624
AD|e=E1|f=0|sp=2|k=2|tp=A0.5|sl=10|15m,15m,E1,0,2.0,2,A0.5,10.0,-0.0004306348476677875,-0.15718171939874245,-0.5925920208770896,-2.3815034106816664,-0.5971046041361828,11200,9615,0.8584821428571429,0.35338324994933273,0.39500239914085833,0.4613822826298209
AD|e=E1|f=0|sp=2|k=2|tp=A1.0|sl=-|15m,15m,E1,0,2.0,2,A1.0,,1.219728429468968e-05,0.004452008767561733,-0.0009896539079080613,0.04628898861552714,-0.20862245643124844,719,707,0.9833101529902643,1.0981585754558258,0.9632583494945973,0.9284125504924395
AD|e=E1|f=0|sp=2|k=2|tp=A1.0|sl=6|15m,15m,E1,0,2.0,2,A1.0,6.0,-0.0003615334419422027,-0.131959706308904,-0.5295310217884335,-2.1598721439531734,-0.5381666717737527,10322,8894,0.8616547180778918,0.45202125701679957,0.37213096883144736,0.6059989021000002
AD|e=E1|f=0|sp=2|k=2|tp=A1.0|sl=10|15m,15m,E1,0,2.0,2,A1.0,10.0,-0.00033288452582697385,-0.12150285192684546,-0.5037790243856923,-1.6077492472534791,-0.5242709731614131,8630,7853,0.909965237543453,0.41729588971250003,0.48263147311510873,0.5752100784268609
AD|e=E1|f=0|sp=2|k=2|tp=A2.0|sl=-|15m,15m,E1,0,2.0,2,A2.0,,1.9501052862685358e-05,0.0071178842948801556,0.013595925792182717,0.07327554915455241,-0.20722165612389154,342,339,0.9912280701754386,1.072019837730579,1.0173142396000987,0.9433772880413891
AD|e=E1|f=0|sp=2|k=2|tp=A2.0|sl=6|15m,15m,E1,0,2.0,2,A2.0,6.0,-0.0002713513621397849,-0.09904324718102148,-0.43621910473544956,-1.3555088994891515,-0.4550196271124505,7424,5908,0.7957974137931034,0.6067478433375614,0.476982489004753,0.6056744341066767
AD|e=E1|f=0|sp=2|k=2|tp=A2.0|sl=10|15m,15m,E1,0,2.0,2,A2.0,10.0,-0.00025074723078083645,-0.0915227392350053,-0.416704508789705,-1.0063686064768618,-0.4515212333012706,5789,5039,0.8704439454137156,0.5016680939807417,0.6172673405478385,0.6048583026286979
AD|e=E1|f=0|sp=2|k=3|tp=MID|sl=-|15m,15m,E1,0,2.0,3,MID,,-0.00023039598363520857,-0.08409453402685113,-0.38200953415567707,-1.6311956983251372,-0.40602520179620083,10882,7521,0.6911413343135453,0.5508765600176321,0.5285352688042908,0.8057420919666181
AD|e=E1|f=0|sp=2|k=3|tp=MID|sl=6|15m,15m,E1,0,2.0,3,MID,6.0,-0.0002908124050283915,-0.10614652783536291,-0.45377883406880204,-2.1769107144179265,-0.4618568307454588,11528,7831,0.6793025676613463,0.4928657518749292,0.4827786292843225,0.6780039636844442
AD|e=E1|f=0|sp=2|k=3|tp=MID|sl=10|15m,15m,E1,0,2.0,3,MID,10.0,-0.0002940547591232181,-0.1073299870799746,-0.4584069994011196,-1.9530190895444057,-0.4707019622126605,11052,7613,0.6888346000723851,0.5147467122117537,0.43213543228865214,0.7075634796853985
AD|e=E1|f=0|sp=2|k=3|tp=A0.5|sl=-|15m,15m,E1,0,2.0,3,A0.5,,1.747659091974815e-06,0.0006378955685708075,-0.042642391594578166,0.004931049896675613,-0.2701874989011076,1237,1110,0.8973322554567502,1.035589923336545,0.879401472406936,0.9235797015663867
AD|e=E1|f=0|sp=2|k=3|tp=A0.5|sl=6|15m,15m,E1,0,2.0,3,A0.5,6.0,-0.00041965110488103967,-0.15317265328157947,-0.5816539202898594,-2.803995463694484,-0.5863317115835547,12720,10629,0.8356132075471698,0.3953994484344316,0.34302510379645723,0.5283851389008924
AD|e=E1|f=0|sp=2|k=3|tp=A0.5|sl=10|15m,15m,E1,0,2.0,3,A0.5,10.0,-0.0003583104479055987,-0.13078331348554353,-0.5295581608395372,-1.6781718874286722,-0.5420098245858465,11068,9614,0.8686302855077701,0.44436101742127826,0.41051706064010013,0.5549810545200846
AD|e=E1|f=0|sp=2|k=3|tp=A1.0|sl=-|15m,15m,E1,0,2.0,3,A1.0,,2.4892560997968665e-05,0.009085784764258562,0.0028648434342781748,0.06940328264933487,-0.27322394181082643,824,813,0.9866504854368932,1.1413153383471875,0.9388006513852146,0.9075496139829758
AD|e=E1|f=0|sp=2|k=3|tp=A1.0|sl=6|15m,15m,E1,0,2.0,3,A1.0,6.0,-0.0003577137734059113,-0.13056552729315762,-0.5267508615499095,-1.9628800787802947,-0.5375480914928662,10121,8807,0.870170931726114,0.47193850874215115,0.37333067001809145,0.5868431956028793
AD|e=E1|f=0|sp=2|k=3|tp=A1.0|sl=10|15m,15m,E1,0,2.0,3,A1.0,10.0,-0.0002953413348100278,-0.10779958720566014,-0.46838275822128195,-1.1602032247156,-0.4931263226096607,8387,7742,0.923095266483844,0.4849615364887646,0.49456558408770085,0.6048660395363386
AD|e=E1|f=0|sp=2|k=3|tp=A2.0|sl=-|15m,15m,E1,0,2.0,3,A2.0,,3.4754495039175335e-05,0.012685390689298998,0.021196052465161985,0.0947914994630758,-0.27849627316514447,416,413,0.9927884615384616,1.157469072996474,0.9981586697167176,0.8967029606270753
AD|e=E1|f=0|sp=2|k=3|tp=A2.0|sl=6|15m,15m,E1,0,2.0,3,A2.0,6.0,-0.00026660754995013977,-0.09731175573180101,-0.4328670092653243,-1.1904879810092424,-0.45751323364976504,7248,5866,0.8093267108167771,0.5573585894286684,0.4843948543693945,0.6569930536292529
AD|e=E1|f=0|sp=2|k=3|tp=A2.0|sl=10|15m,15m,E1,0,2.0,3,A2.0,10.0,-0.0002628891632822004,-0.09595454459800315,-0.4365792135248756,-0.8877889181001121,-0.47632412171734395,5641,5025,0.8907995036341074,0.49682116598189363,0.7590624251097823,0.4571173815941527
AD|e=E1|f=1|sp=-|k=0|tp=MID|sl=-|15m,15m,E1,1,,0,MID,,-4.791746483258145e-05,-0.01748987466389223,-0.09422683771680318,-1.3909309543406367,-0.10399237670018113,3930,2349,0.5977099236641221,0.8658034708571869,0.8696626510312951,0.980548507066436
AD|e=E1|f=1|sp=-|k=0|tp=MID|sl=6|15m,15m,E1,1,,0,MID,6.0,-5.6081415280327115e-05,-0.020469716577319396,-0.10926472683932487,-1.7152663412733626,-0.11537277508352417,3957,2357,0.5956532726813243,0.8647203898011933,0.8572580393761925,0.9470841369562489
AD|e=E1|f=1|sp=-|k=0|tp=MID|sl=10|15m,15m,E1,1,,0,MID,10.0,-5.162043947177484e-05,-0.018841460407197815,-0.10108957324991796,-1.5123613543968826,-0.11087235386120597,3931,2350,0.5978122615110659,0.8612915329534226,0.8648289785379834,0.965956661077931
AD|e=E1|f=1|sp=-|k=0|tp=A0.5|sl=-|15m,15m,E1,1,,0,A0.5,,-6.342688371621878e-06,-0.0023150812556419855,-0.015183101927279008,-0.08173738518866164,-0.0682587113233234,485,432,0.8907216494845361,0.995038744984227,0.985370617963252,0.9730609163734926
AD|e=E1|f=1|sp=-|k=0|tp=A0.5|sl=6|15m,15m,E1,1,,0,A0.5,6.0,-8.930986778710606e-05,-0.03259810174229371,-0.16809911715940906,-2.6937405089637494,-0.17076052775153372,4434,3464,0.7812359043752819,0.8005241136733179,0.8014863364660854,0.8949182437448595
AD|e=E1|f=1|sp=-|k=0|tp=A0.5|sl=10|15m,15m,E1,1,,0,A0.5,10.0,-8.018932452107843e-05,-0.029269103450193627,-0.1525911199359944,-1.862541165946267,-0.15547413802704402,4342,3594,0.8277291570704745,0.8250892483374462,0.8361392805132404,0.8766080459016992
AD|e=E1|f=1|sp=-|k=0|tp=A1.0|sl=-|15m,15m,E1,1,,0,A1.0,,-9.648732171757956e-09,-3.521787242691654e-06,-0.00242481406393269,-0.00012043526535787172,-0.0680108315119774,308,305,0.9902597402597403,1.0206256961301838,0.98809309960919,0.98312739109402
AD|e=E1|f=1|sp=-|k=0|tp=A1.0|sl=6|15m,15m,E1,1,,0,A1.0,6.0,-6.539876193662728e-05,-0.023870548106868957,-0.12633484338597556,-1.6442016390655734,-0.13243251586163374,3807,3030,0.7959022852639874,0.8430612748792603,0.8391161508670821,0.9355058793910347
AD|e=E1|f=1|sp=-|k=0|tp=A1.0|sl=10|15m,15m,E1,1,,0,A1.0,10.0,-6.0459411883879046e-05,-0.022067685337615852,-0.11775463482051918,-1.185315865217889,-0.12844778352425046,3667,3156,0.8606490319061904,0.8488575772300235,0.8973690741051009,0.8913237846472022
AD|e=E1|f=1|sp=-|k=0|tp=A2.0|sl=-|15m,15m,E1,1,,0,A2.0,,-3.0845437800057567e-06,-0.0011258584797021012,-0.008776030672305368,-0.037993053298302125,-0.07092825336580433,162,159,0.9814814814814815,1.0129752222096193,0.9902169004243415,0.9693038765551739
AD|e=E1|f=1|sp=-|k=0|tp=A2.0|sl=6|15m,15m,E1,1,,0,A2.0,6.0,-4.6825026335843086e-05,-0.017091134612582725,-0.09264618984041395,-0.9314405362564103,-0.10380420958660619,3089,2162,0.699902881191324,0.8635688542129545,0.8788330166761081,0.973346534193046
AD|e=E1|f=1|sp=-|k=0|tp=A2.0|sl=10|15m,15m,E1,1,,0,A2.0,10.0,-4.505170227323766e-05,-0.016443871329731748,-0.08987142108630153,-0.7030459009023123,-0.10893346477835497,2896,2291,0.7910911602209945,0.8818560935044444,0.9047553576468991,0.9302159007247114
AD|e=E1|f=1|sp=0.5|k=1|tp=MID|sl=-|15m,15m,E1,1,0.5,1,MID,,-5.393083830874972e-05,-0.01968475598269365,-0.10626151777580439,-0.8661393985179369,-0.12763148039681804,3930,2693,0.6852417302798982,0.8026937072603993,0.8161017549277478,1.0765361047771755
AD|e=E1|f=1|sp=0.5|k=1|tp=MID|sl=6|15m,15m,E1,1,0.5,1,MID,6.0,-6.242633902524244e-05,-0.02278561374421349,-0.12157036332851323,-1.0748725628971174,-0.1338259988812036,3946,2694,0.6827166751140396,0.8128143775339176,0.802465745872825,1.0242391333387753
AD|e=E1|f=1|sp=0.5|k=1|tp=MID|sl=10|15m,15m,E1,1,0.5,1,MID,10.0,-6.177019297711557e-05,-0.022546120436647183,-0.12051420752347919,-1.0068214219972693,-0.1413574774937546,3930,2692,0.6849872773536896,0.7891662496681154,0.8057830378142934,1.0470256995508282
AD|e=E1|f=1|sp=0.5|k=1|tp=A0.5|sl=-|15m,15m,E1,1,0.5,1,A0.5,,1.718303112506627e-05,0.006271806360649189,0.02686804122038078,0.1121060779730208,-0.12163366683464727,1050,941,0.8961904761904762,1.1326455245661453,1.0035913941536385,0.9450038405632409
AD|e=E1|f=1|sp=0.5|k=1|tp=A0.5|sl=6|15m,15m,E1,1,0.5,1,A0.5,6.0,-9.909634231536226e-05,-0.036170164945107226,-0.1853662078103283,-1.7082707087190938,-0.19375264256011693,4528,3689,0.814708480565371,0.8004266524673838,0.7182014198370352,0.9314872608911631
AD|e=E1|f=1|sp=0.5|k=1|tp=A0.5|sl=10|15m,15m,E1,1,0.5,1,A0.5,10.0,-0.00010967964262593042,-0.040033069558464605,-0.20355694113788647,-1.4723988518386648,-0.210791989529739,4476,3783,0.8451742627345844,0.7634593122636191,0.7368712750406224,0.8817761582986933
AD|e=E1|f=1|sp=0.5|k=1|tp=A1.0|sl=-|15m,15m,E1,1,0.5,1,A1.0,,1.5668943338710047e-06,0.0005719164318629167,-0.006578875495602876,0.009685051646080816,-0.13766103746790614,439,433,0.9863325740318907,1.0446303328760025,0.9853654857526291,0.9463044943369285
AD|e=E1|f=1|sp=0.5|k=1|tp=A1.0|sl=6|15m,15m,E1,1,0.5,1,A1.0,6.0,-7.738953503643248e-05,-0.028247180288297855,-0.14880818641490823,-1.0607881295238912,-0.1581719241486157,3910,3289,0.8411764705882353,0.8136071666952566,0.7671720139646457,0.9705434561089976
AD|e=E1|f=1|sp=0.5|k=1|tp=A1.0|sl=10|15m,15m,E1,1,0.5,1,A1.0,10.0,-7.634450418929054e-05,-0.027865744029091047,-0.1480424242851227,-0.8211056553591896,-0.16991355757163484,3821,3405,0.8911279769693797,0.7789042440566725,0.8526647001637405,0.905763151964857
AD|e=E1|f=1|sp=0.5|k=1|tp=A2.0|sl=-|15m,15m,E1,1,0.5,1,A2.0,,-3.83726950439842e-07,-0.00014006033691054234,-0.011200438052521133,-0.0022969576636159656,-0.142143806272215,209,205,0.9808612440191388,1.0412353487012538,0.9728821335755,0.9462411912944024
AD|e=E1|f=1|sp=0.5|k=1|tp=A2.0|sl=6|15m,15m,E1,1,0.5,1,A2.0,6.0,-6.068014974399766e-05,-0.022148254656559146,-0.12025803130423252,-0.6409145495486535,-0.1382287240518112,3202,2390,0.7464084946908183,0.8070183547290182,0.8347920325759542,0.9857621719542683
AD|e=E1|f=1|sp=0.5|k=1|tp=A2.0|sl=10|15m,15m,E1,1,0.5,1,A2.0,10.0,-5.364278887368538e-05,-0.019579617938895164,-0.10934892576232014,-0.442839384463374,-0.132707432377274,3029,2506,0.827335754374381,0.7639013216676921,0.8925384916730108,0.9991211116524698
AD|e=E1|f=1|sp=0.5|k=2|tp=MID|sl=-|15m,15m,E1,1,0.5,2,MID,,-6.228871765156487e-05,-0.022735381942821178,-0.12240412411673363,-0.7643940035251083,-0.15170075369580605,3930,2892,0.7358778625954199,0.7618063275197913,0.7778794569864904,1.1222322029045138
AD|e=E1|f=1|sp=0.5|k=2|tp=MID|sl=6|15m,15m,E1,1,0.5,2,MID,6.0,-6.919871224175005e-05,-0.025257529968238768,-0.1344516787797292,-0.9227163113666519,-0.154090912584537,3937,2885,0.7327914655829312,0.7917582000525938,0.760452020014099,1.0543462223978057
AD|e=E1|f=1|sp=0.5|k=2|tp=MID|sl=10|15m,15m,E1,1,0.5,2,MID,10.0,-7.014594052595166e-05,-0.025603268291972358,-0.13638959845224607,-0.8767003904061914,-0.16548562839333913,3930,2891,0.7356234096692112,0.746383262757867,0.7752322472565785,1.0776477506127105
AD|e=E1|f=1|sp=0.5|k=2|tp=A0.5|sl=-|15m,15m,E1,1,0.5,2,A0.5,,7.129474130149083e-05,0.02602258057504415,0.13910804385716746,0.3417726203640692,-0.18607378749748138,1522,1382,0.9080157687253614,1.1698467962664907,1.0450173828361238,1.1785769202995189
AD|e=E1|f=1|sp=0.5|k=2|tp=A0.5|sl=6|15m,15m,E1,1,0.5,2,A0.5,6.0,-0.00010860766827479185,-0.03964179892029902,-0.20191346446219915,-1.4111611910466313,-0.2132185795991436,4548,3802,0.8359718557607739,0.7637415962657931,0.7147669709581491,0.9149768878952163
AD|e=E1|f=1|sp=0.5|k=2|tp=A0.5|sl=10|15m,15m,E1,1,0.5,2,A0.5,10.0,-0.0001332502215618944,-0.04863633087009145,-0.24266145461151234,-1.2987403138857598,-0.25189391771051417,4515,3877,0.8586932447397564,0.7085734725637156,0.7062441861243854,0.8406568731909798
AD|e=E1|f=1|sp=0.5|k=2|tp=A1.0|sl=-|15m,15m,E1,1,0.5,2,A1.0,,4.619534476660823e-05,0.016861300839812004,0.07513255011374276,0.18855008763404035,-0.17622183449721407,781,766,0.9807938540332907,1.2221867140615874,1.1069861318513634,0.9016345499528589
AD|e=E1|f=1|sp=0.5|k=2|tp=A1.0|sl=6|15m,15m,E1,1,0.5,2,A1.0,6.0,-7.548710120484292e-05,-0.027552791939767667,-0.14671423262597183,-0.7875676514213179,-0.16954990169536133,3942,3427,0.8693556570268899,0.8164170526279326,0.7512942890819433,0.9853170727614133
AD|e=E1|f=1|sp=0.5|k=2|tp=A1.0|sl=10|15m,15m,E1,1,0.5,2,A1.0,10.0,-9.437725100199934e-05,-0.03444769661572976,-0.18118571176430753,-0.7568542716576243,-0.21057450734309946,3880,3521,0.9074742268041237,0.7497421779054686,0.873603702478437,0.8020858130980687
AD|e=E1|f=1|sp=0.5|k=2|tp=A2.0|sl=-|15m,15m,E1,1,0.5,2,A2.0,,7.1529097467229885e-06,0.002610812057553891,-0.010455676028300331,0.027599838983115774,-0.20509237761820287,249,245,0.9839357429718876,1.0571047529408348,0.9490457567319723,0.94528594058406
AD|e=E1|f=1|sp=0.5|k=2|tp=A2.0|sl=6|15m,15m,E1,1,0.5,2,A2.0,6.0,-8.797698222721586e-05,-0.03211159851293379,-0.17055389420568134,-0.6899708656530275,-0.19616111677928716,3237,2519,0.7781896818041396,0.776680948367735,0.7600945220367501,0.931296985362511
AD|e=E1|f=1|sp=0.5|k=2|tp=A2.0|sl=10|15m,15m,E1,1,0.5,2,A2.0,10.0,-8.024858843456512e-05,-0.029290734778616268,-0.16081608676593417,-0.48420851312818436,-0.19396853054840235,3111,2641,0.8489231758277082,0.7172778342621489,0.8881784290021486,0.876806390751156
AD|e=E1|f=1|sp=0.5|k=3|tp=MID|sl=-|15m,15m,E1,1,0.5,3,MID,,-6.321277054396268e-05,-0.02307266124854638,-0.12492621914046631,-0.6581189146821352,-0.15909725033559396,3930,2994,0.7618320610687023,0.734229375872764,0.7609799905341688,1.1750848269448277
AD|e=E1|f=1|sp=0.5|k=3|tp=MID|sl=6|15m,15m,E1,1,0.5,3,MID,6.0,-7.192023223508292e-05,-0.026250884765805265,-0.13999548960542962,-0.8132581249405125,-0.16728221338375449,3935,2984,0.7583227445997459,0.7389677811488145,0.7517489954448479,1.1113258569827478
AD|e=E1|f=1|sp=0.5|k=3|tp=MID|sl=10|15m,15m,E1,1,0.5,3,MID,10.0,-6.738396982002895e-05,-0.024595148984310564,-0.13225039300739683,-0.7192393269793352,-0.16892732151563483,3930,2993,0.7615776081424936,0.7250541678189734,0.7766066144117597,1.109047513010613
AD|e=E1|f=1|sp=0.5|k=3|tp=A0.5|sl=-|15m,15m,E1,1,0.5,3,A0.5,,8.317090316297959e-05,0.03035737965448755,0.15206071592058046,0.2970084996851115,-0.2514839896094698,1596,1449,0.9078947368421053,1.192783568717208,1.02234491185214,1.1928629428439494
AD|e=E1|f=1|sp=0.5|k=3|tp=A0.5|sl=6|15m,15m,E1,1,0.5,3,A0.5,6.0,-0.00010712563466745901,-0.03910085665362254,-0.20000137580552502,-1.2240571801466773,-0.21306512622148777,4562,3860,0.8461201227531784,0.7580418635924964,0.7067038456231727,0.9306024154063074
AD|e=E1|f=1|sp=0.5|k=3|tp=A0.5|sl=10|15m,15m,E1,1,0.5,3,A0.5,10.0,-0.00013457146066118267,-0.049118583141331676,-0.24558928773064304,-1.1541385583689883,-0.2610447217407724,4528,3924,0.8666077738515902,0.7053695960006557,0.6821148187064104,0.8507706993725553
AD|e=E1|f=1|sp=0.5|k=3|tp=A1.0|sl=-|15m,15m,E1,1,0.5,3,A1.0,,8.452178434470104e-05,0.030850451285815882,0.14413616077659963,0.26179195072260925,-0.24144654681031108,943,928,0.9840933191940615,1.4422536924955016,1.0859494899162434,0.9126023390004454
AD|e=E1|f=1|sp=0.5|k=3|tp=A1.0|sl=6|15m,15m,E1,1,0.5,3,A1.0,6.0,-8.409339654618968e-05,-0.030694089739359234,-0.1630067052356874,-0.7268105117054098,-0.19146204074586548,3966,3512,0.8855269793242562,0.7647014643912472,0.7513081101194857,0.9804793967944188
AD|e=E1|f=1|sp=0.5|k=3|tp=A1.0|sl=10|15m,15m,E1,1,0.5,3,A1.0,10.0,-9.011601783602156e-05,-0.03289234651014787,-0.17609683344335836,-0.6027573691190763,-0.21200960453117468,3914,3604,0.9207971384772611,0.7373287985504167,0.8830755509271139,0.805732492996092
AD|e=E1|f=1|sp=0.5|k=3|tp=A2.0|sl=-|15m,15m,E1,1,0.5,3,A2.0,,2.352241760363886e-05,0.008585682425328183,0.00037136015876670925,0.0658033626023509,-0.27149169346191726,289,285,0.986159169550173,1.0870720235411884,0.9701287943276079,0.9111093943145389
AD|e=E1|f=1|sp=0.5|k=3|tp=A2.0|sl=6|15m,15m,E1,1,0.5,3,A2.0,6.0,-0.0001103001207629337,-0.0402595440784708,-0.21037760993609633,-0.6971153995063614,-0.2354815149043925,3242,2604,0.8032078963602715,0.7306433188186046,0.7570845833726084,0.8477385439994745
AD|e=E1|f=1|sp=0.5|k=3|tp=A2.0|sl=10|15m,15m,E1,1,0.5,3,A2.0,10.0,-0.00011398454334669313,-0.041604358321542995,-0.2213274318218067,-0.5562776152532272,-0.264065103885895,3122,2702,0.8654708520179372,0.6685686533615646,0.8931235761760478,0.7330786410384416
AD|e=E1|f=1|sp=1|k=1|tp=MID|sl=-|15m,15m,E1,1,1.0,1,MID,,-5.240266091728837e-05,-0.019126971234810254,-0.10330132477687337,-0.893657569754857,-0.12584188249291428,3930,2728,0.694147582697201,0.8202296568783386,0.826285666661001,1.0524247525824526
AD|e=E1|f=1|sp=1|k=1|tp=MID|sl=6|15m,15m,E1,1,1.0,1,MID,6.0,-5.86511497715981e-05,-0.02140766966663331,-0.11458418792714842,-1.080174338826408,-0.12932340688071053,3942,2725,0.691273465246068,0.8342513773064081,0.8165001705133077,1.0058047422422474
AD|e=E1|f=1|sp=1|k=1|tp=MID|sl=10|15m,15m,E1,1,1.0,1,MID,10.0,-6.215000145501217e-05,-0.02268475053107944,-0.12106223394611404,-1.0747375753081483,-0.14221620185329165,3930,2727,0.6938931297709924,0.8023360390084621,0.8126210363716841,1.0206590280636434
AD|e=E1|f=1|sp=1|k=1|tp=A0.5|sl=-|15m,15m,E1,1,1.0,1,A0.5,,3.963777500270156e-05,0.01446778787598607,0.07668060866962989,0.27832942233547775,-0.12231583858990136,1340,1214,0.9059701492537313,1.1257164319449449,1.0558133323536203,1.0411686389836305
AD|e=E1|f=1|sp=1|k=1|tp=A0.5|sl=6|15m,15m,E1,1,1.0,1,A0.5,6.0,-8.821380580529932e-05,-0.03219803911893425,-0.16685198110081567,-1.5821171903392932,-0.17244462199531896,4512,3713,0.8229166666666666,0.8243693961573377,0.7276623464346587,0.9541840160961998
AD|e=E1|f=1|sp=1|k=1|tp=A0.5|sl=10|15m,15m,E1,1,1.0,1,A0.5,10.0,-0.00010285106480604437,-0.0375406386542062,-0.19221027063221308,-1.417066821500518,-0.20240689213276652,4467,3796,0.8497873293037833,0.7748128220700039,0.750715884946661,0.8892017972525561
AD|e=E1|f=1|sp=1|k=1|tp=A1.0|sl=-|15m,15m,E1,1,1.0,1,A1.0,,1.9639271704947162e-05,0.007168334172305714,0.030716737263650984,0.1195699601737872,-0.11457340770980418,598,593,0.9916387959866221,1.059745814784718,1.0862491900452664,0.9449521422103834
AD|e=E1|f=1|sp=1|k=1|tp=A1.0|sl=6|15m,15m,E1,1,1.0,1,A1.0,6.0,-4.8888289448167044e-05,-0.017844225648580972,-0.09722834981396755,-0.7123594362005328,-0.11779165338871955,3903,3337,0.8549833461439919,0.8589523627776497,0.8112110570840996,1.0387317951644428
AD|e=E1|f=1|sp=1|k=1|tp=A1.0|sl=10|15m,15m,E1,1,1.0,1,A1.0,10.0,-6.565786359029075e-05,-0.023965120210456124,-0.12877136379070186,-0.7533771258466069,-0.15761337473310144,3835,3443,0.8977835723598435,0.8160719295431973,0.8809203201438801,0.8966068737157946
AD|e=E1|f=1|sp=1|k=1|tp=A2.0|sl=-|15m,15m,E1,1,1.0,1,A2.0,,-2.457709077640425e-06,-0.0008970638133387552,-0.015405903889550876,-0.014713165059564196,-0.1422898499175913,217,214,0.9861751152073732,1.0408370468205814,0.9644183320474762,0.9427839980992617
AD|e=E1|f=1|sp=1|k=1|tp=A2.0|sl=6|15m,15m,E1,1,1.0,1,A2.0,6.0,-5.175322949179426e-05,-0.018889928764504904,-0.10372411385420643,-0.5695326414198318,-0.12462717893765018,3188,2433,0.7631744040150564,0.8652833125498146,0.8304145647732372,0.9794860399174363
AD|e=E1|f=1|sp=1|k=1|tp=A2.0|sl=10|15m,15m,E1,1,1.0,1,A2.0,10.0,-6.02304371038516e-05,-0.021984109542905833,-0.12100752931785652,-0.5147647955148753,-0.14211034139816858,3035,2543,0.8378912685337726,0.7912460428310377,0.8843072120551062,0.9378769220269528
AD|e=E1|f=1|sp=1|k=2|tp=MID|sl=-|15m,15m,E1,1,1.0,2,MID,,-6.26322435109904e-05,-0.022860768881511496,-0.1226232969495008,-0.8502778688947388,-0.1506869723924873,3930,2859,0.7274809160305343,0.7723662708454075,0.7996888108827321,1.0782048164491493
AD|e=E1|f=1|sp=1|k=2|tp=MID|sl=6|15m,15m,E1,1,1.0,2,MID,6.0,-7.223233651171812e-05,-0.02636480282677711,-0.13952406851777077,-1.057600015542119,-0.1610324421134265,3937,2852,0.7244094488188977,0.7906531851915246,0.7782827058914071,1.0141645156073085
AD|e=E1|f=1|sp=1|k=2|tp=MID|sl=10|15m,15m,E1,1,1.0,2,MID,10.0,-7.023835298286135e-05,-0.025636998838744395,-0.13617409970472227,-0.9709869635452808,-0.165556843484162,3930,2858,0.7272264631043257,0.756306110365068,0.7951994866993999,1.0377790820064685
AD|e=E1|f=1|sp=1|k=2|tp=A0.5|sl=-|15m,15m,E1,1,1.0,2,A0.5,,4.7322209576223406e-05,0.017272606495321544,0.08407507382229706,0.22525692515090606,-0.18637520290723109,1474,1328,0.9009497964721845,1.1610430205103666,1.0383062732193544,1.0309372847381808
AD|e=E1|f=1|sp=1|k=2|tp=A0.5|sl=6|15m,15m,E1,1,1.0,2,A0.5,6.0,-0.00010134193688993867,-0.036989806964827614,-0.18967072062339563,-1.409358819005618,-0.20396355016395284,4521,3792,0.8387524883875249,0.8031642536474045,0.71081342010361,0.9147642111819073
AD|e=E1|f=1|sp=1|k=2|tp=A0.5|sl=10|15m,15m,E1,1,1.0,2,A0.5,10.0,-0.00011813783430896708,-0.04312030952277299,-0.2183083807528695,-1.2450009830612159,-0.23579973072583005,4492,3869,0.8613089937666963,0.7695756866711284,0.7276460970121222,0.8251661141584803
AD|e=E1|f=1|sp=1|k=2|tp=A1.0|sl=-|15m,15m,E1,1,1.0,2,A1.0,,7.508671806816066e-05,0.02740665209487864,0.1441804231090762,0.32788496780002907,-0.17706391891950812,978,970,0.9918200408997955,1.1468095420461184,1.219404342037217,1.0476679119249737
AD|e=E1|f=1|sp=1|k=2|tp=A1.0|sl=6|15m,15m,E1,1,1.0,2,A1.0,6.0,-6.736152878867133e-05,-0.024586958007865038,-0.13191709266188412,-0.7581015943802736,-0.1624991245192544,3920,3443,0.8783163265306122,0.8391300849923498,0.7497778525650827,1.0117631073925026
AD|e=E1|f=1|sp=1|k=2|tp=A1.0|sl=10|15m,15m,E1,1,1.0,2,A1.0,10.0,-7.568827360871373e-05,-0.027626219867180512,-0.14827148467327267,-0.6654372173781951,-0.18215442163457274,3865,3542,0.9164294954721863,0.8145850752695636,0.826111754746083,0.8793882059235397
AD|e=E1|f=1|sp=1|k=2|tp=A2.0|sl=-|15m,15m,E1,1,1.0,2,A2.0,,1.383041308584231e-05,0.005048100776332443,0.0031551006090586586,0.05328981544982687,-0.20229604565195614,277,274,0.9891696750902527,1.0946399412319758,0.9566327038249439,0.9426491228426732
AD|e=E1|f=1|sp=1|k=2|tp=A2.0|sl=6|15m,15m,E1,1,1.0,2,A2.0,6.0,-8.98144180071683e-05,-0.032782262572616426,-0.1731483306773013,-0.7447909177110288,-0.19231345970110336,3219,2566,0.7971419695557627,0.7906317036456231,0.780730041159601,0.8849936138533259
AD|e=E1|f=1|sp=1|k=2|tp=A2.0|sl=10|15m,15m,E1,1,1.0,2,A2.0,10.0,-9.743611980180108e-05,-0.03556418372765739,-0.18881250920683956,-0.632628822335765,-0.20840400268989856,3103,2673,0.8614244279729294,0.6976357306405122,0.8588338168901934,0.8457375027452233
AD|e=E1|f=1|sp=1|k=3|tp=MID|sl=-|15m,15m,E1,1,1.0,3,MID,,-6.828090191542374e-05,-0.024922529199129663,-0.13327179875085693,-0.8160693691971999,-0.1628797152355841,3930,2887,0.7346055979643766,0.7448339923807905,0.7801446546591834,1.1049250569710125
AD|e=E1|f=1|sp=1|k=3|tp=MID|sl=6|15m,15m,E1,1,1.0,3,MID,6.0,-7.90245682181092e-05,-0.028843967399609857,-0.15180934092241138,-1.0411492924550116,-0.17244456488468551,3936,2878,0.7311991869918699,0.7360537900965101,0.7658194542442011,1.0504213704988232
AD|e=E1|f=1|sp=1|k=3|tp=MID|sl=10|15m,15m,E1,1,1.0,3,MID,10.0,-7.262990124160237e-05,-0.026509913953184864,-0.1408865420212596,-0.8877312735798688,-0.17137145788523622,3930,2886,0.7343511450381679,0.7355934220686636,0.7857672199380892,1.0456559121118219
AD|e=E1|f=1|sp=1|k=3|tp=A0.5|sl=-|15m,15m,E1,1,1.0,3,A0.5,,5.9927116595027846e-05,0.021873397557185165,0.09923342328569573,0.2171530805355682,-0.2525800508813435,1681,1512,0.8994646044021416,1.1858357118864202,1.074827427797416,0.9992791173760502
AD|e=E1|f=1|sp=1|k=3|tp=A0.5|sl=6|15m,15m,E1,1,1.0,3,A0.5,6.0,-0.00011109845082919848,-0.040550934552657444,-0.20618563472526408,-1.3703117395587627,-0.22401582062013414,4527,3835,0.8471393859067815,0.7704262254337801,0.6601336411974631,0.9544513182885708
AD|e=E1|f=1|sp=1|k=3|tp=A0.5|sl=10|15m,15m,E1,1,1.0,3,A0.5,10.0,-0.00014280157411117797,-0.05212257455057996,-0.2578217373822054,-1.3002453931354592,-0.27582150219862533,4502,3900,0.8662816525988449,0.7087906802118082,0.6653031214402273,0.8216627286754179
AD|e=E1|f=1|sp=1|k=3|tp=A1.0|sl=-|15m,15m,E1,1,1.0,3,A1.0,,0.00011031091130190779,0.04026348262519634,0.2128165391650334,0.36734225149432664,-0.2409273499164417,1155,1146,0.9922077922077922,1.3386377599627166,1.2181967281349997,1.0422679055517188
AD|e=E1|f=1|sp=1|k=3|tp=A1.0|sl=6|15m,15m,E1,1,1.0,3,A1.0,6.0,-9.100647942240717e-05,-0.03321736498917862,-0.17407357503751553,-0.8683885885785249,-0.20438537498564702,3925,3502,0.8922292993630573,0.8270872861475614,0.7043290917723979,0.9281102594975326
AD|e=E1|f=1|sp=1|k=3|tp=A1.0|sl=10|15m,15m,E1,1,1.0,3,A1.0,10.0,-9.725393323224375e-05,-0.03549768562976897,-0.18720369720962093,-0.6979088664518834,-0.22896082388563255,3877,3590,0.9259736909981945,0.8211121892427045,0.7899759862564611,0.7739134836316707
AD|e=E1|f=1|sp=1|k=3|tp=A2.0|sl=-|15m,15m,E1,1,1.0,3,A2.0,,3.2982074177144106e-05,0.012038457074657598,0.02148439671678326,0.09366280541725071,-0.2705296575050087,335,332,0.991044776119403,1.1045943661857407,1.0239850985217873,0.903521510997185
AD|e=E1|f=1|sp=1|k=3|tp=A2.0|sl=6|15m,15m,E1,1,1.0,3,A2.0,6.0,-0.00011301133237890183,-0.04124913631829917,-0.21348724443061262,-0.7856511879867999,-0.24162906534413242,3220,2655,0.8245341614906833,0.7388366135757715,0.7691522458259795,0.815944948751278
AD|e=E1|f=1|sp=1|k=3|tp=A2.0|sl=10|15m,15m,E1,1,1.0,3,A2.0,10.0,-0.00010731510476829114,-0.039170013240426266,-0.20898676142124806,-0.5606043325760879,-0.24746010993357026,3118,2752,0.8826170622193714,0.6538653134000554,0.8425577449566398,0.8311339658821225
AD|e=E1|f=1|sp=1.5|k=1|tp=MID|sl=-|15m,15m,E1,1,1.5,1,MID,,-4.9610581589457794e-05,-0.018107862280152095,-0.09803963388824721,-0.8845062097311032,-0.12191812236165445,3930,2707,0.6888040712468193,0.8246302589768096,0.8376437320044864,1.0514061589382142
AD|e=E1|f=1|sp=1.5|k=1|tp=MID|sl=6|15m,15m,E1,1,1.5,1,MID,6.0,-5.4264827473471654e-05,-0.019806662027817154,-0.10645741475805426,-1.0572154674198462,-0.12351549186403932,3940,2701,0.6855329949238579,0.8391864268349521,0.8291148731170364,1.0125613279884107
AD|e=E1|f=1|sp=1.5|k=1|tp=MID|sl=10|15m,15m,E1,1,1.5,1,MID,10.0,-5.6642122896813695e-05,-0.020674374857337,-0.11094372953630538,-1.030619364580545,-0.13473992906376886,3930,2706,0.6885496183206107,0.8065468479010416,0.8338919864991393,1.0245145187110143
AD|e=E1|f=1|sp=1.5|k=1|tp=A0.5|sl=-|15m,15m,E1,1,1.5,1,A0.5,,1.0051409570597515e-05,0.003668764493268093,0.012339646200081322,0.06717011744423425,-0.13848930320730002,883,802,0.9082672706681767,1.0492069675073286,0.9463678732392908,1.0375504461455078
AD|e=E1|f=1|sp=1.5|k=1|tp=A0.5|sl=6|15m,15m,E1,1,1.5,1,A0.5,6.0,-8.958546240443412e-05,-0.03269869377761846,-0.1691464617423929,-1.6515256885953484,-0.176302697698971,4478,3700,0.8262617239839214,0.80271658067678,0.754310056942898,0.9376846125746887
AD|e=E1|f=1|sp=1.5|k=1|tp=A0.5|sl=10|15m,15m,E1,1,1.5,1,A0.5,10.0,-9.752422721374661e-05,-0.035596342933017514,-0.18324950913901983,-1.371222242678131,-0.19290344541547955,4436,3791,0.8545987376014428,0.7712735905309608,0.7877210477778713,0.8802314064391314
AD|e=E1|f=1|sp=1.5|k=1|tp=A1.0|sl=-|15m,15m,E1,1,1.5,1,A1.0,,1.543576778275585e-05,0.005634055240705886,0.02186666003944393,0.09406117632742639,-0.13648171516972285,514,506,0.9844357976653697,1.0464350673421177,0.9905522491593738,1.0237457147082019
AD|e=E1|f=1|sp=1.5|k=1|tp=A1.0|sl=6|15m,15m,E1,1,1.5,1,A1.0,6.0,-6.157665365309128e-05,-0.022475478583378318,-0.12037726567961893,-0.9271571835096146,-0.13839697422749186,3857,3299,0.8553279751101893,0.8576782812918419,0.7602381158466391,1.0273316697055417
AD|e=E1|f=1|sp=1.5|k=1|tp=A1.0|sl=10|15m,15m,E1,1,1.5,1,A1.0,10.0,-6.831230549675709e-05,-0.02493399150631634,-0.1334264948717908,-0.7980242486371707,-0.1615464608402042,3781,3405,0.9005554086220576,0.7951627586148357,0.8883678601950041,0.8982091778359188
AD|e=E1|f=1|sp=1.5|k=1|tp=A2.0|sl=-|15m,15m,E1,1,1.5,1,A2.0,,4.29503145874465e-06,0.0015676864824417974,-0.0016843998722807507,0.025658238101316556,-0.13608804643023797,226,223,0.9867256637168141,1.0396657401037341,0.9710811277883298,0.9770137968167444
AD|e=E1|f=1|sp=1.5|k=1|tp=A2.0|sl=6|15m,15m,E1,1,1.5,1,A2.0,6.0,-4.4759419084102094e-05,-0.016337187965697265,-0.09045453602626041,-0.5199041908696771,-0.13773452291592758,3169,2447,0.7721678763016725,0.8928333838339788,0.8795273151031754,0.9382689142253023
AD|e=E1|f=1|sp=1.5|k=1|tp=A2.0|sl=10|15m,15m,E1,1,1.5,1,A2.0,10.0,-5.33965480297506e-05,-0.01948974003085897,-0.10816683542753391,-0.47789149911221546,-0.14954407150631455,3022,2549,0.8434811383189941,0.7844323526369757,0.9343436301317166,0.9368694411491078
AD|e=E1|f=1|sp=1.5|k=2|tp=MID|sl=-|15m,15m,E1,1,1.5,2,MID,,-5.4795089364434655e-05,-0.02000020761801865,-0.10809195056214371,-0.8082885309522652,-0.13544760039173986,3930,2772,0.7053435114503817,0.7833225123953232,0.8238956083828225,1.0861434119219693
AD|e=E1|f=1|sp=1.5|k=2|tp=MID|sl=6|15m,15m,E1,1,1.5,2,MID,6.0,-6.284579684985143e-05,-0.02293871585019577,-0.12252074995095774,-0.9996618144746379,-0.14443547736058604,3936,2762,0.7017276422764228,0.7851450629236512,0.8152329885413305,1.0359700434550554
AD|e=E1|f=1|sp=1.5|k=2|tp=MID|sl=10|15m,15m,E1,1,1.5,2,MID,10.0,-6.240151617057135e-05,-0.02277655340225854,-0.12188736769413544,-0.9342497217213661,-0.15022506240681,3930,2771,0.705089058524173,0.7658032274498237,0.8274639550652857,1.0367455501025609
AD|e=E1|f=1|sp=1.5|k=2|tp=A0.5|sl=-|15m,15m,E1,1,1.5,2,A0.5,,4.8085480801555244e-05,0.017551200492567663,0.08679108650604195,0.23560656749615716,-0.18773985523232617,1579,1418,0.8980367321089296,1.1675826684644983,1.0615922184320297,1.0137092004335755
AD|e=E1|f=1|sp=1.5|k=2|tp=A0.5|sl=6|15m,15m,E1,1,1.5,2,A0.5,6.0,-8.947015615027013e-05,-0.0326566069948486,-0.16936935188683655,-1.3670612559863655,-0.17802535599970815,4483,3781,0.8434084318536694,0.8066536231414085,0.717880966249142,0.9718962480616374
AD|e=E1|f=1|sp=1.5|k=2|tp=A0.5|sl=10|15m,15m,E1,1,1.5,2,A0.5,10.0,-0.00011131486315056819,-0.04062992504995739,-0.20685900468084628,-1.2728701534331954,-0.2237744847310532,4452,3850,0.8647798742138365,0.7484859129315637,0.7109836326939527,0.9078891652256698
AD|e=E1|f=1|sp=1.5|k=2|tp=A1.0|sl=-|15m,15m,E1,1,1.5,2,A1.0,,8.980896554372344e-05,0.03278027242345906,0.1811699222653349,0.4085086949307921,-0.17749042133106463,1108,1100,0.9927797833935018,1.2871717976093615,1.1986626643933675,1.0406762535621445
AD|e=E1|f=1|sp=1.5|k=2|tp=A1.0|sl=6|15m,15m,E1,1,1.5,2,A1.0,6.0,-7.475669839578642e-05,-0.027286194914462044,-0.14470919756781486,-0.8975484277635718,-0.16497970422696384,3868,3410,0.8815925542916235,0.8549464651794251,0.7244523151822371,0.9847278644642956
AD|e=E1|f=1|sp=1.5|k=2|tp=A1.0|sl=10|15m,15m,E1,1,1.5,2,A1.0,10.0,-6.146953967708222e-05,-0.022436381982135007,-0.12263282185176783,-0.5654723477923819,-0.16082613385710043,3818,3516,0.9209009952854897,0.8452359058051774,0.8466103533439336,0.9054561726209174
AD|e=E1|f=1|sp=1.5|k=2|tp=A2.0|sl=-|15m,15m,E1,1,1.5,2,A2.0,,2.0275065486246503e-05,0.0074003989024799734,0.0170641637906348,0.07893625557202191,-0.20310425554767264,321,318,0.9906542056074766,1.095531315328914,1.0060684168802485,0.9336883946256698
AD|e=E1|f=1|sp=1.5|k=2|tp=A2.0|sl=6|15m,15m,E1,1,1.5,2,A2.0,6.0,-8.225433775357793e-05,-0.030022833280055942,-0.1594922478016818,-0.7412823114877047,-0.188177056936219,3177,2570,0.8089392508655965,0.769123657317767,0.8191846654941268,0.9140604107819619
AD|e=E1|f=1|sp=1.5|k=2|tp=A2.0|sl=10|15m,15m,E1,1,1.5,2,A2.0,10.0,-0.00010669530748692966,-0.03894378723272932,-0.20352425807732388,-0.7234430194577943,-0.23527929725025432,3082,2678,0.8689162881245944,0.666510627776029,0.8487212500910813,0.8512149978070075
AD|e=E1|f=1|sp=1.5|k=3|tp=MID|sl=-|15m,15m,E1,1,1.5,3,MID,,-5.785316857362342e-05,-0.02111640652937255,-0.11399073529408044,-0.7791303704379277,-0.1413926079684802,3930,2782,0.7078880407124682,0.7666395533190176,0.814018226257478,1.100622158795263
AD|e=E1|f=1|sp=1.5|k=3|tp=MID|sl=6|15m,15m,E1,1,1.5,3,MID,6.0,-6.0117716569212476e-05,-0.021942966547762552,-0.11767549488022722,-0.9249519434998705,-0.14257516947730087,3936,2769,0.7035060975609756,0.7625774556320948,0.8385073179078658,1.0437957427850173
AD|e=E1|f=1|sp=1.5|k=3|tp=MID|sl=10|15m,15m,E1,1,1.5,3,MID,10.0,-6.0625784109817965e-05,-0.022128411200083558,-0.11894307870378273,-0.8356859013834693,-0.14625738600160687,3930,2780,0.7073791348600509,0.7450277504171078,0.8289445444284308,1.0571034933060819
AD|e=E1|f=1|sp=1.5|k=3|tp=A0.5|sl=-|15m,15m,E1,1,1.5,3,A0.5,,5.163092669995077e-05,0.018845288245482032,0.08195036080752094,0.19117643700719433,-0.2542057437043099,1668,1506,0.9028776978417267,1.1645229436758733,1.0283730404853553,1.0143136932067898
AD|e=E1|f=1|sp=1.5|k=3|tp=A0.5|sl=6|15m,15m,E1,1,1.5,3,A0.5,6.0,-9.197964829314395e-05,-0.03357257162699754,-0.17399754994726557,-1.2495745051684908,-0.18004386202820521,4480,3814,0.8513392857142857,0.7416694052851576,0.7667481130911608,0.962502629475761
AD|e=E1|f=1|sp=1.5|k=3|tp=A0.5|sl=10|15m,15m,E1,1,1.5,3,A0.5,10.0,-0.00011233206062963585,-0.04100120212981709,-0.20925025269645137,-1.117158525809622,-0.22997518570421693,4452,3882,0.871967654986523,0.7472878035756942,0.6897401837786518,0.909737183093073
AD|e=E1|f=1|sp=1.5|k=3|tp=A1.0|sl=-|15m,15m,E1,1,1.5,3,A1.0,,0.00010144968468237602,0.03702913490906725,0.19178728065955108,0.34152861163539433,-0.24126863701322576,1179,1169,0.991518235793045,1.3389860911700935,1.1966980605236672,1.0028316958988002
AD|e=E1|f=1|sp=1.5|k=3|tp=A1.0|sl=6|15m,15m,E1,1,1.5,3,A1.0,6.0,-7.783076924366005e-05,-0.02840823077393592,-0.15086366578702648,-0.8057897716327339,-0.1650969128294043,3867,3461,0.8950090509438842,0.8255944198213115,0.7888421161668425,0.9049343192616673
AD|e=E1|f=1|sp=1.5|k=3|tp=A1.0|sl=10|15m,15m,E1,1,1.5,3,A1.0,10.0,-6.936782605680712e-05,-0.0253192565107346,-0.13832766492408588,-0.5380747447023794,-0.1725573388524293,3815,3553,0.9313237221494102,0.8387849567797548,0.8481108856653704,0.8430644073336699
AD|e=E1|f=1|sp=1.5|k=3|tp=A2.0|sl=-|15m,15m,E1,1,1.5,3,A2.0,,4.8797733801889654e-05,0.017811172837689723,0.05506878672334259,0.13832654496417,-0.27101418196958404,382,379,0.9921465968586387,1.2711181730715453,0.9934952414031966,0.8905727035512202
AD|e=E1|f=1|sp=1.5|k=3|tp=A2.0|sl=6|15m,15m,E1,1,1.5,3,A2.0,6.0,-0.00010704806932030832,-0.03907254530191254,-0.20262211191739699,-0.8255170359653964,-0.22563592074183347,3184,2639,0.8288316582914573,0.7072370982270597,0.8534132660671705,0.8045035144834111
AD|e=E1|f=1|sp=1.5|k=3|tp=A2.0|sl=10|15m,15m,E1,1,1.5,3,A2.0,10.0,-7.720290781272608e-05,-0.02817906135164502,-0.1569006236928865,-0.43348219135820354,-0.19689499597225502,3080,2745,0.8912337662337663,0.6490861297989369,1.0012696646709638,0.8563376407380966
AD|e=E1|f=1|sp=2|k=1|tp=MID|sl=-|15m,15m,E1,1,2.0,1,MID,,-5.870277025628378e-05,-0.02142651114354358,-0.1146319631515893,-1.1080969006243084,-0.1316903860261771,3930,2623,0.6674300254452926,0.8092641361245427,0.836797626907222,1.0160957755488884
AD|e=E1|f=1|sp=2|k=1|tp=MID|sl=6|15m,15m,E1,1,2.0,1,MID,6.0,-6.348363470038359e-05,-0.02317152666564001,-0.12314892233123043,-1.3033837712443739,-0.13520368277824402,3940,2617,0.6642131979695431,0.8166385349136444,0.832852367986283,0.9794834850533927
AD|e=E1|f=1|sp=2|k=1|tp=MID|sl=10|15m,15m,E1,1,2.0,1,MID,10.0,-6.4304339963417e-05,-0.023471084086647203,-0.12471901119259243,-1.24901445930442,-0.14306151917431087,3930,2622,0.667175572519084,0.7995166332063322,0.829049668855629,0.9924934563218362
AD|e=E1|f=1|sp=2|k=1|tp=A0.5|sl=-|15m,15m,E1,1,2.0,1,A0.5,,2.0158312343987265e-05,0.007357784005555352,0.033946083494959645,0.1375079769613339,-0.13843256781304447,1053,935,0.8879392212725546,1.121707238620574,0.9479567280813812,1.0310611438292894
AD|e=E1|f=1|sp=2|k=1|tp=A0.5|sl=6|15m,15m,E1,1,2.0,1,A0.5,6.0,-9.670795458239658e-05,-0.03529840342257475,-0.1811834847643098,-1.825998009866393,-0.18861942969803136,4463,3684,0.8254537306744343,0.788610137137083,0.7605185480067921,0.9059248696566075
AD|e=E1|f=1|sp=2|k=1|tp=A0.5|sl=10|15m,15m,E1,1,2.0,1,A0.5,10.0,-9.451932291221697e-05,-0.03449955286295919,-0.17805136053885995,-1.3905820509370928,-0.1918452696512235,4417,3781,0.8560108671043695,0.7915190962490983,0.7920527501688432,0.8689043444401732
AD|e=E1|f=1|sp=2|k=1|tp=A1.0|sl=-|15m,15m,E1,1,2.0,1,A1.0,,1.1414204149475387e-05,0.004166184514558516,0.013519043220012517,0.06978191576514158,-0.1360802413792992,525,518,0.9866666666666667,1.0479442393207745,0.9885166940275593,1.0002528152194794
AD|e=E1|f=1|sp=2|k=1|tp=A1.0|sl=6|15m,15m,E1,1,2.0,1,A1.0,6.0,-7.907109991511243e-05,-0.028860951469016037,-0.15136891948574838,-1.2292852322089525,-0.16260239914171704,3835,3286,0.8568448500651891,0.8271450086406978,0.771637806580513,0.9431377645348805
AD|e=E1|f=1|sp=2|k=1|tp=A1.0|sl=10|15m,15m,E1,1,2.0,1,A1.0,10.0,-7.818711041123556e-05,-0.02853829530010098,-0.15069902884302422,-0.943088385932302,-0.17524346721672646,3757,3391,0.9025818472185254,0.7766248603916741,0.8896193757716262,0.8649174105178618
AD|e=E1|f=1|sp=2|k=1|tp=A2.0|sl=-|15m,15m,E1,1,2.0,1,A2.0,,7.0559552531289236e-06,0.0025754236673920573,0.0040459610551946135,0.04224460170578897,-0.13620503385686056,238,235,0.9873949579831933,1.065535513105445,0.9699365700593398,0.9751378743259088
AD|e=E1|f=1|sp=2|k=1|tp=A2.0|sl=6|15m,15m,E1,1,2.0,1,A2.0,6.0,-6.603423676420968e-05,-0.024102496418936532,-0.1292372098068053,-0.7912964281353766,-0.14864377592143052,3150,2444,0.7758730158730158,0.8509374011284089,0.8607388763961819,0.8862197282685206
AD|e=E1|f=1|sp=2|k=1|tp=A2.0|sl=10|15m,15m,E1,1,2.0,1,A2.0,10.0,-7.521778690960534e-05,-0.02745449222200595,-0.14701099208803536,-0.6985519360656344,-0.17793512218520624,3025,2555,0.8446280991735537,0.7672088304536397,0.8854310575778038,0.8886889039893101
AD|e=E1|f=1|sp=2|k=2|tp=MID|sl=-|15m,15m,E1,1,2.0,2,MID,,-6.489435048223395e-05,-0.023686437926015394,-0.12616273019843638,-1.0516418598381219,-0.14361180268495433,3930,2652,0.6748091603053435,0.7760575532712904,0.823057555007696,1.0351611900664013
AD|e=E1|f=1|sp=2|k=2|tp=MID|sl=6|15m,15m,E1,1,2.0,2,MID,6.0,-7.091127422203372e-05,-0.02588261509104231,-0.13669842474710203,-1.2596051424044188,-0.15045657491839093,3938,2642,0.6708989334687658,0.772255271283026,0.8256104715509589,0.9964640137925125
AD|e=E1|f=1|sp=2|k=2|tp=MID|sl=10|15m,15m,E1,1,2.0,2,MID,10.0,-6.614316681161108e-05,-0.024142255886238046,-0.12833234530595516,-1.103470493272677,-0.146887165286252,3930,2651,0.6745547073791348,0.7642854569239063,0.8283312149723242,1.0107257123593207
AD|e=E1|f=1|sp=2|k=2|tp=A0.5|sl=-|15m,15m,E1,1,2.0,2,A0.5,,3.748706194991134e-05,0.01368277761171764,0.06194195195982033,0.17627653437002236,-0.18868300498468837,1445,1291,0.8934256055363322,1.1431224325455667,1.0171979286423782,1.004872652403926
AD|e=E1|f=1|sp=2|k=2|tp=A0.5|sl=6|15m,15m,E1,1,2.0,2,A0.5,6.0,-0.00011417339280676896,-0.04167328837447067,-0.21054222143031232,-1.7210657657498567,-0.2188300955911775,4466,3756,0.8410210479175997,0.780708808864096,0.7055385013056288,0.8820743963314455
AD|e=E1|f=1|sp=2|k=2|tp=A0.5|sl=10|15m,15m,E1,1,2.0,2,A0.5,10.0,-0.00012831526348075647,-0.04683507117047611,-0.23408869458909276,-1.4728894816487539,-0.24729073430408344,4436,3836,0.8647430117222723,0.7265194791779939,0.7160445736660911,0.8316390252174681
AD|e=E1|f=1|sp=2|k=2|tp=A1.0|sl=-|15m,15m,E1,1,2.0,2,A1.0,,5.517844623463382e-05,0.020140132875641342,0.09741239723476669,0.23613676722883756,-0.17918643042806548,931,922,0.9903329752953813,1.2899014258371075,1.0354076667188281,0.9658557888765075
AD|e=E1|f=1|sp=2|k=2|tp=A1.0|sl=6|15m,15m,E1,1,2.0,2,A1.0,6.0,-9.897239824041988e-05,-0.03612492535775325,-0.18607038203045045,-1.242752209220827,-0.20127719493078366,3840,3380,0.8802083333333334,0.8236301704661797,0.7415447338399908,0.8668444957959457
AD|e=E1|f=1|sp=2|k=2|tp=A1.0|sl=10|15m,15m,E1,1,2.0,2,A1.0,10.0,-7.458234847615524e-05,-0.02722255719379666,-0.14588227671519283,-0.694219611054223,-0.17427273686889477,3773,3483,0.9231380864033926,0.7971923557957822,0.8692111004077572,0.8588118556137727
AD|e=E1|f=1|sp=2|k=2|tp=A2.0|sl=-|15m,15m,E1,1,2.0,2,A2.0,,2.087620066888474e-05,0.007619813244142929,0.018882298890124716,0.08219300063413551,-0.201893883756876,356,353,0.9915730337078652,1.102157862784128,1.0104393548029451,0.9358433800437307
AD|e=E1|f=1|sp=2|k=2|tp=A2.0|sl=6|15m,15m,E1,1,2.0,2,A2.0,6.0,-8.244360899252508e-05,-0.030091917282271653,-0.15947421947147933,-0.7783016441173772,-0.1782190443535665,3159,2570,0.8135485913263691,0.7937487425579538,0.8323296871643922,0.8795968875360217
AD|e=E1|f=1|sp=2|k=2|tp=A2.0|sl=10|15m,15m,E1,1,2.0,2,A2.0,10.0,-7.75418157541993e-05,-0.028302762750282748,-0.1539652849860812,-0.5396941554462925,-0.18627631106706022,3064,2691,0.8782637075718016,0.6899411276403205,0.8899617818787813,0.9364199250223478
AD|e=E1|f=1|sp=2|k=3|tp=MID|sl=-|15m,15m,E1,1,2.0,3,MID,,-6.632902526103805e-05,-0.024210094220278887,-0.12892907173061385,-1.0011460958690255,-0.14586655313095254,3930,2658,0.6763358778625954,0.7770862288928817,0.8177846690105596,1.0342392955160498
AD|e=E1|f=1|sp=2|k=3|tp=MID|sl=6|15m,15m,E1,1,2.0,3,MID,6.0,-6.683403215566556e-05,-0.02439442173681793,-0.1294096030661802,-1.199166486967905,-0.14516864883006164,3938,2646,0.6719146775012697,0.7696431075282726,0.8592860591360394,0.9848626042888078
AD|e=E1|f=1|sp=2|k=3|tp=MID|sl=10|15m,15m,E1,1,2.0,3,MID,10.0,-7.416170923474608e-05,-0.02706902387068232,-0.14286833319494974,-1.1102500367252126,-0.15829683264802652,3930,2657,0.6760814249363868,0.7813449451766655,0.8073162409028496,0.9921490343110992
AD|e=E1|f=1|sp=2|k=3|tp=A0.5|sl=-|15m,15m,E1,1,2.0,3,A0.5,,5.031855666280577e-05,0.018366273181924107,0.0776711265382084,0.18214706443662906,-0.2547816931084037,1599,1447,0.9049405878674172,1.1694188830151018,1.0392026158177845,0.9858597117107695
AD|e=E1|f=1|sp=2|k=3|tp=A0.5|sl=6|15m,15m,E1,1,2.0,3,A0.5,6.0,-0.00011236810627051546,-0.041014358788738145,-0.20778778536741205,-1.5874823647252694,-0.2190698286609415,4463,3776,0.8460676674882366,0.7641539204919882,0.7230255448187639,0.8870982788019309
AD|e=E1|f=1|sp=2|k=3|tp=A0.5|sl=10|15m,15m,E1,1,2.0,3,A0.5,10.0,-9.933209444204037e-05,-0.036256214471344736,-0.1881165831367424,-0.9450010857294181,-0.21001669765687014,4424,3870,0.8747739602169982,0.7748023860927282,0.7370385156158478,0.9290868610253238
AD|e=E1|f=1|sp=2|k=3|tp=A1.0|sl=-|15m,15m,E1,1,2.0,3,A1.0,,6.803668643599126e-05,0.02483339054913681,0.10947220111951395,0.21968669200400803,-0.24344449833857096,1022,1014,0.9921722113502935,1.3324650017054067,1.064109709047909,0.9222625532344023
AD|e=E1|f=1|sp=2|k=3|tp=A1.0|sl=6|15m,15m,E1,1,2.0,3,A1.0,6.0,-8.551941713103905e-05,-0.031214587252829253,-0.16359795788413112,-0.9890217414372622,-0.1917798139337037,3838,3415,0.8897863470557582,0.8110486587290411,0.7922684034646459,0.8918417312477551
AD|e=E1|f=1|sp=2|k=3|tp=A1.0|sl=10|15m,15m,E1,1,2.0,3,A1.0,10.0,-5.5878540050823915e-05,-0.020395667118550728,-0.11398574514814519,-0.43772711585903606,-0.14999069794376618,3785,3541,0.9355350066050199,0.8501082353009152,0.9634646843322217,0.8360165087924526
AD|e=E1|f=1|sp=2|k=3|tp=A2.0|sl=-|15m,15m,E1,1,2.0,3,A2.0,,5.220928452689826e-05,0.019056388852317866,0.06341656590520128,0.14939250293084327,-0.2736776536125277,436,433,0.9931192660550459,1.303098521823966,1.0057910984390186,0.883905194538903
AD|e=E1|f=1|sp=2|k=3|tp=A2.0|sl=6|15m,15m,E1,1,2.0,3,A2.0,6.0,-8.263263534475812e-05,-0.030160911900836713,-0.16059375284519273,-0.7053171180444344,-0.18475822835178912,3160,2614,0.8272151898734177,0.7605447689747677,0.840245626044362,0.9025003821645534
AD|e=E1|f=1|sp=2|k=3|tp=A2.0|sl=10|15m,15m,E1,1,2.0,3,A2.0,10.0,-9.196405481265286e-05,-0.033566880006618297,-0.181872090814038,-0.5228226201432805,-0.20995175839679836,3068,2753,0.8973272490221643,0.6493172182084957,1.1534720664792921,0.7166622782947955
AD|e=E2|f=0|sp=-|k=0|tp=MID|sl=-|15m,15m,E2,0,,0,MID,,-8.005331965795982e-05,-0.029219461675155337,-0.1526923583079891,-1.4828280030357097,-0.16256637412434505,4027,2339,0.5808294015396076,0.8548730333733157,0.7962742047754388,0.8929800190769454
AD|e=E2|f=0|sp=-|k=0|tp=MID|sl=6|15m,15m,E2,0,,0,MID,6.0,-0.00011533464524943496,-0.04209714551604376,-0.21217721997939776,-1.9317603815976756,-0.22020733072122878,4841,2795,0.5773600495765338,0.7926510892361642,0.7216137826444273,0.853035254980443
AD|e=E2|f=0|sp=-|k=0|tp=MID|sl=10|15m,15m,E2,0,,0,MID,10.0,-9.938878105105889e-05,-0.03627690508363649,-0.18586964200285094,-1.7024336906178876,-0.19429011092642523,4337,2515,0.579893935900392,0.8135173962454525,0.7602688605051328,0.8716142613712424
AD|e=E2|f=0|sp=-|k=0|tp=A0.5|sl=-|15m,15m,E2,0,,0,A0.5,,-5.315512689107151e-06,-0.0019401621315241102,-0.013350056006807165,-0.06497026149532151,-0.06714569175418006,391,369,0.9437340153452686,1.0066176533675355,0.9782115157371243,0.973401308307983
AD|e=E2|f=0|sp=-|k=0|tp=A0.5|sl=6|15m,15m,E2,0,,0,A0.5,6.0,-0.00014733004194661801,-0.05377546531051557,-0.2621871282114495,-2.6856966422780615,-0.26550443372635435,5926,4739,0.7996962537968275,0.6802791319319954,0.6485675325963228,0.9040277483844589
AD|e=E2|f=0|sp=-|k=0|tp=A0.5|sl=10|15m,15m,E2,0,,0,A0.5,10.0,-0.00014359157247618233,-0.05241092395380655,-0.2568264824935357,-2.216541128260269,-0.26256268651430226,4982,4216,0.8462464873544762,0.7053195771624196,0.6949138476665648,0.8357785367498591
AD|e=E2|f=0|sp=-|k=0|tp=A1.0|sl=-|15m,15m,E2,0,,0,A1.0,,-2.41003169900858e-07,-8.796615701381317e-05,-0.0030227263563927798,-0.00293373422940577,-0.06636364295305597,290,287,0.9896551724137931,1.0353896332903332,0.9849558889169825,0.9700484741474542
AD|e=E2|f=0|sp=-|k=0|tp=A1.0|sl=6|15m,15m,E2,0,,0,A1.0,6.0,-0.0001387896632928255,-0.05065822710188131,-0.2494941528359943,-2.1040002202020998,-0.25376165585866184,5119,3983,0.7780816565735496,0.7002897279076924,0.6772920858230381,0.8847354802904397
AD|e=E2|f=0|sp=-|k=0|tp=A1.0|sl=10|15m,15m,E2,0,,0,A1.0,10.0,-0.0001275992832601522,-0.04657373838995555,-0.2322079656702234,-1.8071315247538404,-0.23951015029934697,4186,3533,0.8440038222646918,0.7529591070292391,0.7229209218860135,0.830304819878283
AD|e=E2|f=0|sp=-|k=0|tp=A2.0|sl=-|15m,15m,E2,0,,0,A2.0,,-2.040595367181297e-06,-0.0007448173090211734,-0.006780044164765409,-0.024476451240812727,-0.06985275562115001,168,165,0.9821428571428571,1.015207824507251,0.9973024915409063,0.9673550969434503
AD|e=E2|f=0|sp=-|k=0|tp=A2.0|sl=6|15m,15m,E2,0,,0,A2.0,6.0,-0.0001140402946082741,-0.04162470753202004,-0.21088128537895356,-1.4412842516023336,-0.22256061662368443,4366,2993,0.6855245075584059,0.7607316923599344,0.7054040868207229,0.9092607169041668
AD|e=E2|f=0|sp=-|k=0|tp=A2.0|sl=10|15m,15m,E2,0,,0,A2.0,10.0,-0.00010326786614349628,-0.037692771142376146,-0.1936529539870211,-1.1739730540318833,-0.20178595467542126,3382,2614,0.7729154346540509,0.7982081766962968,0.7368691653334113,0.889718822535291
AD|e=E2|f=0|sp=0.5|k=1|tp=MID|sl=-|15m,15m,E2,0,0.5,1,MID,,-0.00011491160529231968,-0.04194273593169669,-0.212884972473098,-1.2641624730278718,-0.230470019765454,4026,2649,0.657973174366617,0.7811997608955225,0.7256399099976688,0.8601502347688801
AD|e=E2|f=0|sp=0.5|k=1|tp=MID|sl=6|15m,15m,E2,0,0.5,1,MID,6.0,-0.00016665613572573425,-0.060829489539893,-0.2926738161952761,-1.70732363676304,-0.30443792750929033,4634,3007,0.6488994389296504,0.7204603010618065,0.6567105038034817,0.7469241480651251
AD|e=E2|f=0|sp=0.5|k=1|tp=MID|sl=10|15m,15m,E2,0,0.5,1,MID,10.0,-0.0001664850364600794,-0.06076703830792898,-0.2926749034092223,-1.628192322640336,-0.30464506611870756,4265,2807,0.658147713950762,0.7005743131633668,0.6558140685054531,0.7694818605437587
AD|e=E2|f=0|sp=0.5|k=1|tp=A0.5|sl=-|15m,15m,E2,0,0.5,1,A0.5,,4.858567950910857e-06,0.0017733773020824628,-0.00048155261897919743,0.029086325618601742,-0.13032581715247327,608,590,0.9703947368421053,1.0416687444952184,0.9940412044186153,0.9554156149897707
AD|e=E2|f=0|sp=0.5|k=1|tp=A0.5|sl=6|15m,15m,E2,0,0.5,1,A0.5,6.0,-0.0001884443778724502,-0.06878219792344432,-0.3231763356674442,-2.1607692501541402,-0.33262126239382817,5904,4987,0.8446815718157181,0.6813818379612,0.5291270490635098,0.8560498434586624
AD|e=E2|f=0|sp=0.5|k=1|tp=A0.5|sl=10|15m,15m,E2,0,0.5,1,A0.5,10.0,-0.00021353265838645145,-0.07793942031105477,-0.35827716344571003,-1.9505853983280237,-0.37137712910279375,5169,4539,0.8781195589088798,0.6646278916314137,0.5724918128578922,0.6888296572653937
AD|e=E2|f=0|sp=0.5|k=1|tp=A1.0|sl=-|15m,15m,E2,0,0.5,1,A1.0,,4.734285686826859e-06,0.0017280142756918035,-0.0010239454157841,0.02796124484431305,-0.13410056529263625,372,368,0.989247311827957,1.038895842710973,0.9744660353182443,0.9768804357311847
AD|e=E2|f=0|sp=0.5|k=1|tp=A1.0|sl=6|15m,15m,E2,0,0.5,1,A1.0,6.0,-0.0001897568683963448,-0.06926125696466584,-0.3258096744435147,-1.826561887277675,-0.329294584121396,5030,4149,0.8248508946322067,0.59467058930622,0.6155081788890164,0.8325785223321359
AD|e=E2|f=0|sp=0.5|k=1|tp=A1.0|sl=10|15m,15m,E2,0,0.5,1,A1.0,10.0,-0.00024059514129258378,-0.08781722657179308,-0.3942800536422293,-1.8191808305807986,-0.40242207176244815,4232,3712,0.8771266540642723,0.6008549467428996,0.5638840271597916,0.6499896140220752
AD|e=E2|f=0|sp=0.5|k=1|tp=A2.0|sl=-|15m,15m,E2,0,0.5,1,A2.0,,-1.0195531316176817e-06,-0.00037213689304045383,-0.012970741094097127,-0.005966385313135169,-0.1399273584676145,198,195,0.9848484848484849,1.0482661745112611,0.9796403475458786,0.9304470869608547
AD|e=E2|f=0|sp=0.5|k=1|tp=A2.0|sl=6|15m,15m,E2,0,0.5,1,A2.0,6.0,-0.00017185086296628226,-0.06272556498269302,-0.30245042819866885,-1.276912836172397,-0.31636193282883596,4212,3095,0.7348053181386515,0.6294258341585984,0.6141804710248541,0.8723525336965905
AD|e=E2|f=0|sp=0.5|k=1|tp=A2.0|sl=10|15m,15m,E2,0,0.5,1,A2.0,10.0,-0.00020483625301356007,-0.07476523234994943,-0.35005719706510174,-1.2795253876777035,-0.36517127832768004,3305,2676,0.8096822995461422,0.6891148727944435,0.5945340752434172,0.6635601913221059
AD|e=E2|f=0|sp=0.5|k=2|tp=MID|sl=-|15m,15m,E2,0,0.5,2,MID,,-0.0001265476614260066,-0.046189896420492406,-0.23313022189787058,-1.0733490579430742,-0.2613645096058179,4026,2868,0.7123695976154992,0.7573898680182722,0.6896497052873949,0.865035866085312
AD|e=E2|f=0|sp=0.5|k=2|tp=MID|sl=6|15m,15m,E2,0,0.5,2,MID,6.0,-0.00021044589385247462,-0.07681275125615324,-0.3551441493768277,-1.668194156804149,-0.3685666351934863,4525,3173,0.7012154696132596,0.6583946100556933,0.5477081109394606,0.7427383082801208
AD|e=E2|f=0|sp=0.5|k=2|tp=MID|sl=10|15m,15m,E2,0,0.5,2,MID,10.0,-0.00020313564690844694,-0.07414451112158313,-0.34581589642647415,-1.528189093365588,-0.36265446366362464,4212,2996,0.7113010446343779,0.6646639196066141,0.5839623004940933,0.7195286743360222
AD|e=E2|f=0|sp=0.5|k=2|tp=A0.5|sl=-|15m,15m,E2,0,0.5,2,A0.5,,2.482460593464346e-05,0.009060981166144863,0.028291912513790596,0.09998165353369046,-0.1977818936557365,883,848,0.9603624009060022,1.1119327290243999,1.0374165974200722,0.9238317831536742
AD|e=E2|f=0|sp=0.5|k=2|tp=A0.5|sl=6|15m,15m,E2,0,0.5,2,A0.5,6.0,-0.00023903209898218288,-0.08724671612849676,-0.3914900465341983,-2.0330385468474295,-0.4009394761016777,5870,5081,0.865587734241908,0.649535712749309,0.47329638736023555,0.7285423652551744
AD|e=E2|f=0|sp=0.5|k=2|tp=A0.5|sl=10|15m,15m,E2,0,0.5,2,A0.5,10.0,-0.0002367841001064229,-0.08642619653884435,-0.39062988890534356,-1.5867243189764204,-0.40654602038998056,5219,4675,0.8957654723127035,0.597495550727099,0.5541460152815635,0.6739081374255411
AD|e=E2|f=0|sp=0.5|k=2|tp=A1.0|sl=-|15m,15m,E2,0,0.5,2,A1.0,,1.0185712198869832e-05,0.0037177849525874885,-0.004259495157466153,0.039304404169757085,-0.20219331722404654,428,424,0.9906542056074766,1.0715756474355966,0.9449917263291356,0.9560397408499601
AD|e=E2|f=0|sp=0.5|k=2|tp=A1.0|sl=6|15m,15m,E2,0,0.5,2,A1.0,6.0,-0.00023365485723808048,-0.08528402289189937,-0.3861600957402459,-1.6509029701347449,-0.39885378546190187,4903,4191,0.8547827860493575,0.624737604990989,0.4390893237812477,0.8341677090081422
AD|e=E2|f=0|sp=0.5|k=2|tp=A1.0|sl=10|15m,15m,E2,0,0.5,2,A1.0,10.0,-0.00026669329854951186,-0.09734305397057183,-0.428712552755077,-1.532307681752652,-0.4415407769518894,4195,3771,0.8989272943980929,0.6296078274763363,0.44013603762388814,0.6589951055956051
AD|e=E2|f=0|sp=0.5|k=2|tp=A2.0|sl=-|15m,15m,E2,0,0.5,2,A2.0,,1.8416151223538226e-05,0.006721895196591453,0.011971565443991139,0.0700288369740684,-0.2098087924315747,249,246,0.9879518072289156,1.1222624523479787,0.9793104308924464,0.9286975269802067
AD|e=E2|f=0|sp=0.5|k=2|tp=A2.0|sl=6|15m,15m,E2,0,0.5,2,A2.0,6.0,-0.00023042803785945713,-0.08410623381870186,-0.3852814321032333,-1.253488597598422,-0.40246075306552065,4055,3102,0.7649815043156597,0.5305830606392474,0.4548670616221798,0.9479136283722357
AD|e=E2|f=0|sp=0.5|k=2|tp=A2.0|sl=10|15m,15m,E2,0,0.5,2,A2.0,10.0,-0.00023763199536694642,-0.08673567830893544,-0.3972157221485122,-1.103381650793455,-0.4166336529109105,3287,2754,0.8378460602372985,0.5773211845233388,0.5742922492145929,0.6457443063443532
AD|e=E2|f=0|sp=0.5|k=3|tp=MID|sl=-|15m,15m,E2,0,0.5,3,MID,,-0.00010979011453756778,-0.040073391806212236,-0.2077919343984631,-0.7956205134509899,-0.2539692748350262,4026,2977,0.7394436164927968,0.7792805660798091,0.6926488123193888,0.9193575613297246
AD|e=E2|f=0|sp=0.5|k=3|tp=MID|sl=6|15m,15m,E2,0,0.5,3,MID,6.0,-0.0001980439341943849,-0.07228603598095049,-0.3394439000675218,-1.4098506782654903,-0.35751077719744995,4439,3230,0.7276413606668168,0.6659082214638788,0.561359471654184,0.7669685654533482
AD|e=E2|f=0|sp=0.5|k=3|tp=MID|sl=10|15m,15m,E2,0,0.5,3,MID,10.0,-0.00016778992319297403,-0.06124332196543552,-0.29736305821256614,-1.1596787401908306,-0.3231817633181836,4167,3068,0.736261099112071,0.6820382061377899,0.6417302041305911,0.7899178834543593
AD|e=E2|f=0|sp=0.5|k=3|tp=A0.5|sl=-|15m,15m,E2,0,0.5,3,A0.5,,3.47248028714746e-05,0.01267455304808823,0.030115133953670492,0.10415891508047688,-0.26737069670643965,1040,982,0.9442307692307692,1.1498868124351067,1.0295508322160982,0.8842180854281974
AD|e=E2|f=0|sp=0.5|k=3|tp=A0.5|sl=6|15m,15m,E2,0,0.5,3,A0.5,6.0,-0.00026914731064918104,-0.09823876838695107,-0.42901120903691237,-1.9887677388149696,-0.4378045256546741,5801,5082,0.8760558524392346,0.6002688656601666,0.4644636539275224,0.6590559945159196
AD|e=E2|f=0|sp=0.5|k=3|tp=A0.5|sl=10|15m,15m,E2,0,0.5,3,A0.5,10.0,-0.00024817923847394487,-0.09058542204298987,-0.4074870504653796,-1.3414560788940362,-0.43077002199113257,5195,4699,0.9045235803657363,0.5953072635453976,0.5524096461396869,0.6154223912135738
AD|e=E2|f=0|sp=0.5|k=3|tp=A1.0|sl=-|15m,15m,E2,0,0.5,3,A1.0,,5.260848048324154e-05,0.019202095376383163,0.06358124498907936,0.14946047546552027,-0.2626036416421892,606,602,0.9933993399339934,1.1107528797470814,1.1106050371158547,0.9363579617166105
AD|e=E2|f=0|sp=0.5|k=3|tp=A1.0|sl=6|15m,15m,E2,0,0.5,3,A1.0,6.0,-0.0002960373300709637,-0.10805362547590175,-0.46185581003329923,-1.745914220497256,-0.4723065876607192,4835,4198,0.8682523267838677,0.5717568548536318,0.3471588180482229,0.7703669279872049
AD|e=E2|f=0|sp=0.5|k=3|tp=A1.0|sl=10|15m,15m,E2,0,0.5,3,A1.0,10.0,-0.0003139390468578928,-0.11458775210313087,-0.48530842564167753,-1.4179840302681719,-0.49731645053807083,4232,3854,0.9106805293005671,0.5213597980818785,0.3879434494553149,0.6510775608829266
AD|e=E2|f=0|sp=0.5|k=3|tp=A2.0|sl=-|15m,15m,E2,0,0.5,3,A2.0,,4.100732541911583e-05,0.014967673777977279,0.035561081163344666,0.11309765575476506,-0.27995573310122734,296,293,0.9898648648648649,1.177511814097088,0.9578252945386516,0.9482836234050968
AD|e=E2|f=0|sp=0.5|k=3|tp=A2.0|sl=6|15m,15m,E2,0,0.5,3,A2.0,6.0,-0.00022670430978930723,-0.08274707307309714,-0.38421868300165096,-1.0195048012766985,-0.408235851073512,3988,3147,0.7891173520561685,0.6252534636507072,0.3724845729134332,0.974917620600939
AD|e=E2|f=0|sp=0.5|k=3|tp=A2.0|sl=10|15m,15m,E2,0,0.5,3,A2.0,10.0,-0.0002228233434422673,-0.08133052035642757,-0.3856098028947639,-0.8066016822104924,-0.417444452593425,3266,2802,0.8579301898346602,0.6429008723139176,0.5121790467488394,0.6752820934784751
AD|e=E2|f=0|sp=1|k=1|tp=MID|sl=-|15m,15m,E2,0,1.0,1,MID,,-0.00011083778464977336,-0.040455791397167276,-0.20602985218234315,-1.2817069652264443,-0.22522496146657378,4026,2723,0.6763537009438649,0.7905581970827997,0.7310367050291006,0.8663558209684824
AD|e=E2|f=0|sp=1|k=1|tp=MID|sl=6|15m,15m,E2,0,1.0,1,MID,6.0,-0.00016293990296336163,-0.059473064581626996,-0.2869536793054208,-1.7739684189677114,-0.29627865056421754,4597,3066,0.666956710898412,0.7284698589295767,0.6503530052189839,0.7648138468408746
AD|e=E2|f=0|sp=1|k=1|tp=MID|sl=10|15m,15m,E2,0,1.0,1,MID,10.0,-0.00016799464330179072,-0.06131804480515361,-0.29466376259704197,-1.706801429570405,-0.3054266910516563,4251,2873,0.6758409785932722,0.7019176675106604,0.6711098102766663,0.7445176540340017
AD|e=E2|f=0|sp=1|k=1|tp=A0.5|sl=-|15m,15m,E2,0,1.0,1,A0.5,,3.505326868542222e-06,0.0012794443070179111,-0.003150914845809538,0.021094075631653927,-0.13101724122863245,653,633,0.9693721286370597,1.0317100040246416,1.001678454471743,0.9494857978294525
AD|e=E2|f=0|sp=1|k=1|tp=A0.5|sl=6|15m,15m,E2,0,1.0,1,A0.5,6.0,-0.00018446415365519573,-0.06732941608414644,-0.31740868217872864,-2.2356333078423796,-0.324824757257953,5827,4946,0.8488072764715977,0.7027360348057498,0.5367886111144022,0.8396175106849437
AD|e=E2|f=0|sp=1|k=1|tp=A0.5|sl=10|15m,15m,E2,0,1.0,1,A0.5,10.0,-0.0001901608783553985,-0.06940872059972045,-0.3265161048138606,-1.7858440103795485,-0.33900363671792766,5077,4476,0.8816230057120347,0.6877023057576002,0.6053133050291089,0.728079099197648
AD|e=E2|f=0|sp=1|k=1|tp=A1.0|sl=-|15m,15m,E2,0,1.0,1,A1.0,,2.3008628681314056e-06,0.0008398149468679631,-0.005997081566935458,0.013596975453146766,-0.13456150042228698,378,373,0.9867724867724867,1.037288633679901,0.970268842828751,0.9680935914040858
AD|e=E2|f=0|sp=1|k=1|tp=A1.0|sl=6|15m,15m,E2,0,1.0,1,A1.0,6.0,-0.0001604303684332036,-0.05855708447811932,-0.28381461476061154,-1.5663673288736053,-0.2921239426534261,4961,4144,0.8353154605926224,0.6602530114431152,0.6103848294141313,0.9060252681919743
AD|e=E2|f=0|sp=1|k=1|tp=A1.0|sl=10|15m,15m,E2,0,1.0,1,A1.0,10.0,-0.00020569127095494466,-0.0750773138985548,-0.3488449445970826,-1.62325780939663,-0.3586442076067794,4202,3716,0.8843407900999524,0.6384764241141266,0.6252979658852231,0.6851966908236502
AD|e=E2|f=0|sp=1|k=1|tp=A2.0|sl=-|15m,15m,E2,0,1.0,1,A2.0,,4.6851436744143965e-06,0.0017100774411612548,-0.0012501625183657383,0.027512357910890677,-0.13988579744841811,222,219,0.9864864864864865,1.086942942391324,0.9783390837224755,0.9309750604977363
AD|e=E2|f=0|sp=1|k=1|tp=A2.0|sl=6|15m,15m,E2,0,1.0,1,A2.0,6.0,-0.0001538016999067546,-0.05613762046596543,-0.2759656769399895,-1.1544590312378336,-0.2939008001422535,4156,3087,0.742781520692974,0.7178360718099446,0.5521843435624771,0.9513491000402906
AD|e=E2|f=0|sp=1|k=1|tp=A2.0|sl=10|15m,15m,E2,0,1.0,1,A2.0,10.0,-0.00017488939316386722,-0.06383462850481153,-0.3082973097362377,-1.1329930119440352,-0.32635882897070745,3275,2685,0.8198473282442749,0.7135459551621931,0.6526832490490247,0.7043578724993824
AD|e=E2|f=0|sp=1|k=2|tp=MID|sl=-|15m,15m,E2,0,1.0,2,MID,,-0.00010699793913582945,-0.03905424778457775,-0.2009969772437331,-0.9914651756665014,-0.23252248984962887,4026,2902,0.7208147044212618,0.7993233318584896,0.7025390842750701,0.9114073766801167
AD|e=E2|f=0|sp=1|k=2|tp=MID|sl=6|15m,15m,E2,0,1.0,2,MID,6.0,-0.0001713576868342402,-0.06254555569449767,-0.3002598462337188,-1.5345929348789127,-0.3099370089256378,4470,3164,0.7078299776286353,0.7050000679513203,0.6104254377316171,0.7971410230224423
AD|e=E2|f=0|sp=1|k=2|tp=MID|sl=10|15m,15m,E2,0,1.0,2,MID,10.0,-0.00016428669753316722,-0.059964644599606036,-0.2904864153209967,-1.377296223981731,-0.3082535945913901,4185,3007,0.7185185185185186,0.7325832094647603,0.6062734451205489,0.8040853391531229
AD|e=E2|f=0|sp=1|k=2|tp=A0.5|sl=-|15m,15m,E2,0,1.0,2,A0.5,,1.1710578085300083e-05,0.00427436100113453,0.0006743162629783139,0.04690275052013239,-0.19883189895430453,862,818,0.9489559164733179,1.0389980051173358,1.0268666887690214,0.9204874305573527
AD|e=E2|f=0|sp=1|k=2|tp=A0.5|sl=6|15m,15m,E2,0,1.0,2,A0.5,6.0,-0.00022953512421541262,-0.0837803203386256,-0.3791588701247117,-2.0591954281300886,-0.3869736504361777,5710,4945,0.8660245183887916,0.6347449125044488,0.5383517216837383,0.6964879030735387
AD|e=E2|f=0|sp=1|k=2|tp=A0.5|sl=10|15m,15m,E2,0,1.0,2,A0.5,10.0,-0.00021221628816759066,-0.0774589451811706,-0.3586876905927604,-1.4731412712880294,-0.3713107555882553,5108,4575,0.8956538762725137,0.6455094554690621,0.5767981873352741,0.698232697200575
AD|e=E2|f=0|sp=1|k=2|tp=A1.0|sl=-|15m,15m,E2,0,1.0,2,A1.0,,6.11470477030642e-06,0.0022318672411618433,-0.01231591420142375,0.023710969820508906,-0.20269796738710433,436,432,0.9908256880733946,1.0667377163766703,0.9329863361898119,0.9490757532062614
AD|e=E2|f=0|sp=1|k=2|tp=A1.0|sl=6|15m,15m,E2,0,1.0,2,A1.0,6.0,-0.000219178020308428,-0.07999997741257622,-0.3670381369139758,-1.650380509087178,-0.37911638923416957,4830,4160,0.8612836438923396,0.618553745920811,0.4746452764494371,0.8565692015401816
AD|e=E2|f=0|sp=1|k=2|tp=A1.0|sl=10|15m,15m,E2,0,1.0,2,A1.0,10.0,-0.00022943240703432474,-0.08374282856752853,-0.3829710941653274,-1.342044411711805,-0.3945087602464842,4155,3764,0.9058965102286402,0.6120541448996616,0.4474976443510383,0.8417615353939394
AD|e=E2|f=0|sp=1|k=2|tp=A2.0|sl=-|15m,15m,E2,0,1.0,2,A2.0,,2.8213967867209077e-05,0.010298098271531313,0.032302164859220106,0.10676400386452044,-0.20801540498242055,282,279,0.9893617021276596,1.116720479886689,0.9789838097798174,0.9909583311018423
AD|e=E2|f=0|sp=1|k=2|tp=A2.0|sl=6|15m,15m,E2,0,1.0,2,A2.0,6.0,-0.0002046801579557785,-0.07470825765385915,-0.3508257009743584,-1.1898978703535927,-0.36739226650222623,4008,3114,0.7769461077844312,0.6075102278943346,0.48113187393896417,0.9262811044677149
AD|e=E2|f=0|sp=1|k=2|tp=A2.0|sl=10|15m,15m,E2,0,1.0,2,A2.0,10.0,-0.00022404411247918876,-0.0817761010549039,-0.37981479719362055,-1.0559906082540478,-0.39734367574871843,3229,2735,0.8470114586559306,0.5819994052067933,0.5393620754043018,0.744257438800938
AD|e=E2|f=0|sp=1|k=3|tp=MID|sl=-|15m,15m,E2,0,1.0,3,MID,,-8.17311711730935e-05,-0.029831877478179128,-0.15947461907074045,-0.6662733495137446,-0.21273156213725797,4026,2966,0.7367113760556383,0.8352280035932478,0.7189110468874316,0.9896986934191547
AD|e=E2|f=0|sp=1|k=3|tp=MID|sl=6|15m,15m,E2,0,1.0,3,MID,6.0,-0.00014919318345178555,-0.054455511959901726,-0.2680546080295383,-1.2603482739265306,-0.28472784262870754,4409,3185,0.7223860285779088,0.711140490419406,0.6208814038744419,0.888705695079285
AD|e=E2|f=0|sp=1|k=3|tp=MID|sl=10|15m,15m,E2,0,1.0,3,MID,10.0,-0.00012256833722098715,-0.04473744308566031,-0.2274889093427941,-0.9649383377884171,-0.26376864888543927,4154,3047,0.7335098700048146,0.7656080984753134,0.6574590423752098,0.915525219828265
AD|e=E2|f=0|sp=1|k=3|tp=A0.5|sl=-|15m,15m,E2,0,1.0,3,A0.5,,1.740129532677285e-05,0.006351472794272091,-0.006733297497434343,0.05170376327018781,-0.2679882603582969,986,926,0.9391480730223124,1.0596336325236044,1.0107640144428511,0.8750913730108711
AD|e=E2|f=0|sp=1|k=3|tp=A0.5|sl=6|15m,15m,E2,0,1.0,3,A0.5,6.0,-0.0002179190819303802,-0.07954046490458877,-0.36478004367933436,-1.774982050914095,-0.37161552847212886,5634,4938,0.8764643237486688,0.6730540969357002,0.5285075396470041,0.7132729594943441
AD|e=E2|f=0|sp=1|k=3|tp=A0.5|sl=10|15m,15m,E2,0,1.0,3,A0.5,10.0,-0.0002133105260623174,-0.07785834201274586,-0.36134682971740406,-1.3270765792877666,-0.37710333062175183,5047,4569,0.9052902714483851,0.7010037420106651,0.5380110094897804,0.6741251932999034
AD|e=E2|f=0|sp=1|k=3|tp=A1.0|sl=-|15m,15m,E2,0,1.0,3,A1.0,,4.3391784399586956e-05,0.01583800130584924,0.043826343016184266,0.12354079915753269,-0.26360353376388634,624,620,0.9935897435897436,1.089823548837809,1.0912804121559407,0.9177418259394435
AD|e=E2|f=0|sp=1|k=3|tp=A1.0|sl=6|15m,15m,E2,0,1.0,3,A1.0,6.0,-0.0002528867594646811,-0.0923036672046086,-0.4113220858003849,-1.566745201283219,-0.42044013631184196,4749,4155,0.8749210360075805,0.6255492955450759,0.43800609259830714,0.7329121856964383
AD|e=E2|f=0|sp=1|k=3|tp=A1.0|sl=10|15m,15m,E2,0,1.0,3,A1.0,10.0,-0.00028631805026534547,-0.1045060883468511,-0.4543057312600548,-1.3573343644313294,-0.46855740295270465,4154,3810,0.9171882522869523,0.5899632118262087,0.37978164539128295,0.70082529143563
AD|e=E2|f=0|sp=1|k=3|tp=A2.0|sl=-|15m,15m,E2,0,1.0,3,A2.0,,3.898410964493361e-05,0.014229200020400769,0.0313060283107498,0.10756298054966244,-0.27763418160700326,311,308,0.9903536977491961,1.1509630821625796,0.9559080665637045,0.9608432618585763
AD|e=E2|f=0|sp=1|k=3|tp=A2.0|sl=6|15m,15m,E2,0,1.0,3,A2.0,6.0,-0.00025294771903277224,-0.09232591744696186,-0.41499472316656394,-1.2308555776470953,-0.43525710247292004,3922,3134,0.7990821009688934,0.6206476088481765,0.40712192386128987,0.775413935747609
AD|e=E2|f=0|sp=1|k=3|tp=A2.0|sl=10|15m,15m,E2,0,1.0,3,A2.0,10.0,-0.00014872577153326734,-0.05428490660964258,-0.2829087871557673,-0.5608247884978147,-0.32018520112411175,3206,2799,0.8730505302557704,0.7712235551476541,0.48350013628293337,0.948685311655045
AD|e=E2|f=0|sp=1.5|k=1|tp=MID|sl=-|15m,15m,E2,0,1.5,1,MID,,-0.0001034397053981197,-0.03775549247031369,-0.19367963704556157,-1.2467851563155752,-0.21168479068883084,4027,2734,0.6789173081698535,0.8049157522425656,0.7339993650584581,0.8876340924090315
AD|e=E2|f=0|sp=1.5|k=1|tp=MID|sl=6|15m,15m,E2,0,1.5,1,MID,6.0,-0.00015044079190373253,-0.054910889044862375,-0.2681294127532634,-1.7379536981957941,-0.27818314995207083,4573,3051,0.6671769079378963,0.7365169435603351,0.655804360107495,0.8114545307835562
AD|e=E2|f=0|sp=1.5|k=1|tp=MID|sl=10|15m,15m,E2,0,1.5,1,MID,10.0,-0.00015942530866568593,-0.05819023766297537,-0.28195455214720444,-1.675192521557756,-0.29260335453469943,4238,2868,0.6767343086361491,0.7140615943290549,0.6740601879770918,0.7688133640520026
AD|e=E2|f=0|sp=1.5|k=1|tp=A0.5|sl=-|15m,15m,E2,0,1.5,1,A0.5,,9.576296563693141e-07,0.00034953482457479964,-0.008153542794743451,0.005821340732632663,-0.13161997602513742,682,650,0.9530791788856305,1.0189160502523162,0.99881221371648,0.9499442872651345
AD|e=E2|f=0|sp=1.5|k=1|tp=A0.5|sl=6|15m,15m,E2,0,1.5,1,A0.5,6.0,-0.00019596233178761357,-0.07152625110247895,-0.33341106178233304,-2.340607011568123,-0.3386037485771577,5732,4870,0.849616189811584,0.6847980650314238,0.5558823348435435,0.7745519181665392
AD|e=E2|f=0|sp=1.5|k=1|tp=A0.5|sl=10|15m,15m,E2,0,1.5,1,A0.5,10.0,-0.0001920003715504397,-0.07008013561591049,-0.328955727210988,-1.836870022151814,-0.3356444859197497,5058,4465,0.8827599841834717,0.6671073299262968,0.6004898197568359,0.747910541170936
AD|e=E2|f=0|sp=1.5|k=1|tp=A1.0|sl=-|15m,15m,E2,0,1.5,1,A1.0,,4.642645084978123e-06,0.0016945654560170148,-0.0010042326786890987,0.027689134869381214,-0.13446571918079975,397,394,0.9924433249370277,1.0524565949020916,0.9665408050143061,0.9722742617155483
AD|e=E2|f=0|sp=1.5|k=1|tp=A1.0|sl=6|15m,15m,E2,0,1.5,1,A1.0,6.0,-0.00014804448228835184,-0.054036236035248424,-0.26517589548384235,-1.4879832333226886,-0.27244862560813654,4895,4112,0.8400408580183861,0.6831436091730354,0.6041197252492614,0.9560737376523926
AD|e=E2|f=0|sp=1.5|k=1|tp=A1.0|sl=10|15m,15m,E2,0,1.5,1,A1.0,10.0,-0.00019518831156038424,-0.07124373371954025,-0.33447883637122156,-1.5698107426938528,-0.3441939072198891,4143,3679,0.8880038619357953,0.6550213022840463,0.6057669414576949,0.736320592281178
AD|e=E2|f=0|sp=1.5|k=1|tp=A2.0|sl=-|15m,15m,E2,0,1.5,1,A2.0,,5.103377699326142e-06,0.0018627328602540418,-0.0003406054318274565,0.030037845557108242,-0.13965063997939708,236,233,0.9872881355932204,1.0865931095419066,0.9812077759541862,0.9309386855157575
AD|e=E2|f=0|sp=1.5|k=1|tp=A2.0|sl=6|15m,15m,E2,0,1.5,1,A2.0,6.0,-0.00013602954567151096,-0.0496507841701015,-0.24854291652839577,-1.0729520997908484,-0.26091335721002784,4090,3072,0.7511002444987775,0.6789384856797914,0.5843419554965815,1.0628364049908705
AD|e=E2|f=0|sp=1.5|k=1|tp=A2.0|sl=10|15m,15m,E2,0,1.5,1,A2.0,10.0,-0.0001889565152423291,-0.06896912806345012,-0.32785118243291245,-1.2417629880823888,-0.34425527595476435,3244,2675,0.8245992601726264,0.6893967141443553,0.6757809384455346,0.6460053023229628
AD|e=E2|f=0|sp=1.5|k=2|tp=MID|sl=-|15m,15m,E2,0,1.5,2,MID,,-9.118329293153425e-05,-0.03328190192001,-0.1740056040503799,-0.9222199945978352,-0.20690709255359563,4026,2857,0.7096373571783408,0.8189490097234168,0.7187103908217636,0.9561970699077855
AD|e=E2|f=0|sp=1.5|k=2|tp=MID|sl=6|15m,15m,E2,0,1.5,2,MID,6.0,-0.00015351827926992056,-0.056034171933521004,-0.27341152753898446,-1.5420569967129487,-0.2864461226870225,4452,3085,0.6929469901168014,0.722936436528661,0.6404341726910734,0.8265854260024503
AD|e=E2|f=0|sp=1.5|k=2|tp=MID|sl=10|15m,15m,E2,0,1.5,2,MID,10.0,-0.00013517469844391114,-0.049338764932027566,-0.2459495332015259,-1.2582423062572987,-0.26831736835348596,4165,2941,0.7061224489795919,0.7811275867036068,0.6389214516888987,0.8551934682954548
AD|e=E2|f=0|sp=1.5|k=2|tp=A0.5|sl=-|15m,15m,E2,0,1.5,2,A0.5,,1.039589577605572e-05,0.0037945019582603374,-0.0015904415119208926,0.04203056468564623,-0.1997980403516746,925,867,0.9372972972972973,1.0496913359444036,1.0103198082279061,0.9156634023557141
AD|e=E2|f=0|sp=1.5|k=2|tp=A0.5|sl=6|15m,15m,E2,0,1.5,2,A0.5,6.0,-0.00020886399269626722,-0.07623535733413754,-0.35175644573850073,-2.024799197014142,-0.3574017839874457,5594,4845,0.8661065427243475,0.6457860893661395,0.5393406179146496,0.7762938740294604
AD|e=E2|f=0|sp=1.5|k=2|tp=A0.5|sl=10|15m,15m,E2,0,1.5,2,A0.5,10.0,-0.00018723424524391875,-0.06834049951403035,-0.32387424367538664,-1.4396027574319434,-0.3381531542839372,4984,4477,0.8982744783306581,0.6246008595918285,0.5276635483814729,0.9256155969759488
AD|e=E2|f=0|sp=1.5|k=2|tp=A1.0|sl=-|15m,15m,E2,0,1.5,2,A1.0,,3.4246948635012134e-05,0.01250013625177943,0.04691287700055535,0.13386722597201145,-0.19719105908839363,605,601,0.9933884297520661,1.0988043906057259,1.086426327405856,0.9404008003023187
AD|e=E2|f=0|sp=1.5|k=2|tp=A1.0|sl=6|15m,15m,E2,0,1.5,2,A1.0,6.0,-0.00023179753602487125,-0.084606100649078,-0.38283554917527884,-1.8420972373388373,-0.39229105542997156,4748,4096,0.8626790227464195,0.6585062321967393,0.4926258132667484,0.7170275659596069
AD|e=E2|f=0|sp=1.5|k=2|tp=A1.0|sl=10|15m,15m,E2,0,1.5,2,A1.0,10.0,-0.00020374431906409094,-0.07436667645839319,-0.3488383635190322,-1.2512326289940923,-0.36741446111411546,4122,3761,0.9124211547792334,0.6941883447373995,0.46409999809895464,0.8397256987889767
AD|e=E2|f=0|sp=1.5|k=2|tp=A2.0|sl=-|15m,15m,E2,0,1.5,2,A2.0,,3.128061275842569e-05,0.011417423656825377,0.0391926056214702,0.11916005577539697,-0.20749758968988485,303,300,0.9900990099009901,1.158571184542902,0.9746416742557824,0.9739807585031667
AD|e=E2|f=0|sp=1.5|k=2|tp=A2.0|sl=6|15m,15m,E2,0,1.5,2,A2.0,6.0,-0.00020315273356951287,-0.0741507477528722,-0.3477706946839102,-1.2725603048785914,-0.36674517483301106,3957,3107,0.7851908011119535,0.678528620739697,0.5458430429993276,0.7391639733881226
AD|e=E2|f=0|sp=1.5|k=2|tp=A2.0|sl=10|15m,15m,E2,0,1.5,2,A2.0,10.0,-0.00017552171216371766,-0.06406542493975695,-0.313815786662376,-0.8623100214904175,-0.3477335708494117,3213,2763,0.8599439775910365,0.7075920183444896,0.5946317824929701,0.7488060614243475
AD|e=E2|f=0|sp=1.5|k=3|tp=MID|sl=-|15m,15m,E2,0,1.5,3,MID,,-7.742989257494915e-05,-0.028261910789856442,-0.15102132958916703,-0.7078033617108443,-0.20077236928239872,4026,2888,0.7173373075012419,0.8439614107038191,0.7322481254462763,0.9869205043544264
AD|e=E2|f=0|sp=1.5|k=3|tp=MID|sl=6|15m,15m,E2,0,1.5,3,MID,6.0,-0.00014769863411229762,-0.05391000145098863,-0.2649935950930109,-1.4023714986333324,-0.2786240248948604,4406,3078,0.6985928279618702,0.7352951584554855,0.6356603192068244,0.8468371917302312
AD|e=E2|f=0|sp=1.5|k=3|tp=MID|sl=10|15m,15m,E2,0,1.5,3,MID,10.0,-0.00011676988736964508,-0.04262100888992045,-0.21731105111565596,-1.022332441358265,-0.2463303870414839,4140,2950,0.7125603864734299,0.7990191459920744,0.6385827400000746,0.933720468536788
AD|e=E2|f=0|sp=1.5|k=3|tp=A0.5|sl=-|15m,15m,E2,0,1.5,3,A0.5,,1.3909583010496373e-05,0.005076997798831176,-0.014136755363520881,0.04118304574060577,-0.26956824720745054,1003,941,0.938185443668993,1.016652755536906,0.9929391823082611,0.9054611202323245
AD|e=E2|f=0|sp=1.5|k=3|tp=A0.5|sl=6|15m,15m,E2,0,1.5,3,A0.5,6.0,-0.00020171874358576914,-0.07362734140880574,-0.3427795208797153,-1.761527756427097,-0.3515787512240246,5526,4833,0.8745928338762216,0.5843599436811077,0.5333043258774779,0.9006685067622094
AD|e=E2|f=0|sp=1.5|k=3|tp=A0.5|sl=10|15m,15m,E2,0,1.5,3,A0.5,10.0,-0.00017917475833532278,-0.06539878679239282,-0.31386989446532787,-1.211475928407328,-0.33157314454097386,4919,4467,0.9081114047570644,0.6362777193140644,0.5622201340569469,0.8867795527602993
AD|e=E2|f=0|sp=1.5|k=3|tp=A1.0|sl=-|15m,15m,E2,0,1.5,3,A1.0,,3.4614980940651296e-05,0.012634468043337723,0.025794441071020024,0.0992236438139797,-0.26357362415481267,645,641,0.993798449612403,1.0820601219532626,1.0655685749192458,0.8969369207471586
AD|e=E2|f=0|sp=1.5|k=3|tp=A1.0|sl=6|15m,15m,E2,0,1.5,3,A1.0,6.0,-0.00022805746044948793,-0.0832409730640631,-0.37932319636786405,-1.5682309125014324,-0.3877238393590541,4667,4082,0.8746518105849582,0.6170623163164407,0.500021379085708,0.7634854784246059
AD|e=E2|f=0|sp=1.5|k=3|tp=A1.0|sl=10|15m,15m,E2,0,1.5,3,A1.0,10.0,-0.00021341703522104576,-0.0778972178556817,-0.36440222056764016,-1.0966288738396819,-0.38650765255478536,4060,3750,0.9236453201970444,0.7282498664101562,0.46129409468023996,0.7438305494886899
AD|e=E2|f=0|sp=1.5|k=3|tp=A2.0|sl=-|15m,15m,E2,0,1.5,3,A2.0,,4.6492422423693974e-05,0.0169697341846483,0.04749305921425928,0.1284571234131887,-0.27399544280895205,344,341,0.9912790697674418,1.2149452477846203,0.958186755061757,0.9460824158795137
AD|e=E2|f=0|sp=1.5|k=3|tp=A2.0|sl=6|15m,15m,E2,0,1.5,3,A2.0,6.0,-0.0002406205044435523,-0.08782648412189659,-0.39812784696781744,-1.3020906794956728,-0.41726285747400826,3850,3087,0.8018181818181818,0.625673640477343,0.5222980635515405,0.6535883270692766
AD|e=E2|f=0|sp=1.5|k=3|tp=A2.0|sl=10|15m,15m,E2,0,1.5,3,A2.0,10.0,-0.00015989854003265296,-0.05836296711191833,-0.2968638523677938,-0.642950681789812,-0.33125133136895657,3192,2809,0.8800125313283208,0.7653264262285365,0.5793661052076485,0.7536738188645129
AD|e=E2|f=0|sp=2|k=1|tp=MID|sl=-|15m,15m,E2,0,2.0,1,MID,,-9.475916045294224e-05,-0.03458709356532392,-0.17898021115497242,-1.1932019581305915,-0.19464786753911656,4027,2707,0.6722125651850013,0.8298212953742831,0.7405708124720298,0.9012868370493182
AD|e=E2|f=0|sp=2|k=1|tp=MID|sl=6|15m,15m,E2,0,2.0,1,MID,6.0,-0.0001333713236815544,-0.04868053314376736,-0.24170344574001523,-1.6528737058955563,-0.24996239167483925,4548,2995,0.6585312225153914,0.7575283664011587,0.6822064121018824,0.8440028728949314
AD|e=E2|f=0|sp=2|k=1|tp=MID|sl=10|15m,15m,E2,0,2.0,1,MID,10.0,-0.0001444725132391503,-0.05273246733228986,-0.2592920086647569,-1.5958855414424626,-0.269811121009529,4223,2824,0.6687189201989108,0.7615960971010757,0.6618549746207643,0.8062965309758616
AD|e=E2|f=0|sp=2|k=1|tp=A0.5|sl=-|15m,15m,E2,0,2.0,1,A0.5,,7.333245720256837e-06,0.0026766346878937452,0.005040973235278745,0.04481513184864355,-0.1314338171316829,765,718,0.938562091503268,1.0253284908039368,1.0282749414819883,0.9536089107243898
AD|e=E2|f=0|sp=2|k=1|tp=A0.5|sl=6|15m,15m,E2,0,2.0,1,A0.5,6.0,-0.00018266756519169495,-0.06667366129496866,-0.31488165549785263,-2.2153016591514367,-0.32258412591820895,5658,4804,0.849063273241428,0.6848126479872627,0.5893212017770377,0.7935602261374735
AD|e=E2|f=0|sp=2|k=1|tp=A0.5|sl=10|15m,15m,E2,0,2.0,1,A0.5,10.0,-0.00018526600935479684,-0.06762209341450084,-0.31952779595174097,-1.7949398752302899,-0.32513993108694816,5000,4407,0.8814,0.6572808697662492,0.6526074504477773,0.7283172023970723
AD|e=E2|f=0|sp=2|k=1|tp=A1.0|sl=-|15m,15m,E2,0,2.0,1,A1.0,,6.9010912415458735e-06,0.002518898303164244,0.0037267764857200625,0.04131824722916018,-0.134432183708736,430,426,0.9906976744186047,1.0715868769156383,0.9624655766553187,0.97263516399938
AD|e=E2|f=0|sp=2|k=1|tp=A1.0|sl=6|15m,15m,E2,0,2.0,1,A1.0,6.0,-0.00015972322983105755,-0.058298978888336,-0.28244418823127526,-1.658421450490988,-0.29386610703793836,4825,4054,0.8402072538860104,0.7084685115747703,0.58220161886429,0.8914625550516916
AD|e=E2|f=0|sp=2|k=1|tp=A1.0|sl=10|15m,15m,E2,0,2.0,1,A1.0,10.0,-0.00019714440303042051,-0.07195770710610348,-0.3367842383960167,-1.6659646540255453,-0.34807760394044585,4077,3627,0.8896247240618101,0.702645075170715,0.5592140343219362,0.7363736927955883
AD|e=E2|f=0|sp=2|k=1|tp=A2.0|sl=-|15m,15m,E2,0,2.0,1,A2.0,,9.151623712905075e-06,0.0033403426552103526,0.007981680084989229,0.05378469908932973,-0.13954818763280663,256,253,0.98828125,1.105317099625774,0.9860280398696393,0.9335527405447307
AD|e=E2|f=0|sp=2|k=1|tp=A2.0|sl=6|15m,15m,E2,0,2.0,1,A2.0,6.0,-0.00014587231547406182,-0.053243395148032564,-0.26343203099079826,-1.1728333989180333,-0.27332333596991787,4038,3048,0.7548291233283804,0.6741263899401166,0.5680067817031097,1.0378154412892757
AD|e=E2|f=0|sp=2|k=1|tp=A2.0|sl=10|15m,15m,E2,0,2.0,1,A2.0,10.0,-0.00017362194262758937,-0.06337200905907012,-0.30602270475250215,-1.1698097740147058,-0.32598502437942434,3189,2650,0.8309814989024773,0.6990228097615617,0.696844794323075,0.6802204169523149
AD|e=E2|f=0|sp=2|k=2|tp=MID|sl=-|15m,15m,E2,0,2.0,2,MID,,-7.892991275083526e-05,-0.02880941815405487,-0.15249127306947408,-0.8610260438182894,-0.18529299411995837,4026,2765,0.6867858917039245,0.8569315710106816,0.7342371585683295,0.9671560504581862
AD|e=E2|f=0|sp=2|k=2|tp=MID|sl=6|15m,15m,E2,0,2.0,2,MID,6.0,-0.00013845892169039192,-0.05053750641699305,-0.25018698254607064,-1.4936803366911107,-0.260772629428317,4445,2967,0.6674915635545556,0.7546842144969216,0.6479250014638352,0.861298118336158
AD|e=E2|f=0|sp=2|k=2|tp=MID|sl=10|15m,15m,E2,0,2.0,2,MID,10.0,-0.0001305154597585263,-0.0476381428118621,-0.2384247120548385,-1.267475456668405,-0.2584879152652122,4162,2841,0.6826045170591062,0.7851039002936495,0.6450509103238682,0.869751951610434
AD|e=E2|f=0|sp=2|k=2|tp=A0.5|sl=-|15m,15m,E2,0,2.0,2,A0.5,,8.989444083506723e-06,0.0032811470904799537,-0.005157623273605916,0.03581250268035287,-0.20019090485387359,844,797,0.9443127962085308,1.0109939834754262,1.0118017057004907,0.9401680184568747
AD|e=E2|f=0|sp=2|k=2|tp=A0.5|sl=6|15m,15m,E2,0,2.0,2,A0.5,6.0,-0.00019814847353452942,-0.07232419284010323,-0.33714461435539533,-1.9842377717008683,-0.3419854993301714,5509,4760,0.8640406607369758,0.6381333713231919,0.5923056393560192,0.7654520904325998
AD|e=E2|f=0|sp=2|k=2|tp=A0.5|sl=10|15m,15m,E2,0,2.0,2,A0.5,10.0,-0.0001721639107923842,-0.06283982743922023,-0.30218979123607115,-1.387637093188203,-0.31377248256143997,4887,4391,0.8985062410476775,0.648562934891756,0.6285643754806131,0.8231119960035159
AD|e=E2|f=0|sp=2|k=2|tp=A1.0|sl=-|15m,15m,E2,0,2.0,2,A1.0,,2.1582638234062444e-05,0.007877662955432792,0.020398766438299853,0.08503905339144546,-0.19838347721960747,595,591,0.9932773109243698,1.0871514084629263,1.0130473230120967,0.944259341697535
AD|e=E2|f=0|sp=2|k=2|tp=A1.0|sl=6|15m,15m,E2,0,2.0,2,A1.0,6.0,-0.00021920691466671387,-0.08001052385335056,-0.36632039331749167,-1.8219805074952644,-0.3754888210767967,4671,4025,0.8616998501391565,0.6220324654333939,0.5721167293942083,0.7084906456334491
AD|e=E2|f=0|sp=2|k=2|tp=A1.0|sl=10|15m,15m,E2,0,2.0,2,A1.0,10.0,-0.00018636827210866867,-0.06802441931966406,-0.3245018955222646,-1.203459701818755,-0.34403958331645856,4064,3720,0.9153543307086615,0.7471613743510808,0.4925694053537698,0.8222635302647716
AD|e=E2|f=0|sp=2|k=2|tp=A2.0|sl=-|15m,15m,E2,0,2.0,2,A2.0,,2.457553422005408e-05,0.008970069990319738,0.02497008978751669,0.09362793850801494,-0.20738317452763255,305,302,0.9901639344262295,1.1717332725348317,0.9766783323350638,0.9212089110115039
AD|e=E2|f=0|sp=2|k=2|tp=A2.0|sl=6|15m,15m,E2,0,2.0,2,A2.0,6.0,-0.00019879072423448476,-0.07255861434558694,-0.3414359308057845,-1.292915903393806,-0.36017649645505767,3889,3060,0.7868346618668038,0.6865739065515728,0.5832224352753556,0.7047402246297619
AD|e=E2|f=0|sp=2|k=2|tp=A2.0|sl=10|15m,15m,E2,0,2.0,2,A2.0,10.0,-0.0001581980330644792,-0.05774228206853491,-0.28876998835276546,-0.7832444500333483,-0.31696795673869094,3151,2725,0.8648048238654396,0.7528060471564382,0.6925789840410034,0.674578945536141
AD|e=E2|f=0|sp=2|k=3|tp=MID|sl=-|15m,15m,E2,0,2.0,3,MID,,-7.574678962202672e-05,-0.027647578212039753,-0.14741293582236248,-0.7612055606738561,-0.18701202894840685,4026,2778,0.6900149031296572,0.8572522861151629,0.7369839221855106,0.9793400415241582
AD|e=E2|f=0|sp=2|k=3|tp=MID|sl=6|15m,15m,E2,0,2.0,3,MID,6.0,-0.00013796509272037444,-0.050357258842936674,-0.24967989844379945,-1.4167264316566586,-0.2630949815101794,4410,2952,0.6693877551020408,0.765142792250136,0.6371630442720454,0.8653515793053494
AD|e=E2|f=0|sp=2|k=3|tp=MID|sl=10|15m,15m,E2,0,2.0,3,MID,10.0,-0.00013024389789157147,-0.04753902273042359,-0.23856225598573377,-1.1630360583399448,-0.2624036977985371,4137,2835,0.6852791878172588,0.7724655927399664,0.6375180332679121,0.8928849032801952
AD|e=E2|f=0|sp=2|k=3|tp=A0.5|sl=-|15m,15m,E2,0,2.0,3,A0.5,,1.3230474894376086e-05,0.004829123336447271,-0.014538301929401864,0.03962409175134622,-0.2684003506074647,992,923,0.9304435483870968,1.0019277096404209,1.009075319362351,0.9036311148686677
AD|e=E2|f=0|sp=2|k=3|tp=A0.5|sl=6|15m,15m,E2,0,2.0,3,A0.5,6.0,-0.00021865928588713282,-0.07981063934880347,-0.3650631239841583,-1.9794107002590746,-0.369700117889016,5470,4746,0.8676416819012797,0.584387658829946,0.5711509629705496,0.7595403572232119
AD|e=E2|f=0|sp=2|k=3|tp=A0.5|sl=10|15m,15m,E2,0,2.0,3,A0.5,10.0,-0.00021073236478177061,-0.07691731314534628,-0.3572192817229942,-1.3952048913887567,-0.3773192194140398,4872,4407,0.9045566502463054,0.6369227535048504,0.5832019370284156,0.7027989525478726
AD|e=E2|f=0|sp=2|k=3|tp=A1.0|sl=-|15m,15m,E2,0,2.0,3,A1.0,,3.073361870181654e-05,0.011217770826163036,0.018206746064492574,0.08863803569588145,-0.26561310542924144,651,647,0.9938556067588326,1.0686606104372625,0.9996386707996338,0.9474237050864667
AD|e=E2|f=0|sp=2|k=3|tp=A1.0|sl=6|15m,15m,E2,0,2.0,3,A1.0,6.0,-0.0002222262818445345,-0.08111259287325509,-0.3710366754794181,-1.6665888207149897,-0.3803381332827974,4604,4000,0.8688097306689835,0.6391485240279311,0.5333242927451267,0.7213534664230409
AD|e=E2|f=0|sp=2|k=3|tp=A1.0|sl=10|15m,15m,E2,0,2.0,3,A1.0,10.0,-0.00020996552896100114,-0.07663741807076542,-0.35934998418796915,-1.1123321600641949,-0.3888506445140907,4026,3724,0.9249875807252856,0.7694135443509401,0.436921415520075,0.7624356621427665
AD|e=E2|f=0|sp=2|k=3|tp=A2.0|sl=-|15m,15m,E2,0,2.0,3,A2.0,,3.06322943152845e-05,0.011180787425078843,0.013869894867331034,0.0846186304302965,-0.2687256819212037,325,322,0.9907692307692307,1.1608200296053086,0.9411223252506662,0.9124772383472797
AD|e=E2|f=0|sp=2|k=3|tp=A2.0|sl=6|15m,15m,E2,0,2.0,3,A2.0,6.0,-0.00019949896670501074,-0.07281712284732891,-0.3438544453166752,-1.1621869359110437,-0.356773381276861,3797,3027,0.7972083223597577,0.619406982276834,0.5854222526142158,0.7667214103065287
AD|e=E2|f=0|sp=2|k=3|tp=A2.0|sl=10|15m,15m,E2,0,2.0,3,A2.0,10.0,-0.00017076294768868128,-0.06232847590636867,-0.3119428749309029,-0.6970542628666438,-0.34297236900815253,3115,2750,0.8828250401284109,0.6448793900363946,0.5362396700252068,0.9096898946429253
AD|e=E2|f=1|sp=-|k=0|tp=MID|sl=-|15m,15m,E2,1,,0,MID,,-4.012999068426262e-06,-0.0014647446599755855,-0.008304559275675305,-0.26140692370677626,-0.01873392486780112,502,292,0.5816733067729084,0.970985340358573,0.9846960685013174,1.0208980230122238
AD|e=E2|f=1|sp=-|k=0|tp=MID|sl=6|15m,15m,E2,1,,0,MID,6.0,-3.9264107001110635e-06,-0.0014331399055405381,-0.008115901081041765,-0.2753883548283798,-0.018296878659736282,504,292,0.5793650793650794,0.9803592109091601,0.9811032063613012,1.0154344353980047
AD|e=E2|f=1|sp=-|k=0|tp=MID|sl=10|15m,15m,E2,1,,0,MID,10.0,-4.760333874064744e-06,-0.0017375218640336314,-0.009819082836653115,-0.3253654708980593,-0.020232520635560136,502,292,0.5816733067729084,0.969698476671239,0.9808348129725356,1.0215692544232693
AD|e=E2|f=1|sp=-|k=0|tp=A0.5|sl=-|15m,15m,E2,1,,0,A0.5,,1.325510134948097e-05,0.004838111992560554,0.026512411527517266,0.24646240295529717,-0.061309142559217156,320,302,0.94375,1.0163983035620536,1.022429837174644,1.0389696417108238
AD|e=E2|f=1|sp=-|k=0|tp=A0.5|sl=6|15m,15m,E2,1,,0,A0.5,6.0,-7.28956611006999e-06,-0.0026606916301755465,-0.014922357140718767,-0.6485950756244196,-0.02158818235663984,558,459,0.8225806451612904,0.9794456951174019,0.9743358043279597,1.0018128031206945
AD|e=E2|f=1|sp=-|k=0|tp=A0.5|sl=10|15m,15m,E2,1,,0,A0.5,10.0,-1.3367738454528655e-05,-0.004879224535902959,-0.027182805100043117,-0.9466888708735918,-0.033065277580204055,557,476,0.8545780969479354,0.9709178762870667,0.9623250992674891,0.9853420809421368
AD|e=E2|f=1|sp=-|k=0|tp=A1.0|sl=-|15m,15m,E2,1,,0,A1.0,,2.3637795807392506e-05,0.008627795469698265,0.048599204401178264,0.42814989665977154,-0.058591562466574265,292,289,0.9897260273972602,1.0383258001625082,1.0435644205501118,1.0624958770744952
AD|e=E2|f=1|sp=-|k=0|tp=A1.0|sl=6|15m,15m,E2,1,,0,A1.0,6.0,-1.7142233895667608e-06,-0.0006256915371918678,-0.0035919871730614172,-0.12206571486302581,-0.017812721760551042,519,424,0.8169556840077071,0.9985299807964377,0.9760335578249372,1.0155404109961192
AD|e=E2|f=1|sp=-|k=0|tp=A1.0|sl=10|15m,15m,E2,1,,0,A1.0,10.0,-5.62446715627559e-06,-0.00205293051204059,-0.01160256739338894,-0.3339189708561506,-0.025090017611279936,517,448,0.8665377176015474,0.9897594967993825,0.9770684125798677,0.9987775195243446
AD|e=E2|f=1|sp=-|k=0|tp=A2.0|sl=-|15m,15m,E2,1,,0,A2.0,,1.6879066944245478e-05,0.0061608594346496,0.033868292345372586,0.27672445502516546,-0.06224560628846909,194,192,0.9896907216494846,1.064034457459341,1.0406675525342668,0.9948344776025041
AD|e=E2|f=1|sp=-|k=0|tp=A2.0|sl=6|15m,15m,E2,1,,0,A2.0,6.0,4.4525587561004685e-06,0.001625183945976671,0.009061629655434666,0.2359295948059504,-0.013726695037341141,503,371,0.7375745526838966,1.004209111704448,0.9815399021950684,1.042538663555392
AD|e=E2|f=1|sp=-|k=0|tp=A2.0|sl=10|15m,15m,E2,1,,0,A2.0,10.0,6.053731129499671e-06,0.00220961186226738,0.012329502617698163,0.26739531737684374,-0.01643417767576416,501,409,0.8163672654690619,1.0195113467409376,0.9857260534708737,1.0322714494751297
AD|e=E2|f=1|sp=0.5|k=1|tp=MID|sl=-|15m,15m,E2,1,0.5,1,MID,,-5.504897880106707e-06,-0.002009287726238948,-0.011509356257235703,-0.21017224461846207,-0.029849982243729478,502,334,0.6653386454183267,0.9445160948963761,0.9864174475046611,1.037151707857197
AD|e=E2|f=1|sp=0.5|k=1|tp=MID|sl=6|15m,15m,E2,1,0.5,1,MID,6.0,-2.8467806418788708e-06,-0.001039074934285788,-0.006026656109910267,-0.12593096571214182,-0.023685662711336097,503,335,0.6660039761431411,0.9644717857607934,0.9845308567781486,1.0347122651684273
AD|e=E2|f=1|sp=0.5|k=1|tp=MID|sl=10|15m,15m,E2,1,0.5,1,MID,10.0,-4.538500910614144e-06,-0.0016565528323741624,-0.009507268187748608,-0.1868808137087557,-0.027885041261780374,502,334,0.6653386454183267,0.952711472880208,0.9826827336803269,1.0384079816232443
AD|e=E2|f=1|sp=0.5|k=1|tp=A0.5|sl=-|15m,15m,E2,1,0.5,1,A0.5,,2.0819182292919233e-05,0.00759900153691552,0.03976442036196559,0.20668975847107243,-0.12436471912449842,336,318,0.9464285714285714,1.0176424556956631,1.025099594959855,1.0694546052733833
AD|e=E2|f=1|sp=0.5|k=1|tp=A0.5|sl=6|15m,15m,E2,1,0.5,1,A0.5,6.0,-7.913104142039253e-06,-0.0028882830118443273,-0.016244044527696566,-0.4665727976018359,-0.02409526439559695,560,486,0.8678571428571429,0.9712728624304076,0.951644019251483,1.0299057437657921
AD|e=E2|f=1|sp=0.5|k=1|tp=A0.5|sl=10|15m,15m,E2,1,0.5,1,A0.5,10.0,-1.3998844105864622e-05,-0.005109578098640587,-0.028554727676454617,-0.6248641887699679,-0.03471411587273099,559,496,0.8872987477638641,0.9500171609266028,0.9270451695187851,1.04038665607755
AD|e=E2|f=1|sp=0.5|k=1|tp=A1.0|sl=-|15m,15m,E2,1,0.5,1,A1.0,,3.7183233638695474e-05,0.013571880278123848,0.07427055666213644,0.3286197001514026,-0.12127669509334293,294,290,0.9863945578231292,1.0545403956603763,1.0641780207051952,1.095552297712193
AD|e=E2|f=1|sp=0.5|k=1|tp=A1.0|sl=6|15m,15m,E2,1,0.5,1,A1.0,6.0,-9.635342893841798e-06,-0.0035169001562522562,-0.01983778314121265,-0.3920395968306565,-0.040467051922540076,520,441,0.8480769230769231,0.9836754206487278,0.9581009694314025,0.9990339184615329
AD|e=E2|f=1|sp=0.5|k=1|tp=A1.0|sl=10|15m,15m,E2,1,0.5,1,A1.0,10.0,-1.5643591343979052e-05,-0.005709910840552354,-0.032030862674348515,-0.4843385493327344,-0.05188386344120288,519,460,0.8863198458574181,0.9748260872388749,0.9336430243017455,0.9955012050419404
AD|e=E2|f=1|sp=0.5|k=1|tp=A2.0|sl=-|15m,15m,E2,1,0.5,1,A2.0,,2.8476439517266725e-05,0.010393900423802354,0.05419868599279054,0.229731446465889,-0.12583632700825975,196,194,0.9897959183673469,1.1144808353771898,1.0697626374294145,0.9721064101099159
AD|e=E2|f=1|sp=0.5|k=1|tp=A2.0|sl=6|15m,15m,E2,1,0.5,1,A2.0,6.0,8.139718403178669e-06,0.0029709972171602143,0.0164287215623109,0.23770868701312506,-0.022878497383222896,503,393,0.7813121272365805,1.0260254827399382,0.9794439593510496,1.0448413722155419
AD|e=E2|f=1|sp=0.5|k=1|tp=A2.0|sl=10|15m,15m,E2,1,0.5,1,A2.0,10.0,1.0004691657985688e-05,0.003651712455164776,0.020108164589318633,0.23838909305647146,-0.031145445723281373,502,425,0.8466135458167331,1.036578632291689,0.9766693316587125,1.0473088786531621
AD|e=E2|f=1|sp=0.5|k=2|tp=MID|sl=-|15m,15m,E2,1,0.5,2,MID,,-5.924207468551847e-06,-0.0021623357260214244,-0.012539300308800905,-0.17368155575369668,-0.03584503925390914,502,364,0.7250996015936255,0.9256271323236166,0.9937013997208564,1.046867059420565
AD|e=E2|f=1|sp=0.5|k=2|tp=MID|sl=6|15m,15m,E2,1,0.5,2,MID,6.0,-1.0946270949068575e-06,-0.00039953888964100296,-0.002532464797442846,-0.039735063985245206,-0.02354129727731813,503,363,0.7216699801192843,0.9491940647971412,0.9937935797942804,1.0522508966510158
AD|e=E2|f=1|sp=0.5|k=2|tp=MID|sl=10|15m,15m,E2,1,0.5,2,MID,10.0,-6.236746172904129e-06,-0.002276412353110007,-0.01311480791474795,-0.19654998122820191,-0.036406963909134116,502,364,0.7250996015936255,0.9337110313273617,0.983986102572768,1.046135755757741
AD|e=E2|f=1|sp=0.5|k=2|tp=A0.5|sl=-|15m,15m,E2,1,0.5,2,A0.5,,2.825207237063665e-05,0.010312006415282378,0.050954922811929926,0.18913667731107212,-0.18783184510097517,357,338,0.9467787114845938,1.0161930026505737,1.035996639721589,1.0882072864711452
AD|e=E2|f=1|sp=0.5|k=2|tp=A0.5|sl=6|15m,15m,E2,1,0.5,2,A0.5,6.0,-1.2817416682714826e-05,-0.004678357089190912,-0.02621447225514828,-0.5404019186778096,-0.038399062738755485,561,495,0.8823529411764706,0.956078573561002,0.951406197972847,1.014728180368105
AD|e=E2|f=1|sp=0.5|k=2|tp=A0.5|sl=10|15m,15m,E2,1,0.5,2,A0.5,10.0,-6.35211542729276e-06,-0.002318522130961857,-0.013314912598698991,-0.2098425944832751,-0.04017899199233821,560,508,0.9071428571428571,0.9331353561711364,0.9563941969442675,1.075331836919921
AD|e=E2|f=1|sp=0.5|k=2|tp=A1.0|sl=-|15m,15m,E2,1,0.5,2,A1.0,,5.106986317275115e-05,0.01864050005805417,0.09918906543055672,0.3065730919857674,-0.18392649206392664,304,301,0.9901315789473685,1.0597765176884346,1.0820559462651695,1.136162605077017
AD|e=E2|f=1|sp=0.5|k=2|tp=A1.0|sl=6|15m,15m,E2,1,0.5,2,A1.0,6.0,-1.136263225258741e-05,-0.004147360772194405,-0.02348297701167501,-0.347566846672873,-0.048010908812784026,520,458,0.8807692307692307,0.97936320331118,0.9462249050174112,1.0040569281634362
AD|e=E2|f=1|sp=0.5|k=2|tp=A1.0|sl=10|15m,15m,E2,1,0.5,2,A1.0,10.0,-1.430984404340392e-05,-0.005223093075842431,-0.029690553076307746,-0.3270821459624362,-0.05088366559193991,519,473,0.9113680154142582,0.9470138611994703,0.9009028428218766,1.068305615062541
AD|e=E2|f=1|sp=0.5|k=2|tp=A2.0|sl=-|15m,15m,E2,1,0.5,2,A2.0,,3.662375755444485e-05,0.013367671507372371,0.06326265013286658,0.18994913998941657,-0.19104853184850557,199,197,0.9899497487437185,1.1400150861238034,1.0829733221437354,0.9484162225745413
AD|e=E2|f=1|sp=0.5|k=2|tp=A2.0|sl=6|15m,15m,E2,1,0.5,2,A2.0,6.0,7.295876145591523e-06,0.002662994793140906,0.014288526335364038,0.15676970934921067,-0.03348620084571141,504,406,0.8055555555555556,1.027022889450582,0.984539250362208,1.030514941588529
AD|e=E2|f=1|sp=0.5|k=2|tp=A2.0|sl=10|15m,15m,E2,1,0.5,2,A2.0,10.0,1.2892385008010314e-05,0.004705720527923765,0.025504220944063016,0.21722641255289415,-0.042220604006485085,503,435,0.8648111332007953,1.0270988381101656,0.9625533588326434,1.0866740439640443
AD|e=E2|f=1|sp=0.5|k=3|tp=MID|sl=-|15m,15m,E2,1,0.5,3,MID,,-4.487437513710895e-06,-0.0016379146925044766,-0.009781291322435881,-0.11224694789329381,-0.04534288470612702,502,377,0.750996015936255,0.9154299862590368,0.9969438980100647,1.0635737174706046
AD|e=E2|f=1|sp=0.5|k=3|tp=MID|sl=6|15m,15m,E2,1,0.5,3,MID,6.0,-8.537868235964254e-07,-0.0003116321906126953,-0.0021439918663979096,-0.026479958765626824,-0.026147904211833217,503,375,0.7455268389662028,0.9352902281640525,0.9964066426905941,1.0659356122246408
AD|e=E2|f=1|sp=0.5|k=3|tp=MID|sl=10|15m,15m,E2,1,0.5,3,MID,10.0,-3.4491283749035457e-06,-0.0012589318568397942,-0.007592484499910901,-0.09197387705230388,-0.03772739976938544,502,377,0.750996015936255,0.9195842886046138,1.00274570424105,1.0595953262169027
AD|e=E2|f=1|sp=0.5|k=3|tp=A0.5|sl=-|15m,15m,E2,1,0.5,3,A0.5,,3.2773507729934775e-05,0.011962330321426193,0.053772960455186425,0.16411705361782397,-0.25169327523017726,372,354,0.9516129032258065,1.0051804733103837,1.043177666654434,1.0937197395586518
AD|e=E2|f=1|sp=0.5|k=3|tp=A0.5|sl=6|15m,15m,E2,1,0.5,3,A0.5,6.0,-1.2116146538074485e-05,-0.004422393486397187,-0.024887561151833326,-0.4350731160697426,-0.03993228156769513,561,503,0.8966131907308378,0.9238597236711831,0.9782260042312317,1.025084040429559
AD|e=E2|f=1|sp=0.5|k=3|tp=A0.5|sl=10|15m,15m,E2,1,0.5,3,A0.5,10.0,-4.45460556639119e-06,-0.0016259310317327843,-0.009619953534923065,-0.12125669242377586,-0.05276027481225998,560,514,0.9178571428571428,0.8888588708272991,1.021929262342822,1.0679226683154668
AD|e=E2|f=1|sp=0.5|k=3|tp=A1.0|sl=-|15m,15m,E2,1,0.5,3,A1.0,,6.712019286549755e-05,0.024498870395906605,0.12797680958626168,0.31051836901776947,-0.24704752979004174,321,318,0.9906542056074766,1.0543012865080434,1.1169173274461945,1.1810628342455218
AD|e=E2|f=1|sp=0.5|k=3|tp=A1.0|sl=6|15m,15m,E2,1,0.5,3,A1.0,6.0,-8.073291238235678e-06,-0.0029467513019560227,-0.01698818121369783,-0.213841769899118,-0.04139637195050916,520,464,0.8923076923076924,0.9348781341543977,0.9089665033018699,1.1160879226814744
AD|e=E2|f=1|sp=0.5|k=3|tp=A1.0|sl=10|15m,15m,E2,1,0.5,3,A1.0,10.0,-1.253238667211384e-05,-0.004574321135321552,-0.026381072545482054,-0.2469240523358296,-0.06913909699302645,519,478,0.9210019267822736,0.9102265651319206,0.8583571251750047,1.177866626013879
AD|e=E2|f=1|sp=0.5|k=3|tp=A2.0|sl=-|15m,15m,E2,1,0.5,3,A2.0,,0.00010286662445117409,0.037546317924678545,0.20636050568133446,0.40796598959621844,-0.2576998874381098,245,245,1.0,1.1659744893882935,1.0914190751341306,1.319235825625039
AD|e=E2|f=1|sp=0.5|k=3|tp=A2.0|sl=6|15m,15m,E2,1,0.5,3,A2.0,6.0,-8.815938140506496e-07,-0.00032178174212848707,-0.0028778933336249812,-0.01651698276086677,-0.045505046798969384,504,413,0.8194444444444444,1.0066000235690982,0.9257868890947809,1.0606117422200245
AD|e=E2|f=1|sp=0.5|k=3|tp=A2.0|sl=10|15m,15m,E2,1,0.5,3,A2.0,10.0,3.2386280743375314e-06,0.001182099247133199,0.004665563789603144,0.04434318147250783,-0.06272098292046346,503,441,0.8767395626242545,0.9863093127609225,0.9128206997171168,1.118401908361556
AD|e=E2|f=1|sp=1|k=1|tp=MID|sl=-|15m,15m,E2,1,1.0,1,MID,,-6.6364008345532065e-06,-0.0024222863046119204,-0.01378486555795011,-0.2647915385769079,-0.030558679642010755,502,349,0.6952191235059761,0.9398206424108437,0.9914446468781366,1.0299675338948828
AD|e=E2|f=1|sp=1|k=1|tp=MID|sl=6|15m,15m,E2,1,1.0,1,MID,6.0,-4.260466724097189e-06,-0.0015550703542954738,-0.008885310602148588,-0.2029441264951883,-0.02548907996160854,503,350,0.6958250497017893,0.9563987084946044,0.9903463770101144,1.0284387030450917
AD|e=E2|f=1|sp=1|k=1|tp=MID|sl=10|15m,15m,E2,1,1.0,1,MID,10.0,-5.926016495338086e-06,-0.0021629960207984016,-0.012309619962568186,-0.2555274723647727,-0.029108525423226617,502,349,0.6952191235059761,0.9466676806193755,0.9874826105775804,1.0312151056656365
AD|e=E2|f=1|sp=1|k=1|tp=A0.5|sl=-|15m,15m,E2,1,1.0,1,A0.5,,2.0597712818859463e-05,0.007518165178883704,0.039496577165962554,0.21002098387653143,-0.12471889672409497,347,329,0.9481268011527377,1.0175938474056239,1.0306609629912815,1.0640525155710132
AD|e=E2|f=1|sp=1|k=1|tp=A0.5|sl=6|15m,15m,E2,1,1.0,1,A0.5,6.0,-8.388905774574265e-06,-0.0030619506077196068,-0.017203938143623088,-0.4993664809801258,-0.026365026037343586,560,486,0.8678571428571429,0.9762283039154034,0.9526131132063278,1.0206690527287117
AD|e=E2|f=1|sp=1|k=1|tp=A0.5|sl=10|15m,15m,E2,1,1.0,1,A0.5,10.0,-1.0531058735858282e-05,-0.003843836438588273,-0.02159838933720204,-0.4769904206080512,-0.02946268086847692,559,498,0.8908765652951699,0.9587389717376095,0.9468957541230463,1.0312775231440259
AD|e=E2|f=1|sp=1|k=1|tp=A1.0|sl=-|15m,15m,E2,1,1.0,1,A1.0,,3.769144907873708e-05,0.013757378913739035,0.07592195716956307,0.35160188928436703,-0.12115395739148116,304,300,0.9868421052631579,1.0479814543082355,1.0641403191086867,1.108287062270091
AD|e=E2|f=1|sp=1|k=1|tp=A1.0|sl=6|15m,15m,E2,1,1.0,1,A1.0,6.0,-2.7525076069438486e-06,-0.0010046652765345048,-0.005825575907979497,-0.12450511759839687,-0.030371882325964883,519,449,0.8651252408477842,0.9862863336589017,0.9734377371411003,1.023459491402836
AD|e=E2|f=1|sp=1|k=1|tp=A1.0|sl=10|15m,15m,E2,1,1.0,1,A1.0,10.0,-6.6651198602825825e-06,-0.0024327687490031426,-0.013949287456387793,-0.22017721383945188,-0.03248253492392017,518,466,0.8996138996138996,0.9780194294719838,0.9529742768996609,1.027893285058314
AD|e=E2|f=1|sp=1|k=1|tp=A2.0|sl=-|15m,15m,E2,1,1.0,1,A2.0,,2.6161817175731616e-05,0.00954906326914204,0.04919695838915872,0.2111113073950832,-0.1255661397331197,197,195,0.9898477157360406,1.1051186967292668,1.059745021307253,0.9755915884251907
AD|e=E2|f=1|sp=1|k=1|tp=A2.0|sl=6|15m,15m,E2,1,1.0,1,A2.0,6.0,7.954438073862578e-06,0.002903369896959841,0.016086315902994253,0.24483828025628246,-0.023237673010769733,504,398,0.7896825396825397,1.0202321617072314,0.9836077927567777,1.0453644252362577
AD|e=E2|f=1|sp=1|k=1|tp=A2.0|sl=10|15m,15m,E2,1,1.0,1,A2.0,10.0,7.435581739760223e-06,0.002713987335012481,0.014766653557133802,0.1816323218224955,-0.035354782207215996,503,429,0.852882703777336,1.0309510964037951,0.9774051538700214,1.0358934774394606
AD|e=E2|f=1|sp=1|k=2|tp=MID|sl=-|15m,15m,E2,1,1.0,2,MID,,-8.871900475170095e-06,-0.0032382436734370848,-0.018442777129618393,-0.28156089544279495,-0.03735762296024692,502,372,0.7410358565737052,0.9236173193646223,0.9905179077487037,1.0339336047685164
AD|e=E2|f=1|sp=1|k=2|tp=MID|sl=6|15m,15m,E2,1,1.0,2,MID,6.0,-6.213507417762543e-06,-0.0022679302074833283,-0.012930012673611935,-0.24621509106750933,-0.03099043990960204,503,370,0.73558648111332,0.944287899949252,0.9825855496469029,1.0368066522184012
AD|e=E2|f=1|sp=1|k=2|tp=MID|sl=10|15m,15m,E2,1,1.0,2,MID,10.0,-8.927253729889829e-06,-0.0032584476114097876,-0.01850135141983078,-0.306084564854782,-0.03741506850967624,502,372,0.7410358565737052,0.9261462653113822,0.9882665845126796,1.0332113359517892
AD|e=E2|f=1|sp=1|k=2|tp=A0.5|sl=-|15m,15m,E2,1,1.0,2,A0.5,,2.5037954572860086e-05,0.009138853419093932,0.04470111321459469,0.17441691431970566,-0.1884988493450349,370,351,0.9486486486486486,1.0081442658038493,1.0379153293798837,1.0778975522191092
AD|e=E2|f=1|sp=1|k=2|tp=A0.5|sl=6|15m,15m,E2,1,1.0,2,A0.5,6.0,-7.761522943945324e-06,-0.0028329558745400435,-0.01599222342080442,-0.3718037853033119,-0.031489802509250486,560,498,0.8892857142857142,0.9673854189735941,0.9692731817919302,1.015813095711708
AD|e=E2|f=1|sp=1|k=2|tp=A0.5|sl=10|15m,15m,E2,1,1.0,2,A0.5,10.0,-2.849970032980014e-07,-0.0001040239062037705,-0.0008633082862541386,-0.01048431425626564,-0.037145836855435155,559,510,0.9123434704830053,0.9370365651404936,0.9979921441297311,1.065853128952839
AD|e=E2|f=1|sp=1|k=2|tp=A1.0|sl=-|15m,15m,E2,1,1.0,2,A1.0,,4.976363233544351e-05,0.018163725802436883,0.09711555734473976,0.31089521001406195,-0.18429964794910403,319,316,0.9905956112852664,1.045778373107381,1.0918726610839165,1.1375507687728466
AD|e=E2|f=1|sp=1|k=2|tp=A1.0|sl=6|15m,15m,E2,1,1.0,2,A1.0,6.0,-4.376351743729476e-06,-0.0015973683864612587,-0.009259549965668246,-0.15358324411546836,-0.031064380073163478,519,462,0.8901734104046243,0.9758057017219616,0.9430867667947326,1.0561171249513817
AD|e=E2|f=1|sp=1|k=2|tp=A1.0|sl=10|15m,15m,E2,1,1.0,2,A1.0,10.0,-8.673885735469322e-06,-0.0031659682934463023,-0.018229171434233415,-0.2239419235959136,-0.04739347319578768,518,476,0.918918918918919,0.9420448585965416,0.9079530557938801,1.1046068753811622
AD|e=E2|f=1|sp=1|k=2|tp=A2.0|sl=-|15m,15m,E2,1,1.0,2,A2.0,,9.315865043439008e-05,0.03400290740855238,0.19710770082637508,0.5296582530532665,-0.1761717607942883,295,294,0.9966101694915255,1.1191301150076982,1.216855613123462,1.234630063827144
AD|e=E2|f=1|sp=1|k=2|tp=A2.0|sl=6|15m,15m,E2,1,1.0,2,A2.0,6.0,3.1266927907578933e-06,0.0011412428686266311,0.005813649753233063,0.07622171114606259,-0.026792362340939402,504,411,0.8154761904761905,1.032055857297701,0.9485117049080386,1.038219483768182
AD|e=E2|f=1|sp=1|k=2|tp=A2.0|sl=10|15m,15m,E2,1,1.0,2,A2.0,10.0,1.8823221006895147e-05,0.0068704756675167285,0.03821985942726536,0.3339640839017512,-0.041580661715735934,503,442,0.878727634194831,1.0028425289476584,0.9659382607951242,1.1513545300541572
AD|e=E2|f=1|sp=1|k=3|tp=MID|sl=-|15m,15m,E2,1,1.0,3,MID,,-9.492518582891317e-06,-0.003464769282755331,-0.01981787617601405,-0.2608440916727108,-0.044449687220841416,502,375,0.7470119521912351,0.9123262950420128,0.9991709513270365,1.0330815572085965
AD|e=E2|f=1|sp=1|k=3|tp=MID|sl=6|15m,15m,E2,1,1.0,3,MID,6.0,-8.09382098816841e-06,-0.0029542446606814696,-0.016821229297470652,-0.276072669218823,-0.03657658387264062,503,372,0.7395626242544732,0.9260410778966122,0.9902799401368857,1.03638780830655
AD|e=E2|f=1|sp=1|k=3|tp=MID|sl=10|15m,15m,E2,1,1.0,3,MID,10.0,-1.147631043726981e-05,-0.00418885330960348,-0.0237779805126771,-0.325174929084778,-0.04380309284963435,502,375,0.7470119521912351,0.9066543684878108,0.9983967065348066,1.0276221422236516
AD|e=E2|f=1|sp=1|k=3|tp=A0.5|sl=-|15m,15m,E2,1,1.0,3,A0.5,,3.153518621885808e-05,0.011510342969883198,0.050964593016997295,0.15727141612876847,-0.25198138298566564,370,352,0.9513513513513514,1.0019584989280532,1.0445402526823127,1.0864641480392478
AD|e=E2|f=1|sp=1|k=3|tp=A0.5|sl=6|15m,15m,E2,1,1.0,3,A0.5,6.0,-7.731921454071527e-06,-0.0028221513307361075,-0.016033112617634626,-0.2906187060337317,-0.030355639143861857,560,503,0.8982142857142857,0.9531563524302674,0.9747360466044326,1.0247781474255577
AD|e=E2|f=1|sp=1|k=3|tp=A0.5|sl=10|15m,15m,E2,1,1.0,3,A0.5,10.0,-1.0845239918930628e-05,-0.003958512570409679,-0.022512391255492537,-0.30642156828310035,-0.057234074570733595,559,511,0.9141323792486583,0.8921431357358225,0.9950545979082307,1.0507549577731103
AD|e=E2|f=1|sp=1|k=3|tp=A1.0|sl=-|15m,15m,E2,1,1.0,3,A1.0,,6.028068650875061e-05,0.02200245057569397,0.11159185613372236,0.2744490349041302,-0.24739030567759623,322,319,0.9906832298136646,1.0403065384946029,1.1052646234832082,1.158558133021925
AD|e=E2|f=1|sp=1|k=3|tp=A1.0|sl=6|15m,15m,E2,1,1.0,3,A1.0,6.0,-5.704704176315583e-06,-0.002082217024355188,-0.012091714016059685,-0.16738547596056744,-0.03309402600583833,519,469,0.9036608863198459,0.959815980770212,0.9573476658542494,1.0480734253232429
AD|e=E2|f=1|sp=1|k=3|tp=A1.0|sl=10|15m,15m,E2,1,1.0,3,A1.0,10.0,-1.3063519232934931e-05,-0.00476818452002125,-0.027329958726745374,-0.274619983590117,-0.061037841265368264,518,481,0.9285714285714286,0.901874659398071,0.9312707488898694,1.0929185003167823
AD|e=E2|f=1|sp=1|k=3|tp=A2.0|sl=-|15m,15m,E2,1,1.0,3,A2.0,,0.00011505611286941453,0.0419954811973363,0.2399745342180868,0.4816170150799867,-0.2388047275019225,295,294,0.9966101694915255,1.1331112090491142,1.277272510481923,1.268948533371583
AD|e=E2|f=1|sp=1|k=3|tp=A2.0|sl=6|15m,15m,E2,1,1.0,3,A2.0,6.0,3.1706952374208335e-06,0.0011573037616586042,0.005584749407674172,0.06306010107829704,-0.039544952199246364,504,420,0.8333333333333334,1.0117985415246697,0.9110672130285868,1.1002180684048672
AD|e=E2|f=1|sp=1|k=3|tp=A2.0|sl=10|15m,15m,E2,1,1.0,3,A2.0,10.0,1.4941473152982651e-05,0.005453637700838667,0.029346048534684588,0.21616033927693598,-0.06303065427490506,503,448,0.8906560636182903,0.9468014570254895,0.9553987027017111,1.199107250656512
AD|e=E2|f=1|sp=1.5|k=1|tp=MID|sl=-|15m,15m,E2,1,1.5,1,MID,,-5.699619801442467e-06,-0.0020803612275265004,-0.011859574569069276,-0.24009055625388542,-0.028378860837731334,502,340,0.6772908366533864,0.9460618790757828,0.9909461807731256,1.0297458555052756
AD|e=E2|f=1|sp=1.5|k=1|tp=MID|sl=6|15m,15m,E2,1,1.5,1,MID,6.0,-3.229853434882376e-06,-0.0011788965037320672,-0.00675963863610507,-0.16608394679266217,-0.02281459792649765,503,340,0.6759443339960238,0.9625143512635259,0.9885217410450944,1.0304491680715622
AD|e=E2|f=1|sp=1.5|k=1|tp=MID|sl=10|15m,15m,E2,1,1.5,1,MID,10.0,-3.905719453324131e-06,-0.0014255876004633076,-0.008167269038735436,-0.18327497595621295,-0.024748281607098077,502,340,0.6772908366533864,0.9538038658886775,0.9927653367654676,1.0309931587630057
AD|e=E2|f=1|sp=1.5|k=1|tp=A0.5|sl=-|15m,15m,E2,1,1.5,1,A0.5,,1.9193837607338277e-05,0.007005750726678471,0.03665402908335036,0.19985407172550174,-0.12523180385756894,353,335,0.9490084985835694,1.0146463093111475,1.0317397247862305,1.05819015285946
AD|e=E2|f=1|sp=1.5|k=1|tp=A0.5|sl=6|15m,15m,E2,1,1.5,1,A0.5,6.0,-7.708160054890604e-06,-0.0028134784200350704,-0.0158261221239947,-0.461735137344001,-0.025826027179115973,558,488,0.8745519713261649,0.9768469537644278,0.9605974931535276,1.0158266812148642
AD|e=E2|f=1|sp=1.5|k=1|tp=A0.5|sl=10|15m,15m,E2,1,1.5,1,A0.5,10.0,-5.3418501745327375e-06,-0.001949775313704449,-0.011087423981113287,-0.2537124067946113,-0.025353840931589988,557,502,0.9012567324955116,0.9609014602314503,0.9711970514253057,1.036015417320553
AD|e=E2|f=1|sp=1.5|k=1|tp=A1.0|sl=-|15m,15m,E2,1,1.5,1,A1.0,,3.884592884590938e-05,0.014178764028756924,0.07846450064142996,0.36181580669049906,-0.12099694266260319,303,300,0.9900990099009901,1.0476731185043142,1.0711840848470817,1.108949589724302
AD|e=E2|f=1|sp=1.5|k=1|tp=A1.0|sl=6|15m,15m,E2,1,1.5,1,A1.0,6.0,-3.2961636352909137e-06,-0.0012030997268811835,-0.006942306317124336,-0.14666597471137763,-0.02988185336854543,518,449,0.8667953667953668,0.9914868776473063,0.9630110392718899,1.025625721727741
AD|e=E2|f=1|sp=1.5|k=1|tp=A1.0|sl=10|15m,15m,E2,1,1.5,1,A1.0,10.0,-4.47584963884091e-06,-0.0016336851181769322,-0.00948431561416585,-0.15160122641130333,-0.030857097621308394,517,468,0.9052224371373307,0.9805695498744291,0.9551540993734371,1.0368879027231035
AD|e=E2|f=1|sp=1.5|k=1|tp=A2.0|sl=-|15m,15m,E2,1,1.5,1,A2.0,,2.4275216611860773e-05,0.008860454063329182,0.04514071027433619,0.19597622045972662,-0.12702011042860706,198,196,0.98989898989899,1.0982417946905512,1.0569127867731687,0.9729867461099977
AD|e=E2|f=1|sp=1.5|k=1|tp=A2.0|sl=6|15m,15m,E2,1,1.5,1,A2.0,6.0,3.566500512500131e-06,0.0013017726870625478,0.006989622726226052,0.11396941374007868,-0.022553660861010072,504,399,0.7916666666666666,1.0039565794988192,0.9758568288023026,1.04231647789758
AD|e=E2|f=1|sp=1.5|k=1|tp=A2.0|sl=10|15m,15m,E2,1,1.5,1,A2.0,10.0,6.283045935739932e-06,0.002293311766545075,0.012414092245464747,0.15977240439880425,-0.02943434445891968,503,432,0.8588469184890656,1.0180053116410026,0.9726040814668028,1.0470490025414423
AD|e=E2|f=1|sp=1.5|k=2|tp=MID|sl=-|15m,15m,E2,1,1.5,2,MID,,-8.338263265094992e-06,-0.003043466091759672,-0.01731928372795344,-0.2829045403415304,-0.03579099927060836,502,350,0.6972111553784861,0.9312026358700909,0.994349997294364,1.0251882709321385
AD|e=E2|f=1|sp=1.5|k=2|tp=MID|sl=6|15m,15m,E2,1,1.5,2,MID,6.0,-5.716127119746494e-06,-0.0020863863987074707,-0.011881260129743998,-0.24776097989968732,-0.02993536638741534,503,348,0.6918489065606361,0.9466441198210458,0.9930207002204955,1.0267173748521126
AD|e=E2|f=1|sp=1.5|k=2|tp=MID|sl=10|15m,15m,E2,1,1.5,2,MID,10.0,-8.283114686655004e-06,-0.0030233368606290764,-0.017173737684824997,-0.29705734465157846,-0.03564818909586809,502,350,0.6972111553784861,0.93195423885217,0.9962601497062197,1.022803232907811
AD|e=E2|f=1|sp=1.5|k=2|tp=A0.5|sl=-|15m,15m,E2,1,1.5,2,A0.5,,2.4218321589836698e-05,0.008839687380290395,0.0424052651515352,0.16335201460959098,-0.1889600598981367,360,341,0.9472222222222222,1.0075478678176073,1.0390845816165393,1.0678706534352382
AD|e=E2|f=1|sp=1.5|k=2|tp=A0.5|sl=6|15m,15m,E2,1,1.5,2,A0.5,6.0,-9.618092703834741e-06,-0.003510603836899681,-0.01974128433173128,-0.46054292278797254,-0.030334713284309256,558,496,0.8888888888888888,0.9616608379292676,0.9646847462658691,1.0149554737737934
AD|e=E2|f=1|sp=1.5|k=2|tp=A0.5|sl=10|15m,15m,E2,1,1.5,2,A0.5,10.0,-1.0859478041512314e-05,-0.003963709485151994,-0.022385684265151307,-0.37649236806769454,-0.0479144861770604,557,506,0.9084380610412927,0.9207035985615688,0.9564645368317208,1.060090248187631
AD|e=E2|f=1|sp=1.5|k=2|tp=A1.0|sl=-|15m,15m,E2,1,1.5,2,A1.0,,4.759701104452138e-05,0.017372909031250303,0.09235566533007522,0.29901090362907656,-0.18432657770059024,320,317,0.990625,1.0448863288069539,1.0959519458182438,1.1193338128971624
AD|e=E2|f=1|sp=1.5|k=2|tp=A1.0|sl=6|15m,15m,E2,1,1.5,2,A1.0,6.0,-4.180079959715936e-06,-0.0015257291852963165,-0.008821908325081895,-0.15682726965422206,-0.03137319258155047,518,462,0.8918918918918919,0.9883617373056055,0.952604209126827,1.0337786966507239
AD|e=E2|f=1|sp=1.5|k=2|tp=A1.0|sl=10|15m,15m,E2,1,1.5,2,A1.0,10.0,-4.646535226292955e-06,-0.0016959853575969285,-0.010024020686623114,-0.12476731204051515,-0.0425124009585095,517,478,0.9245647969052224,0.9534500027348999,0.9480153314154389,1.0720150894614726
AD|e=E2|f=1|sp=1.5|k=2|tp=A2.0|sl=-|15m,15m,E2,1,1.5,2,A2.0,,8.91084095095739e-05,0.032524569470994476,0.18735783469637846,0.5099663095027561,-0.17874520153068474,295,294,0.9966101694915255,1.112669234239672,1.2162112547543171,1.2123021208612335
AD|e=E2|f=1|sp=1.5|k=2|tp=A2.0|sl=6|15m,15m,E2,1,1.5,2,A2.0,6.0,2.640289551603765e-06,0.0009637056863353742,0.0049006511158979915,0.06963634333379277,-0.026963014510437255,504,417,0.8273809523809523,1.014846385031027,0.9585668473694162,1.0421272579979917
AD|e=E2|f=1|sp=1.5|k=2|tp=A2.0|sl=10|15m,15m,E2,1,1.5,2,A2.0,10.0,1.2779221740995085e-05,0.004664415935463206,0.025521159673937976,0.23909020724999788,-0.04586844000121659,503,447,0.8886679920477137,0.9862591015636697,0.9974293157303233,1.0931825762463738
AD|e=E2|f=1|sp=1.5|k=3|tp=MID|sl=-|15m,15m,E2,1,1.5,3,MID,,-1.0269424090299778e-05,-0.003748339792959419,-0.02129889048960054,-0.30979490158074996,-0.04185988973899424,502,353,0.703187250996016,0.9233904549992169,0.9916498802528485,1.0240358888640533
AD|e=E2|f=1|sp=1.5|k=3|tp=MID|sl=6|15m,15m,E2,1,1.5,3,MID,6.0,-6.234916747765512e-06,-0.002275744612934412,-0.012969053369827899,-0.24947794277580718,-0.03126058514052832,503,350,0.6958250497017893,0.9438280050683039,0.9903946577384528,1.0290520391855635
AD|e=E2|f=1|sp=1.5|k=3|tp=MID|sl=10|15m,15m,E2,1,1.5,3,MID,10.0,-1.1607413085427226e-05,-0.0042367057761809376,-0.023994788632020425,-0.34711380247252416,-0.04258287343583134,502,353,0.703187250996016,0.9228140450110018,0.995161894084641,1.0125302518740131
AD|e=E2|f=1|sp=1.5|k=3|tp=A0.5|sl=-|15m,15m,E2,1,1.5,3,A0.5,,2.769540910271281e-05,0.010108824322490176,0.04208230537747393,0.1354860161186387,-0.25217481285290644,367,349,0.9509536784741145,1.001913305059357,1.029072041817324,1.0730686040188586
AD|e=E2|f=1|sp=1.5|k=3|tp=A0.5|sl=6|15m,15m,E2,1,1.5,3,A0.5,6.0,-1.3765576308140563e-05,-0.0050244353524713055,-0.02814311032335237,-0.5397123432728603,-0.03458677608429528,558,499,0.8942652329749103,0.9525299068515072,0.9334481302622628,1.031692159234613
AD|e=E2|f=1|sp=1.5|k=3|tp=A0.5|sl=10|15m,15m,E2,1,1.5,3,A0.5,10.0,-1.4295519265360372e-07,-5.2178645318565356e-05,-0.0008458555228875175,-0.003733643830756189,-0.04722972786069213,557,515,0.9245960502692998,0.9324272757095508,0.996774371301627,1.0715375435995185
AD|e=E2|f=1|sp=1.5|k=3|tp=A1.0|sl=-|15m,15m,E2,1,1.5,3,A1.0,,5.651554525180352e-05,0.020628174016908286,0.10410998484651124,0.2646188410637484,-0.24699255768966255,326,323,0.99079754601227,1.035698779630195,1.1021805450172446,1.1453924485803046
AD|e=E2|f=1|sp=1.5|k=3|tp=A1.0|sl=6|15m,15m,E2,1,1.5,3,A1.0,6.0,-1.242634921609811e-05,-0.004535617463875811,-0.02557560549841076,-0.40174337576190533,-0.04263766998376284,518,465,0.8976833976833977,0.9850737377891333,0.9121733657036216,1.0286582807717752
AD|e=E2|f=1|sp=1.5|k=3|tp=A1.0|sl=10|15m,15m,E2,1,1.5,3,A1.0,10.0,-5.23621843947289e-06,-0.0019112197304076047,-0.011588904634128205,-0.10765261112647086,-0.04475704482159926,517,485,0.9381044487427466,0.9534830379955419,0.9446303267946146,1.0695219142791912
AD|e=E2|f=1|sp=1.5|k=3|tp=A2.0|sl=-|15m,15m,E2,1,1.5,3,A2.0,,0.00010434363007588388,0.03808542497769762,0.2132586752602854,0.4392492227126081,-0.2413856872877599,296,295,0.9966216216216216,1.1159989678965176,1.2397472528212563,1.2441545407670742
AD|e=E2|f=1|sp=1.5|k=3|tp=A2.0|sl=6|15m,15m,E2,1,1.5,3,A2.0,6.0,8.232486900609419e-06,0.003004857718722438,0.01630915577493841,0.18444439948913113,-0.03538550897889514,504,428,0.8492063492063492,1.0374277081904664,0.9514522769698792,1.0611854435665518
AD|e=E2|f=1|sp=1.5|k=3|tp=A2.0|sl=10|15m,15m,E2,1,1.5,3,A2.0,10.0,2.166026423767056e-05,0.007905996446749754,0.04380252883344293,0.32567583456771954,-0.03899406472185152,503,457,0.9085487077534792,1.0102552915741307,1.0052987912713776,1.1139199592289777
AD|e=E2|f=1|sp=2|k=1|tp=MID|sl=-|15m,15m,E2,1,2.0,1,MID,,-6.630068234192953e-06,-0.002419974905480428,-0.013729292693623663,-0.2928004106082607,-0.027246385941902873,502,329,0.6553784860557769,0.9472921060508709,0.9830796609212159,1.0308217217616855
AD|e=E2|f=1|sp=2|k=1|tp=MID|sl=6|15m,15m,E2,1,2.0,1,MID,6.0,-4.203476148786599e-06,-0.0015342687943071085,-0.008723472770222007,-0.23574463960592099,-0.021382928433474557,503,328,0.6520874751491054,0.9615458596592985,0.9788387211531661,1.0356015783868544
AD|e=E2|f=1|sp=2|k=1|tp=MID|sl=10|15m,15m,E2,1,2.0,1,MID,10.0,-5.094011610214143e-06,-0.0018593142377281622,-0.010569443776787923,-0.2529707445341126,-0.02412984356569725,502,329,0.6553784860557769,0.9531467738436216,0.9852696017713459,1.0320703281870611
AD|e=E2|f=1|sp=2|k=1|tp=A0.5|sl=-|15m,15m,E2,1,2.0,1,A0.5,,1.9569637112185354e-05,0.007142917545947655,0.037456006581425116,0.20378513912095683,-0.12515906534349597,354,335,0.9463276836158192,1.0105356023179723,1.0406606332273631,1.0555070684190975
AD|e=E2|f=1|sp=2|k=1|tp=A0.5|sl=6|15m,15m,E2,1,2.0,1,A0.5,6.0,-7.405483968190531e-06,-0.002703001648389544,-0.015209519159106843,-0.45238719595305643,-0.025924941546927704,558,487,0.8727598566308243,0.9825192355769893,0.9653506227533489,1.0069248029388929
AD|e=E2|f=1|sp=2|k=1|tp=A0.5|sl=10|15m,15m,E2,1,2.0,1,A0.5,10.0,-3.2520900817072014e-06,-0.0011870128798231285,-0.006833276273884192,-0.15263071430214142,-0.02088221034829385,557,500,0.8976660682226212,0.9715698974821906,0.9786241876158632,1.030042136249965
AD|e=E2|f=1|sp=2|k=1|tp=A1.0|sl=-|15m,15m,E2,1,2.0,1,A1.0,,3.452923173867776e-05,0.012603169584617383,0.06898326838800983,0.3232909979169741,-0.12085540828814556,305,302,0.9901639344262295,1.0384276248110036,1.0710055613471832,1.0896762892961454
AD|e=E2|f=1|sp=2|k=1|tp=A1.0|sl=6|15m,15m,E2,1,2.0,1,A1.0,6.0,-6.323552783951321e-06,-0.002308096766142232,-0.013081968963114643,-0.2998069249111693,-0.02978395678126189,518,448,0.8648648648648649,0.9793131955950042,0.947264761713903,1.0362990727809078
AD|e=E2|f=1|sp=2|k=1|tp=A1.0|sl=10|15m,15m,E2,1,2.0,1,A1.0,10.0,-3.51588730156323e-06,-0.001283298865070579,-0.007500326397521739,-0.12438997047678481,-0.026797897969801143,517,468,0.9052224371373307,0.9726640005827465,0.9407054369714649,1.0679378585246622
AD|e=E2|f=1|sp=2|k=1|tp=A2.0|sl=-|15m,15m,E2,1,2.0,1,A2.0,,5.2623248848884825e-05,0.01920748582984296,0.10850846293487515,0.4480989406154194,-0.12780962657959116,243,242,0.9958847736625515,1.0925932259246496,1.05491901989721,1.1710903075804475
AD|e=E2|f=1|sp=2|k=1|tp=A2.0|sl=6|15m,15m,E2,1,2.0,1,A2.0,6.0,2.8621956052570444e-06,0.0010447013959188213,0.005594918883690347,0.10033495858157689,-0.021547928813720807,503,400,0.7952286282306164,1.0142728403012577,0.9524578699384393,1.052791371980461
AD|e=E2|f=1|sp=2|k=1|tp=A2.0|sl=10|15m,15m,E2,1,2.0,1,A2.0,10.0,5.292517967393738e-06,0.0019317690580987145,0.010396581886276346,0.13972130139408542,-0.03044935236688917,502,431,0.8585657370517928,1.0046547605886564,0.957080968677424,1.0717850312172799
AD|e=E2|f=1|sp=2|k=2|tp=MID|sl=-|15m,15m,E2,1,2.0,2,MID,,-8.786552568441788e-06,-0.003207091687481253,-0.01818203448411515,-0.3201110094095757,-0.034947750585874404,502,332,0.6613545816733067,0.9374042366216356,0.980051494648624,1.0306838129038398
AD|e=E2|f=1|sp=2|k=2|tp=MID|sl=6|15m,15m,E2,1,2.0,2,MID,6.0,-7.300384739129106e-06,-0.0026646404297821238,-0.015055424223754277,-0.35350044499046296,-0.028365648668079224,503,330,0.6560636182902585,0.9422745962638325,0.980231231885683,1.03503443968453
AD|e=E2|f=1|sp=2|k=2|tp=MID|sl=10|15m,15m,E2,1,2.0,2,MID,10.0,-9.376158068200891e-06,-0.003422297694893325,-0.019339904385765827,-0.3625881693767116,-0.03259222974217668,502,332,0.6613545816733067,0.9373912184578644,0.9788414792516558,1.0282859898360839
AD|e=E2|f=1|sp=2|k=2|tp=A0.5|sl=-|15m,15m,E2,1,2.0,2,A0.5,,2.337919174203839e-05,0.008533404985844012,0.04066070978649794,0.15817343183045565,-0.1888633425274414,359,340,0.947075208913649,1.0032655190329915,1.0412394338391489,1.0642383934966264
AD|e=E2|f=1|sp=2|k=2|tp=A0.5|sl=6|15m,15m,E2,1,2.0,2,A0.5,6.0,-7.136663976226122e-06,-0.0026048823513225346,-0.014720459209120795,-0.3492752417451075,-0.027008197966176595,558,496,0.8888888888888888,0.9632923858048736,0.9818847054425954,1.0109311036800417
AD|e=E2|f=1|sp=2|k=2|tp=A0.5|sl=10|15m,15m,E2,1,2.0,2,A0.5,10.0,-3.766757069974677e-06,-0.001374866330540757,-0.007999545463224567,-0.13629336951916046,-0.041098836630555025,557,508,0.9120287253141831,0.9345415731406187,1.005316741643027,1.0383157392072693
AD|e=E2|f=1|sp=2|k=2|tp=A1.0|sl=-|15m,15m,E2,1,2.0,2,A1.0,,4.185394843765309e-05,0.015276691179743377,0.0791601626854117,0.258263920570923,-0.18556445215029993,312,309,0.9903846153846154,1.0319766965759036,1.078101688232573,1.1085593542788046
AD|e=E2|f=1|sp=2|k=2|tp=A1.0|sl=6|15m,15m,E2,1,2.0,2,A1.0,6.0,-1.5084121233760186e-05,-0.005505704250322468,-0.030763077153186047,-0.6056511854823379,-0.04447863239092531,518,456,0.8803088803088803,0.9617913418044308,0.9390821768735869,1.0076086920692195
AD|e=E2|f=1|sp=2|k=2|tp=A1.0|sl=10|15m,15m,E2,1,2.0,2,A1.0,10.0,-1.1445896722685249e-05,-0.0041777523037801155,-0.023763514235513594,-0.30854475373368745,-0.050269699967045445,517,478,0.9245647969052224,0.9456001451258988,0.9367455256663412,1.04904210586964
AD|e=E2|f=1|sp=2|k=2|tp=A2.0|sl=-|15m,15m,E2,1,2.0,2,A2.0,,8.342466339264788e-05,0.030450002138316477,0.17375553578155967,0.48086803003711015,-0.17822733567152194,295,294,0.9966101694915255,1.0970336452583203,1.1995514075842082,1.204844983752654
AD|e=E2|f=1|sp=2|k=2|tp=A2.0|sl=6|15m,15m,E2,1,2.0,2,A2.0,6.0,-2.7389425213968423e-06,-0.0009997140203098474,-0.006098265199616315,-0.07616283619063392,-0.03129463451115766,503,415,0.8250497017892644,0.9955631302877567,0.9612916174889011,1.0249416352582281
AD|e=E2|f=1|sp=2|k=2|tp=A2.0|sl=10|15m,15m,E2,1,2.0,2,A2.0,10.0,1.0621643893000725e-05,0.0038769000209452646,0.021070652001978774,0.20729744850082013,-0.05098941341664609,502,448,0.8924302788844621,0.976245818410082,0.9842817746898737,1.1049785737320987
AD|e=E2|f=1|sp=2|k=3|tp=MID|sl=-|15m,15m,E2,1,2.0,3,MID,,-1.090882788441017e-05,-0.003981722177809712,-0.022524931389965475,-0.3564154849108725,-0.04005050935748211,502,334,0.6653386454183267,0.9295195880657909,0.9780354603366993,1.0277336295086377
AD|e=E2|f=1|sp=2|k=3|tp=MID|sl=6|15m,15m,E2,1,2.0,3,MID,6.0,-5.229530993319072e-06,-0.0019087788125614613,-0.01086572386922513,-0.24363155996369498,-0.02441510741794195,503,332,0.6600397614314115,0.9531827427215716,0.9808227660760532,1.0356991119356485
AD|e=E2|f=1|sp=2|k=3|tp=MID|sl=10|15m,15m,E2,1,2.0,3,MID,10.0,-1.3082071570002403e-05,-0.004774956123050877,-0.026894333773739287,-0.4204317668185948,-0.04097160778039233,502,334,0.6653386454183267,0.9237917243809568,0.981826867316002,1.0161864462583523
AD|e=E2|f=1|sp=2|k=3|tp=A0.5|sl=-|15m,15m,E2,1,2.0,3,A0.5,,2.6029763195013003e-05,0.009500863566179745,0.039175947479314965,0.12998636160233124,-0.2521494756679852,373,354,0.9490616621983914,0.9982905974064744,1.0315683687439692,1.068019155326921
AD|e=E2|f=1|sp=2|k=3|tp=A0.5|sl=6|15m,15m,E2,1,2.0,3,A0.5,6.0,-7.175026974103731e-06,-0.002618884845547862,-0.014836125389898758,-0.31472261726272444,-0.026480149293947375,558,499,0.8942652329749103,0.9704533502894069,0.9804873099597057,1.0043753668251794
AD|e=E2|f=1|sp=2|k=3|tp=A0.5|sl=10|15m,15m,E2,1,2.0,3,A0.5,10.0,8.15211342060173e-07,0.00029755213985196315,0.0012571100439393579,0.02443102935577739,-0.039051981508197775,557,516,0.926391382405745,0.9495466932503185,1.0231559187076196,1.032248527570103
AD|e=E2|f=1|sp=2|k=3|tp=A1.0|sl=-|15m,15m,E2,1,2.0,3,A1.0,,5.15803651635299e-05,0.018826833284688413,0.09316859603439154,0.24284384276271878,-0.2486447567407234,328,325,0.9908536585365854,1.0295089113884097,1.0759835011417938,1.1460984687252254
AD|e=E2|f=1|sp=2|k=3|tp=A1.0|sl=6|15m,15m,E2,1,2.0,3,A1.0,6.0,-1.6899894320899456e-05,-0.0061684614271283016,-0.03442255514287296,-0.6163960673980653,-0.05071114280505706,518,459,0.8861003861003861,0.9746234424243108,0.9303093294500997,0.9921245531253223
AD|e=E2|f=1|sp=2|k=3|tp=A1.0|sl=10|15m,15m,E2,1,2.0,3,A1.0,10.0,-7.195142539886394e-06,-0.002626227027058534,-0.015459305707749782,-0.1574843959448986,-0.051708131810428326,517,487,0.941972920696325,0.9774821946216283,0.906086516645391,1.0751305625589183
AD|e=E2|f=1|sp=2|k=3|tp=A2.0|sl=-|15m,15m,E2,1,2.0,3,A2.0,,9.914314596182341e-05,0.036187248276065544,0.2033848122816928,0.4446399620715387,-0.24265587071494876,302,301,0.9966887417218543,1.0973267074676076,1.2176619075831807,1.258917506434796
AD|e=E2|f=1|sp=2|k=3|tp=A2.0|sl=6|15m,15m,E2,1,2.0,3,A2.0,6.0,1.784849782689194e-05,0.006514701706815558,0.03681529020043239,0.46950641389117576,-0.023462116515347686,503,423,0.8409542743538767,1.0131484413046514,0.9773570905185007,1.1241125596472892
AD|e=E2|f=1|sp=2|k=3|tp=A2.0|sl=10|15m,15m,E2,1,2.0,3,A2.0,10.0,2.274485814252757e-05,0.008301873222022563,0.04645285318524106,0.3786689902965611,-0.05163722425239603,502,456,0.9083665338645418,0.984148896951354,0.9589895331817279,1.2097561516072177
AD|e=E1|f=0|sp=-|k=0|tp=MID|sl=-|1h,1h,E1,0,,0,MID,,-7.106676122963831e-05,-0.025939367848817983,-0.13779703002070887,-0.9411538993180075,-0.15235039214239654,2706,1685,0.622690317812269,0.8604022313788797,0.8647800874943652,0.8587868274639754
AD|e=E1|f=0|sp=-|k=0|tp=MID|sl=6|1h,1h,E1,0,,0,MID,6.0,-0.0001041329864700604,-0.038008540061572046,-0.19469481602208294,-1.2974838326782716,-0.20273433302936517,3046,1865,0.6122783978988838,0.7941419202194246,0.8203460524699268,0.7987795898284489
AD|e=E1|f=0|sp=-|k=0|tp=MID|sl=10|1h,1h,E1,0,,0,MID,10.0,-8.778276529413722e-05,-0.032040709332360084,-0.16711559694978595,-1.1057426574163687,-0.17690950819400775,2836,1759,0.6202397743300423,0.8247647654808672,0.8319851966580798,0.8389969954626678
AD|e=E1|f=0|sp=-|k=0|tp=A0.5|sl=-|1h,1h,E1,0,,0,A0.5,,-5.431871691029656e-07,-0.00019826331672258244,-0.0037184183463603304,-0.006514365945635479,-0.06676619467052647,237,233,0.9831223628691983,1.0162345651287956,0.9911581917146463,0.9793459262576377
AD|e=E1|f=0|sp=-|k=0|tp=A0.5|sl=6|1h,1h,E1,0,,0,A0.5,6.0,-0.00010352967853592033,-0.03778833266561092,-0.19357599822574167,-1.3295819060308385,-0.2028134282742985,3132,2631,0.8400383141762452,0.8126565859679565,0.7854613908427942,0.8183538657947155
AD|e=E1|f=0|sp=-|k=0|tp=A0.5|sl=10|1h,1h,E1,0,,0,A0.5,10.0,-7.8851346383496e-05,-0.028780741429976043,-0.15221170598933043,-0.8825480150604789,-0.16026680868047172,2539,2263,0.8912957857424183,0.8234701111166037,0.8439839721633662,0.8724955211001948
AD|e=E1|f=0|sp=-|k=0|tp=A1.0|sl=-|1h,1h,E1,0,,0,A1.0,,-2.9318457684760868e-06,-0.0010701237054937718,-0.008558624096271061,-0.03544080997376042,-0.0696196020244727,138,135,0.9782608695652174,1.008967393335546,0.999346598475682,0.9640123209763354
AD|e=E1|f=0|sp=-|k=0|tp=A1.0|sl=6|1h,1h,E1,0,,0,A1.0,6.0,-5.4253622323885184e-05,-0.01980257214821809,-0.10819705588768813,-0.6109299074855029,-0.12764811510564578,2611,2053,0.7862887782458828,0.8451814628601441,0.8735975159725662,0.9561078543929621
AD|e=E1|f=0|sp=-|k=0|tp=A1.0|sl=10|1h,1h,E1,0,,0,A1.0,10.0,-4.8070206721091354e-05,-0.017545625453198346,-0.0976150443260928,-0.47326060251143653,-0.1248926312923404,2009,1718,0.8551518168242906,0.9160180893623673,0.8734790505096316,0.9131297192352443
AD|e=E1|f=0|sp=-|k=0|tp=A2.0|sl=-|1h,1h,E1,0,,0,A2.0,,-3.858624080756534e-07,-0.0001408397789476135,-0.0033875241927510125,-0.004635197722223928,-0.06891074063275904,81,78,0.9629629629629629,1.0228149734117302,1.0110973919251756,0.9545992545674424
AD|e=E1|f=0|sp=-|k=0|tp=A2.0|sl=6|1h,1h,E1,0,,0,A2.0,6.0,-4.770103063125059e-05,-0.017410876180406466,-0.09750258048539329,-0.4352573282993635,-0.1246804992638949,1904,1291,0.678046218487395,0.8280149588765116,0.9394554137522227,0.9388440635795802
AD|e=E1|f=0|sp=-|k=0|tp=A2.0|sl=10|1h,1h,E1,0,,0,A2.0,10.0,-2.9045392597600233e-05,-0.010601568298124085,-0.06254022957567873,-0.25531462062402077,-0.11662300795345526,1325,1032,0.7788679245283019,0.9195334977178629,0.9514627069385012,0.935443697129245
AD|e=E1|f=0|sp=0.5|k=1|tp=MID|sl=-|1h,1h,E1,0,0.5,1,MID,,-0.00010280145497225416,-0.03752253106487277,-0.19611948731925233,-0.7592320204904245,-0.22212896203076826,2706,1900,0.7021433850702143,0.808755012223496,0.8018811819784075,0.7931579453281383
AD|e=E1|f=0|sp=0.5|k=1|tp=MID|sl=6|1h,1h,E1,0,0.5,1,MID,6.0,-0.00014280943890553993,-0.05212544520052208,-0.2592118356783891,-1.09616444488224,-0.27288207562967426,2972,2043,0.6874158815612382,0.7417220552675091,0.75889625770838,0.7154668082616132
AD|e=E1|f=0|sp=0.5|k=1|tp=MID|sl=10|1h,1h,E1,0,0.5,1,MID,10.0,-0.0001452233069005091,-0.05300650701868582,-0.26382059296836124,-1.019855764832027,-0.27763848004804526,2805,1966,0.700891265597148,0.7707098764310988,0.7408118407737863,0.6907407092035786
AD|e=E1|f=0|sp=0.5|k=1|tp=A0.5|sl=-|1h,1h,E1,0,0.5,1,A0.5,,7.07921775427142e-06,0.002583914480309068,0.003921126559436328,0.042041300807474195,-0.13549062688032787,345,341,0.9884057971014493,1.0670722715793142,0.9803196972932029,0.9574066810168336
AD|e=E1|f=0|sp=0.5|k=1|tp=A0.5|sl=6|1h,1h,E1,0,0.5,1,A0.5,6.0,-0.00017212054980915084,-0.06282400068034005,-0.3027291762264026,-1.2935897067494573,-0.31970605716614287,3194,2810,0.8797745773324984,0.7104440429364444,0.6773960095789165,0.6965405190053418
AD|e=E1|f=0|sp=0.5|k=1|tp=A0.5|sl=10|1h,1h,E1,0,0.5,1,A0.5,10.0,-0.0001751342793858326,-0.0639240119758289,-0.3096400315761818,-1.0538806883588463,-0.3386813587512315,2617,2409,0.9205196790217807,0.7991959403552845,0.6146947870346539,0.6578180645607479
AD|e=E1|f=0|sp=0.5|k=1|tp=A1.0|sl=-|1h,1h,E1,0,0.5,1,A1.0,,1.1314867727643977e-05,0.004129926720590052,0.012079694989010514,0.0653370203306726,-0.13666385039773832,213,210,0.9859154929577465,1.056518188929512,1.0027825966439519,0.9678214310265063
AD|e=E1|f=0|sp=0.5|k=1|tp=A1.0|sl=6|1h,1h,E1,0,0.5,1,A1.0,6.0,-9.394390602104392e-05,-0.03428952569768103,-0.1828100056214711,-0.6173349954080365,-0.2276266622007691,2635,2188,0.8303605313092979,0.8201310850308644,0.8432476258872067,0.777316169554096
AD|e=E1|f=0|sp=0.5|k=1|tp=A1.0|sl=10|1h,1h,E1,0,0.5,1,A1.0,10.0,-0.00010680633655886431,-0.03898431284398547,-0.207826985642235,-0.5672516825405395,-0.22842579491322357,2068,1826,0.8829787234042553,0.792303024879717,0.7222630119641771,0.8507133146542389
AD|e=E1|f=0|sp=0.5|k=1|tp=A2.0|sl=-|1h,1h,E1,0,0.5,1,A2.0,,3.0584806232406473e-06,0.0011163454274828362,-0.00486924695051727,0.017728935791716447,-0.13853987960396896,88,85,0.9659090909090909,1.0297450119261984,1.0118282883779695,0.9354954335244617
AD|e=E1|f=0|sp=0.5|k=1|tp=A2.0|sl=6|1h,1h,E1,0,0.5,1,A2.0,6.0,-4.8414778987647236e-05,-0.017671394330491242,-0.10650923939187329,-0.25979348599351504,-0.17564198484041993,1946,1424,0.7317574511819116,0.9831351404000911,0.8951224378791622,0.7955548500116367
AD|e=E1|f=0|sp=0.5|k=1|tp=A2.0|sl=10|1h,1h,E1,0,0.5,1,A2.0,10.0,-6.518067582661945e-05,-0.0237909466767161,-0.1404429510692714,-0.30391543775788205,-0.2087924274991222,1442,1169,0.8106796116504854,0.9480613569486773,0.8793060088310891,0.7424835065070133
AD|e=E1|f=0|sp=0.5|k=2|tp=MID|sl=-|1h,1h,E1,0,0.5,2,MID,,-0.00010690044868522933,-0.03901866377010871,-0.2072363089845003,-0.5911104356184826,-0.24928704177183258,2706,2046,0.7560975609756098,0.801835587663517,0.7736186597099607,0.7884374772799803
AD|e=E1|f=0|sp=0.5|k=2|tp=MID|sl=6|1h,1h,E1,0,0.5,2,MID,6.0,-0.00017248455325071348,-0.06295686193651043,-0.30669957580114937,-0.9846664028067569,-0.3311926690315844,2929,2174,0.7422328439740525,0.7264011255126305,0.7345988183405487,0.6130981074529648
AD|e=E1|f=0|sp=0.5|k=2|tp=MID|sl=10|1h,1h,E1,0,0.5,2,MID,10.0,-0.00017534315122753929,-0.06400025019805183,-0.31346164573425106,-0.8693947724662251,-0.3302151842571849,2789,2109,0.7561850125493008,0.7427362183982839,0.6879040464482264,0.6177364845481005
AD|e=E1|f=0|sp=0.5|k=2|tp=A0.5|sl=-|1h,1h,E1,0,0.5,2,A0.5,,1.7095010826038367e-05,0.006239678951504004,0.010563374685456761,0.06672853388419107,-0.20218431357557487,433,429,0.9907621247113164,1.091621027866523,0.9244608502180105,0.998139268757907
AD|e=E1|f=0|sp=0.5|k=2|tp=A0.5|sl=6|1h,1h,E1,0,0.5,2,A0.5,6.0,-0.00021053735379230145,-0.07684613413419003,-0.3596239530310167,-1.144699236647963,-0.3840771911576092,3223,2907,0.9019547005895129,0.7150549077707928,0.5709390500586236,0.6277072744311913
AD|e=E1|f=0|sp=0.5|k=2|tp=A0.5|sl=10|1h,1h,E1,0,0.5,2,A0.5,10.0,-0.00023006662671774713,-0.08397431875197771,-0.38857076957788206,-1.0312570818895896,-0.42016011133017905,2802,2619,0.9346895074946466,0.7652712631865383,0.5652340367604547,0.5092191370897642
AD|e=E1|f=0|sp=0.5|k=2|tp=A1.0|sl=-|1h,1h,E1,0,0.5,2,A1.0,,2.8943355059790235e-05,0.010564324596823436,0.03384177974959024,0.10951057708544325,-0.2046731165477511,264,261,0.9886363636363636,1.1370601268311604,1.0109219246377692,0.9370227852961778
AD|e=E1|f=0|sp=0.5|k=2|tp=A1.0|sl=6|1h,1h,E1,0,0.5,2,A1.0,6.0,-9.256256650920417e-05,-0.03378533677585952,-0.18699050407316742,-0.44015816491117227,-0.25991230365459306,2653,2277,0.8582736524689031,0.8361745177586439,0.7684780717235414,0.8122968141675904
AD|e=E1|f=0|sp=0.5|k=2|tp=A1.0|sl=10|1h,1h,E1,0,0.5,2,A1.0,10.0,-0.00016016638674126873,-0.058460731160563086,-0.2986313255582487,-0.6191856214685689,-0.32784644274227526,2106,1903,0.9036087369420702,0.808844853112463,0.7918355038061223,0.5158835967191804
AD|e=E1|f=0|sp=0.5|k=2|tp=A2.0|sl=-|1h,1h,E1,0,0.5,2,A2.0,,2.703360361148195e-06,0.0009867265318190912,-0.02100189257962848,0.010121370901252862,-0.20812622407518988,103,100,0.970873786407767,1.0330044842239225,0.9948310220913598,0.8900375002245904
AD|e=E1|f=0|sp=0.5|k=2|tp=A2.0|sl=6|1h,1h,E1,0,0.5,2,A2.0,6.0,-7.782853099808844e-05,-0.028407413814302278,-0.16915095861687046,-0.3006466959503534,-0.2682676339208022,1953,1489,0.7624167946748592,0.9924169377483933,0.7892447580717187,0.7047757573427492
AD|e=E1|f=0|sp=0.5|k=2|tp=A2.0|sl=10|1h,1h,E1,0,0.5,2,A2.0,10.0,-5.230302566194312e-05,-0.01909060436660924,-0.1314251911840124,-0.1753649573779084,-0.2546038805911326,1504,1263,0.8397606382978723,1.0070577937374783,0.8826898799404265,0.7021255805675932
AD|e=E1|f=0|sp=0.5|k=3|tp=MID|sl=-|1h,1h,E1,0,0.5,3,MID,,-9.835547078212775e-05,-0.03589974683547663,-0.19759692990179678,-0.45411659557095896,-0.25077545213370034,2706,2124,0.7849223946784922,0.7971139348093123,0.7685103347710578,0.8194706936411669
AD|e=E1|f=0|sp=0.5|k=3|tp=MID|sl=6|1h,1h,E1,0,0.5,3,MID,6.0,-0.00017998287665025903,-0.06569374997734455,-0.32076815239311995,-0.8591140681625996,-0.34617321666331513,2900,2242,0.7731034482758621,0.74336327798031,0.7059047150683422,0.581793667857131
AD|e=E1|f=0|sp=0.5|k=3|tp=MID|sl=10|1h,1h,E1,0,0.5,3,MID,10.0,-0.00017797793505404212,-0.06496194629472538,-0.32106089967796203,-0.7571173037853652,-0.34988375008421424,2768,2175,0.7857658959537572,0.761884637877609,0.5961184984705741,0.6621046756718091
AD|e=E1|f=0|sp=0.5|k=3|tp=A0.5|sl=-|1h,1h,E1,0,0.5,3,A0.5,,4.4470706211346386e-05,0.01623180776714143,0.047475830953907394,0.12836153406344347,-0.26821949279342805,534,530,0.9925093632958801,1.1347201884977562,0.9870217151726367,0.9794942146380509
AD|e=E1|f=0|sp=0.5|k=3|tp=A0.5|sl=6|1h,1h,E1,0,0.5,3,A0.5,6.0,-0.0002293046830960556,-0.08369620933006029,-0.3871144015929814,-1.050537040745637,-0.4133705894239652,3264,2983,0.9139093137254902,0.6058178441365494,0.6051588301747717,0.6062085891172585
AD|e=E1|f=0|sp=0.5|k=3|tp=A0.5|sl=10|1h,1h,E1,0,0.5,3,A0.5,10.0,-0.00030350897134292224,-0.11078077454016662,-0.47888257180328275,-1.1264956205850898,-0.5139164481411435,2824,2661,0.9422804532577904,0.5883382236433224,0.5008184319238869,0.45190303788884795
AD|e=E1|f=0|sp=0.5|k=3|tp=A1.0|sl=-|1h,1h,E1,0,0.5,3,A1.0,,5.5492270458703274e-05,0.020254678717426696,0.0676066296878135,0.15412656127597488,-0.2677765703577125,315,312,0.9904761904761905,1.1612707319098572,0.9585586843567345,1.0418446707799132
AD|e=E1|f=0|sp=0.5|k=3|tp=A1.0|sl=6|1h,1h,E1,0,0.5,3,A1.0,6.0,-0.0001066502957898716,-0.038927357963303134,-0.21730972315781516,-0.40892322732101516,-0.29486721182266507,2626,2298,0.8750952018278751,0.8400682432712783,0.6661655048692094,0.8175270650196271
AD|e=E1|f=0|sp=0.5|k=3|tp=A1.0|sl=10|1h,1h,E1,0,0.5,3,A1.0,10.0,-0.000243292630590702,-0.08880181016560623,-0.41629476313923897,-0.7694407230632585,-0.47296799183619753,2127,1945,0.9144334743770569,0.6988696338428397,0.667400356601453,0.3966439777537693
AD|e=E1|f=0|sp=0.5|k=3|tp=A2.0|sl=-|1h,1h,E1,0,0.5,3,A2.0,,2.156042495618772e-05,0.007869555109008518,-0.006277216288364196,0.05872098861462988,-0.27724358625564904,132,129,0.9772727272727273,1.1073501590693464,1.002084189729911,0.8425269209829984
AD|e=E1|f=0|sp=0.5|k=3|tp=A2.0|sl=6|1h,1h,E1,0,0.5,3,A2.0,6.0,-3.56653223864576e-05,-0.013017842671057024,-0.1081353548302858,-0.10768606928399087,-0.23239076351605248,1875,1474,0.7861333333333334,1.1457892320912155,0.7917280553551513,0.7324594203120843
AD|e=E1|f=0|sp=0.5|k=3|tp=A2.0|sl=10|1h,1h,E1,0,0.5,3,A2.0,10.0,-0.00013247594755761607,-0.04835372085852986,-0.27535702916870963,-0.3649524270792326,-0.34944315017424044,1436,1225,0.8530640668523677,0.7444245020934535,0.7988207231555042,0.5992941932131893
AD|e=E1|f=0|sp=1|k=1|tp=MID|sl=-|1h,1h,E1,0,1.0,1,MID,,-9.33263237519155e-05,-0.03406410816944916,-0.17980986730799653,-0.7214724623002896,-0.20596719409326802,2706,1962,0.7250554323725056,0.8218553849072744,0.7996532501325517,0.8322869651462976
AD|e=E1|f=0|sp=1|k=1|tp=MID|sl=6|1h,1h,E1,0,1.0,1,MID,6.0,-0.00012778172365448818,-0.046640329133888186,-0.23545509742309045,-1.0361950174137624,-0.24972250081561176,2960,2110,0.7128378378378378,0.7693218965100134,0.7663691825928358,0.752042801182131
AD|e=E1|f=0|sp=1|k=1|tp=MID|sl=10|1h,1h,E1,0,1.0,1,MID,10.0,-0.00013615071999836865,-0.04969501279940456,-0.24964235428663994,-0.9837946617748041,-0.2624802300425845,2800,2027,0.7239285714285715,0.7809876803789161,0.731856598790334,0.7314688306253361
AD|e=E1|f=0|sp=1|k=1|tp=A0.5|sl=-|1h,1h,E1,0,1.0,1,A0.5,,8.830925462116907e-06,0.003223287793672671,0.007813816184617739,0.053118374616195264,-0.13418331261233196,393,387,0.9847328244274809,1.0697497905448892,0.9647295226710747,0.9817372718875348
AD|e=E1|f=0|sp=1|k=1|tp=A0.5|sl=6|1h,1h,E1,0,1.0,1,A0.5,6.0,-0.0001634760505124626,-0.05966875843704885,-0.2897375166190024,-1.2971223188459826,-0.30625970196751173,3207,2842,0.8861864671032117,0.7927402647040309,0.6709753726562125,0.6668324346649785
AD|e=E1|f=0|sp=1|k=1|tp=A0.5|sl=10|1h,1h,E1,0,1.0,1,A0.5,10.0,-0.00015472204069610825,-0.056473544854079516,-0.27918859088644177,-0.988684676105157,-0.3122878104911865,2684,2483,0.9251117734724292,0.8412157194887268,0.7160433051776324,0.6117383765063531
AD|e=E1|f=0|sp=1|k=1|tp=A1.0|sl=-|1h,1h,E1,0,1.0,1,A1.0,,1.4253949440671642e-05,0.005202691545845149,0.018277392523580405,0.08253736095082638,-0.13644249679749365,231,228,0.987012987012987,1.0670924724573838,1.0038755928861138,0.9750855223061259
AD|e=E1|f=0|sp=1|k=1|tp=A1.0|sl=6|1h,1h,E1,0,1.0,1,A1.0,6.0,-0.0001020109589061181,-0.03723400000073311,-0.19585282656272895,-0.6903566834939836,-0.2223821526101113,2628,2191,0.8337138508371386,0.8335009090320064,0.7639384223880987,0.8055904177468718
AD|e=E1|f=0|sp=1|k=1|tp=A1.0|sl=10|1h,1h,E1,0,1.0,1,A1.0,10.0,-0.00010321737236325095,-0.0376743409125866,-0.20130749898956868,-0.5655225351385559,-0.22635643538667483,2050,1819,0.8873170731707317,0.8103512409834764,0.7712557493178174,0.7992407233543664
AD|e=E1|f=0|sp=1|k=1|tp=A2.0|sl=-|1h,1h,E1,0,1.0,1,A2.0,,-8.720689535338184e-07,-0.0003183051680398437,-0.012826968214446621,-0.005066994794560089,-0.1382435597499766,93,90,0.967741935483871,1.0282021336056895,0.9967086780750728,0.92864320170009
AD|e=E1|f=0|sp=1|k=1|tp=A2.0|sl=6|1h,1h,E1,0,1.0,1,A2.0,6.0,-8.770325296128839e-05,-0.03201168733087026,-0.17497308734875971,-0.49108968259727903,-0.23289730150363075,1935,1423,0.7354005167958656,1.0038380621343512,0.7569606508641284,0.726614964758379
AD|e=E1|f=0|sp=1|k=1|tp=A2.0|sl=10|1h,1h,E1,0,1.0,1,A2.0,10.0,-4.729344840710753e-05,-0.017262108668594248,-0.10697981523428168,-0.23003161137326925,-0.16515756487157873,1393,1145,0.8219669777458722,0.9844954362709105,0.8956090650397048,0.7894855071936624
AD|e=E1|f=0|sp=1|k=2|tp=MID|sl=-|1h,1h,E1,0,1.0,2,MID,,-9.443321137524039e-05,-0.03446812215196274,-0.1851543854589469,-0.5658810764173053,-0.22536310533780401,2706,2076,0.7671840354767184,0.825764110166581,0.7642762166528831,0.8436219478067164
AD|e=E1|f=0|sp=1|k=2|tp=MID|sl=6|1h,1h,E1,0,1.0,2,MID,6.0,-0.00015877818949439914,-0.05795403916545568,-0.28558327281400664,-0.9869651063413514,-0.30512960254348864,2914,2196,0.7536032944406315,0.7602709671320785,0.6849039594469475,0.690043912669258
AD|e=E1|f=0|sp=1|k=2|tp=MID|sl=10|1h,1h,E1,0,1.0,2,MID,10.0,-0.00015032622925461266,-0.05486907367793362,-0.2751089231615249,-0.8270951031873215,-0.30247370746560254,2773,2127,0.7670393076090877,0.8021276634516677,0.6732628008910017,0.6914224214230152
AD|e=E1|f=0|sp=1|k=2|tp=A0.5|sl=-|1h,1h,E1,0,1.0,2,A0.5,,2.590134314698548e-05,0.0094539902486497,0.029989208805714096,0.10305710730537286,-0.20062351678057144,504,498,0.9880952380952381,1.1238532902844904,0.9500432488238956,0.998687195708463
AD|e=E1|f=0|sp=1|k=2|tp=A0.5|sl=6|1h,1h,E1,0,1.0,2,A0.5,6.0,-0.00020145382947277398,-0.0735306477575625,-0.3464451481473032,-1.1760663038811354,-0.37206731140008953,3217,2920,0.9076779608330743,0.7420056238026835,0.6242161754891798,0.5894710948783989
AD|e=E1|f=0|sp=1|k=2|tp=A0.5|sl=10|1h,1h,E1,0,1.0,2,A0.5,10.0,-0.00023905665880741706,-0.08725568046470723,-0.3987729134705079,-1.1219784890473954,-0.4453112546502799,2762,2594,0.939174511223751,0.768928741390426,0.5758077556634211,0.4742123923308605
AD|e=E1|f=0|sp=1|k=2|tp=A1.0|sl=-|1h,1h,E1,0,1.0,2,A1.0,,3.4423533228007226e-05,0.012564589628222638,0.04594146328938975,0.13116713207589675,-0.20189796229766643,293,290,0.9897610921501706,1.1251772342351487,1.0085090186424523,0.9823164321624109
AD|e=E1|f=0|sp=1|k=2|tp=A1.0|sl=6|1h,1h,E1,0,1.0,2,A1.0,6.0,-8.014398380862783e-05,-0.02925255409014916,-0.16445762341096237,-0.4036453303097338,-0.21045373128959932,2626,2280,0.8682406702208683,0.9184021999381845,0.7314548620472926,0.8441253911082538
AD|e=E1|f=0|sp=1|k=2|tp=A1.0|sl=10|1h,1h,E1,0,1.0,2,A1.0,10.0,-0.00015893627831054766,-0.058011741583349895,-0.2951702172794888,-0.6455946061431617,-0.35920301981142644,2105,1917,0.910688836104513,0.812879930019484,0.7737919417445114,0.5352640047191675
AD|e=E1|f=0|sp=1|k=2|tp=A2.0|sl=-|1h,1h,E1,0,1.0,2,A2.0,,4.3298404935310027e-07,0.00015803917801388159,-0.02540325066876492,0.0016260127947404451,-0.20794837755308215,106,103,0.9716981132075472,1.0298870866689165,0.9967124979049412,0.8792558263932627
AD|e=E1|f=0|sp=1|k=2|tp=A2.0|sl=6|1h,1h,E1,0,1.0,2,A2.0,6.0,-0.00011261388333613891,-0.0411040674176907,-0.224000108939445,-0.4660594076446833,-0.259738087684108,1885,1461,0.7750663129973475,1.0139247798664972,0.7245902949139206,0.6139649080014206
AD|e=E1|f=0|sp=1|k=2|tp=A2.0|sl=10|1h,1h,E1,0,1.0,2,A2.0,10.0,-8.577643608552751e-05,-0.03130839917121754,-0.18724460762466377,-0.2985104473690496,-0.24967957436296262,1432,1209,0.8442737430167597,0.7801131142855977,0.8657361812493068,0.7596463773067746
AD|e=E1|f=0|sp=1|k=3|tp=MID|sl=-|1h,1h,E1,0,1.0,3,MID,,-8.443943364757324e-05,-0.030820393281364232,-0.17147029187880292,-0.4336442783505325,-0.2231254546668474,2706,2098,0.7753141167775314,0.8207936643758,0.7886842126611068,0.8578494072525676
AD|e=E1|f=0|sp=1|k=3|tp=MID|sl=6|1h,1h,E1,0,1.0,3,MID,6.0,-0.00014560112858706678,-0.05314441193427937,-0.2681969935108941,-0.7924485701825169,-0.2857715785924395,2881,2199,0.7632766400555363,0.7635348059106823,0.7697604625751414,0.6528393327684439
AD|e=E1|f=0|sp=1|k=3|tp=MID|sl=10|1h,1h,E1,0,1.0,3,MID,10.0,-0.00012753361457248049,-0.046549769318955374,-0.24254941004997133,-0.6318568229087808,-0.27966008408640064,2755,2137,0.7756805807622504,0.7774754552770633,0.6805400217340571,0.8007702734161776
AD|e=E1|f=0|sp=1|k=3|tp=A0.5|sl=-|1h,1h,E1,0,1.0,3,A0.5,,4.175269733276369e-05,0.015239734526458748,0.04317220199883143,0.12252633221925206,-0.26848587744067776,567,561,0.9894179894179894,1.1184192347960535,0.9574734866526398,1.0144027668244968
AD|e=E1|f=0|sp=1|k=3|tp=A0.5|sl=6|1h,1h,E1,0,1.0,3,A0.5,6.0,-0.00026192877119360234,-0.09560400148566485,-0.42567490461748825,-1.2762680814600988,-0.44721688847668806,3182,2910,0.9145191703331238,0.5966103103883662,0.6135267767490522,0.5004304677485418
AD|e=E1|f=0|sp=1|k=3|tp=A0.5|sl=10|1h,1h,E1,0,1.0,3,A0.5,10.0,-0.00020143063987837866,-0.07352218355560822,-0.3564203319350241,-0.7592907228144533,-0.416709838433423,2774,2634,0.9495313626532084,0.6465348496598154,0.5287700397920863,0.7379522122326193
AD|e=E1|f=0|sp=1|k=3|tp=A1.0|sl=-|1h,1h,E1,0,1.0,3,A1.0,,6.118116554636139e-05,0.022331125424421908,0.08128709406536494,0.1717319680011847,-0.2672241150485477,356,353,0.9915730337078652,1.1493635967953137,1.008322882189259,1.0387952650841406
AD|e=E1|f=0|sp=1|k=3|tp=A1.0|sl=6|1h,1h,E1,0,1.0,3,A1.0,6.0,-9.850730305081691e-05,-0.035955165613548175,-0.20061966071633686,-0.4143465270850554,-0.26606022554528663,2605,2296,0.8813819577735125,0.7834356947491439,0.8769982867463699,0.7142790720489887
AD|e=E1|f=0|sp=1|k=3|tp=A1.0|sl=10|1h,1h,E1,0,1.0,3,A1.0,10.0,-8.05239780834107e-05,-0.029391252000444908,-0.18172382476818538,-0.26424217749110246,-0.3034074378097623,2120,1971,0.9297169811320755,0.7770895115169765,0.7127653938183295,0.9248494907918408
AD|e=E1|f=0|sp=1|k=3|tp=A2.0|sl=-|1h,1h,E1,0,1.0,3,A2.0,,1.823808211896053e-05,0.006656899973420594,-0.013050624449159054,0.04966551125480325,-0.27602299213284576,122,119,0.9754098360655737,1.0694098268029422,0.9904888768752812,0.8652050755871511
AD|e=E1|f=0|sp=1|k=3|tp=A2.0|sl=6|1h,1h,E1,0,1.0,3,A2.0,6.0,-5.7434729061201336e-05,-0.020963676107338486,-0.1406822279621195,-0.19195863212461153,-0.22015125097267663,1832,1464,0.7991266375545851,0.9817425450926908,1.0347314005167845,0.5913037317248944
AD|e=E1|f=0|sp=1|k=3|tp=A2.0|sl=10|1h,1h,E1,0,1.0,3,A2.0,10.0,-5.781658116945355e-05,-0.021103052126850545,-0.15388311463506865,-0.16161881999587596,-0.2856756274023805,1422,1239,0.8713080168776371,0.8621473837440816,0.8541372213375245,0.7643730879365029
AD|e=E1|f=0|sp=1.5|k=1|tp=MID|sl=-|1h,1h,E1,0,1.5,1,MID,,-8.02462939238479e-05,-0.029289897282204484,-0.15700795685992286,-0.6478428475912842,-0.18929149350306695,2706,1975,0.729859571322986,0.8459432334063235,0.8261702705512244,0.8501569414317556
AD|e=E1|f=0|sp=1.5|k=1|tp=MID|sl=6|1h,1h,E1,0,1.5,1,MID,6.0,-0.00011525228593055393,-0.04206708436465219,-0.2150421232075873,-0.9862495710622127,-0.23762236284551963,2952,2123,0.7191734417344173,0.8030374698105042,0.7852712810370781,0.7614470458687275
AD|e=E1|f=0|sp=1.5|k=1|tp=MID|sl=10|1h,1h,E1,0,1.5,1,MID,10.0,-0.000118566052793291,-0.043276609269551215,-0.22160876807656393,-0.8892798362875108,-0.23873137067081174,2794,2038,0.7294201861130994,0.8207179284706713,0.7672636224667903,0.7418205688381488
AD|e=E1|f=0|sp=1.5|k=1|tp=A0.5|sl=-|1h,1h,E1,0,1.5,1,A0.5,,9.790272916725626e-06,0.0035734496146048534,0.009727220812920656,0.05867469725043001,-0.1345421973786819,396,390,0.9848484848484849,1.084014190994055,0.9624076225595923,0.9769764015546318
AD|e=E1|f=0|sp=1.5|k=1|tp=A0.5|sl=6|1h,1h,E1,0,1.5,1,A0.5,6.0,-0.00014967740157654488,-0.054632251575438884,-0.26908124438281644,-1.217665042748209,-0.28692357609352426,3161,2815,0.890540968048086,0.818227100612708,0.6651847610776032,0.7104190358137371
AD|e=E1|f=0|sp=1.5|k=1|tp=A0.5|sl=10|1h,1h,E1,0,1.5,1,A0.5,10.0,-0.00013220495375524367,-0.04825480812066394,-0.24483639108021793,-0.8569516611876136,-0.28616144741938077,2652,2464,0.9291101055806938,0.85836928808328,0.7165672477255344,0.69002031742324
AD|e=E1|f=0|sp=1.5|k=1|tp=A1.0|sl=-|1h,1h,E1,0,1.5,1,A1.0,,1.2367319877646268e-05,0.004514071755340888,0.014454390767903336,0.07199183219557992,-0.13850553586345693,236,233,0.9872881355932204,1.0783235188268425,0.9903517246577449,0.9672835908382923
AD|e=E1|f=0|sp=1.5|k=1|tp=A1.0|sl=6|1h,1h,E1,0,1.5,1,A1.0,6.0,-9.660797583028632e-05,-0.03526191117805451,-0.18664624418191977,-0.6649337277021582,-0.2218437970514202,2590,2183,0.8428571428571429,0.8959702136351058,0.7546910660424003,0.7852841848026731
AD|e=E1|f=0|sp=1.5|k=1|tp=A1.0|sl=10|1h,1h,E1,0,1.5,1,A1.0,10.0,-0.00011283554555178891,-0.04118497412640295,-0.21669134543102841,-0.6263553896910949,-0.25003292485896533,2025,1806,0.8918518518518519,0.8457878695204392,0.8483312136977772,0.6568156647839
AD|e=E1|f=0|sp=1.5|k=1|tp=A2.0|sl=-|1h,1h,E1,0,1.5,1,A2.0,,2.185887576703276e-06,0.0007978489654966958,-0.006654442402636351,0.012669993340105237,-0.13797695325887716,98,95,0.9693877551020408,1.0392446996060056,1.002116112995794,0.9309306014555385
AD|e=E1|f=0|sp=1.5|k=1|tp=A2.0|sl=6|1h,1h,E1,0,1.5,1,A2.0,6.0,-6.665024586296247e-05,-0.024327339739981302,-0.13798805483892584,-0.3821998447004317,-0.21106242387474916,1889,1413,0.7480148226574908,0.9812406577210682,0.815924536983914,0.7871267967716605
AD|e=E1|f=0|sp=1.5|k=1|tp=A2.0|sl=10|1h,1h,E1,0,1.5,1,A2.0,10.0,-6.276693444377687e-05,-0.02290993107197856,-0.13460578652107558,-0.30908509455275573,-0.20863762198060776,1375,1135,0.8254545454545454,0.9630908228984401,0.9112663837134665,0.7228298401187645
AD|e=E1|f=0|sp=1.5|k=2|tp=MID|sl=-|1h,1h,E1,0,1.5,2,MID,,-7.252663902876277e-05,-0.02647222324549841,-0.14630766439899168,-0.4696569367220421,-0.19177583148679234,2706,2031,0.7505543237250555,0.8364660274799653,0.8186946478589465,0.8955461774646359
AD|e=E1|f=0|sp=1.5|k=2|tp=MID|sl=6|1h,1h,E1,0,1.5,2,MID,6.0,-0.00012923920517316734,-0.04717230988820608,-0.2397136609768762,-0.8720767981742975,-0.25504771867623033,2899,2140,0.7381855812349086,0.762536641070042,0.7746852971068718,0.7344356294490128
AD|e=E1|f=0|sp=1.5|k=2|tp=MID|sl=10|1h,1h,E1,0,1.5,2,MID,10.0,-0.00011742015263480945,-0.04285835571170545,-0.2224694802330771,-0.7186616595787987,-0.26109152405015856,2763,2074,0.7506333695258777,0.7903110551449101,0.7235345648652609,0.8076287654006452
AD|e=E1|f=0|sp=1.5|k=2|tp=A0.5|sl=-|1h,1h,E1,0,1.5,2,A0.5,,1.8922390089447272e-05,0.006906672382648254,0.014734987681369383,0.07440083391268676,-0.20035762840945803,491,485,0.9877800407331976,1.1052801768167049,0.917738164563735,1.0053689412590225
AD|e=E1|f=0|sp=1.5|k=2|tp=A0.5|sl=6|1h,1h,E1,0,1.5,2,A0.5,6.0,-0.000172198512505755,-0.06285245706460058,-0.3051333044286493,-1.0604390443999312,-0.3274002246772353,3136,2854,0.9100765306122449,0.7357832366118049,0.7068737560016966,0.6325345012647825
AD|e=E1|f=0|sp=1.5|k=2|tp=A0.5|sl=10|1h,1h,E1,0,1.5,2,A0.5,10.0,-0.00020652465813450095,-0.07538150021909285,-0.35635898099317387,-1.0075922285067784,-0.41498521935695665,2665,2508,0.9410881801125703,0.7537611191215712,0.6167027616031008,0.5566283851851259
AD|e=E1|f=0|sp=1.5|k=2|tp=A1.0|sl=-|1h,1h,E1,0,1.5,2,A1.0,,2.5481856351047855e-05,0.009300877568132467,0.02728153698401803,0.09781326925034507,-0.20349480126151176,294,291,0.9897959183673469,1.1109023266575069,0.9436530601515576,1.0085078823961502
AD|e=E1|f=0|sp=1.5|k=2|tp=A1.0|sl=6|1h,1h,E1,0,1.5,2,A1.0,6.0,-6.698551744375504e-05,-0.024449713866970587,-0.13991897265794617,-0.36088126072674737,-0.17483557360583002,2595,2268,0.8739884393063584,0.9009360596120766,0.8571320389814248,0.8048199543852784
AD|e=E1|f=0|sp=1.5|k=2|tp=A1.0|sl=10|1h,1h,E1,0,1.5,2,A1.0,10.0,-0.0001012040441866191,-0.036939476128115975,-0.2042402601974761,-0.43638813915069535,-0.2771972657657088,2121,1949,0.918906176331919,0.8730589568263941,0.7705376146092556,0.7216947016650902
AD|e=E1|f=0|sp=1.5|k=2|tp=A2.0|sl=-|1h,1h,E1,0,1.5,2,A2.0,,1.0224449072023481e-05,0.003731923911288571,-0.005774978089272076,0.038259487433087803,-0.2081194579919069,115,112,0.9739130434782609,1.067634674933385,0.9906115259266649,0.9060849618358547
AD|e=E1|f=0|sp=1.5|k=2|tp=A2.0|sl=6|1h,1h,E1,0,1.5,2,A2.0,6.0,-4.689575026385476e-05,-0.017116948846306986,-0.11008697685659241,-0.20263272495474174,-0.17425248328070553,1818,1430,0.7865786578657866,1.070252739597486,0.9339943719683587,0.6833726818148063
AD|e=E1|f=0|sp=1.5|k=2|tp=A2.0|sl=10|1h,1h,E1,0,1.5,2,A2.0,10.0,-8.863775596677084e-05,-0.03235278092787136,-0.18950199681662494,-0.3265362514223753,-0.27888801728553336,1394,1194,0.8565279770444764,0.9189896449881557,0.8247052794400771,0.6734797085419234
AD|e=E1|f=0|sp=1.5|k=3|tp=MID|sl=-|1h,1h,E1,0,1.5,3,MID,,-6.660097822611976e-05,-0.02430935705253371,-0.13780956426803803,-0.38615455988214464,-0.19574041531178243,2706,2040,0.753880266075388,0.8394515012436314,0.8276047094807429,0.9033659782193254
AD|e=E1|f=0|sp=1.5|k=3|tp=MID|sl=6|1h,1h,E1,0,1.5,3,MID,6.0,-0.0001274679864949845,-0.046525815070669344,-0.2384420881583068,-0.7753435302258662,-0.26191325680251953,2878,2130,0.7400972897845726,0.7977487066679014,0.7829982966775091,0.6946834735383498
AD|e=E1|f=0|sp=1.5|k=3|tp=MID|sl=10|1h,1h,E1,0,1.5,3,MID,10.0,-0.00011956464487277391,-0.04364109537856248,-0.22788625453757527,-0.6533449158616161,-0.2753781071708167,2749,2073,0.7540923972353583,0.7725144708589204,0.713870673943179,0.8151123744921767
AD|e=E1|f=0|sp=1.5|k=3|tp=A0.5|sl=-|1h,1h,E1,0,1.5,3,A0.5,,3.316630777038032e-05,0.012105702336188818,0.02289941262897477,0.09521300797593968,-0.2690501756029414,525,519,0.9885714285714285,1.0905247294193041,0.8959754774586051,1.0467567437337901
AD|e=E1|f=0|sp=1.5|k=3|tp=A0.5|sl=6|1h,1h,E1,0,1.5,3,A0.5,6.0,-0.00023998158908715813,-0.08759328001681271,-0.3975253888079756,-1.2838422356204955,-0.4263760098527245,3087,2825,0.9151279559442824,0.6729616448056426,0.6688013582613135,0.47256203517636114
AD|e=E1|f=0|sp=1.5|k=3|tp=A0.5|sl=10|1h,1h,E1,0,1.5,3,A0.5,10.0,-0.00022884081179621292,-0.08352689630561771,-0.39119321910616744,-0.8759262414024753,-0.43610436968822874,2636,2505,0.9503034901365706,0.7140487496304614,0.5484799202917259,0.5489147666831196
AD|e=E1|f=0|sp=1.5|k=3|tp=A1.0|sl=-|1h,1h,E1,0,1.5,3,A1.0,,4.0535389274711496e-05,0.014795417085269696,0.03633938546447646,0.11377369167443167,-0.26867182545254586,346,343,0.9913294797687862,1.1566860273118036,0.9156354828307689,0.9987984726390073
AD|e=E1|f=0|sp=1.5|k=3|tp=A1.0|sl=6|1h,1h,E1,0,1.5,3,A1.0,6.0,-0.00012266957185868866,-0.04477439372842136,-0.23656951847102814,-0.5670910949648156,-0.29359378310462114,2537,2239,0.882538431217974,0.7851383031352634,0.9100187048627959,0.6020783513783122
AD|e=E1|f=0|sp=1.5|k=3|tp=A1.0|sl=10|1h,1h,E1,0,1.5,3,A1.0,10.0,-7.976194125859477e-05,-0.02911310855938709,-0.1784417445630081,-0.2710529514427496,-0.26401492547120287,2080,1944,0.9346153846153846,0.8314250277143764,0.6295860534882338,0.9995606555821291
AD|e=E1|f=0|sp=1.5|k=3|tp=A2.0|sl=-|1h,1h,E1,0,1.5,3,A2.0,,4.001260639791728e-05,0.014604601335239808,0.0318445874768023,0.10866284883671248,-0.2717726257265485,161,158,0.9813664596273292,1.1491418393622965,0.9767705212407699,0.931831845026181
AD|e=E1|f=0|sp=1.5|k=3|tp=A2.0|sl=6|1h,1h,E1,0,1.5,3,A2.0,6.0,-0.00010244219296905217,-0.03739140043370404,-0.20994980956061893,-0.39787040935394774,-0.31054795837406424,1824,1458,0.7993421052631579,0.9704133375865817,0.885200781380355,0.5521024605260221
AD|e=E1|f=0|sp=1.5|k=3|tp=A2.0|sl=10|1h,1h,E1,0,1.5,3,A2.0,10.0,-3.6162183890474425e-05,-0.013199197120023166,-0.11142082862429326,-0.10596820851348518,-0.29368481008288627,1377,1214,0.8816267247639796,1.0003015357869405,0.6913031182694909,0.9493784288044885
AD|e=E1|f=0|sp=2|k=1|tp=MID|sl=-|1h,1h,E1,0,2.0,1,MID,,-7.258582927994457e-05,-0.02649382768717977,-0.14320787983717564,-0.6121759070171208,-0.17278232717142983,2706,1945,0.7187730968218773,0.8529319986410776,0.8359942246134671,0.8751846331498363
AD|e=E1|f=0|sp=2|k=1|tp=MID|sl=6|1h,1h,E1,0,2.0,1,MID,6.0,-0.00011465335721906002,-0.04184847538495691,-0.21378761704218807,-1.0181176744398854,-0.23037718516108407,2938,2071,0.7049012933968686,0.8093121071317733,0.7761350542850691,0.7681695879331046
AD|e=E1|f=0|sp=2|k=1|tp=MID|sl=10|1h,1h,E1,0,2.0,1,MID,10.0,-0.00011122180374396473,-0.04059595836654713,-0.20942751992948827,-0.8622572691556213,-0.22681059498305023,2788,1999,0.7170014347202296,0.8409370211187707,0.7641515131367552,0.7612410511461765
AD|e=E1|f=0|sp=2|k=1|tp=A0.5|sl=-|1h,1h,E1,0,2.0,1,A0.5,,1.484762761400473e-05,0.005419384079111726,0.020302014121684753,0.0890726410139993,-0.13426751339981546,423,419,0.9905437352245863,1.0899369893946091,0.9589860060730325,1.0060143513762179
AD|e=E1|f=0|sp=2|k=1|tp=A0.5|sl=6|1h,1h,E1,0,2.0,1,A0.5,6.0,-0.00011968398859488059,-0.043684655837131416,-0.22254905338309283,-0.9778636213963208,-0.24604977822765883,3126,2796,0.8944337811900192,0.8372209325808,0.7199638971649659,0.7716624875865925
AD|e=E1|f=0|sp=2|k=1|tp=A0.5|sl=10|1h,1h,E1,0,2.0,1,A0.5,10.0,-0.00012622528582339953,-0.04607222932554083,-0.23515781427393345,-0.8394180911661969,-0.28376678353472695,2654,2474,0.9321778447626224,0.89923916616666,0.7633240961155615,0.6424341339875574
AD|e=E1|f=0|sp=2|k=1|tp=A1.0|sl=-|1h,1h,E1,0,2.0,1,A1.0,,1.5917205611093036e-05,0.005809780048048958,0.022401003600231784,0.09484303350346669,-0.13939647819737944,261,258,0.9885057471264368,1.0928272940206274,1.00153379202824,0.9660739098306134
AD|e=E1|f=0|sp=2|k=1|tp=A1.0|sl=6|1h,1h,E1,0,2.0,1,A1.0,6.0,-7.025693677251598e-05,-0.025643781921968332,-0.14112874372932127,-0.4921873889897182,-0.1877523045262669,2584,2197,0.8502321981424149,0.9566784072779314,0.7585572068475954,0.8614141994693614
AD|e=E1|f=0|sp=2|k=1|tp=A1.0|sl=10|1h,1h,E1,0,2.0,1,A1.0,10.0,-8.927200518082407e-05,-0.03258428189100079,-0.17710837472882035,-0.5134281430262259,-0.23596751170942298,2018,1808,0.8959365708622399,0.8758950821196458,0.8955707253827238,0.697288739065978
AD|e=E1|f=0|sp=2|k=1|tp=A2.0|sl=-|1h,1h,E1,0,2.0,1,A2.0,,4.392158315632622e-06,0.0016031377852059072,-0.002112947409819377,0.025486848140525962,-0.13823714420286048,101,98,0.9702970297029703,1.0338171833488898,1.0207038184250745,0.9314864269625162
AD|e=E1|f=0|sp=2|k=1|tp=A2.0|sl=6|1h,1h,E1,0,2.0,1,A2.0,6.0,-5.631405866151986e-05,-0.02055463141145475,-0.11885100073708232,-0.33338419214881687,-0.18237915787530756,1833,1387,0.756683033278778,0.9543657676451492,0.9045645767883862,0.7800272849139398
AD|e=E1|f=0|sp=2|k=1|tp=A2.0|sl=10|1h,1h,E1,0,2.0,1,A2.0,10.0,-6.303481978092113e-05,-0.023007709220036213,-0.1344184196416306,-0.31834102835529715,-0.18241763470750771,1377,1140,0.8278867102396514,0.8510827696280624,0.9426185970705241,0.7912792524530537
AD|e=E1|f=0|sp=2|k=2|tp=MID|sl=-|1h,1h,E1,0,2.0,2,MID,,-6.916393879771852e-05,-0.02524483766116726,-0.13928967178315843,-0.483023278349751,-0.18713159849165073,2706,1971,0.7283813747228381,0.8581519220484645,0.8189444360566904,0.8955142888127704
AD|e=E1|f=0|sp=2|k=2|tp=MID|sl=6|1h,1h,E1,0,2.0,2,MID,6.0,-0.0001262698291016098,-0.04608848762208758,-0.23411910458370055,-0.9230704381267016,-0.251044447560156,2896,2067,0.7137430939226519,0.7706040185315542,0.7917638082096655,0.7277894922232697
AD|e=E1|f=0|sp=2|k=2|tp=MID|sl=10|1h,1h,E1,0,2.0,2,MID,10.0,-9.927403902507207e-05,-0.03623502424415131,-0.19149871185894374,-0.6656260283800626,-0.2316041400586516,2755,2004,0.7274047186932849,0.8162951868732782,0.7478080833423743,0.8537654480071332
AD|e=E1|f=0|sp=2|k=2|tp=A0.5|sl=-|1h,1h,E1,0,2.0,2,A0.5,,3.305930470112688e-05,0.012066646215911312,0.044826958447752974,0.13038955313462086,-0.20048790200567557,538,534,0.9925650557620818,1.1099127844066834,0.9394114157275876,1.0679147578120356
AD|e=E1|f=0|sp=2|k=2|tp=A0.5|sl=6|1h,1h,E1,0,2.0,2,A0.5,6.0,-0.00017221999174148433,-0.06286029698564179,-0.3044822877265586,-1.1173455636403182,-0.3370636085075417,3060,2780,0.9084967320261438,0.7197619226367421,0.7778965941430113,0.5912265905867873
AD|e=E1|f=0|sp=2|k=2|tp=A0.5|sl=10|1h,1h,E1,0,2.0,2,A0.5,10.0,-0.00018199988454827134,-0.06642995786011904,-0.32322710769013285,-0.8774923781142099,-0.35550893571423847,2571,2428,0.9443796188253598,0.7553586326777894,0.5078629330716925,0.7826234045067351
AD|e=E1|f=0|sp=2|k=2|tp=A1.0|sl=-|1h,1h,E1,0,2.0,2,A1.0,,4.4366320863877326e-05,0.016193707115315224,0.06843386843864097,0.17182115542388857,-0.2036390115370441,348,345,0.9913793103448276,1.1757406033698774,0.9516773549467683,1.0620644752507622
AD|e=E1|f=0|sp=2|k=2|tp=A1.0|sl=6|1h,1h,E1,0,2.0,2,A1.0,6.0,-8.43353424170002e-05,-0.030782399982205073,-0.1684371438351766,-0.49223018492737797,-0.23218905630165299,2516,2191,0.8708267090620032,0.866082702043097,0.8395565902833525,0.7746820650533529
AD|e=E1|f=0|sp=2|k=2|tp=A1.0|sl=10|1h,1h,E1,0,2.0,2,A1.0,10.0,-0.00010216123705353323,-0.03728885152453963,-0.20497808952093866,-0.4507619112661489,-0.27026481596355567,2034,1872,0.9203539823008849,0.8213896919228502,0.6402553709536047,0.9226609874850189
AD|e=E1|f=0|sp=2|k=2|tp=A2.0|sl=-|1h,1h,E1,0,2.0,2,A2.0,,2.1616070375025717e-05,0.007889865686884387,0.018081777751796313,0.08133092686183191,-0.2085579574993488,142,139,0.9788732394366197,1.1351759710546527,0.9910242734162867,0.9143550701306018
AD|e=E1|f=0|sp=2|k=2|tp=A2.0|sl=6|1h,1h,E1,0,2.0,2,A2.0,6.0,-7.020154993868692e-05,-0.025623565727620725,-0.14947956937741858,-0.32430254058874575,-0.20908922394367435,1802,1411,0.7830188679245284,0.9260015301370825,0.9013016606700431,0.7166632460685631
AD|e=E1|f=0|sp=2|k=2|tp=A2.0|sl=10|1h,1h,E1,0,2.0,2,A2.0,10.0,-6.472295035047218e-05,-0.023623876877922344,-0.1477096128579467,-0.24271549178336693,-0.2532961107631848,1360,1173,0.8625,0.9842029332818819,0.7612660867206331,0.7950160717572351
AD|e=E1|f=0|sp=2|k=3|tp=MID|sl=-|1h,1h,E1,0,2.0,3,MID,,-5.393760504536822e-05,-0.0196872258415594,-0.11283091739332585,-0.3536684036854511,-0.1691459308312424,2706,1974,0.729490022172949,0.862764937896653,0.8336798194335117,0.9561951377831115
AD|e=E1|f=0|sp=2|k=3|tp=MID|sl=6|1h,1h,E1,0,2.0,3,MID,6.0,-0.0001095741019858596,-0.03999454722483875,-0.20781570372445202,-0.7707196236140199,-0.22998199808775266,2884,2060,0.7142857142857143,0.7999092457220794,0.7874634729292668,0.779590658759142
AD|e=E1|f=0|sp=2|k=3|tp=MID|sl=10|1h,1h,E1,0,2.0,3,MID,10.0,-0.00010341194794227579,-0.03774536099893066,-0.19969432421135003,-0.6330004926823921,-0.2417014127376187,2745,2001,0.7289617486338797,0.8210235778592863,0.7209244708527185,0.8510031449496506
AD|e=E1|f=0|sp=2|k=3|tp=A0.5|sl=-|1h,1h,E1,0,2.0,3,A0.5,,6.736273160914803e-05,0.02458739703733903,0.10350524646096004,0.2063356524787522,-0.265065715243196,716,712,0.994413407821229,1.107828526308189,1.0070546602840886,1.1535155975459213
AD|e=E1|f=0|sp=2|k=3|tp=A0.5|sl=6|1h,1h,E1,0,2.0,3,A0.5,6.0,-0.00017352815152094352,-0.06333777530514438,-0.30720803565429,-1.0553929901686194,-0.33717429592231496,3027,2770,0.9150974562272878,0.7260721848293649,0.7460322282501751,0.6014047674926034
AD|e=E1|f=0|sp=2|k=3|tp=A0.5|sl=10|1h,1h,E1,0,2.0,3,A0.5,10.0,-0.00016506450464908587,-0.060248544196916345,-0.30388695930719367,-0.6683911511875874,-0.3505063660337019,2619,2496,0.9530355097365406,0.7278545666310214,0.5711150418924628,0.7764897467845187
AD|e=E1|f=0|sp=2|k=3|tp=A1.0|sl=-|1h,1h,E1,0,2.0,3,A1.0,,9.095064052725328e-05,0.03319698379244745,0.15327554864941328,0.26450842460855334,-0.26955621086355497,463,460,0.9935205183585313,1.2364876880081463,0.940828668266948,1.2559481282159497
AD|e=E1|f=0|sp=2|k=3|tp=A1.0|sl=6|1h,1h,E1,0,2.0,3,A1.0,6.0,-8.321338876153641e-05,-0.03037288689796079,-0.16843899054914913,-0.44186517121116065,-0.23346901933919906,2472,2174,0.8794498381877023,0.8641362506723913,0.8505015381349472,0.7632844287953445
AD|e=E1|f=0|sp=2|k=3|tp=A1.0|sl=10|1h,1h,E1,0,2.0,3,A1.0,10.0,-0.00011102830328153734,-0.04052533069776113,-0.2277350986978044,-0.3916256403379015,-0.2824201732817574,1991,1861,0.9347061778001005,0.8401225086184156,0.6308766619964927,0.8250119244452099
AD|e=E1|f=0|sp=2|k=3|tp=A2.0|sl=-|1h,1h,E1,0,2.0,3,A2.0,,4.644558207445448e-05,0.016952637457175884,0.045164157707862085,0.12563950560198975,-0.2680503727722787,169,166,0.9822485207100592,1.1935364601790985,0.9731409227194012,0.9349015599897171
AD|e=E1|f=0|sp=2|k=3|tp=A2.0|sl=6|1h,1h,E1,0,2.0,3,A2.0,6.0,-9.499669731747406e-05,-0.034673794520878036,-0.19458070202063826,-0.40067078254104366,-0.2698007241138263,1773,1407,0.7935702199661591,0.9291856854058904,0.9731699035873403,0.5598048304049937
AD|e=E1|f=0|sp=2|k=3|tp=A2.0|sl=10|1h,1h,E1,0,2.0,3,A2.0,10.0,-5.127359527192485e-05,-0.018714862274252567,-0.13565488423081873,-0.15622424405316462,-0.2536354271898906,1337,1183,0.8848167539267016,1.0548964710602589,0.6761893401456326,0.855694685621015
AD|e=E1|f=1|sp=-|k=0|tp=MID|sl=-|1h,1h,E1,1,,0,MID,,-1.2495078158895386e-05,-0.004560703527996816,-0.025737174675721897,-0.39066374754268063,-0.03129588483508361,1000,636,0.636,0.9533408502962577,0.9604022533710654,1.0089129833578434
AD|e=E1|f=1|sp=-|k=0|tp=MID|sl=6|1h,1h,E1,1,,0,MID,6.0,-2.0390347179844064e-05,-0.007442476720643083,-0.04141722078857957,-0.6440032522849729,-0.04686585561572665,1009,638,0.6323092170465807,0.9226002299739707,0.9690926992233416,0.9840660345694434
AD|e=E1|f=1|sp=-|k=0|tp=MID|sl=10|1h,1h,E1,1,,0,MID,10.0,-1.8838596236189776e-05,-0.006876087626209268,-0.03838039350634159,-0.5744772601617049,-0.043866967084962405,1000,636,0.636,0.9425271128355591,0.9488025406902514,0.9930937735145691
AD|e=E1|f=1|sp=-|k=0|tp=A0.5|sl=-|1h,1h,E1,1,,0,A0.5,,3.865863009859691e-06,0.001411039998598787,0.00577440700143983,0.050590159389045056,-0.0655665595080216,271,268,0.988929889298893,1.0387771027000012,0.9883145419513584,0.9882775935940391
AD|e=E1|f=1|sp=-|k=0|tp=A0.5|sl=6|1h,1h,E1,1,,0,A0.5,6.0,-3.2471209604554146e-05,-0.011851991505662263,-0.06497979571240664,-0.9648543038600598,-0.0675532009929889,1087,929,0.8546458141674333,0.9039358736105583,0.9508559952557262,0.9497726001938165
AD|e=E1|f=1|sp=-|k=0|tp=A0.5|sl=10|1h,1h,E1,1,,0,A0.5,10.0,-3.578372149304242e-05,-0.013061058344960484,-0.07161560276345735,-0.8077448741651552,-0.07727367050266609,1066,959,0.899624765478424,0.9166280434967135,0.9282348916183379,0.9385026917541932
AD|e=E1|f=1|sp=-|k=0|tp=A1.0|sl=-|1h,1h,E1,1,,0,A1.0,,6.474454056971959e-06,0.002363175730794765,0.011088392089471544,0.08297252529152334,-0.06674143582362024,174,171,0.9827586206896551,1.0591334826762102,0.9831853096383183,0.9896021377111119
AD|e=E1|f=1|sp=-|k=0|tp=A1.0|sl=6|1h,1h,E1,1,,0,A1.0,6.0,-1.1536254353770254e-05,-0.004210732839126143,-0.024033236914779876,-0.28660315624201993,-0.0378848777161398,963,777,0.8068535825545171,0.9381365981554581,1.0071430820432465,0.9821256607521022
AD|e=E1|f=1|sp=-|k=0|tp=A1.0|sl=10|1h,1h,E1,1,,0,A1.0,10.0,-2.1122992491439557e-05,-0.007709892259375438,-0.04346496750160611,-0.4074906137781352,-0.05880602946729707,933,805,0.8628081457663451,0.9441880068647615,0.9596091266158137,0.9634486071602827
AD|e=E1|f=1|sp=-|k=0|tp=A2.0|sl=-|1h,1h,E1,1,,0,A2.0,,-2.7577901782710563e-06,-0.0010065934150689355,-0.008169642084040918,-0.03356086434468458,-0.06616321181939255,76,73,0.9605263157894737,1.0226498365950403,1.0004971791336228,0.9509262209688434
AD|e=E1|f=1|sp=-|k=0|tp=A2.0|sl=6|1h,1h,E1,1,,0,A2.0,6.0,-6.389450660448363e-06,-0.0023321494910636524,-0.014010929625021595,-0.12545372376110087,-0.048174385260752906,785,548,0.6980891719745222,0.9299464385599879,1.0051303315129199,1.0227582627359713
AD|e=E1|f=1|sp=-|k=0|tp=A2.0|sl=10|1h,1h,E1,1,,0,A2.0,10.0,-2.6098873402310443e-05,-0.009526088791843312,-0.05378196558547321,-0.3969319409342808,-0.06978666250053389,740,572,0.772972972972973,0.9134677736137701,0.957522416199208,0.9652543313274559
AD|e=E1|f=1|sp=0.5|k=1|tp=MID|sl=-|1h,1h,E1,1,0.5,1,MID,,-1.7030567431833835e-05,-0.0062161571126193495,-0.03549557338828324,-0.31127397914789046,-0.04470154457270359,1000,706,0.706,0.9354225060394327,0.9268082583691267,1.0318178058375196
AD|e=E1|f=1|sp=0.5|k=1|tp=MID|sl=6|1h,1h,E1,1,0.5,1,MID,6.0,-3.332765912920062e-05,-0.012164595582158228,-0.06726490422173315,-0.6130336084928044,-0.07515663286627838,1005,706,0.7024875621890547,0.8916222686736068,0.9216610136982315,0.984218711277253
AD|e=E1|f=1|sp=0.5|k=1|tp=MID|sl=10|1h,1h,E1,1,0.5,1,MID,10.0,-3.185066951753209e-05,-0.011625494373899212,-0.06456826424194961,-0.5501152490226267,-0.07349674333108558,1000,706,0.706,0.9065464915838892,0.8988016046318293,1.000633765288874
AD|e=E1|f=1|sp=0.5|k=1|tp=A0.5|sl=-|1h,1h,E1,1,0.5,1,A0.5,,7.965907395523038e-06,0.0029075561993659087,0.008475035694224031,0.05476756301398363,-0.13130959894440297,340,337,0.9911764705882353,1.0714860093162877,0.9772697113230233,0.9684709483801095
AD|e=E1|f=1|sp=0.5|k=1|tp=A0.5|sl=6|1h,1h,E1,1,0.5,1,A0.5,6.0,-4.757344152184186e-05,-0.01736430615547228,-0.0944118827285304,-0.7915603211860893,-0.10500700199147495,1101,981,0.8910081743869209,0.8686444379285129,0.9095945782581752,0.9360480818994524
AD|e=E1|f=1|sp=0.5|k=1|tp=A0.5|sl=10|1h,1h,E1,1,0.5,1,A0.5,10.0,-7.281230353361835e-05,-0.026576490789770695,-0.1410126431774925,-0.9318722554401184,-0.16697631844632077,1084,1000,0.922509225092251,0.9014899738949007,0.8116727181334715,0.860603463109985
AD|e=E1|f=1|sp=0.5|k=1|tp=A1.0|sl=-|1h,1h,E1,1,0.5,1,A1.0,,3.194532719117161e-05,0.011660044424777638,0.05834244591387461,0.20656075045186575,-0.12969429446299618,272,269,0.9889705882352942,1.131324849998154,1.0331200100623468,1.0024403826039812
AD|e=E1|f=1|sp=0.5|k=1|tp=A1.0|sl=6|1h,1h,E1,1,0.5,1,A1.0,6.0,-1.6252357473145746e-05,-0.005932110477698197,-0.0346835688800502,-0.22948150556055236,-0.061450388815036616,985,833,0.8456852791878172,0.9191478542724043,0.9808724987240055,0.9923926408252521
AD|e=E1|f=1|sp=0.5|k=1|tp=A1.0|sl=10|1h,1h,E1,1,0.5,1,A1.0,10.0,-6.110276433476411e-05,-0.022302508982188902,-0.12090576591968893,-0.6588161226626276,-0.13964446170741418,964,853,0.8848547717842323,0.8497783982530547,0.839456254234805,0.9444797528918143
AD|e=E1|f=1|sp=0.5|k=1|tp=A2.0|sl=-|1h,1h,E1,1,0.5,1,A2.0,,-1.07328244003443e-06,-0.00039174809061256696,-0.01301384620162882,-0.006299572667019134,-0.1332090311026164,82,79,0.9634146341463414,1.0309633828071263,0.9896694011711901,0.9315855822536829
AD|e=E1|f=1|sp=0.5|k=1|tp=A2.0|sl=6|1h,1h,E1,1,0.5,1,A2.0,6.0,4.906136964028451e-06,0.0017907399918703846,0.006897347450021796,0.053026629451600506,-0.06301396724152442,809,606,0.7490729295426453,0.9611179209164837,0.9959846662200286,1.0568233611515785
AD|e=E1|f=1|sp=0.5|k=1|tp=A2.0|sl=10|1h,1h,E1,1,0.5,1,A2.0,10.0,-5.636658361216841e-05,-0.02057380301844147,-0.11432488717603673,-0.46520340934753407,-0.13736368595102866,778,629,0.8084832904884319,0.8398371679675433,0.913171093188026,0.8949302014497399
AD|e=E1|f=1|sp=0.5|k=2|tp=MID|sl=-|1h,1h,E1,1,0.5,2,MID,,-1.2855580599373574e-05,-0.0046922869187713545,-0.02787659932408959,-0.18383710715490442,-0.04764978835776146,1000,755,0.755,0.9495198656929599,0.9021435755966212,1.0671379627953628
AD|e=E1|f=1|sp=0.5|k=2|tp=MID|sl=6|1h,1h,E1,1,0.5,2,MID,6.0,-3.703977258195163e-05,-0.013519516992412344,-0.07506257142626094,-0.5249715017941383,-0.08439094456711149,1004,754,0.750996015936255,0.8882122838839023,0.9015684609672925,0.982372682341685
AD|e=E1|f=1|sp=0.5|k=2|tp=MID|sl=10|1h,1h,E1,1,0.5,2,MID,10.0,-3.6633814703604214e-05,-0.013371342366815538,-0.07458288159073001,-0.48058328812492485,-0.08391609260021837,1000,755,0.755,0.9205678446875606,0.8445625929449823,1.0120521656246306
AD|e=E1|f=1|sp=0.5|k=2|tp=A0.5|sl=-|1h,1h,E1,1,0.5,2,A0.5,,2.5770708396367725e-05,0.00940630856467422,0.03739248358965952,0.12376316327544497,-0.19754627972966343,408,406,0.9950980392156863,1.1534762066061133,0.9356773463660318,1.0079310035890225
AD|e=E1|f=1|sp=0.5|k=2|tp=A0.5|sl=6|1h,1h,E1,1,0.5,2,A0.5,6.0,-5.126006952278486e-05,-0.018709925375816474,-0.10229382163871525,-0.6263201851478893,-0.12502550432723425,1105,1009,0.9131221719457013,0.8858681657107104,0.8853892315282179,0.9149119570293298
AD|e=E1|f=1|sp=0.5|k=2|tp=A0.5|sl=10|1h,1h,E1,1,0.5,2,A0.5,10.0,-9.491434308249757e-05,-0.03464373522511161,-0.18088683580309506,-0.879308363421933,-0.21530888996444286,1089,1020,0.9366391184573003,0.9600712959827445,0.7114913813842728,0.7944633475254932
AD|e=E1|f=1|sp=0.5|k=2|tp=A1.0|sl=-|1h,1h,E1,1,0.5,2,A1.0,,4.391536831963607e-05,0.016029109436667167,0.07247254455658303,0.18873384930916318,-0.19535297868175572,288,285,0.9895833333333334,1.207870489297195,1.0061450850763651,0.9879465478320825
AD|e=E1|f=1|sp=0.5|k=2|tp=A1.0|sl=6|1h,1h,E1,1,0.5,2,A1.0,6.0,-1.9664356747088854e-05,-0.007177490212687432,-0.043020241765394984,-0.20254942543758545,-0.10116299819094943,987,854,0.8652482269503546,0.9164824563363657,0.9857761623273084,0.9599270320014008
AD|e=E1|f=1|sp=0.5|k=2|tp=A1.0|sl=10|1h,1h,E1,1,0.5,2,A1.0,10.0,-7.759838635049742e-05,-0.02832341101793156,-0.15276964848660457,-0.6027188488898325,-0.1788056370886778,967,873,0.9027921406411582,0.8881468496679467,0.7585975000969976,0.8877231788199351
AD|e=E1|f=1|sp=0.5|k=2|tp=A2.0|sl=-|1h,1h,E1,1,0.5,2,A2.0,,-5.540018988402477e-06,-0.002022106930766904,-0.03673743320386946,-0.021034442119080954,-0.20005310573077972,91,88,0.967032967032967,1.0206438667177977,0.9618373757979715,0.8863153627746218
AD|e=E1|f=1|sp=0.5|k=2|tp=A2.0|sl=6|1h,1h,E1,1,0.5,2,A2.0,6.0,-1.130670633460834e-05,-0.0041269478121320445,-0.02890939901124845,-0.08880050948622169,-0.09323414466305235,818,635,0.7762836185819071,0.9131364724740298,0.9449274112561084,1.0435852913515997
AD|e=E1|f=1|sp=0.5|k=2|tp=A2.0|sl=10|1h,1h,E1,1,0.5,2,A2.0,10.0,-8.81767985064216e-05,-0.03218453145484389,-0.17476851990647435,-0.520438308886933,-0.20285947074628474,793,661,0.8335435056746532,0.7767074369507228,0.7340914295823546,0.9615171574908501
AD|e=E1|f=1|sp=0.5|k=3|tp=MID|sl=-|1h,1h,E1,1,0.5,3,MID,,-4.787549846210503e-06,-0.0017474556938668335,-0.012155364225396759,-0.06016929856311337,-0.0515363499399939,1000,781,0.781,0.961000224763074,0.8877162153685199,1.1225629291021226
AD|e=E1|f=1|sp=0.5|k=3|tp=MID|sl=6|1h,1h,E1,1,0.5,3,MID,6.0,-4.049870774479246e-05,-0.014782028326849246,-0.08230294145677097,-0.4858216182037531,-0.09326115841321114,1004,779,0.7758964143426295,0.8763958051338486,0.869504552368106,1.005595224789212
AD|e=E1|f=1|sp=0.5|k=3|tp=MID|sl=10|1h,1h,E1,1,0.5,3,MID,10.0,-2.3992227380836944e-05,-0.008757162994005484,-0.050662579362062865,-0.2855678576569747,-0.06731209254503878,1000,781,0.781,0.9388454882168467,0.8204655332452188,1.1017225591136428
AD|e=E1|f=1|sp=0.5|k=3|tp=A0.5|sl=-|1h,1h,E1,1,0.5,3,A0.5,,7.13730777522314e-05,0.02605117337956446,0.12842974073212443,0.27170344667020924,-0.2632504290069433,481,480,0.997920997920998,1.1611130147891748,1.0352460090203153,1.1440887823349197
AD|e=E1|f=1|sp=0.5|k=3|tp=A0.5|sl=6|1h,1h,E1,1,0.5,3,A0.5,6.0,-5.13060476150755e-05,-0.018726707379502557,-0.1033508788072568,-0.5244596400056758,-0.13184765896740414,1108,1024,0.924187725631769,0.8088219077552569,0.9589172215513542,0.9191922095772086
AD|e=E1|f=1|sp=0.5|k=3|tp=A0.5|sl=10|1h,1h,E1,1,0.5,3,A0.5,10.0,-0.00010668476565506045,-0.038939939464097066,-0.20191124743056021,-0.8325575061686233,-0.2437702738578179,1092,1033,0.9459706959706959,0.8548816635398738,0.7270812477646045,0.8040966234061423
AD|e=E1|f=1|sp=0.5|k=3|tp=A1.0|sl=-|1h,1h,E1,1,0.5,3,A1.0,,6.992952556973926e-05,0.02552427683295483,0.11268601276936496,0.2227819599117743,-0.2612381571339589,311,308,0.9903536977491961,1.2429376748474747,0.9669527958413727,1.0915035759732004
AD|e=E1|f=1|sp=0.5|k=3|tp=A1.0|sl=6|1h,1h,E1,1,0.5,3,A1.0,6.0,-2.0649858160146533e-05,-0.007537198228453485,-0.046607778037584424,-0.1744166768935149,-0.10320487302505099,988,871,0.881578947368421,0.8678316593495131,1.007072961326879,0.9754776558670454
AD|e=E1|f=1|sp=0.5|k=3|tp=A1.0|sl=10|1h,1h,E1,1,0.5,3,A1.0,10.0,-9.109525379255145e-05,-0.03324976763428128,-0.17817050867262385,-0.5914643885160857,-0.22971689031120657,966,886,0.917184265010352,0.8485434210684194,0.7470317847896666,0.85430210406595
AD|e=E1|f=1|sp=0.5|k=3|tp=A2.0|sl=-|1h,1h,E1,1,0.5,3,A2.0,,1.312902104701101e-05,0.004792092682159019,-0.02075459163979254,0.03673252663074111,-0.26761266738971656,120,117,0.975,1.1123162244118738,0.954715363710588,0.8390034728087282
AD|e=E1|f=1|sp=0.5|k=3|tp=A2.0|sl=6|1h,1h,E1,1,0.5,3,A2.0,6.0,-2.3176666550480324e-05,-0.008459483290925319,-0.05579320626951123,-0.14385445838945735,-0.1320636677146354,825,658,0.7975757575757576,0.8542066363070101,0.9947918089261666,0.9647026928184503
AD|e=E1|f=1|sp=0.5|k=3|tp=A2.0|sl=10|1h,1h,E1,1,0.5,3,A2.0,10.0,-0.00011069499001898993,-0.04040367135693133,-0.21731731854845304,-0.514084890638082,-0.2561639512030677,795,677,0.8515723270440252,0.7355189406649024,0.6848700577659804,0.9143831442246017
AD|e=E1|f=1|sp=1|k=1|tp=MID|sl=-|1h,1h,E1,1,1.0,1,MID,,-1.4895012034871186e-05,-0.005436679392727983,-0.031103132423700774,-0.29283918567671474,-0.040014338277423844,1000,728,0.728,0.9503023471362076,0.9197692642407769,1.0378495800414727
AD|e=E1|f=1|sp=1|k=1|tp=MID|sl=6|1h,1h,E1,1,1.0,1,MID,6.0,-3.151369710126467e-05,-0.011502499441961604,-0.06365330079030351,-0.6183747724551558,-0.06886295716551605,1004,728,0.7250996015936255,0.9008219604134352,0.9191011065789232,0.9885901308609217
AD|e=E1|f=1|sp=1|k=1|tp=MID|sl=10|1h,1h,E1,1,1.0,1,MID,10.0,-2.8020207950426904e-05,-0.01022737590190582,-0.05700822879303313,-0.5211492059652458,-0.06327997257900664,1000,728,0.728,0.9347604110769463,0.8882133008974319,1.006483244624208
AD|e=E1|f=1|sp=1|k=1|tp=A0.5|sl=-|1h,1h,E1,1,1.0,1,A0.5,,1.2715746739338087e-05,0.004641247559858402,0.019209202377842072,0.0923341561185531,-0.131329784494284,385,383,0.9948051948051948,1.1279963014320409,0.9641195421309225,0.9629931606536245
AD|e=E1|f=1|sp=1|k=1|tp=A0.5|sl=6|1h,1h,E1,1,1.0,1,A0.5,6.0,-4.992281367132806e-05,-0.01822182699003474,-0.0986913073675566,-0.8608504809781954,-0.10788963462550982,1099,985,0.8962693357597816,0.8945930333299185,0.8908697494818838,0.9150853690542557
AD|e=E1|f=1|sp=1|k=1|tp=A0.5|sl=10|1h,1h,E1,1,1.0,1,A0.5,10.0,-7.13895728213767e-05,-0.026057194079802493,-0.1383932981176612,-0.9382802191407333,-0.15836218605399677,1084,1005,0.9271217712177122,0.9557467780315543,0.8099985080222523,0.8212026004941131
AD|e=E1|f=1|sp=1|k=1|tp=A1.0|sl=-|1h,1h,E1,1,1.0,1,A1.0,,3.1877362059503275e-05,0.011635237151718696,0.05864956878372496,0.2112436444454029,-0.13001981145996167,288,285,0.9895833333333334,1.1531300978679329,1.0184600642676511,0.9985743398924546
AD|e=E1|f=1|sp=1|k=1|tp=A1.0|sl=6|1h,1h,E1,1,1.0,1,A1.0,6.0,-1.8290363507969357e-05,-0.006675982680408816,-0.038589361334127936,-0.2680954996753671,-0.05792188434616219,982,835,0.8503054989816701,0.9155327314633732,0.9538462755274383,1.0123835626330266
AD|e=E1|f=1|sp=1|k=1|tp=A1.0|sl=10|1h,1h,E1,1,1.0,1,A1.0,10.0,-6.049999549976378e-05,-0.022082498357413778,-0.11961365880771735,-0.6767377514761985,-0.136175097669062,962,856,0.8898128898128899,0.884449149485705,0.825583201585566,0.9270112756038578
AD|e=E1|f=1|sp=1|k=1|tp=A2.0|sl=-|1h,1h,E1,1,1.0,1,A2.0,,-5.838972964295847e-06,-0.002131225131967984,-0.02258109908322381,-0.03436279104296194,-0.1329117579558886,84,81,0.9642857142857143,1.0231604735463105,0.9742259119500848,0.9262607929732151
AD|e=E1|f=1|sp=1|k=1|tp=A2.0|sl=6|1h,1h,E1,1,1.0,1,A2.0,6.0,-2.045633690077979e-05,-0.007466562968784624,-0.044051743136287236,-0.2291112192336081,-0.08537018639575489,805,606,0.7527950310559006,0.9413455794669694,0.8962086380394022,1.0266954321600315
AD|e=E1|f=1|sp=1|k=1|tp=A2.0|sl=10|1h,1h,E1,1,1.0,1,A2.0,10.0,-7.290474750475753e-05,-0.0266102328392365,-0.14365599400671336,-0.6203666046167681,-0.1615384610268492,780,636,0.8153846153846154,0.8274258668720248,0.8413997727787037,0.891184489250687
AD|e=E1|f=1|sp=1|k=2|tp=MID|sl=-|1h,1h,E1,1,1.0,2,MID,,-1.4358186795398724e-05,-0.0052407381803205345,-0.030481289669479827,-0.23254265259161686,-0.046148112223234894,1000,761,0.761,0.9613806619626623,0.8926389274989307,1.0576348570230447
AD|e=E1|f=1|sp=1|k=2|tp=MID|sl=6|1h,1h,E1,1,1.0,2,MID,6.0,-3.4161028569239856e-05,-0.012468775427772548,-0.06924890322048938,-0.5363201042014578,-0.07590251703919881,1004,759,0.7559760956175299,0.9004877823039004,0.8908618102088132,1.00020874409426
AD|e=E1|f=1|sp=1|k=2|tp=MID|sl=10|1h,1h,E1,1,1.0,2,MID,10.0,-3.272949902093338e-05,-0.011946267142640684,-0.06665111999971463,-0.48962636264513826,-0.0733233044614191,1000,761,0.761,0.9618410540392962,0.8380296788736648,1.0030396113792168
AD|e=E1|f=1|sp=1|k=2|tp=A0.5|sl=-|1h,1h,E1,1,1.0,2,A0.5,,2.813016195547033e-05,0.01026750911374667,0.043601470937633335,0.13998724505862575,-0.19731355535685358,432,429,0.9930555555555556,1.144992412737072,0.9614421589518687,1.0094117067366601
AD|e=E1|f=1|sp=1|k=2|tp=A0.5|sl=6|1h,1h,E1,1,1.0,2,A0.5,6.0,-4.536020813450136e-05,-0.016556475969092998,-0.09115793341398803,-0.5773158889004326,-0.11607159571800907,1099,1011,0.9199272065514104,0.8766932902992151,0.9574652155711321,0.8876103127200821
AD|e=E1|f=1|sp=1|k=2|tp=A0.5|sl=10|1h,1h,E1,1,1.0,2,A0.5,10.0,-9.379533762654409e-05,-0.034235298233688594,-0.1788615655735506,-0.8861206730422541,-0.21325767309473287,1080,1019,0.9435185185185185,0.9432348023976981,0.7682715465761498,0.7556496218380325
AD|e=E1|f=1|sp=1|k=2|tp=A1.0|sl=-|1h,1h,E1,1,1.0,2,A1.0,,4.9965371978640856e-05,0.018237360772203913,0.08784567537282784,0.2248963049329945,-0.19540135532400127,323,320,0.9907120743034056,1.223122494885858,1.0433947528572525,0.9839718158612326
AD|e=E1|f=1|sp=1|k=2|tp=A1.0|sl=6|1h,1h,E1,1,1.0,2,A1.0,6.0,6.626653993342356e-06,0.00241872870756996,0.010604610544422188,0.07324817413186478,-0.05975552803040518,984,868,0.8821138211382114,0.9505142105295116,1.045082455056742,1.0288775829314658
AD|e=E1|f=1|sp=1|k=2|tp=A1.0|sl=10|1h,1h,E1,1,1.0,2,A1.0,10.0,-4.895955128826051e-05,-0.017870236220215087,-0.10087648136752236,-0.3986336196699534,-0.14939665442568206,966,886,0.917184265010352,0.9688032276759291,0.8056178143937648,0.917836732289231
AD|e=E1|f=1|sp=1|k=2|tp=A2.0|sl=-|1h,1h,E1,1,1.0,2,A2.0,,-6.592382072491767e-06,-0.002406219456459495,-0.03872461426388396,-0.025077553100363397,-0.20015827076261705,96,93,0.96875,1.0253382653110408,0.9619495740505587,0.8770001196265255
AD|e=E1|f=1|sp=1|k=2|tp=A2.0|sl=6|1h,1h,E1,1,1.0,2,A2.0,6.0,-2.542343570629074e-05,-0.00927955403279612,-0.05630040961350924,-0.20682866874692205,-0.10964639478815708,818,646,0.7897310513447433,0.8601217543128682,0.9747311304683248,0.9872270838493881
AD|e=E1|f=1|sp=1|k=2|tp=A2.0|sl=10|1h,1h,E1,1,1.0,2,A2.0,10.0,-9.237904922781027e-05,-0.03371835296815075,-0.1816109861090759,-0.5532751934900489,-0.21385037781568428,784,662,0.8443877551020408,0.772944061033337,0.7332204993402136,0.9451681803171335
AD|e=E1|f=1|sp=1|k=3|tp=MID|sl=-|1h,1h,E1,1,1.0,3,MID,,-7.353000229458969e-06,-0.0026838450837525234,-0.016660531937196188,-0.109998543114305,-0.046103072060117434,1000,767,0.767,0.9799480296859693,0.8930125113054496,1.0812526723820377
AD|e=E1|f=1|sp=1|k=3|tp=MID|sl=6|1h,1h,E1,1,1.0,3,MID,6.0,-3.5312592941635695e-05,-0.012889096423697028,-0.07174836519102867,-0.5041992755277854,-0.07921175265120062,1004,764,0.7609561752988048,0.9035766003972178,0.8832827063693792,0.9954256141826363
AD|e=E1|f=1|sp=1|k=3|tp=MID|sl=10|1h,1h,E1,1,1.0,3,MID,10.0,-1.7358589442344386e-05,-0.006335885146455701,-0.036819889426591534,-0.24941271591100603,-0.05387803252154799,1000,767,0.767,0.9657983851360225,0.8685538190649843,1.0593899891267113
AD|e=E1|f=1|sp=1|k=3|tp=A0.5|sl=-|1h,1h,E1,1,1.0,3,A0.5,,2.5097277838388903e-05,0.009160506411011949,0.023443716764124378,0.09121597002452997,-0.26282530385798775,434,431,0.9930875576036866,1.13539101864959,0.9259932853138718,0.9781581767569947
AD|e=E1|f=1|sp=1|k=3|tp=A0.5|sl=6|1h,1h,E1,1,1.0,3,A0.5,6.0,-7.516615899563977e-05,-0.027435648033408516,-0.14600175300012275,-0.8054546639279248,-0.16093517246176348,1102,1019,0.9246823956442831,0.7960482641541954,0.9018766773385922,0.8585500433109043
AD|e=E1|f=1|sp=1|k=3|tp=A0.5|sl=10|1h,1h,E1,1,1.0,3,A0.5,10.0,-0.00011098222001347569,-0.04050851030491863,-0.2084946679252715,-0.9074510853181313,-0.23874841399583835,1086,1035,0.9530386740331491,0.9042669167889841,0.6887094618282222,0.7841838015883537
AD|e=E1|f=1|sp=1|k=3|tp=A1.0|sl=-|1h,1h,E1,1,1.0,3,A1.0,,6.87540815532515e-05,0.025095239766936797,0.11370894907440587,0.22963875463089647,-0.26107001671463537,345,342,0.991304347826087,1.226894242767783,1.0085638641974048,1.0681395831631142
AD|e=E1|f=1|sp=1|k=3|tp=A1.0|sl=6|1h,1h,E1,1,1.0,3,A1.0,6.0,-2.5293739433388204e-05,-0.009232214893186694,-0.054862243153953494,-0.2333291835123506,-0.1045912439268134,984,878,0.8922764227642277,0.8727034388881963,0.9815888293830671,0.9712764806646149
AD|e=E1|f=1|sp=1|k=3|tp=A1.0|sl=10|1h,1h,E1,1,1.0,3,A1.0,10.0,-8.968426354158992e-05,-0.03273475619268032,-0.17502113593367885,-0.6149561783875112,-0.21293261453563794,965,896,0.9284974093264249,0.9196448170066407,0.7362441419527969,0.8108859865897697
AD|e=E1|f=1|sp=1|k=3|tp=A2.0|sl=-|1h,1h,E1,1,1.0,3,A2.0,,1.0411734181549239e-05,0.0038002829762654724,-0.027083709326667926,0.02885920209399442,-0.268192690131707,111,108,0.972972972972973,1.0813505253986486,0.9450593166540642,0.8563927978568139
AD|e=E1|f=1|sp=1|k=3|tp=A2.0|sl=6|1h,1h,E1,1,1.0,3,A2.0,6.0,-5.8667648775287466e-05,-0.021413691802979924,-0.12121025115929052,-0.388249216076215,-0.16214252256853978,820,663,0.8085365853658537,0.7894341489386043,0.961711880632034,0.8730709994186237
AD|e=E1|f=1|sp=1|k=3|tp=A2.0|sl=10|1h,1h,E1,1,1.0,3,A2.0,10.0,-0.0001300143940798824,-0.04745525383915708,-0.2474203789606485,-0.6127639125638981,-0.2884876003931257,782,677,0.8657289002557544,0.8364410147937045,0.6270140066954673,0.7827787358428123
AD|e=E1|f=1|sp=1.5|k=1|tp=MID|sl=-|1h,1h,E1,1,1.5,1,MID,,-1.2260409222878361e-05,-0.004475049366350602,-0.02574501643957383,-0.2541903245330751,-0.036017803276727545,1000,725,0.725,0.9621216114330553,0.9289196649910555,1.0322234247303257
AD|e=E1|f=1|sp=1.5|k=1|tp=MID|sl=6|1h,1h,E1,1,1.5,1,MID,6.0,-3.061759671226124e-05,-0.011175422799975354,-0.06184292655862211,-0.6302349043029999,-0.0665078321886503,1005,725,0.7213930348258707,0.9021901140429678,0.9329612690897519,0.97829887932023
AD|e=E1|f=1|sp=1.5|k=1|tp=MID|sl=10|1h,1h,E1,1,1.5,1,MID,10.0,-2.3939361190587458e-05,-0.008737866834564421,-0.04895465654869102,-0.47051447853661615,-0.054718133274833436,1000,725,0.725,0.9573330059816891,0.9018446559400749,0.9933392403706599
AD|e=E1|f=1|sp=1.5|k=1|tp=A0.5|sl=-|1h,1h,E1,1,1.5,1,A0.5,,3.250558981934279e-05,0.011864540284060117,0.06217393610402877,0.24672293732754064,-0.1316176171695177,418,417,0.9976076555023924,1.12552166783996,0.9629093549894098,1.0920637997311333
AD|e=E1|f=1|sp=1.5|k=1|tp=A0.5|sl=6|1h,1h,E1,1,1.5,1,A0.5,6.0,-4.7511284436172044e-05,-0.017341618819202795,-0.09419394444734219,-0.825551728947505,-0.10504189766522865,1095,986,0.9004566210045662,0.9054083853777771,0.8925324219763072,0.9161268118332451
AD|e=E1|f=1|sp=1.5|k=1|tp=A0.5|sl=10|1h,1h,E1,1,1.5,1,A0.5,10.0,-6.852940492279724e-05,-0.025013232796820994,-0.1332503832969587,-0.9156585399861217,-0.15624275011898991,1078,1003,0.9304267161410018,0.9408002095330275,0.8058994595667255,0.8537779015070467
AD|e=E1|f=1|sp=1.5|k=1|tp=A1.0|sl=-|1h,1h,E1,1,1.5,1,A1.0,,2.0477977635585595e-05,0.007474461836988742,0.03427700412012058,0.13686682323672397,-0.13482945599878204,251,248,0.9880478087649402,1.1598389119296766,0.9493627001992494,0.9936752531746337
AD|e=E1|f=1|sp=1.5|k=1|tp=A1.0|sl=6|1h,1h,E1,1,1.5,1,A1.0,6.0,-2.863000674456968e-05,-0.010449952461767933,-0.058806077443718796,-0.42043869800658523,-0.07210566371518767,977,833,0.8526100307062436,0.9203641034753829,0.9416202299238173,0.9572339338961351
AD|e=E1|f=1|sp=1.5|k=1|tp=A1.0|sl=10|1h,1h,E1,1,1.5,1,A1.0,10.0,-6.72779401813577e-05,-0.02455644816619556,-0.13181639578809012,-0.7499910155293202,-0.15293186736069408,957,855,0.8934169278996865,0.9450983035736057,0.8074585815022848,0.8512028543796709
AD|e=E1|f=1|sp=1.5|k=1|tp=A2.0|sl=-|1h,1h,E1,1,1.5,1,A2.0,,-3.0625292488567464e-06,-0.0011178231758327125,-0.017028581551545297,-0.017986967015231285,-0.1332180114565854,89,86,0.9662921348314607,1.0318796290362946,0.9789205843029459,0.9295531314975659
AD|e=E1|f=1|sp=1.5|k=1|tp=A2.0|sl=6|1h,1h,E1,1,1.5,1,A2.0,6.0,-3.338946749912791e-05,-0.012187155637181687,-0.06896786233111096,-0.38583449383940677,-0.08601408484099182,805,607,0.7540372670807454,0.9320510184117844,0.9011402722552971,0.953515075976796
AD|e=E1|f=1|sp=1.5|k=1|tp=A2.0|sl=10|1h,1h,E1,1,1.5,1,A2.0,10.0,-9.853574113181428e-05,-0.035965545513112214,-0.18754718204472187,-0.845836792743974,-0.2019328908779252,778,633,0.8136246786632391,0.8541514122907427,0.7847110069492227,0.7914720278214238
AD|e=E1|f=1|sp=1.5|k=2|tp=MID|sl=-|1h,1h,E1,1,1.5,2,MID,,-5.886971350799204e-06,-0.0021487445430417094,-0.013134985954229128,-0.10798415590626395,-0.036158852736846714,1000,737,0.737,0.9740113754002253,0.9198149358268488,1.0694100244478795
AD|e=E1|f=1|sp=1.5|k=2|tp=MID|sl=6|1h,1h,E1,1,1.5,2,MID,6.0,-3.1121590378415794e-05,-0.011359380488121764,-0.06320861594919658,-0.5281450146136094,-0.06975560538572156,1005,736,0.7323383084577114,0.8997068117102044,0.9093438266951049,1.0004205463140172
AD|e=E1|f=1|sp=1.5|k=2|tp=MID|sl=10|1h,1h,E1,1,1.5,2,MID,10.0,-1.2849547390646692e-05,-0.004690084797586043,-0.0272098317069267,-0.2306572616437156,-0.04495769846657682,1000,737,0.737,0.9615394965974234,0.8968680531448506,1.0638593896096857
AD|e=E1|f=1|sp=1.5|k=2|tp=A0.5|sl=-|1h,1h,E1,1,1.5,2,A0.5,,3.74556811408594e-05,0.013671323616413681,0.06434337261079737,0.18959941447622833,-0.19726107080434618,434,432,0.9953917050691244,1.1407177549422236,0.9377473939456434,1.096096261170467
AD|e=E1|f=1|sp=1.5|k=2|tp=A0.5|sl=6|1h,1h,E1,1,1.5,2,A0.5,6.0,-4.86245870696171e-05,-0.017747974280410243,-0.09700261524845566,-0.6567438166309062,-0.11460477867526142,1097,1009,0.9197812215132178,0.8695351140839416,0.9455104480903777,0.8896171919444311
AD|e=E1|f=1|sp=1.5|k=2|tp=A0.5|sl=10|1h,1h,E1,1,1.5,2,A0.5,10.0,-7.89758075995752e-05,-0.028826169773844945,-0.1530831793039119,-0.788255051369937,-0.18375775796621163,1079,1023,0.9481000926784059,0.9655175147169096,0.7353427869987196,0.847707557465405
AD|e=E1|f=1|sp=1.5|k=2|tp=A1.0|sl=-|1h,1h,E1,1,1.5,2,A1.0,,3.316313704932053e-05,0.012104545023001992,0.0504983983457421,0.14771456155447962,-0.2019532191407042,270,267,0.9888888888888889,1.1900152091022782,0.903749703354116,1.0504325068149034
AD|e=E1|f=1|sp=1.5|k=2|tp=A1.0|sl=6|1h,1h,E1,1,1.5,2,A1.0,6.0,-2.4942200781290712e-05,-0.00910390328517111,-0.05279852547988695,-0.281022183700748,-0.07532141564509487,979,864,0.8825331971399387,0.931999694711328,0.9455694672770248,0.9554619303986587
AD|e=E1|f=1|sp=1.5|k=2|tp=A1.0|sl=10|1h,1h,E1,1,1.5,2,A1.0,10.0,-5.359790895960302e-05,-0.019563236770255104,-0.10931605377161713,-0.44046190285711634,-0.1334663464865523,959,884,0.921793534932221,0.9689932318527146,0.7377928560431737,0.9752173898158192
AD|e=E1|f=1|sp=1.5|k=2|tp=A2.0|sl=-|1h,1h,E1,1,1.5,2,A2.0,,2.5282654385548436e-06,0.0009228168850725179,-0.020324664362951328,0.009656420293199248,-0.20057576336961513,106,103,0.9716981132075472,1.0511087497377514,0.9663981205402071,0.9021670562509408
AD|e=E1|f=1|sp=1.5|k=2|tp=A2.0|sl=6|1h,1h,E1,1,1.5,2,A2.0,6.0,-5.1794244470686735e-05,-0.018904899231800658,-0.1056727761453965,-0.4406530888590191,-0.1379128527751231,813,641,0.7884378843788438,0.8786517556805505,0.9085084236410708,0.8836371463894328
AD|e=E1|f=1|sp=1.5|k=2|tp=A2.0|sl=10|1h,1h,E1,1,1.5,2,A2.0,10.0,-8.807687674469124e-05,-0.0321480600118123,-0.17391953962932527,-0.5407095220735577,-0.22239457107125926,775,662,0.8541935483870968,0.887088298734993,0.7288589898745077,0.8536516492560783
AD|e=E1|f=1|sp=1.5|k=3|tp=MID|sl=-|1h,1h,E1,1,1.5,3,MID,,-1.1496855690375005e-07,-4.196352326986877e-05,-0.0014439748957697507,-0.0020289321133880244,-0.035494868324299156,1000,740,0.74,0.9888725138888129,0.9267059307011031,1.082843794362835
AD|e=E1|f=1|sp=1.5|k=3|tp=MID|sl=6|1h,1h,E1,1,1.5,3,MID,6.0,-2.335961866722681e-05,-0.008526260813537787,-0.04811987790810668,-0.39940580624764893,-0.05501708710220565,1005,739,0.7353233830845771,0.9427772004268422,0.9162475000169655,0.9939334532763658
AD|e=E1|f=1|sp=1.5|k=3|tp=MID|sl=10|1h,1h,E1,1,1.5,3,MID,10.0,-1.0782771415714958e-05,-0.00393571156673596,-0.02318189689032013,-0.1845582242411519,-0.04855588606507644,1000,740,0.74,0.9624184485416596,0.8962149371274467,1.0765430218499457
AD|e=E1|f=1|sp=1.5|k=3|tp=A0.5|sl=-|1h,1h,E1,1,1.5,3,A0.5,,4.182408368774244e-05,0.01526579054602599,0.06135752863596111,0.15764306134354145,-0.2625078713872505,451,449,0.9955654101995566,1.134652118324609,0.90579474906603,1.1063183073354423
AD|e=E1|f=1|sp=1.5|k=3|tp=A0.5|sl=6|1h,1h,E1,1,1.5,3,A0.5,6.0,-7.58622622906084e-05,-0.027689725736072063,-0.14676633914311843,-0.8886416651037669,-0.16879150607151305,1098,1014,0.9234972677595629,0.8648730276205576,0.8621220607900761,0.8260914545269689
AD|e=E1|f=1|sp=1.5|k=3|tp=A0.5|sl=10|1h,1h,E1,1,1.5,3,A0.5,10.0,-9.71244794043584e-05,-0.03545043498259082,-0.18563689609455325,-0.7925165084025108,-0.22684313327605088,1078,1033,0.9582560296846011,0.9718460781278886,0.6720195521440145,0.8148239135978322
AD|e=E1|f=1|sp=1.5|k=3|tp=A1.0|sl=-|1h,1h,E1,1,1.5,3,A1.0,,4.8995265508875574e-05,0.017883271910739584,0.06853521356416836,0.1617804999672974,-0.2596787749821188,329,326,0.9908814589665653,1.1837528025325952,0.949950775276185,1.0332035100399453
AD|e=E1|f=1|sp=1.5|k=3|tp=A1.0|sl=6|1h,1h,E1,1,1.5,3,A1.0,6.0,-5.430799287946533e-05,-0.019822417401004846,-0.10920913675303001,-0.527781047517299,-0.1473294694821662,979,872,0.8907048008171604,0.9162825705948437,0.8497548589079889,0.8969188579396042
AD|e=E1|f=1|sp=1.5|k=3|tp=A1.0|sl=10|1h,1h,E1,1,1.5,3,A1.0,10.0,-7.995178237994369e-05,-0.029182400568679448,-0.1582742276202166,-0.5511794816618083,-0.22234862084633555,957,896,0.9362591431556949,1.0353722375324956,0.6235585368179566,0.9041229984810608
AD|e=E1|f=1|sp=1.5|k=3|tp=A2.0|sl=-|1h,1h,E1,1,1.5,3,A2.0,,2.164876094526689e-05,0.007901797745022416,-0.003894241774797358,0.06029864569119264,-0.2683916572172823,135,132,0.9777777777777777,1.1220178999318147,0.9365839455401551,0.8952370724641419
AD|e=E1|f=1|sp=1.5|k=3|tp=A2.0|sl=6|1h,1h,E1,1,1.5,3,A2.0,6.0,-8.293584197593787e-05,-0.030271582321217322,-0.16296759789229298,-0.5925892251054504,-0.2095500480804312,814,652,0.800982800982801,0.8535808596295553,0.8117279621184036,0.8312015715441428
AD|e=E1|f=1|sp=1.5|k=3|tp=A2.0|sl=10|1h,1h,E1,1,1.5,3,A2.0,10.0,-9.464903836927855e-05,-0.03454689900478667,-0.18982346999207833,-0.46034500024209013,-0.25387555916978377,768,672,0.875,0.9886070223585433,0.595826878259747,0.8726899561079969
AD|e=E1|f=1|sp=2|k=1|tp=MID|sl=-|1h,1h,E1,1,2.0,1,MID,,-1.1547424487889097e-05,-0.00421480993807952,-0.02423768785331737,-0.2511638874121213,-0.035092158305657595,1000,711,0.711,0.969905778510473,0.9291640996571072,1.0285988467417209
AD|e=E1|f=1|sp=2|k=1|tp=MID|sl=6|1h,1h,E1,1,2.0,1,MID,6.0,-2.9554226262503093e-05,-0.010787292585813629,-0.05972636955226429,-0.6327691555791217,-0.06620488216820863,1006,712,0.7077534791252486,0.916909755874137,0.9344889642243731,0.9676627736901567
AD|e=E1|f=1|sp=2|k=1|tp=MID|sl=10|1h,1h,E1,1,2.0,1,MID,10.0,-2.3861109799469654e-05,-0.008709305076806425,-0.04873393096640577,-0.4871113846361366,-0.055288181803388015,1000,711,0.711,0.9648205527125898,0.8987352845689752,0.9898512013864613
AD|e=E1|f=1|sp=2|k=1|tp=A0.5|sl=-|1h,1h,E1,1,2.0,1,A0.5,,1.5852101111569147e-05,0.005786016905722739,0.02544929569572396,0.11241429628190601,-0.1316176171695176,369,366,0.991869918699187,1.0771011050855628,0.9725682206571051,1.0194270154212899
AD|e=E1|f=1|sp=2|k=1|tp=A0.5|sl=6|1h,1h,E1,1,2.0,1,A0.5,6.0,-3.643511859771253e-05,-0.013298818288165072,-0.07331283892402018,-0.6374525322924889,-0.08653286064485943,1092,987,0.9038461538461539,0.9264278429492975,0.9264326194695864,0.9235468406607644
AD|e=E1|f=1|sp=2|k=1|tp=A0.5|sl=10|1h,1h,E1,1,2.0,1,A0.5,10.0,-5.7291420343729744e-05,-0.020911368425461357,-0.1129519517391604,-0.7732716100518652,-0.1383591927570943,1066,996,0.9343339587242027,0.9863778413614263,0.8509110999465359,0.8267073431969911
AD|e=E1|f=1|sp=2|k=1|tp=A1.0|sl=-|1h,1h,E1,1,2.0,1,A1.0,,2.5152542752820906e-05,0.00918067810477963,0.0447326923373792,0.17278337186845585,-0.13405780245843857,267,264,0.9887640449438202,1.163199742728052,0.9898632454403496,0.9797015049768353
AD|e=E1|f=1|sp=2|k=1|tp=A1.0|sl=6|1h,1h,E1,1,2.0,1,A1.0,6.0,-1.5735465403191684e-05,-0.005743444872164965,-0.033426054966621654,-0.2377348573676834,-0.06278120156410905,971,834,0.858908341915551,0.9506912148771858,0.9751678774834187,0.9691113447139591
AD|e=E1|f=1|sp=2|k=1|tp=A1.0|sl=10|1h,1h,E1,1,2.0,1,A1.0,10.0,-6.67156540039849e-05,-0.024351213711454486,-0.13065575126337037,-0.7668960359376813,-0.15107481842521486,947,848,0.8954593453009504,0.9496913357711151,0.8375534300347863,0.8199309704633465
AD|e=E1|f=1|sp=2|k=1|tp=A2.0|sl=-|1h,1h,E1,1,2.0,1,A2.0,,-1.3968187954192786e-06,-0.0005098388603280367,-0.013625417299352738,-0.008215632054858748,-0.13318271143899352,93,90,0.967741935483871,1.0277107129718934,0.9949742438337761,0.927902325124496
AD|e=E1|f=1|sp=2|k=1|tp=A2.0|sl=6|1h,1h,E1,1,2.0,1,A2.0,6.0,-2.5087058198821537e-05,-0.009156776242569862,-0.05295104778933479,-0.289225030909097,-0.07453512910752147,806,616,0.7642679900744417,0.9155679256576621,0.9693420001920753,0.9499717506458648
AD|e=E1|f=1|sp=2|k=1|tp=A2.0|sl=10|1h,1h,E1,1,2.0,1,A2.0,10.0,-8.429669763632053e-05,-0.030768294637256995,-0.1633232224354224,-0.7308868470412186,-0.18153074268054725,772,634,0.8212435233160622,0.8689813881988273,0.7690597855048763,0.8668126700680789
AD|e=E1|f=1|sp=2|k=2|tp=MID|sl=-|1h,1h,E1,1,2.0,2,MID,,-6.658909006158529e-06,-0.002430501787247863,-0.014528274138715824,-0.13291660840996689,-0.03548962657487276,1000,720,0.72,0.9848614723699819,0.9251715997642257,1.0474706026404883
AD|e=E1|f=1|sp=2|k=2|tp=MID|sl=6|1h,1h,E1,1,2.0,2,MID,6.0,-2.871279502374584e-05,-0.010480170183667231,-0.05830896556646803,-0.5452493060489163,-0.06526962623897248,1006,719,0.7147117296222664,0.9209291826023691,0.9270933962658076,0.9743051113336877
AD|e=E1|f=1|sp=2|k=2|tp=MID|sl=10|1h,1h,E1,1,2.0,2,MID,10.0,-1.2679130812285995e-05,-0.004627882746484388,-0.026698152866701852,-0.2468607673670894,-0.03713993907044144,1000,720,0.72,0.9699510314254861,0.9095519522118105,1.0420338415422405
AD|e=E1|f=1|sp=2|k=2|tp=A0.5|sl=-|1h,1h,E1,1,2.0,2,A0.5,,1.0033545017707942e-05,0.0036622439314633985,0.0029520264436324606,0.0462272447194683,-0.19712385713455782,374,371,0.9919786096256684,1.0623640265062912,0.9319426735412123,0.9967141398961366
AD|e=E1|f=1|sp=2|k=2|tp=A0.5|sl=6|1h,1h,E1,1,2.0,2,A0.5,6.0,-5.557819648966696e-05,-0.02028604171872844,-0.10958813313023641,-0.8034163940985374,-0.1319513905830162,1094,1001,0.9149908592321755,0.8927616211175707,0.9068148142704079,0.867118332185702
AD|e=E1|f=1|sp=2|k=2|tp=A0.5|sl=10|1h,1h,E1,1,2.0,2,A0.5,10.0,-9.020936174480417e-05,-0.03292641703685352,-0.17210046335481965,-0.9507427828587706,-0.19699738636172937,1073,1015,0.9459459459459459,0.9847133471588608,0.6957556999676747,0.8208299361228134
AD|e=E1|f=1|sp=2|k=2|tp=A1.0|sl=-|1h,1h,E1,1,2.0,2,A1.0,,3.8443571096064845e-05,0.014031903450063669,0.06198140002852348,0.17131219810507944,-0.2018736254934429,286,283,0.9895104895104895,1.1731381226398712,0.9526348312471405,1.0474000145452809
AD|e=E1|f=1|sp=2|k=2|tp=A1.0|sl=6|1h,1h,E1,1,2.0,2,A1.0,6.0,-3.792834982455257e-05,-0.01384384768596169,-0.07743585954973775,-0.454658760282668,-0.10232100126520338,972,854,0.8786008230452675,0.9021666688354583,0.9465005100489449,0.9116430513944817
AD|e=E1|f=1|sp=2|k=2|tp=A1.0|sl=10|1h,1h,E1,1,2.0,2,A1.0,10.0,-8.24551340823341e-05,-0.030096123940051945,-0.16016272001170018,-0.7140626925004205,-0.18288858031626876,956,878,0.9184100418410042,0.9408458513375064,0.709449323597562,0.8759943054231061
AD|e=E1|f=1|sp=2|k=2|tp=A2.0|sl=-|1h,1h,E1,1,2.0,2,A2.0,,1.271613736367583e-05,0.004641390137741678,0.0013243792106565344,0.049455641385734606,-0.20148660617448888,131,128,0.9770992366412213,1.1191709890349182,0.9618502855417226,0.9082423309473594
AD|e=E1|f=1|sp=2|k=2|tp=A2.0|sl=6|1h,1h,E1,1,2.0,2,A2.0,6.0,-6.394624527919866e-05,-0.023340379526907512,-0.1273034910100449,-0.5723807167685905,-0.15406573798170864,810,640,0.7901234567901234,0.8828886966738363,0.9219927258506186,0.8059920370689592
AD|e=E1|f=1|sp=2|k=2|tp=A2.0|sl=10|1h,1h,E1,1,2.0,2,A2.0,10.0,-0.00011504349636359931,-0.04199087617271375,-0.21819744088675075,-0.719342497627015,-0.26778510397577526,773,662,0.8564036222509702,0.920473335230436,0.6736873698055881,0.7549045681766299
AD|e=E1|f=1|sp=2|k=3|tp=MID|sl=-|1h,1h,E1,1,2.0,3,MID,,-2.7566777993180772e-06,-0.001006187396751098,-0.006634463586359662,-0.05376964509183458,-0.033460836249265324,1000,720,0.72,0.992313984790956,0.9289780108879138,1.0602969615765523
AD|e=E1|f=1|sp=2|k=3|tp=MID|sl=6|1h,1h,E1,1,2.0,3,MID,6.0,-2.078783796641429e-05,-0.007587560857741217,-0.042797049776200136,-0.4032565136287324,-0.051287917038159714,1006,719,0.7147117296222664,0.9421409376713621,0.9431042651862365,0.9836242817938661
AD|e=E1|f=1|sp=2|k=3|tp=MID|sl=10|1h,1h,E1,1,2.0,3,MID,10.0,-1.2950599472798636e-05,-0.0047269688075715025,-0.027303816355246813,-0.24436079880063485,-0.040642704535125085,1000,720,0.72,0.9724029322609511,0.8952025591690111,1.0537524416705166
AD|e=E1|f=1|sp=2|k=3|tp=A0.5|sl=-|1h,1h,E1,1,2.0,3,A0.5,,1.3630084393919118e-05,0.004974980803780478,-0.0019388897438790131,0.048257841075100706,-0.2620725187099979,423,420,0.9929078014184397,1.0401184082401898,0.8904836040706052,1.0332959439050355
AD|e=E1|f=1|sp=2|k=3|tp=A0.5|sl=6|1h,1h,E1,1,2.0,3,A0.5,6.0,-7.255071219084611e-05,-0.02648100994965883,-0.14036930272826886,-0.974928929063225,-0.16036250490667847,1094,1004,0.9177330895795247,0.875538628546607,0.8301159306380091,0.8682608930626611
AD|e=E1|f=1|sp=2|k=3|tp=A0.5|sl=10|1h,1h,E1,1,2.0,3,A0.5,10.0,-0.00010420656800306987,-0.038035397321120504,-0.19691035829303405,-0.901257238265323,-0.23105106988963897,1083,1033,0.9538319482917821,0.945739323049588,0.6739459464664846,0.8025444746496854
AD|e=E1|f=1|sp=2|k=3|tp=A1.0|sl=-|1h,1h,E1,1,2.0,3,A1.0,,6.592729859066036e-05,0.02406346398559103,0.10863619747057918,0.22443977784937275,-0.2600537339349377,368,365,0.9918478260869565,1.1929258274312993,0.956436436630556,1.147360111662812
AD|e=E1|f=1|sp=2|k=3|tp=A1.0|sl=6|1h,1h,E1,1,2.0,3,A1.0,6.0,-5.927539199265292e-05,-0.021635518077318314,-0.11752176204487286,-0.6478210516408627,-0.15190192983639406,972,858,0.8827160493827161,0.9184048485732561,0.8504371067931198,0.8711682422777768
AD|e=E1|f=1|sp=2|k=3|tp=A1.0|sl=10|1h,1h,E1,1,2.0,3,A1.0,10.0,-0.00010182920815321827,-0.037167660975924666,-0.19516865580577225,-0.7093062778766949,-0.23978521211866022,954,890,0.9329140461215933,0.9559882614295548,0.6719995723659992,0.7963376900460819
AD|e=E1|f=1|sp=2|k=3|tp=A2.0|sl=-|1h,1h,E1,1,2.0,3,A2.0,,3.185700482495206e-05,0.011627806761107503,0.017072820949239897,0.08858404442721149,-0.2633239508197851,152,149,0.9802631578947368,1.13814501103878,0.982407425032229,0.8953390529844286
AD|e=E1|f=1|sp=2|k=3|tp=A2.0|sl=6|1h,1h,E1,1,2.0,3,A2.0,6.0,-8.273905287320032e-05,-0.03019975429871812,-0.16149460207063226,-0.6539665628908923,-0.2109639267119765,809,647,0.799752781211372,0.9389990340307856,0.8668984924422799,0.7124320422970336
AD|e=E1|f=1|sp=2|k=3|tp=A2.0|sl=10|1h,1h,E1,1,2.0,3,A2.0,10.0,-0.00012631976325887145,-0.04610671358948808,-0.24049224716616713,-0.6251325711819105,-0.29977339058304386,776,681,0.8775773195876289,0.9826950841397804,0.6145778984462296,0.7030182082496171
AD|e=E2|f=0|sp=-|k=0|tp=MID|sl=-|1h,1h,E2,0,,0,MID,,-2.6527203043562824e-05,-0.00968242911090043,-0.05429068052246766,-0.45527828532502757,-0.07278840837039213,1118,667,0.5966010733452594,0.945995816450354,0.934845338745991,0.954454019930787
AD|e=E2|f=0|sp=-|k=0|tp=MID|sl=6|1h,1h,E2,0,,0,MID,6.0,-4.753603276558104e-05,-0.01735065195943708,-0.09456123782415704,-0.7304039839706138,-0.10693405817989032,1335,786,0.5887640449438202,0.8884157207069913,0.8956995414089483,0.9304658129077223
AD|e=E2|f=0|sp=-|k=0|tp=MID|sl=10|1h,1h,E2,0,,0,MID,10.0,-4.241023623074971e-05,-0.015479736224223646,-0.08493032326655414,-0.659945501172934,-0.09485966759874043,1205,720,0.5975103734439834,0.9166692245108786,0.8844103886510855,0.9426870974178743
AD|e=E2|f=0|sp=-|k=0|tp=A0.5|sl=-|1h,1h,E2,0,,0,A0.5,,3.5686205688543827e-06,0.0013025465076318497,0.005008679057455057,0.04517294661768465,-0.06689979979217064,214,211,0.985981308411215,1.0295746725198407,0.9929692265605886,0.9903036831112741
AD|e=E2|f=0|sp=-|k=0|tp=A0.5|sl=6|1h,1h,E2,0,,0,A0.5,6.0,-6.745570332271296e-05,-0.02462133171279023,-0.13094946464603063,-1.015526990904164,-0.13618427575200742,1634,1356,0.8298653610771114,0.8737048392661888,0.8360437557125735,0.8957406080957516
AD|e=E2|f=0|sp=-|k=0|tp=A0.5|sl=10|1h,1h,E2,0,,0,A0.5,10.0,-6.42264541317466e-05,-0.02344265575808751,-0.1254648928936284,-0.8795705457472175,-0.13771883401204432,1334,1175,0.8808095952023988,0.8522692339453045,0.8490326481067808,0.9214614205050876
AD|e=E2|f=0|sp=-|k=0|tp=A1.0|sl=-|1h,1h,E2,0,,0,A1.0,,3.278130750847086e-06,0.0011965177240591863,0.004345518415889371,0.04095176957325563,-0.06698086442772866,151,148,0.9801324503311258,1.0381219454371777,0.9907557176164805,0.9824674824522553
AD|e=E2|f=0|sp=-|k=0|tp=A1.0|sl=6|1h,1h,E2,0,,0,A1.0,6.0,-5.6196872666725316e-05,-0.02051185852335474,-0.11090550214872585,-0.7692531720217347,-0.12515606747121644,1373,1054,0.7676620538965768,0.8986932875192696,0.870224378204597,0.8953736495789248
AD|e=E2|f=0|sp=-|k=0|tp=A1.0|sl=10|1h,1h,E2,0,,0,A1.0,10.0,-6.081288594496283e-05,-0.022196703369911433,-0.11958962885580793,-0.7729173178951574,-0.14203351025179933,1105,919,0.8316742081447964,0.8671271023661737,0.8731315056578337,0.8978047924972872
AD|e=E2|f=0|sp=-|k=0|tp=A2.0|sl=-|1h,1h,E2,0,,0,A2.0,,2.7538334463086175e-06,0.0010051492079026453,0.0030372293977061204,0.0328949584785023,-0.06756345570933797,79,76,0.9620253164556962,1.0253589343637166,0.9950306691707265,0.9864656678800781
AD|e=E2|f=0|sp=-|k=0|tp=A2.0|sl=6|1h,1h,E2,0,,0,A2.0,6.0,-3.941829615595681e-05,-0.014387678096924235,-0.0804570246508024,-0.4541958555995075,-0.1047343600343722,1135,752,0.6625550660792952,0.8964763871257024,0.9104498481554245,0.9477474314401737
AD|e=E2|f=0|sp=-|k=0|tp=A2.0|sl=10|1h,1h,E2,0,,0,A2.0,10.0,-4.040405169900542e-05,-0.01474747887013698,-0.08264268658322915,-0.43900475522950766,-0.10277037425570534,852,645,0.7570422535211268,0.872201519938483,0.8785571089220311,1.0018945256597707
AD|e=E2|f=0|sp=0.5|k=1|tp=MID|sl=-|1h,1h,E2,0,0.5,1,MID,,-3.3762823739322555e-05,-0.012323430664852732,-0.07097554861031419,-0.32064227017501395,-0.1094035391484941,1118,745,0.6663685152057245,0.9071613707198956,0.8870525323522654,0.9895360798067191
AD|e=E2|f=0|sp=0.5|k=1|tp=MID|sl=6|1h,1h,E2,0,0.5,1,MID,6.0,-7.412240591036252e-05,-0.02705467815728232,-0.14488168418090186,-0.7107938041458941,-0.17282118975049776,1293,852,0.6589327146171694,0.8418148662699234,0.8113542644620944,0.908892103140981
AD|e=E2|f=0|sp=0.5|k=1|tp=MID|sl=10|1h,1h,E2,0,0.5,1,MID,10.0,-6.398142821423749e-05,-0.023353221298196683,-0.12759439153048613,-0.560169805409748,-0.14728039972355977,1181,790,0.6689246401354784,0.8625075289748343,0.799906081129253,0.9538722730535799
AD|e=E2|f=0|sp=0.5|k=1|tp=A0.5|sl=-|1h,1h,E2,0,0.5,1,A0.5,,3.2322123755614544e-06,0.0011797575170799308,-0.0029897783829808677,0.02016325990041008,-0.13561323729778707,243,240,0.9876543209876543,1.0406719691282487,0.9742531710250564,0.9668852116907344
AD|e=E2|f=0|sp=0.5|k=1|tp=A0.5|sl=6|1h,1h,E2,0,0.5,1,A0.5,6.0,-9.795342027170787e-05,-0.035752998399173376,-0.18548686432105443,-0.9820947278941503,-0.20502909342123798,1652,1444,0.87409200968523,0.859281999308389,0.6885326804374826,0.9067202510586737
AD|e=E2|f=0|sp=0.5|k=1|tp=A0.5|sl=10|1h,1h,E2,0,0.5,1,A0.5,10.0,-0.00010612861903818364,-0.03873694594893703,-0.20135809827678108,-0.8006595312211177,-0.22048331553814493,1373,1253,0.9126001456664239,0.7554048932278461,0.6696034918138182,0.9943780252067146
AD|e=E2|f=0|sp=0.5|k=1|tp=A1.0|sl=-|1h,1h,E2,0,0.5,1,A1.0,,1.920559862153303e-05,0.007010043496859556,0.0295954996201242,0.11579715674889036,-0.13412481771215956,182,179,0.9835164835164835,1.0867331837897258,1.0001770294508259,0.993217647681008
AD|e=E2|f=0|sp=0.5|k=1|tp=A1.0|sl=6|1h,1h,E2,0,0.5,1,A1.0,6.0,-0.0001148006033029467,-0.04190222020557555,-0.21421377862027347,-0.9951580662737699,-0.24226314092568002,1364,1103,0.8086510263929618,0.8664739630647749,0.7310096896413629,0.7585562318759911
AD|e=E2|f=0|sp=0.5|k=1|tp=A1.0|sl=10|1h,1h,E2,0,0.5,1,A1.0,10.0,-9.030475004196737e-05,-0.03296123376531809,-0.1763197944805791,-0.608934854223422,-0.20611015775181607,1089,948,0.8705234159779615,0.8540962290636155,0.7137061175205123,0.9040488597804175
AD|e=E2|f=0|sp=0.5|k=1|tp=A2.0|sl=-|1h,1h,E2,0,0.5,1,A2.0,,1.9004541474543974e-05,0.006936657638208551,0.028308843045291576,0.11021194911701554,-0.13331864496697554,99,96,0.9696969696969697,1.084614347685362,1.0072998055599809,0.9846259876189482
AD|e=E2|f=0|sp=0.5|k=1|tp=A2.0|sl=6|1h,1h,E2,0,0.5,1,A2.0,6.0,-9.081801640305541e-05,-0.03314857598711522,-0.17677554128184458,-0.6317185577931677,-0.21832372426613633,1127,799,0.7089618456078084,0.8762248982673128,0.7765255737841902,0.8078935713204181
AD|e=E2|f=0|sp=0.5|k=1|tp=A2.0|sl=10|1h,1h,E2,0,0.5,1,A2.0,10.0,-4.336546602616247e-05,-0.0158283950995493,-0.09591685091663937,-0.24634582197185978,-0.1520623324914797,848,674,0.7948113207547169,0.908667224146931,0.8138939886986911,0.9801135096380869
AD|e=E2|f=0|sp=0.5|k=2|tp=MID|sl=-|1h,1h,E2,0,0.5,2,MID,,-3.7813989691882347e-05,-0.013802106237537056,-0.08186708129125642,-0.2666757619600136,-0.14036200373755148,1118,802,0.7173524150268337,0.8937585701455463,0.8550582700661898,0.9996617458762028
AD|e=E2|f=0|sp=0.5|k=2|tp=MID|sl=6|1h,1h,E2,0,0.5,2,MID,6.0,-8.869700531321281e-05,-0.03237440693932268,-0.17313665652883892,-0.6216650103827751,-0.20649848766775236,1255,888,0.7075697211155378,0.8355093182312425,0.7637067328971089,0.8746119970671776
AD|e=E2|f=0|sp=0.5|k=2|tp=MID|sl=10|1h,1h,E2,0,0.5,2,MID,10.0,-7.912527002422451e-05,-0.028880723558841945,-0.15778328109176243,-0.5143646953098021,-0.18506929031957786,1171,844,0.7207514944491887,0.8211705059943726,0.7686653516083058,0.9310179264263254
AD|e=E2|f=0|sp=0.5|k=2|tp=A0.5|sl=-|1h,1h,E2,0,0.5,2,A0.5,,5.764534597374964e-05,0.021040551280418616,0.10458629855877244,0.25581090270714635,-0.19406126611604657,457,454,0.9934354485776805,1.12145799897724,1.174909492290702,1.0011157387554301
AD|e=E2|f=0|sp=0.5|k=2|tp=A0.5|sl=6|1h,1h,E2,0,0.5,2,A0.5,6.0,-0.00012119897460117738,-0.04423762572942974,-0.2261905685878719,-0.8788047045952819,-0.25146696233946875,1635,1473,0.9009174311926605,0.792363080103342,0.6649105559102332,0.8664630102953211
AD|e=E2|f=0|sp=0.5|k=2|tp=A0.5|sl=10|1h,1h,E2,0,0.5,2,A0.5,10.0,-0.00011502701593102128,-0.04198486081482277,-0.21985125612145728,-0.6515655047064794,-0.24584796623865002,1432,1335,0.9322625698324022,0.7351327594856374,0.6718545098685036,0.9384307088169533
AD|e=E2|f=0|sp=0.5|k=2|tp=A1.0|sl=-|1h,1h,E2,0,0.5,2,A1.0,,3.139009614481152e-05,0.011457385092856206,0.04215033329852491,0.12609274496523915,-0.20157743189871324,207,204,0.9855072463768116,1.1441661161680685,0.9872686004116481,0.9749901635741975
AD|e=E2|f=0|sp=0.5|k=2|tp=A1.0|sl=6|1h,1h,E2,0,0.5,2,A1.0,6.0,-0.00013388351402218712,-0.0488674826180983,-0.24820258180696186,-0.8239248455725467,-0.28650872038532704,1328,1116,0.8403614457831325,0.8246302246067115,0.6675870753394904,0.7575437373380655
AD|e=E2|f=0|sp=0.5|k=2|tp=A1.0|sl=10|1h,1h,E2,0,0.5,2,A1.0,10.0,-0.00016702392181030344,-0.060963731460760756,-0.303114644174205,-0.771406982608245,-0.3377561616846738,1053,928,0.8812915479582146,0.6985001959776134,0.6054621340975382,0.7743166222372426
AD|e=E2|f=0|sp=0.5|k=2|tp=A2.0|sl=-|1h,1h,E2,0,0.5,2,A2.0,,3.185568548786395e-05,0.011627325203070341,0.04024277268462639,0.12094094662849285,-0.20023007335259535,107,104,0.9719626168224299,1.1347785993351363,1.002723913282786,0.9637430658224568
AD|e=E2|f=0|sp=0.5|k=2|tp=A2.0|sl=6|1h,1h,E2,0,0.5,2,A2.0,6.0,-0.00013689899136806123,-0.049968131849342345,-0.2571328505875595,-0.670907179649608,-0.31640964514094083,1091,807,0.7396883593033914,0.8766063550933069,0.7720784032118069,0.5891443642682586
AD|e=E2|f=0|sp=0.5|k=2|tp=A2.0|sl=10|1h,1h,E2,0,0.5,2,A2.0,10.0,-8.340170359197526e-05,-0.03044162181107097,-0.17660147437688134,-0.33909497293987956,-0.257194189703824,865,706,0.8161849710982659,0.8224787218994828,0.7737748571113967,0.8454338665367108
AD|e=E2|f=0|sp=0.5|k=3|tp=MID|sl=-|1h,1h,E2,0,0.5,3,MID,,-3.310088274098627e-05,-0.012081822200459988,-0.0761053296167351,-0.19453365569010708,-0.14830104387062726,1118,844,0.7549194991055456,0.8932966610292727,0.8387779027423699,1.0314606947849914
AD|e=E2|f=0|sp=0.5|k=3|tp=MID|sl=6|1h,1h,E2,0,0.5,3,MID,6.0,-7.993826019931043e-05,-0.029177464972748306,-0.16062827990560713,-0.4772741552664041,-0.19335638124829535,1228,912,0.742671009771987,0.8756940304063535,0.7648244972067922,0.8658963179667872
AD|e=E2|f=0|sp=0.5|k=3|tp=MID|sl=10|1h,1h,E2,0,0.5,3,MID,10.0,-7.485706102279557e-05,-0.027322827273320385,-0.15342728665773542,-0.41227707728622215,-0.21332531340695748,1157,874,0.7554019014693172,0.8442796640923516,0.7068286430396756,0.9932430101695775
AD|e=E2|f=0|sp=0.5|k=3|tp=A0.5|sl=-|1h,1h,E2,0,0.5,3,A0.5,,8.280455274373663e-05,0.030223661751463873,0.14816288772349062,0.28319897341962025,-0.2602232772855736,499,496,0.9939879759519038,1.105370314273604,1.2016856311225403,1.0985469273281911
AD|e=E2|f=0|sp=0.5|k=3|tp=A0.5|sl=6|1h,1h,E2,0,0.5,3,A0.5,6.0,-0.00013942116092099198,-0.05088872373616207,-0.257422986382174,-0.8224947286281398,-0.28289947052402875,1602,1463,0.9132334581772784,0.7697993806029878,0.6616315254233484,0.7855154923939393
AD|e=E2|f=0|sp=0.5|k=3|tp=A0.5|sl=10|1h,1h,E2,0,0.5,3,A0.5,10.0,-8.699087487825994e-05,-0.03175166933056488,-0.17911116312639253,-0.39268210805230785,-0.22720758022024912,1428,1353,0.9474789915966386,0.8380201640376306,0.638923447990708,0.9951020357472994
AD|e=E2|f=0|sp=0.5|k=3|tp=A1.0|sl=-|1h,1h,E2,0,0.5,3,A1.0,,9.82649520035991e-05,0.035866707481313674,0.17827553796205264,0.3088578935576516,-0.2563882658435057,309,306,0.9902912621359223,1.1660583351142995,1.2524206710641337,1.0731313175717834
AD|e=E2|f=0|sp=0.5|k=3|tp=A1.0|sl=6|1h,1h,E2,0,0.5,3,A1.0,6.0,-0.00013146214889391366,-0.047983684346278484,-0.24841015537796185,-0.6557977890004164,-0.28968807807089514,1291,1112,0.8613477924089853,0.7589428655075668,0.713904475151184,0.7599694321265014
AD|e=E2|f=0|sp=0.5|k=3|tp=A1.0|sl=10|1h,1h,E2,0,0.5,3,A1.0,10.0,-0.0001382771963812686,-0.05047117667916304,-0.26595959234379996,-0.5385922700137835,-0.3219489894098513,1091,988,0.9055912007332723,0.6548092053120202,0.6337208053545945,0.9089622227763041
AD|e=E2|f=0|sp=0.5|k=3|tp=A2.0|sl=-|1h,1h,E2,0,0.5,3,A2.0,,3.407977861136905e-05,0.012439119193149701,0.020781789503197867,0.09385726875405763,-0.2679013638499923,108,105,0.9722222222222222,1.1343177615426496,0.9470538652342786,0.942548153319797
AD|e=E2|f=0|sp=0.5|k=3|tp=A2.0|sl=6|1h,1h,E2,0,0.5,3,A2.0,6.0,-7.910740584629197e-05,-0.02887420313389657,-0.1691700900297296,-0.32284976658071834,-0.2952305064977122,1038,801,0.7716763005780347,0.9607032083543553,0.8966472400001919,0.6382852849273469
AD|e=E2|f=0|sp=0.5|k=3|tp=A2.0|sl=10|1h,1h,E2,0,0.5,3,A2.0,10.0,-6.984227986472674e-05,-0.02549243215062526,-0.16478253798533915,-0.22462865009123778,-0.3092223343908864,836,703,0.8409090909090909,0.7287294623588627,0.7708186794718638,0.9741970406583393
AD|e=E2|f=0|sp=1|k=1|tp=MID|sl=-|1h,1h,E2,0,1.0,1,MID,,-3.365593217851232e-05,-0.012284415245156997,-0.07043043826086881,-0.3346392531938668,-0.10930218894250776,1118,774,0.6923076923076923,0.9264913237046943,0.8789216181229828,0.980126463768117
AD|e=E2|f=0|sp=1|k=1|tp=MID|sl=6|1h,1h,E2,0,1.0,1,MID,6.0,-7.544398999358784e-05,-0.02753705634765956,-0.14695870882249595,-0.7502282556460957,-0.16629426219401278,1281,874,0.682279469164715,0.8630424547718298,0.8037073547831338,0.889156018793996
AD|e=E2|f=0|sp=1|k=1|tp=MID|sl=10|1h,1h,E2,0,1.0,1,MID,10.0,-5.912414657955639e-05,-0.021580313501538082,-0.11827179000796173,-0.5547660722921337,-0.14036934642555743,1178,818,0.6943972835314092,0.8710619846560114,0.8179075356904529,0.954998116029903
AD|e=E2|f=0|sp=1|k=1|tp=A0.5|sl=-|1h,1h,E2,0,1.0,1,A0.5,,1.6772952934446407e-05,0.006122127821072939,0.02610625044136272,0.1100580428032783,-0.13135359428663784,324,321,0.9907407407407407,1.0401628572575583,1.0486371135316774,0.9800916339734737
AD|e=E2|f=0|sp=1|k=1|tp=A0.5|sl=6|1h,1h,E2,0,1.0,1,A0.5,6.0,-8.436973573986909e-05,-0.030794953545052215,-0.1623104751036316,-0.8605170496950456,-0.18518793923362964,1631,1443,0.8847332924586143,0.8364279304671708,0.7307857336284904,0.9548673509107214
AD|e=E2|f=0|sp=1|k=1|tp=A0.5|sl=10|1h,1h,E2,0,1.0,1,A0.5,10.0,-9.372238542159947e-05,-0.03420867067888381,-0.1800019649502247,-0.7587140509410637,-0.20358914034875686,1380,1268,0.9188405797101449,0.7964896120575014,0.6914255110778008,0.9890294660068379
AD|e=E2|f=0|sp=1|k=1|tp=A1.0|sl=-|1h,1h,E2,0,1.0,1,A1.0,,2.143815554823773e-05,0.007824926775106772,0.03467549062633579,0.13137711379615097,-0.13418188252090413,199,196,0.9849246231155779,1.0840678789417564,0.9944321246778016,1.0162282478739988
AD|e=E2|f=0|sp=1|k=1|tp=A1.0|sl=6|1h,1h,E2,0,1.0,1,A1.0,6.0,-9.247892353260329e-05,-0.0337548070894002,-0.1772225551686799,-0.8098849283147728,-0.2060608921566055,1341,1102,0.8217747949291574,0.8542986283706431,0.8065957816687813,0.8011353144655411
AD|e=E2|f=0|sp=1|k=1|tp=A1.0|sl=10|1h,1h,E2,0,1.0,1,A1.0,10.0,-9.386529228222643e-05,-0.034260831683012645,-0.18215793951803683,-0.6407420580415335,-0.20840592259025026,1070,934,0.8728971962616823,0.8391755253646742,0.7040232637696718,0.9125437842131593
AD|e=E2|f=0|sp=1|k=1|tp=A2.0|sl=-|1h,1h,E2,0,1.0,1,A2.0,,1.6252633243423785e-05,0.005932211133849682,0.022594124996158094,0.09461862190299,-0.13337578899484692,97,94,0.9690721649484536,1.084354541601994,1.0087416681220889,0.9668483929777463
AD|e=E2|f=0|sp=1|k=1|tp=A2.0|sl=6|1h,1h,E2,0,1.0,1,A2.0,6.0,-6.802861313847644e-05,-0.0248304437955439,-0.13734799108458884,-0.4708759595211476,-0.18821037603136015,1103,801,0.7262012692656392,0.9052572197843637,0.8716241203561755,0.8024586845929516
AD|e=E2|f=0|sp=1|k=1|tp=A2.0|sl=10|1h,1h,E2,0,1.0,1,A2.0,10.0,-5.650334063237668e-05,-0.020623719330817487,-0.11959684161940132,-0.3276990406847622,-0.18274774510424407,842,675,0.8016627078384798,0.9458027688213797,0.7893696937637459,0.8972311900951426
AD|e=E2|f=0|sp=1|k=2|tp=MID|sl=-|1h,1h,E2,0,1.0,2,MID,,-2.9563416107581942e-05,-0.010790646879267408,-0.06504768577291697,-0.2269176535011547,-0.12241646674175144,1118,829,0.7415026833631485,0.932701952185123,0.8640950705565321,1.0024918922018218
AD|e=E2|f=0|sp=1|k=2|tp=MID|sl=6|1h,1h,E2,0,1.0,2,MID,6.0,-7.41074848659219e-05,-0.027049231976061492,-0.14676460308806516,-0.5741363646761943,-0.18137628476531675,1243,906,0.7288817377312953,0.9129451311119359,0.7941632516830475,0.8477085135198758
AD|e=E2|f=0|sp=1|k=2|tp=MID|sl=10|1h,1h,E2,0,1.0,2,MID,10.0,-5.853872476939325e-05,-0.021366634540828537,-0.119737233543319,-0.42692041437374273,-0.16766794548815211,1162,864,0.7435456110154905,0.886736495113997,0.7775259018494662,0.9767803493928047
AD|e=E2|f=0|sp=1|k=2|tp=A0.5|sl=-|1h,1h,E2,0,1.0,2,A0.5,,4.413536932065102e-05,0.016109409802037622,0.07531856617933808,0.20081188638178443,-0.1945324846127593,437,434,0.9931350114416476,1.0985460974425152,1.1073935662934142,1.0024294773804778
AD|e=E2|f=0|sp=1|k=2|tp=A0.5|sl=6|1h,1h,E2,0,1.0,2,A0.5,6.0,-0.00011628308205696913,-0.04244332495079373,-0.21759613827911106,-0.90398766821398,-0.24764312627820162,1589,1436,0.9037130270610447,0.7998761153679055,0.721256896895297,0.819585763306615
AD|e=E2|f=0|sp=1|k=2|tp=A0.5|sl=10|1h,1h,E2,0,1.0,2,A0.5,10.0,-6.641271267387717e-05,-0.02424064012596517,-0.1365592197703942,-0.4019028099235176,-0.1891439983459582,1397,1317,0.9427344309234073,0.906741128048087,0.6768449716763959,1.0275344434560878
AD|e=E2|f=0|sp=1|k=2|tp=A1.0|sl=-|1h,1h,E2,0,1.0,2,A1.0,,5.1681404726536704e-05,0.018863712725185895,0.08855840371577117,0.21638404012919688,-0.19621554547340436,255,252,0.9882352941176471,1.0948407662019093,1.1475891197142982,1.0014868469804887
AD|e=E2|f=0|sp=1|k=2|tp=A1.0|sl=6|1h,1h,E2,0,1.0,2,A1.0,6.0,-0.00011237458529091993,-0.041016723631185775,-0.2132184139929313,-0.7397344857911621,-0.24761279933350977,1291,1093,0.8466305189775368,0.800027863370432,0.7359841986472145,0.8137025370358936
AD|e=E2|f=0|sp=1|k=2|tp=A1.0|sl=10|1h,1h,E2,0,1.0,2,A1.0,10.0,-0.0001431973231904664,-0.05226702296452024,-0.2659610185372637,-0.7238434572596971,-0.3111027839647902,1058,944,0.8922495274102079,0.7186043372637378,0.6186968123533555,0.8652854503818671
AD|e=E2|f=0|sp=1|k=2|tp=A2.0|sl=-|1h,1h,E2,0,1.0,2,A2.0,,3.030182824332451e-05,0.011060167308813446,0.03706816413954228,0.11533873442526826,-0.2003985776950551,116,113,0.9741379310344828,1.1084435665495402,0.9668840715042937,1.0133210921193483
AD|e=E2|f=0|sp=1|k=2|tp=A2.0|sl=6|1h,1h,E2,0,1.0,2,A2.0,6.0,-0.00010291214139394655,-0.03756293160879049,-0.2017483521147756,-0.5401309060709371,-0.2722758030837288,1055,796,0.7545023696682465,0.8799258603953072,0.8249520779643778,0.683932193427416
AD|e=E2|f=0|sp=1|k=2|tp=A2.0|sl=10|1h,1h,E2,0,1.0,2,A2.0,10.0,-7.79521695466842e-05,-0.028452541884539734,-0.16541773613317223,-0.3338724910283546,-0.2657252422358619,838,698,0.8329355608591885,0.8550133650354372,0.7614586446624207,0.8632290103984672
AD|e=E2|f=0|sp=1|k=3|tp=MID|sl=-|1h,1h,E2,0,1.0,3,MID,,-1.713070296840999e-05,-0.006252706583469647,-0.04232727646482359,-0.1180591785893042,-0.11210245818992648,1118,844,0.7549194991055456,0.949464302232481,0.8696132504274567,1.0492860881860484
AD|e=E2|f=0|sp=1|k=3|tp=MID|sl=6|1h,1h,E2,0,1.0,3,MID,6.0,-7.681101621313147e-05,-0.028036020917792986,-0.15242626502438872,-0.5494765115363482,-0.19086067681117536,1227,907,0.73920130399348,0.9261890483429261,0.7728782871227489,0.8397642035075636
AD|e=E2|f=0|sp=1|k=3|tp=MID|sl=10|1h,1h,E2,0,1.0,3,MID,10.0,-5.814867179180701e-05,-0.02122426520400956,-0.12078965507345285,-0.3749364907758418,-0.1749965118163609,1148,867,0.7552264808362369,0.8774734939921633,0.7732136324401496,0.9852744802129734
AD|e=E2|f=0|sp=1|k=3|tp=A0.5|sl=-|1h,1h,E2,0,1.0,3,A0.5,,4.771381952461986e-05,0.01741554412648625,0.06773532455333764,0.16199175787282952,-0.26106255244177734,473,470,0.9936575052854123,1.0904724681665166,1.0879874696328673,0.9923546369000967
AD|e=E2|f=0|sp=1|k=3|tp=A0.5|sl=6|1h,1h,E2,0,1.0,3,A0.5,6.0,-0.00011061428029808565,-0.04037421230880126,-0.20985919758227478,-0.7561966287403686,-0.2449988413984201,1570,1437,0.9152866242038217,0.8756795471262865,0.6654097829603488,0.8327763952668037
AD|e=E2|f=0|sp=1|k=3|tp=A0.5|sl=10|1h,1h,E2,0,1.0,3,A0.5,10.0,-8.400891779285712e-05,-0.03066325499439285,-0.17135547546637753,-0.4152911889313476,-0.22571995069569573,1426,1358,0.9523141654978962,0.9114339062672013,0.5956698867510973,1.0156249756865479
AD|e=E2|f=0|sp=1|k=3|tp=A1.0|sl=-|1h,1h,E2,0,1.0,3,A1.0,,8.382684212226636e-05,0.030596797374627224,0.14439720434164038,0.26527678056028464,-0.26316165475054465,309,306,0.9902912621359223,1.1378034602433877,1.1788868446014928,1.0709043354199557
AD|e=E2|f=0|sp=1|k=3|tp=A1.0|sl=6|1h,1h,E2,0,1.0,3,A1.0,6.0,-0.00010987255230667374,-0.04010348159193591,-0.21156311636972902,-0.6222317752279193,-0.25330149081344444,1281,1108,0.8649492583918813,0.8812249605675462,0.7242257748503104,0.7511158378697801
AD|e=E2|f=0|sp=1|k=3|tp=A1.0|sl=10|1h,1h,E2,0,1.0,3,A1.0,10.0,-0.00018063563237006775,-0.06593200581507473,-0.3254013659989672,-0.7406568324477526,-0.3689464723759376,1080,985,0.9120370370370371,0.6966411135132379,0.568698245457737,0.7417293716540242
AD|e=E2|f=0|sp=1|k=3|tp=A2.0|sl=-|1h,1h,E2,0,1.0,3,A2.0,,5.384221450396471e-05,0.01965240829394712,0.06403346963751955,0.14958087686382415,-0.26660340557784956,127,124,0.9763779527559056,1.1829583516809086,0.9565484607197416,1.0125993266517899
AD|e=E2|f=0|sp=1|k=3|tp=A2.0|sl=6|1h,1h,E2,0,1.0,3,A2.0,6.0,-0.00011740101143488494,-0.042851369173733,-0.23025570101002157,-0.5070136205807061,-0.319513940420035,1014,791,0.7800788954635108,0.849917109605175,0.8235854062418098,0.628669827450053
AD|e=E2|f=0|sp=1|k=3|tp=A2.0|sl=10|1h,1h,E2,0,1.0,3,A2.0,10.0,-9.753135549469149e-05,-0.03559894475556239,-0.20772829995647013,-0.3323132761824895,-0.3183983804767919,812,692,0.8522167487684729,0.7834601315331242,0.5548206687160105,1.082289695942138
AD|e=E2|f=0|sp=1.5|k=1|tp=MID|sl=-|1h,1h,E2,0,1.5,1,MID,,-3.396746299832667e-05,-0.012398123994389235,-0.07069612860045649,-0.35449273815779564,-0.11246518546714301,1118,780,0.6976744186046512,0.9306208592762132,0.8964779102049796,0.95632899566445
AD|e=E2|f=0|sp=1.5|k=1|tp=MID|sl=6|1h,1h,E2,0,1.5,1,MID,6.0,-7.032525308959362e-05,-0.025668717377701673,-0.1376235867796498,-0.7345787223794986,-0.16178160063830294,1268,871,0.6869085173501577,0.8918574810727886,0.8126900731565593,0.8796010971611115
AD|e=E2|f=0|sp=1.5|k=1|tp=MID|sl=10|1h,1h,E2,0,1.5,1,MID,10.0,-5.272737553214464e-05,-0.019245492069232793,-0.10622392750395815,-0.5206940168801023,-0.13174907207436493,1172,820,0.6996587030716723,0.8836343602230504,0.8539682980361483,0.9399156049684466
AD|e=E2|f=0|sp=1.5|k=1|tp=A0.5|sl=-|1h,1h,E2,0,1.5,1,A0.5,,2.6227509436390867e-05,0.009573040944282666,0.04644249081600971,0.17397537457530016,-0.12792060333953326,342,339,0.9912280701754386,1.038222394953583,1.0736756269076995,1.0172706677959227
AD|e=E2|f=0|sp=1.5|k=1|tp=A0.5|sl=6|1h,1h,E2,0,1.5,1,A0.5,6.0,-7.857401267983063e-05,-0.028679514628138177,-0.15203121857192425,-0.8339495927808687,-0.17529568439557763,1599,1421,0.8886804252657912,0.8466052564555256,0.7604158094312733,0.9406608162352139
AD|e=E2|f=0|sp=1.5|k=1|tp=A0.5|sl=10|1h,1h,E2,0,1.5,1,A0.5,10.0,-8.629446356952666e-05,-0.03149747920287723,-0.1672912617766813,-0.7054517025291752,-0.1913479717103327,1343,1236,0.9203276247207743,0.7828043354860343,0.7185172714107633,1.0154108393623562
AD|e=E2|f=0|sp=1.5|k=1|tp=A1.0|sl=-|1h,1h,E2,0,1.5,1,A1.0,,1.1370437102518947e-05,0.004150209542419416,0.013668461617854621,0.07034287384425555,-0.13438620031824489,191,188,0.9842931937172775,1.0731468005552882,0.9639170604717794,0.9961535522033729
AD|e=E2|f=0|sp=1.5|k=1|tp=A1.0|sl=6|1h,1h,E2,0,1.5,1,A1.0,6.0,-8.0233203278317e-05,-0.029285119196585708,-0.15602239359653136,-0.7218312447117439,-0.18802182863538042,1313,1088,0.8286367098248286,0.8970276504957614,0.7973723392441122,0.8332283192185264
AD|e=E2|f=0|sp=1.5|k=1|tp=A1.0|sl=10|1h,1h,E2,0,1.5,1,A1.0,10.0,-9.479840691178982e-05,-0.03460141852280328,-0.18367325071219454,-0.6497134954220335,-0.2117398560413707,1039,910,0.875842155919153,0.8502823507966922,0.7146705975496132,0.8826730871181798
AD|e=E2|f=0|sp=1.5|k=1|tp=A2.0|sl=-|1h,1h,E2,0,1.5,1,A2.0,,1.4751555444327729e-05,0.005384317737179621,0.019554454842984015,0.08630522381900081,-0.1333357252400741,99,96,0.9696969696969697,1.0958038101039105,0.9945040162017137,0.9617505977897419
AD|e=E2|f=0|sp=1.5|k=1|tp=A2.0|sl=6|1h,1h,E2,0,1.5,1,A2.0,6.0,-5.9711626302748925e-05,-0.021794743600503357,-0.12177765401429941,-0.4355555314158151,-0.1753989417537004,1094,802,0.7330895795246801,0.9078392045270953,0.9034285480536249,0.8153553187334
AD|e=E2|f=0|sp=1.5|k=1|tp=A2.0|sl=10|1h,1h,E2,0,1.5,1,A2.0,10.0,-4.736067259000993e-05,-0.017286645495353626,-0.102069763327861,-0.2865813253224383,-0.17163493734761237,853,691,0.8100820633059789,0.9474747620774505,0.8470818313741264,0.8873671808395164
AD|e=E2|f=0|sp=1.5|k=2|tp=MID|sl=-|1h,1h,E2,0,1.5,2,MID,,-2.2914358084937856e-05,-0.008363740701002317,-0.05114692646476282,-0.19271987142650557,-0.11251624834442786,1118,819,0.7325581395348837,0.9579421698893704,0.8848586968729099,0.9974024813417038
AD|e=E2|f=0|sp=1.5|k=2|tp=MID|sl=6|1h,1h,E2,0,1.5,2,MID,6.0,-6.088235096400094e-05,-0.022222058101860342,-0.12242853355029137,-0.5106771421088159,-0.1585597910458505,1234,883,0.7155591572123177,0.9368615556619654,0.8187710089308443,0.8726618263199019
AD|e=E2|f=0|sp=1.5|k=2|tp=MID|sl=10|1h,1h,E2,0,1.5,2,MID,10.0,-4.935321189101936e-05,-0.018013922340222067,-0.10196735613583197,-0.39095630089030153,-0.15912881560306313,1155,846,0.7324675324675325,0.9294320415019803,0.7986975162759051,0.9646035537009654
AD|e=E2|f=0|sp=1.5|k=2|tp=A0.5|sl=-|1h,1h,E2,0,1.5,2,A0.5,,4.6894573191275675e-05,0.01711651921481562,0.08189735332676729,0.2159351184677648,-0.1949984006563542,430,427,0.9930232558139535,1.0932098428726291,1.1313437377690587,1.0049225009189333
AD|e=E2|f=0|sp=1.5|k=2|tp=A0.5|sl=6|1h,1h,E2,0,1.5,2,A0.5,6.0,-9.713238899281171e-05,-0.035453321982376274,-0.18589494061392486,-0.7755294797133273,-0.21675836266893123,1552,1406,0.9059278350515464,0.8485949457243461,0.7274186108889772,0.8640867137054679
AD|e=E2|f=0|sp=1.5|k=2|tp=A0.5|sl=10|1h,1h,E2,0,1.5,2,A0.5,10.0,-8.494335102429416e-05,-0.031004323123867368,-0.16885822945114703,-0.513414245890399,-0.2228146398448022,1358,1278,0.9410898379970545,0.8858927874723257,0.6418039324574728,0.9901087762968501
AD|e=E2|f=0|sp=1.5|k=2|tp=A1.0|sl=-|1h,1h,E2,0,1.5,2,A1.0,,3.558812422878393e-05,0.012989665343506134,0.05332139791102963,0.1496493953271658,-0.20116380362034603,228,225,0.9868421052631579,1.0886221091634483,0.9832113860219553,1.0654852400625698
AD|e=E2|f=0|sp=1.5|k=2|tp=A1.0|sl=6|1h,1h,E2,0,1.5,2,A1.0,6.0,-0.00010283520967764276,-0.03753485153233961,-0.19742702685553892,-0.6866728937489159,-0.23745487707763324,1271,1087,0.8552321007081038,0.9043495098711242,0.7271317904446782,0.7744948936729017
AD|e=E2|f=0|sp=1.5|k=2|tp=A1.0|sl=10|1h,1h,E2,0,1.5,2,A1.0,10.0,-0.00013840504767545741,-0.05051784240154195,-0.25811127739009754,-0.7183441121219883,-0.30618631968721566,1050,944,0.8990476190476191,0.7919471373733632,0.5850371339097763,0.8584622854557938
AD|e=E2|f=0|sp=1.5|k=2|tp=A2.0|sl=-|1h,1h,E2,0,1.5,2,A2.0,,3.165605253847206e-05,0.011554459176542301,0.04024019308897264,0.1211150043175112,-0.20042275336028537,119,116,0.9747899159663865,1.1265159955188788,0.9595649153341309,1.0138189744212118
AD|e=E2|f=0|sp=1.5|k=2|tp=A2.0|sl=6|1h,1h,E2,0,1.5,2,A2.0,6.0,-9.333230822102902e-05,-0.03406629250067559,-0.18548672883052952,-0.4982406996923414,-0.2542867791739716,1025,780,0.7609756097560976,0.8458313709515746,0.824228847680778,0.7581291071439138
AD|e=E2|f=0|sp=1.5|k=2|tp=A2.0|sl=10|1h,1h,E2,0,1.5,2,A2.0,10.0,-0.00012036361868663961,-0.04393272082062346,-0.2341418244370289,-0.5319968518452776,-0.2863953777708055,822,688,0.8369829683698297,0.8380161157483978,0.5540152010239353,0.9373115461364312
AD|e=E2|f=0|sp=1.5|k=3|tp=MID|sl=-|1h,1h,E2,0,1.5,3,MID,,-9.987695557480966e-06,-0.0036455088784805526,-0.02636950429304974,-0.07828404259324001,-0.09597899413774724,1118,822,0.7352415026833632,0.9783749407508552,0.9045276019516337,1.0303578923486931
AD|e=E2|f=0|sp=1.5|k=3|tp=MID|sl=6|1h,1h,E2,0,1.5,3,MID,6.0,-6.684675230055847e-05,-0.02439906458970384,-0.13351862590021757,-0.5384566755227175,-0.16791085693226626,1223,880,0.7195421095666394,0.9511252127239583,0.8106300825476858,0.8346222967595565
AD|e=E2|f=0|sp=1.5|k=3|tp=MID|sl=10|1h,1h,E2,0,1.5,3,MID,10.0,-4.848404232074297e-05,-0.017696675447071184,-0.10149530262632322,-0.3491158827489309,-0.16363222190857474,1144,840,0.7342657342657343,0.9338942485621358,0.8090372568952222,0.9462101192629284
AD|e=E2|f=0|sp=1.5|k=3|tp=A0.5|sl=-|1h,1h,E2,0,1.5,3,A0.5,,6.136029095051377e-05,0.022396506196937525,0.09888469879286799,0.21061343782129904,-0.2628616874825147,468,465,0.9935897435897436,1.0805325002131922,1.1041181545111878,1.0772496852383129
AD|e=E2|f=0|sp=1.5|k=3|tp=A0.5|sl=6|1h,1h,E2,0,1.5,3,A0.5,6.0,-9.950972592861057e-05,-0.03632104996394286,-0.19078277347294958,-0.7277448715999114,-0.2220126684074648,1532,1403,0.9157963446475196,0.8640828009951785,0.7505522846227636,0.8054843280376399
AD|e=E2|f=0|sp=1.5|k=3|tp=A0.5|sl=10|1h,1h,E2,0,1.5,3,A0.5,10.0,-7.005010941448773e-05,-0.025568289936288024,-0.14667845702100712,-0.3536224795152437,-0.21345104951684113,1389,1321,0.9510439164866811,0.8338378815689877,0.8184737058415968,0.8847434319182812
AD|e=E2|f=0|sp=1.5|k=3|tp=A1.0|sl=-|1h,1h,E2,0,1.5,3,A1.0,,6.442923958272007e-05,0.023516672447692823,0.09974783556087408,0.20414040080936388,-0.25816037641114964,301,298,0.9900332225913622,1.102244518962476,1.0669769245411747,1.08680561046295
AD|e=E2|f=0|sp=1.5|k=3|tp=A1.0|sl=6|1h,1h,E2,0,1.5,3,A1.0,6.0,-0.00011000568019186438,-0.0401520732700305,-0.21061163327978294,-0.6663869360291141,-0.2548608298300813,1249,1085,0.8686949559647719,0.9158739457774654,0.7190179926995535,0.7325490731446588
AD|e=E2|f=0|sp=1.5|k=3|tp=A1.0|sl=10|1h,1h,E2,0,1.5,3,A1.0,10.0,-0.0001115659986725112,-0.04072158951546659,-0.2214295826544126,-0.4712535274992998,-0.27893857022571966,1084,998,0.9206642066420664,0.8665453710128767,0.6529033824526607,0.8043425537380986
AD|e=E2|f=0|sp=1.5|k=3|tp=A2.0|sl=-|1h,1h,E2,0,1.5,3,A2.0,,8.198341349680832e-05,0.029923945926335037,0.13013287613100677,0.23359235884358698,-0.26302807330803746,160,157,0.98125,1.1650495431671675,1.0393578188351678,1.1352707528999053
AD|e=E2|f=0|sp=1.5|k=3|tp=A2.0|sl=6|1h,1h,E2,0,1.5,3,A2.0,6.0,-8.461860113279276e-05,-0.03088578941346936,-0.17309612844904787,-0.41004213082546637,-0.24845400311955024,1023,804,0.7859237536656891,0.9652868106623252,0.7590522794067928,0.7515264268975924
AD|e=E2|f=0|sp=1.5|k=3|tp=A2.0|sl=10|1h,1h,E2,0,1.5,3,A2.0,10.0,-0.00012409211921905785,-0.04529362351495612,-0.2500080720583797,-0.42101529409968586,-0.30996910175476045,794,680,0.8564231738035264,0.7235856343824139,0.6603905403225147,0.8355522771691072
AD|e=E2|f=0|sp=2|k=1|tp=MID|sl=-|1h,1h,E2,0,2.0,1,MID,,-3.074304013631071e-05,-0.01122120964975341,-0.06421848456680346,-0.3364276285506043,-0.0999215888427869,1118,778,0.6958855098389982,0.9487586572766006,0.8798353332680594,0.9764559446769295
AD|e=E2|f=0|sp=2|k=1|tp=MID|sl=6|1h,1h,E2,0,2.0,1,MID,6.0,-6.715027558952632e-05,-0.024509850590177105,-0.13177472863764472,-0.7262693355743425,-0.14905228983235774,1259,854,0.6783161239078633,0.9196964949674487,0.7975420749791646,0.8873161912545643
AD|e=E2|f=0|sp=2|k=1|tp=MID|sl=10|1h,1h,E2,0,2.0,1,MID,10.0,-4.103232219049434e-05,-0.014976797599530434,-0.08405032159736803,-0.4314269825325521,-0.11590653442685972,1166,813,0.6972555746140652,0.9374907675309433,0.8375170763168172,0.9732791666509831
AD|e=E2|f=0|sp=2|k=1|tp=A0.5|sl=-|1h,1h,E2,0,2.0,1,A0.5,,2.6259621642080362e-05,0.009584761899359332,0.04677558233297607,0.17681870702173147,-0.12908692039875513,368,365,0.9918478260869565,1.0450230458833059,1.0594702991775657,1.026028301735209
AD|e=E2|f=0|sp=2|k=1|tp=A0.5|sl=6|1h,1h,E2,0,2.0,1,A0.5,6.0,-9.330720976424741e-05,-0.03405713156395031,-0.17733924710215943,-0.9895586702381967,-0.19779777018745837,1559,1377,0.8832584990378448,0.8271578103354918,0.774040294118558,0.863783501858165
AD|e=E2|f=0|sp=2|k=1|tp=A0.5|sl=10|1h,1h,E2,0,2.0,1,A0.5,10.0,-7.901412889138511e-05,-0.028840157045355565,-0.154666012795332,-0.6499130757889415,-0.17861717975217273,1318,1216,0.9226100151745068,0.8256602197897183,0.7324690783588671,0.9893503502278801
AD|e=E2|f=0|sp=2|k=1|tp=A1.0|sl=-|1h,1h,E2,0,2.0,1,A1.0,,1.8175811638607643e-05,0.00663417124809179,0.028115127329843004,0.11337084899044576,-0.13115293660952454,218,215,0.9862385321100917,1.0677812545181042,1.0124351496539246,0.9944862687884891
AD|e=E2|f=0|sp=2|k=1|tp=A1.0|sl=6|1h,1h,E2,0,2.0,1,A1.0,6.0,-8.920978825746907e-05,-0.03256157271397621,-0.171302698121231,-0.8193999347837833,-0.1992531693244164,1294,1071,0.8276661514683153,0.8658022342018232,0.7990516290391744,0.8159341912087021
AD|e=E2|f=0|sp=2|k=1|tp=A1.0|sl=10|1h,1h,E2,0,2.0,1,A1.0,10.0,-8.102409818790106e-05,-0.029573795838583886,-0.1597407602199381,-0.5758771666017188,-0.19354949409628408,1023,901,0.8807429130009775,0.8513736069592597,0.736328072623005,0.9332990013192334
AD|e=E2|f=0|sp=2|k=1|tp=A2.0|sl=-|1h,1h,E2,0,2.0,1,A2.0,,1.0289752472857765e-05,0.003755759652593084,0.010010820234984452,0.05957631496996057,-0.13329875522633883,102,99,0.9705882352941176,1.0862424708604552,0.9810271647952846,0.9561287986990593
AD|e=E2|f=0|sp=2|k=1|tp=A2.0|sl=6|1h,1h,E2,0,2.0,1,A2.0,6.0,-6.262554754859173e-05,-0.022858324855235982,-0.12664956298182917,-0.4713288029404895,-0.17136961522571348,1067,787,0.7375820056232427,0.8998848268285445,0.9000519144850235,0.8124732633100898
AD|e=E2|f=0|sp=2|k=1|tp=A2.0|sl=10|1h,1h,E2,0,2.0,1,A2.0,10.0,-5.061215249463844e-05,-0.01847343566054303,-0.10768449529718682,-0.3124505044243204,-0.16194341293171033,823,673,0.8177399756986634,0.9010430157192557,0.8431285626415275,0.9204391650981261
AD|e=E2|f=0|sp=2|k=2|tp=MID|sl=-|1h,1h,E2,0,2.0,2,MID,,-2.1419109276168825e-05,-0.007817974885801621,-0.04759491061148946,-0.19210798977705104,-0.10020536177674821,1118,796,0.7119856887298748,0.9877417487418751,0.8736870522721251,0.9927338046863444
AD|e=E2|f=0|sp=2|k=2|tp=MID|sl=6|1h,1h,E2,0,2.0,2,MID,6.0,-7.206120150128877e-05,-0.026302338547970403,-0.14209404391421432,-0.6239413329696143,-0.16469543615055837,1236,859,0.6949838187702265,0.9455351785138002,0.7971816131738682,0.8295002088469804
AD|e=E2|f=0|sp=2|k=2|tp=MID|sl=10|1h,1h,E2,0,2.0,2,MID,10.0,-5.268651375838529e-05,-0.01923057752181063,-0.10763229613067538,-0.43613207185297337,-0.15605972803048662,1150,821,0.7139130434782609,0.9419494718609837,0.7943389641150619,0.9407154322346117
AD|e=E2|f=0|sp=2|k=2|tp=A0.5|sl=-|1h,1h,E2,0,2.0,2,A0.5,,6.0896820219374206e-05,0.022227339380071584,0.11301271809143376,0.2770605183145709,-0.19426194220389814,470,467,0.9936170212765958,1.084861923054277,1.1188005555903904,1.1127728861153525
AD|e=E2|f=0|sp=2|k=2|tp=A0.5|sl=6|1h,1h,E2,0,2.0,2,A0.5,6.0,-9.793570973026359e-05,-0.03574653405154621,-0.1871515863285964,-0.7900519291399257,-0.20904260054515544,1538,1386,0.9011703511053316,0.8484319174639999,0.7392501927315661,0.8462563237095952
AD|e=E2|f=0|sp=2|k=2|tp=A0.5|sl=10|1h,1h,E2,0,2.0,2,A0.5,10.0,-8.832735726753833e-05,-0.032239485402651494,-0.17470583296005238,-0.5303874938642396,-0.21006214998360218,1313,1236,0.9413556740289414,0.8603048034497726,0.5774391951808028,1.1095452902403016
AD|e=E2|f=0|sp=2|k=2|tp=A1.0|sl=-|1h,1h,E2,0,2.0,2,A1.0,,6.350886627835237e-05,0.023180736191598616,0.11707971126383265,0.2761050167855986,-0.1921955463598225,295,292,0.9898305084745763,1.0803497082711373,1.0661669121398192,1.183642068586299
AD|e=E2|f=0|sp=2|k=2|tp=A1.0|sl=6|1h,1h,E2,0,2.0,2,A1.0,6.0,-9.866262064675931e-05,-0.03601185653606715,-0.18932475764842516,-0.7233980301865474,-0.22471241106622997,1269,1082,0.8526398739164697,0.9377633678180934,0.783342145059014,0.7150468495146514
AD|e=E2|f=0|sp=2|k=2|tp=A1.0|sl=10|1h,1h,E2,0,2.0,2,A1.0,10.0,-0.00011949960185206446,-0.04361735467600353,-0.22774115918088844,-0.6490223638035474,-0.27665009424588416,1045,946,0.9052631578947369,0.7556481979184038,0.6021678907035731,0.9879797869698997
AD|e=E2|f=0|sp=2|k=2|tp=A2.0|sl=-|1h,1h,E2,0,2.0,2,A2.0,,5.0844192891814456e-05,0.018558130405512276,0.08282560373650472,0.19713808710587538,-0.20046737276568682,140,137,0.9785714285714285,1.1652748433748517,0.9610673868434488,1.10421555254942
AD|e=E2|f=0|sp=2|k=2|tp=A2.0|sl=6|1h,1h,E2,0,2.0,2,A2.0,6.0,-9.118859913850219e-05,-0.0332838386855533,-0.1799967026490874,-0.5351696434264424,-0.23448876176510902,1018,782,0.768172888015717,0.8881176309994974,0.8010590214142261,0.7599955811370734
AD|e=E2|f=0|sp=2|k=2|tp=A2.0|sl=10|1h,1h,E2,0,2.0,2,A2.0,10.0,-0.00011156146802105381,-0.04071993582768464,-0.21937852868279628,-0.5059337237196704,-0.26823283357672667,794,669,0.8425692695214105,0.7997792685419717,0.6002536155286513,0.9627574998665084
AD|e=E2|f=0|sp=2|k=3|tp=MID|sl=-|1h,1h,E2,0,2.0,3,MID,,-1.4574360478010245e-06,-0.0005319641574473739,-0.008241444245232876,-0.012349170951309513,-0.0689022145323831,1118,798,0.7137745974955277,1.0034971206082104,0.9052769750576583,1.0635589385485804
AD|e=E2|f=0|sp=2|k=3|tp=MID|sl=6|1h,1h,E2,0,2.0,3,MID,6.0,-7.339022211263e-05,-0.02678743107110995,-0.1446105512388538,-0.6229163038306067,-0.16788707393187974,1233,857,0.6950527169505272,0.935197445156019,0.8102333555161635,0.8174896122942975
AD|e=E2|f=0|sp=2|k=3|tp=MID|sl=10|1h,1h,E2,0,2.0,3,MID,10.0,-3.7806838079904076e-05,-0.013799495899164987,-0.08068213209208464,-0.2913374066834077,-0.1341104370407089,1142,816,0.7145359019264448,0.9701083127427406,0.8012707018284935,0.9881217559096958
AD|e=E2|f=0|sp=2|k=3|tp=A0.5|sl=-|1h,1h,E2,0,2.0,3,A0.5,,8.209240478501501e-05,0.02996372774653048,0.14527569222084336,0.2764244899138991,-0.23802496312704224,528,525,0.9943181818181818,1.07014636219741,1.101783840280051,1.2202492358019796
AD|e=E2|f=0|sp=2|k=3|tp=A0.5|sl=6|1h,1h,E2,0,2.0,3,A0.5,6.0,-0.00010645903642674139,-0.03885754829576061,-0.20219683910505826,-0.7839216974686125,-0.22396932799339508,1519,1375,0.9052007899934167,0.8328040353481204,0.7180063965599535,0.8374399273914301
AD|e=E2|f=0|sp=2|k=3|tp=A0.5|sl=10|1h,1h,E2,0,2.0,3,A0.5,10.0,-5.757346008282963e-05,-0.021014312930232815,-0.1236565866908268,-0.30087539927916707,-0.16161577044235542,1346,1284,0.9539375928677564,0.8394613279350204,0.7711007310933465,1.0132803430444124
AD|e=E2|f=0|sp=2|k=3|tp=A1.0|sl=-|1h,1h,E2,0,2.0,3,A1.0,,0.00010780981951435362,0.03935058412273907,0.20311673218400128,0.3445940466782036,-0.2593763949561564,346,343,0.9913294797687862,1.1745133271448254,1.1893462328089945,1.1994948825738858
AD|e=E2|f=0|sp=2|k=3|tp=A1.0|sl=6|1h,1h,E2,0,2.0,3,A1.0,6.0,-0.00010578077118280881,-0.03860998148172522,-0.20241355687880846,-0.6980096147886231,-0.2388712065550701,1245,1070,0.8594377510040161,0.9187033759550167,0.7814113479276764,0.6948139253715337
AD|e=E2|f=0|sp=2|k=3|tp=A1.0|sl=10|1h,1h,E2,0,2.0,3,A1.0,10.0,-5.281890318051446e-05,-0.019278899660887777,-0.11816165387757838,-0.24667375412056644,-0.1763906610923951,1056,982,0.9299242424242424,0.8828542614132276,0.7628306543280364,0.990236466943428
AD|e=E2|f=0|sp=2|k=3|tp=A2.0|sl=-|1h,1h,E2,0,2.0,3,A2.0,,9.893840310689606e-05,0.03611251713401706,0.1703376472608975,0.2822003002301129,-0.25971434028617457,168,165,0.9821428571428571,1.2493270206355394,1.0515821653518076,1.1631737355893115
AD|e=E2|f=0|sp=2|k=3|tp=A2.0|sl=6|1h,1h,E2,0,2.0,3,A2.0,6.0,-0.0001201422729958321,-0.04385192964347872,-0.22903712350450733,-0.6450430126466572,-0.2685677987909387,1011,783,0.7744807121661721,0.872044344657173,0.7139303815609933,0.7199732610444138
AD|e=E2|f=0|sp=2|k=3|tp=A2.0|sl=10|1h,1h,E2,0,2.0,3,A2.0,10.0,-0.00012313714696995072,-0.04494505864403201,-0.24549594718179857,-0.44682186665839596,-0.3069720103743453,777,672,0.8648648648648649,0.816912530093216,0.6027693987798589,0.8325779051977187
AD|e=E2|f=1|sp=-|k=0|tp=MID|sl=-|1h,1h,E2,1,,0,MID,,-5.425637131245708e-06,-0.0019803575529046833,-0.011165662394411746,-0.38824972958728154,-0.014408807785276312,159,89,0.559748427672956,0.9853053521820281,0.9751653362664439,1.0060109290933301
AD|e=E2|f=1|sp=-|k=0|tp=MID|sl=6|1h,1h,E2,1,,0,MID,6.0,-1.1078459309602679e-05,-0.004043637648004978,-0.022606002114665236,-0.7237215986477965,-0.0253224451703008,159,88,0.5534591194968553,0.9650783613844076,0.971543682190542,0.9954581829451751
AD|e=E2|f=1|sp=-|k=0|tp=MID|sl=10|1h,1h,E2,1,,0,MID,10.0,-8.385398191862718e-06,-0.003060670340029892,-0.017175575310244606,-0.5595727624751199,-0.020399009592148354,159,89,0.559748427672956,0.9820163782969681,0.9606489829121777,1.0060109290933301
AD|e=E2|f=1|sp=-|k=0|tp=A0.5|sl=-|1h,1h,E2,1,,0,A0.5,,1.294362073559488e-05,0.004724421568492131,0.026459740610672133,0.3558527767235838,-0.029507883392829726,142,142,1.0,1.0338304244012633,1.0341976535183839,1.0093442556869792
AD|e=E2|f=1|sp=-|k=0|tp=A0.5|sl=6|1h,1h,E2,1,,0,A0.5,6.0,-9.932768125070054e-06,-0.0036254603656505698,-0.020294774403708526,-0.6734909677691462,-0.0244953799705665,180,153,0.85,0.9590394321782735,0.9889982228932508,0.991031492352317
AD|e=E2|f=1|sp=-|k=0|tp=A0.5|sl=10|1h,1h,E2,1,,0,A0.5,10.0,-1.1270681354464755e-05,-0.0041137986943796355,-0.023019420077341035,-0.6413942050660824,-0.0271592550903208,180,160,0.8888888888888888,0.9835942625569246,0.977084961439252,0.9698700846635827
AD|e=E2|f=1|sp=-|k=0|tp=A1.0|sl=-|1h,1h,E2,1,,0,A1.0,,1.16632984130697e-05,0.004257103920770441,0.02363340241145173,0.28659823597937334,-0.02896518754106303,119,118,0.9915966386554622,1.0504723484146787,1.002139213971241,1.0160207254972513
AD|e=E2|f=1|sp=-|k=0|tp=A1.0|sl=6|1h,1h,E2,1,,0,A1.0,6.0,-1.1468138588668945e-05,-0.004185870584864165,-0.023413180743195094,-0.6610179479001846,-0.031160023583143515,163,125,0.7668711656441718,0.9615002828462933,0.9794530014542572,0.9885144069836442
AD|e=E2|f=1|sp=-|k=0|tp=A1.0|sl=10|1h,1h,E2,1,,0,A1.0,10.0,-1.3878544537005044e-05,-0.005065668756006841,-0.028300749256771063,-0.6436437418494362,-0.03619566893746273,163,135,0.8282208588957055,0.9780690120898559,0.9727886996089122,0.9636666242409305
AD|e=E2|f=1|sp=-|k=0|tp=A2.0|sl=-|1h,1h,E2,1,,0,A2.0,,2.50589264268442e-05,0.009146508145798133,0.05186831333241493,0.49718993047128746,-0.025256191447013077,107,106,0.9906542056074766,1.0880186508107426,1.035292982363519,1.029920808609343
AD|e=E2|f=1|sp=-|k=0|tp=A2.0|sl=6|1h,1h,E2,1,,0,A2.0,6.0,-9.857016943434214e-06,-0.003597811184353488,-0.020257021108341933,-0.4281973614259214,-0.026746994794933476,159,105,0.660377358490566,0.9637525514361472,0.9788107148149402,0.9961136891967447
AD|e=E2|f=1|sp=-|k=0|tp=A2.0|sl=10|1h,1h,E2,1,,0,A2.0,10.0,-2.140689952528227e-05,-0.007813518326728029,-0.0433603988037885,-0.7383003979168061,-0.04711371415983723,158,115,0.7278481012658228,0.9743095502805871,0.9428020495999021,0.9519951524479419
AD|e=E2|f=1|sp=0.5|k=1|tp=MID|sl=-|1h,1h,E2,1,0.5,1,MID,,-6.103981726691176e-06,-0.0022279533302422792,-0.012662910807546335,-0.2687489847052218,-0.02101755205471134,159,101,0.6352201257861635,0.9852335972742523,0.9666040384770309,1.0099649699831796
AD|e=E2|f=1|sp=0.5|k=1|tp=MID|sl=6|1h,1h,E2,1,0.5,1,MID,6.0,-1.785002122415112e-05,-0.006515257746815158,-0.036298119876263635,-0.6622777099529269,-0.044253146788329145,159,101,0.6352201257861635,0.9564783643308119,0.953829250063103,0.9798516286008846
AD|e=E2|f=1|sp=0.5|k=1|tp=MID|sl=10|1h,1h,E2,1,0.5,1,MID,10.0,-1.2691397417264071e-05,-0.004632360057301386,-0.025993896334296163,-0.4982931562063746,-0.03403398106068678,159,101,0.6352201257861635,0.9843060562688897,0.9285710277928654,1.0099649699831796
AD|e=E2|f=1|sp=0.5|k=1|tp=A0.5|sl=-|1h,1h,E2,1,0.5,1,A0.5,,1.8187966169979905e-05,0.006638607652042665,0.03637651871400238,0.2730684836603572,-0.05232299805405016,146,146,1.0,1.045606137156355,1.0447080507263231,1.0108421118824744
AD|e=E2|f=1|sp=0.5|k=1|tp=A0.5|sl=6|1h,1h,E2,1,0.5,1,A0.5,6.0,-1.0235080908909753e-05,-0.0037358045317520596,-0.02101904086676909,-0.4441489405119256,-0.02908400976827419,182,164,0.9010989010989011,0.9864662682186386,0.9698187531199793,0.9797934014288611
AD|e=E2|f=1|sp=0.5|k=1|tp=A0.5|sl=10|1h,1h,E2,1,0.5,1,A0.5,10.0,-2.0337043753811292e-05,-0.007423020970141122,-0.041270993948185564,-0.6827153970825711,-0.04727427681315888,182,167,0.9175824175824175,0.9709152271682919,0.9388926230993283,0.965301501212524
AD|e=E2|f=1|sp=0.5|k=1|tp=A1.0|sl=-|1h,1h,E2,1,0.5,1,A1.0,,3.670507610391947e-05,0.013397352777930605,0.0759884174352441,0.47659358239469046,-0.0580861027653351,127,127,1.0,1.0973933277549066,1.097109437897505,1.0251126284699468
AD|e=E2|f=1|sp=0.5|k=1|tp=A1.0|sl=6|1h,1h,E2,1,0.5,1,A1.0,6.0,-1.2908652810764276e-05,-0.004711658275928961,-0.02652543678423347,-0.42704465917164014,-0.04683041982243241,163,134,0.8220858895705522,0.9909400887202754,0.9617182711000118,0.9665573638807753
AD|e=E2|f=1|sp=0.5|k=1|tp=A1.0|sl=10|1h,1h,E2,1,0.5,1,A1.0,10.0,-2.6937601202249774e-05,-0.009832224438821167,-0.05443708848674711,-0.679385955370681,-0.0698432994081688,163,139,0.852760736196319,0.9770450749526594,0.9441535174530807,0.9143966754199017
AD|e=E2|f=1|sp=0.5|k=1|tp=A2.0|sl=-|1h,1h,E2,1,0.5,1,A2.0,,4.848749676337558e-05,0.017697936318632087,0.10095327033447266,0.5010267866369805,-0.049541181414983204,113,112,0.9911504424778761,1.1911280289677129,1.0511871622819844,1.0530122048263888
AD|e=E2|f=1|sp=0.5|k=1|tp=A2.0|sl=6|1h,1h,E2,1,0.5,1,A2.0,6.0,-1.5686835745014896e-05,-0.005725695046930437,-0.0323363461343259,-0.38666791371335757,-0.05008536036551048,159,112,0.7044025157232704,0.9737881271075091,0.9689286196024127,0.9580439698883135
AD|e=E2|f=1|sp=0.5|k=1|tp=A2.0|sl=10|1h,1h,E2,1,0.5,1,A2.0,10.0,-2.944468286498447e-05,-0.010747309245719332,-0.059719682487137216,-0.5599822630505699,-0.07606283081327281,159,122,0.7672955974842768,0.9962524106886494,0.9191648221068364,0.9047430510099429
AD|e=E2|f=1|sp=0.5|k=2|tp=MID|sl=-|1h,1h,E2,1,0.5,2,MID,,-4.234405107804766e-06,-0.0015455578643487394,-0.00897219359010204,-0.14830988988751614,-0.026909000404183314,159,114,0.7169811320754716,0.9895496231089894,0.9646531884721748,1.0185553447859845
AD|e=E2|f=1|sp=0.5|k=2|tp=MID|sl=6|1h,1h,E2,1,0.5,2,MID,6.0,-1.7232759083277033e-05,-0.006289957065396117,-0.035238803589414,-0.5020847380406362,-0.047823302300424086,159,114,0.7169811320754716,0.9796945943977913,0.9465893700470291,0.9665303552881184
AD|e=E2|f=1|sp=0.5|k=2|tp=MID|sl=10|1h,1h,E2,1,0.5,2,MID,10.0,-1.5120197586736371e-05,-0.005518872119158776,-0.03106325640162344,-0.4289329417573947,-0.04370222161522219,159,114,0.7169811320754716,0.9877806195145239,0.902308685927285,1.0185553447859845
AD|e=E2|f=1|sp=0.5|k=2|tp=A0.5|sl=-|1h,1h,E2,1,0.5,2,A0.5,,3.921913177961076e-05,0.014314983099557928,0.0807803661016544,0.442712701808014,-0.05689022462281523,171,171,1.0,1.0633418333423459,1.062022430138645,1.1002450825927683
AD|e=E2|f=1|sp=0.5|k=2|tp=A0.5|sl=6|1h,1h,E2,1,0.5,2,A0.5,6.0,-1.5443364320081306e-05,-0.005636827976829677,-0.03160019853825424,-0.5006595824053692,-0.03718356757879737,182,166,0.9120879120879121,0.9783361876268419,0.9479660021094632,0.9776560117629584
AD|e=E2|f=1|sp=0.5|k=2|tp=A0.5|sl=10|1h,1h,E2,1,0.5,2,A0.5,10.0,-2.3238038124752802e-05,-0.008481883915534772,-0.047104385358796574,-0.6559283201665302,-0.05379361667842286,182,169,0.9285714285714286,0.9645897716134004,0.9013931017449461,0.9933667920249496
AD|e=E2|f=1|sp=0.5|k=2|tp=A1.0|sl=-|1h,1h,E2,1,0.5,2,A1.0,,4.542716153122986e-05,0.0165809139588989,0.09235699994373725,0.3911749766329887,-0.09443683490598687,127,127,1.0,1.1152345943560782,1.1089162541957938,1.0313849030874818
AD|e=E2|f=1|sp=0.5|k=2|tp=A1.0|sl=6|1h,1h,E2,1,0.5,2,A1.0,6.0,-2.6121546213305566e-05,-0.009534364367856532,-0.05290255143511269,-0.6300899252655562,-0.07181494237976738,163,137,0.8404907975460123,0.9870175036595885,0.9133729646468393,0.9397740884606561
AD|e=E2|f=1|sp=0.5|k=2|tp=A1.0|sl=10|1h,1h,E2,1,0.5,2,A1.0,10.0,-4.4417432505845013e-05,-0.01621236286463343,-0.08833238718169778,-0.8012911834515375,-0.10410742154152752,163,142,0.8711656441717791,0.9766548575449312,0.8655151087898235,0.8921797529277914
AD|e=E2|f=1|sp=0.5|k=2|tp=A2.0|sl=-|1h,1h,E2,1,0.5,2,A2.0,,6.72511541280339e-05,0.024546671256732374,0.14026708571543645,0.49217538099937,-0.07948560773119573,113,112,0.9911504424778761,1.2713188804570472,1.0545673428820608,1.0756974355081164
AD|e=E2|f=1|sp=0.5|k=2|tp=A2.0|sl=6|1h,1h,E2,1,0.5,2,A2.0,6.0,-2.2841232132115888e-05,-0.0083370497282223,-0.047011760451567075,-0.4058364927662941,-0.08522614635438053,159,116,0.7295597484276729,1.0153788583660588,0.9321906180177201,0.9104178336559771
AD|e=E2|f=1|sp=0.5|k=2|tp=A2.0|sl=10|1h,1h,E2,1,0.5,2,A2.0,10.0,-5.6486445848211826e-05,-0.020617552734597318,-0.11152343721363922,-0.7543646401834693,-0.13700857192011906,159,125,0.7861635220125787,1.0009982270618174,0.8306211997922693,0.8372781936963111
AD|e=E2|f=1|sp=0.5|k=3|tp=MID|sl=-|1h,1h,E2,1,0.5,3,MID,,-1.4787144641830477e-06,-0.0005397307794268125,-0.0034150055467605522,-0.04650841028965461,-0.028577597991320647,159,120,0.7547169811320755,0.9975377285983822,0.9626039033598393,1.0294147510770542
AD|e=E2|f=1|sp=0.5|k=3|tp=MID|sl=6|1h,1h,E2,1,0.5,3,MID,6.0,-1.1180005171542712e-05,-0.00408070188761309,-0.02318527829862549,-0.31582718965602696,-0.04150960710693996,159,120,0.7547169811320755,0.9837620605258005,0.926942337305705,1.0203999894918865
AD|e=E2|f=1|sp=0.5|k=3|tp=MID|sl=10|1h,1h,E2,1,0.5,3,MID,10.0,-8.251225716535385e-06,-0.0030116973865354155,-0.017271639829995467,-0.2367073937117193,-0.03218409344486872,159,120,0.7547169811320755,0.994315567091369,0.9256132108428655,1.0294147510770542
AD|e=E2|f=1|sp=0.5|k=3|tp=A0.5|sl=-|1h,1h,E2,1,0.5,3,A0.5,,5.0359132980617014e-05,0.01838108353792521,0.1031800634502793,0.42266712022315384,-0.07647689045157258,172,172,1.0,1.0696356005856755,1.0776917174126213,1.1303989252850426
AD|e=E2|f=1|sp=0.5|k=3|tp=A0.5|sl=6|1h,1h,E2,1,0.5,3,A0.5,6.0,-1.543967648368907e-05,-0.00563548191654651,-0.031667445409525596,-0.45404995266833137,-0.037896900815054035,182,167,0.9175824175824175,0.9569673636683906,0.927151682282153,1.0216936389796742
AD|e=E2|f=1|sp=0.5|k=3|tp=A0.5|sl=10|1h,1h,E2,1,0.5,3,A0.5,10.0,-2.0384099964692425e-05,-0.007440196487112735,-0.041793150759758646,-0.4471777805687259,-0.06303163563856828,182,172,0.945054945054945,0.9652886760126151,0.9250683896825045,0.9822178303454069
AD|e=E2|f=1|sp=0.5|k=3|tp=A1.0|sl=-|1h,1h,E2,1,0.5,3,A1.0,,8.263027567889563e-05,0.030160050622796905,0.17490847614455252,0.5443859990429453,-0.10183716073573235,154,154,1.0,1.1472515782241446,1.1434385973568375,1.1988178470784665
AD|e=E2|f=1|sp=0.5|k=3|tp=A1.0|sl=6|1h,1h,E2,1,0.5,3,A1.0,6.0,-2.4553733313339194e-05,-0.008962112659368806,-0.05012752241662832,-0.4900158091402885,-0.06763036397158229,163,139,0.852760736196319,0.9657826210411888,0.8779931031017806,1.0068999052969871
AD|e=E2|f=1|sp=0.5|k=3|tp=A1.0|sl=10|1h,1h,E2,1,0.5,3,A1.0,10.0,-2.514217424939641e-05,-0.00917689360102969,-0.05199212477609294,-0.3739899487141019,-0.08467092494467221,163,147,0.901840490797546,0.9845304839489447,0.8729253445250413,0.9847919726833438
AD|e=E2|f=1|sp=0.5|k=3|tp=A2.0|sl=-|1h,1h,E2,1,0.5,3,A2.0,,8.068524135005007e-05,0.029450113092768276,0.1655842021437528,0.4391306484725199,-0.11494156252448107,114,113,0.9912280701754386,1.3153800026654823,1.0462990902038234,1.093632627568904
AD|e=E2|f=1|sp=0.5|k=3|tp=A2.0|sl=6|1h,1h,E2,1,0.5,3,A2.0,6.0,-3.796247472466248e-05,-0.013856303274501805,-0.07678463475456676,-0.542536562886777,-0.11358652720298523,159,119,0.7484276729559748,0.9795463878932944,0.8924547358545617,0.8937230504898157
AD|e=E2|f=1|sp=0.5|k=3|tp=A2.0|sl=10|1h,1h,E2,1,0.5,3,A2.0,10.0,-4.913685003985868e-05,-0.017934950264548416,-0.09922120133640322,-0.5114682772534241,-0.14445718362135307,158,130,0.8227848101265823,0.95130028832557,0.8940932235160551,0.8483872642480009
AD|e=E2|f=1|sp=1|k=1|tp=MID|sl=-|1h,1h,E2,1,1.0,1,MID,,-6.216904801140248e-06,-0.0022691702524161904,-0.01287166831008879,-0.28960408814971916,-0.02064900990782048,159,107,0.6729559748427673,0.9896129198685495,0.9628106208958896,1.0088723759313851
AD|e=E2|f=1|sp=1|k=1|tp=MID|sl=6|1h,1h,E2,1,1.0,1,MID,6.0,-1.9263483428926283e-05,-0.007031171451558093,-0.039086543399304396,-0.7261180403794659,-0.046657344436942805,159,107,0.6729559748427673,0.958024195430042,0.9474775181600235,0.9763325592140205
AD|e=E2|f=1|sp=1|k=1|tp=MID|sl=10|1h,1h,E2,1,1.0,1,MID,10.0,-1.0273123195115074e-05,-0.003749689966217002,-0.021088424124718674,-0.4542259410991094,-0.02880102792216177,159,107,0.6729559748427673,0.9886812559817771,0.9397446174420053,1.0088723759313851
AD|e=E2|f=1|sp=1|k=1|tp=A0.5|sl=-|1h,1h,E2,1,1.0,1,A0.5,,1.6975102067426247e-05,0.0061959122546105805,0.033823219361950096,0.25694369657136207,-0.051176726687119145,146,146,1.0,1.0449150412466477,1.0390031083071023,1.0097545456564947
AD|e=E2|f=1|sp=1|k=1|tp=A0.5|sl=6|1h,1h,E2,1,1.0,1,A0.5,6.0,-8.817249144618024e-06,-0.003218295937785579,-0.01812224103737281,-0.42728471242120253,-0.024119797424529854,181,164,0.9060773480662984,0.978487216693707,0.9737450705812531,0.9927995839357918
AD|e=E2|f=1|sp=1|k=1|tp=A0.5|sl=10|1h,1h,E2,1,1.0,1,A0.5,10.0,-2.1327208042148007e-05,-0.007784430935384022,-0.04316563351118441,-0.7873747864332394,-0.048109767161417905,181,167,0.9226519337016574,0.9808498892417806,0.9331979902539936,0.9559263390545137
AD|e=E2|f=1|sp=1|k=1|tp=A1.0|sl=-|1h,1h,E2,1,1.0,1,A1.0,,3.201790419430928e-05,0.011686535030922887,0.06562037724564251,0.41152386007659625,-0.06169559544630565,126,126,1.0,1.0876854392995052,1.075256289348112,1.0252821146982836
AD|e=E2|f=1|sp=1|k=1|tp=A1.0|sl=6|1h,1h,E2,1,1.0,1,A1.0,6.0,-1.8524039076415546e-05,-0.006761274262891674,-0.037692599778890945,-0.6198211361272803,-0.05494255309320373,163,133,0.8159509202453987,0.9785150440389514,0.9483655139414836,0.9589236059636215
AD|e=E2|f=1|sp=1|k=1|tp=A1.0|sl=10|1h,1h,E2,1,1.0,1,A1.0,10.0,-3.309812213358654e-05,-0.012080814578759088,-0.06632718288135875,-0.843573795969889,-0.07897326370900337,163,138,0.8466257668711656,0.958648866777049,0.922978846527781,0.9178895476899345
AD|e=E2|f=1|sp=1|k=1|tp=A2.0|sl=-|1h,1h,E2,1,1.0,1,A2.0,,4.562872351507635e-05,0.01665448408300287,0.09478376670413047,0.4898504173928246,-0.05011675562616591,113,112,0.9911504424778761,1.180227148839768,1.0411342038804903,1.0553144897371454
AD|e=E2|f=1|sp=1|k=1|tp=A2.0|sl=6|1h,1h,E2,1,1.0,1,A2.0,6.0,-2.1370790927344747e-05,-0.007800338688480833,-0.04357006236301131,-0.5308447938614157,-0.05593042292387718,159,113,0.710691823899371,0.9715077548436906,0.9353540407628964,0.9605386443839234
AD|e=E2|f=1|sp=1|k=1|tp=A2.0|sl=10|1h,1h,E2,1,1.0,1,A2.0,10.0,-2.84244531760087e-05,-0.010374925409243176,-0.05769088834706071,-0.5562366934712902,-0.08161848991347964,159,124,0.779874213836478,0.9785152176740469,0.9347010738724614,0.911798697139481
AD|e=E2|f=1|sp=1|k=2|tp=MID|sl=-|1h,1h,E2,1,1.0,2,MID,,-4.003092282393078e-06,-0.0014611286830734733,-0.008422891776671881,-0.16251872161227113,-0.022445376402017492,159,114,0.7169811320754716,0.9905732474770537,0.9621132757688338,1.022111803573255
AD|e=E2|f=1|sp=1|k=2|tp=MID|sl=6|1h,1h,E2,1,1.0,2,MID,6.0,-1.680010856213554e-05,-0.006132039625179472,-0.034293617851967606,-0.5479385585383988,-0.044472743376377744,159,114,0.7169811320754716,0.9814173834001976,0.9430160290333354,0.9716615031712873
AD|e=E2|f=1|sp=1|k=2|tp=MID|sl=10|1h,1h,E2,1,1.0,2,MID,10.0,-9.502974849095316e-06,-0.00346858581991979,-0.019645847651724946,-0.3349859102367977,-0.02997936947533797,159,114,0.7169811320754716,0.9888024139640652,0.9310747253997209,1.022111803573255
AD|e=E2|f=1|sp=1|k=2|tp=A0.5|sl=-|1h,1h,E2,1,1.0,2,A0.5,,3.041427548781815e-05,0.011101210553053624,0.06380880271686573,0.7162672367473013,-0.019953182221675303,180,180,1.0,1.058686881943898,1.0572413629908728,1.0727784506421782
AD|e=E2|f=1|sp=1|k=2|tp=A0.5|sl=6|1h,1h,E2,1,1.0,2,A0.5,6.0,-1.564365621928372e-05,-0.005709934520038558,-0.03193939307124549,-0.5572490930345554,-0.03652469067405062,181,165,0.9116022099447514,0.9560613554913353,0.947959940366753,0.9997431182435914
AD|e=E2|f=1|sp=1|k=2|tp=A0.5|sl=10|1h,1h,E2,1,1.0,2,A0.5,10.0,-1.308023237454535e-05,-0.004774284816709053,-0.02693280251055752,-0.39647614444474333,-0.03407999807664186,181,171,0.9447513812154696,0.9766164364306015,0.909741720351525,1.0353811115074298
AD|e=E2|f=1|sp=1|k=2|tp=A1.0|sl=-|1h,1h,E2,1,1.0,2,A1.0,,4.1625913178489174e-05,0.01519345831014855,0.08376924304768174,0.3557389720053403,-0.09204904025892335,127,127,1.0,1.1111577966615345,1.0910632113503538,1.0279145649534134
AD|e=E2|f=1|sp=1|k=2|tp=A1.0|sl=6|1h,1h,E2,1,1.0,2,A1.0,6.0,-2.77430107183548e-05,-0.010126198912199503,-0.05596227115397834,-0.7265590052362867,-0.07085232360747507,163,136,0.8343558282208589,0.9725088127627042,0.9107126782897892,0.9477584793333688
AD|e=E2|f=1|sp=1|k=2|tp=A1.0|sl=10|1h,1h,E2,1,1.0,2,A1.0,10.0,-5.1495178159514086e-05,-0.01879574002822264,-0.10146861262262086,-0.9451000070043005,-0.11452979411163489,163,142,0.8711656441717791,0.9482245804053786,0.8669001584864224,0.8785274996250069
AD|e=E2|f=1|sp=1|k=2|tp=A2.0|sl=-|1h,1h,E2,1,1.0,2,A2.0,,6.0124884428319266e-05,0.02194558281633653,0.12360147182008929,0.43776833900019113,-0.07854061321513173,115,114,0.991304347826087,1.2372796322799633,1.0400410855744229,1.0730260759961785
AD|e=E2|f=1|sp=1|k=2|tp=A2.0|sl=6|1h,1h,E2,1,1.0,2,A2.0,6.0,-3.149990747386917e-05,-0.011497466227962248,-0.06379670782217228,-0.5675597301262199,-0.08928681679666894,159,117,0.7358490566037735,0.968031727202988,0.9057540736240501,0.9318648464219059
AD|e=E2|f=1|sp=1|k=2|tp=A2.0|sl=10|1h,1h,E2,1,1.0,2,A2.0,10.0,-4.985643313102628e-05,-0.018197598092824594,-0.0995306648254809,-0.6327444747246729,-0.12264818029578195,158,128,0.810126582278481,0.9920415065646053,0.8592817945618791,0.8502045635747139
AD|e=E2|f=1|sp=1|k=3|tp=MID|sl=-|1h,1h,E2,1,1.0,3,MID,,-1.9815073865305522e-08,-7.2325019608365155e-06,-0.00028708595815818416,-0.0007743699424604208,-0.02182380333520073,159,116,0.7295597484276729,1.0028895026390006,0.969526236599428,1.026637008072913
AD|e=E2|f=1|sp=1|k=3|tp=MID|sl=6|1h,1h,E2,1,1.0,3,MID,6.0,-1.7494195804860846e-05,-0.0063853814687742086,-0.03571339589047395,-0.5381339191210817,-0.04627238227852615,159,115,0.7232704402515723,0.9866356530415182,0.9399374302185021,0.9653606098492611
AD|e=E2|f=1|sp=1|k=3|tp=MID|sl=10|1h,1h,E2,1,1.0,3,MID,10.0,-7.071849617109605e-06,-0.0025812251102450058,-0.014755617488734996,-0.24053876933996152,-0.02557707509464191,159,116,0.7295597484276729,0.9990457328000363,0.9311974964414085,1.026637008072913
AD|e=E2|f=1|sp=1|k=3|tp=A0.5|sl=-|1h,1h,E2,1,1.0,3,A0.5,,3.2604237384387614e-05,0.011900546645301479,0.06818582611384483,0.609509361542456,-0.024552548611133873,180,180,1.0,1.0616200086066567,1.0701630004748215,1.0682325047079635
AD|e=E2|f=1|sp=1|k=3|tp=A0.5|sl=6|1h,1h,E2,1,1.0,3,A0.5,6.0,-1.9110785282797158e-05,-0.006975436628220963,-0.03895931907850403,-0.5554289526621232,-0.04351136623225371,181,166,0.9171270718232044,0.9650055698798939,0.9248905366238507,0.9928745447239443
AD|e=E2|f=1|sp=1|k=3|tp=A0.5|sl=10|1h,1h,E2,1,1.0,3,A0.5,10.0,-1.4498444361246234e-05,-0.005291932191854875,-0.03005861479094396,-0.3336319443857774,-0.050464671673611905,181,172,0.9502762430939227,0.9674484136856882,0.9151435914730063,1.02827658959217
AD|e=E2|f=1|sp=1|k=3|tp=A1.0|sl=-|1h,1h,E2,1,1.0,3,A1.0,,5.7912341977265865e-05,0.02113800482170204,0.1203797682775476,0.48282240548198013,-0.12535449496802975,142,142,1.0,1.140417500668182,1.1265050857539387,1.0710075193535131
AD|e=E2|f=1|sp=1|k=3|tp=A1.0|sl=6|1h,1h,E2,1,1.0,3,A1.0,6.0,-3.696427863849264e-05,-0.013491961703049813,-0.07393766372743715,-0.7951218005399604,-0.08774651377194276,163,137,0.8404907975460123,0.9797991894408048,0.8720730194873461,0.9265000177384961
AD|e=E2|f=1|sp=1|k=3|tp=A1.0|sl=10|1h,1h,E2,1,1.0,3,A1.0,10.0,-5.388266787951563e-05,-0.019667173776023207,-0.10676270570040214,-0.7192621277006267,-0.13480265048077889,161,145,0.9006211180124224,0.9841561044524946,0.8728453031511112,0.8228176644452087
AD|e=E2|f=1|sp=1|k=3|tp=A2.0|sl=-|1h,1h,E2,1,1.0,3,A2.0,,7.345680328018122e-05,0.026811733197266145,0.14812798807005612,0.39621523852091967,-0.11069373177890407,115,114,0.991304347826087,1.284543726754254,1.0265939692327541,1.0914620054650903
AD|e=E2|f=1|sp=1|k=3|tp=A2.0|sl=6|1h,1h,E2,1,1.0,3,A2.0,6.0,-4.4946232707964904e-05,-0.01640537493840719,-0.08975480252478096,-0.682887934242523,-0.11528210266943861,159,119,0.7484276729559748,0.9697441272149349,0.8579223118279208,0.9014077155834438
AD|e=E2|f=1|sp=1|k=3|tp=A2.0|sl=10|1h,1h,E2,1,1.0,3,A2.0,10.0,-4.047126502945218e-05,-0.014772011735750046,-0.08321329714372017,-0.4097994734168929,-0.12206510702316964,156,132,0.8461538461538461,1.0048113350316978,0.8948426738755706,0.8458693793837209
AD|e=E2|f=1|sp=1.5|k=1|tp=MID|sl=-|1h,1h,E2,1,1.5,1,MID,,-5.5344825468687866e-06,-0.002020086129607107,-0.011463187505054262,-0.27660189895840365,-0.018251616282231153,159,108,0.6792452830188679,0.990511545254915,0.9687921915835764,1.006147405761503
AD|e=E2|f=1|sp=1.5|k=1|tp=MID|sl=6|1h,1h,E2,1,1.5,1,MID,6.0,-1.386084349815772e-05,-0.005059207876827568,-0.02829877158046734,-0.5882607344342115,-0.0341127557638089,159,108,0.6792452830188679,0.9822016346716611,0.9561482802668424,0.9761421379658228
AD|e=E2|f=1|sp=1.5|k=1|tp=MID|sl=10|1h,1h,E2,1,1.5,1,MID,10.0,-6.632650873785515e-06,-0.002420917568931713,-0.013692817830011528,-0.3312771827037509,-0.0197827190263431,159,108,0.6792452830188679,0.9895790353638072,0.9631711279118998,1.006147405761503
AD|e=E2|f=1|sp=1.5|k=1|tp=A0.5|sl=-|1h,1h,E2,1,1.5,1,A0.5,,2.7049088216359176e-05,0.0098729171989711,0.05547805644563586,0.4119890430778847,-0.03740627876666136,167,167,1.0,1.0407733776171233,1.0412967385231886,1.0756556223611329
AD|e=E2|f=1|sp=1.5|k=1|tp=A0.5|sl=6|1h,1h,E2,1,1.5,1,A0.5,6.0,-1.5633728849772003e-05,-0.005706311030166781,-0.031809022174215884,-0.7092430652634842,-0.03622979998003595,180,160,0.8888888888888888,0.9690403045405679,0.9579264461515745,0.9769172197756578
AD|e=E2|f=1|sp=1.5|k=1|tp=A0.5|sl=10|1h,1h,E2,1,1.5,1,A0.5,10.0,-1.9498753925946225e-05,-0.007117045182970372,-0.03953508086515023,-0.7588829232398147,-0.04479362798408615,180,165,0.9166666666666666,0.9672386811256801,0.9359057850222797,0.9778694883305594
AD|e=E2|f=1|sp=1.5|k=1|tp=A1.0|sl=-|1h,1h,E2,1,1.5,1,A1.0,,1.70976814903475e-05,0.006240653743976838,0.033366945293659134,0.216928979101447,-0.06144215079126192,120,119,0.9916666666666667,1.0859992305510662,0.98389127606278,1.021991571633026
AD|e=E2|f=1|sp=1.5|k=1|tp=A1.0|sl=6|1h,1h,E2,1,1.5,1,A1.0,6.0,-1.2114834418045324e-05,-0.004421914562586543,-0.02492459032311034,-0.4073708271320014,-0.038472144274731446,163,136,0.8343558282208589,0.9941260830448817,0.9406197416522606,0.9900340527233564
AD|e=E2|f=1|sp=1.5|k=1|tp=A1.0|sl=10|1h,1h,E2,1,1.5,1,A1.0,10.0,-2.606721012248942e-05,-0.009514531694708638,-0.052667903289897566,-0.706839429303352,-0.06461448238054956,163,141,0.8650306748466258,0.9836527877115052,0.9228779897522609,0.9346968104799066
AD|e=E2|f=1|sp=1.5|k=1|tp=A2.0|sl=-|1h,1h,E2,1,1.5,1,A2.0,,4.383980507692451e-05,0.016001528853077446,0.09111643912869849,0.49584757582332517,-0.05160313358583912,114,113,0.9912280701754386,1.1727980445690651,1.042663908843418,1.0500282279223967
AD|e=E2|f=1|sp=1.5|k=1|tp=A2.0|sl=6|1h,1h,E2,1,1.5,1,A2.0,6.0,-1.4850968269684704e-05,-0.005420603418434917,-0.030650807197612484,-0.3725589425865917,-0.051947974049402434,159,116,0.7295597484276729,1.0129884745576985,0.94646275234724,0.9478342601998011
AD|e=E2|f=1|sp=1.5|k=1|tp=A2.0|sl=10|1h,1h,E2,1,1.5,1,A2.0,10.0,-2.228762443142912e-05,-0.008134982917471629,-0.04567394731336771,-0.44870514614560747,-0.0699883361834478,159,128,0.8050314465408805,1.0050008749859674,0.9581863963366888,0.8996766477331875
AD|e=E2|f=1|sp=1.5|k=2|tp=MID|sl=-|1h,1h,E2,1,1.5,2,MID,,-1.3730542166906757e-06,-0.0005011647890920966,-0.002997156191876127,-0.06298836032607134,-0.01760729017128293,159,112,0.7044025157232704,0.9993321192152768,0.9723338585119551,1.0192906046244552
AD|e=E2|f=1|sp=1.5|k=2|tp=MID|sl=6|1h,1h,E2,1,1.5,2,MID,6.0,-1.3510334309979445e-05,-0.004931272023142498,-0.027686918356530144,-0.478860217220902,-0.034732942528594934,159,112,0.7044025157232704,0.9960360128201627,0.9516971998206445,0.9684774124597055
AD|e=E2|f=1|sp=1.5|k=2|tp=MID|sl=10|1h,1h,E2,1,1.5,2,MID,10.0,-4.1899322275286955e-06,-0.0015293252630479738,-0.008767591831186361,-0.18558478899551523,-0.021423433297268146,159,112,0.7044025157232704,0.9975456275935612,0.9572569751591458,1.0192906046244552
AD|e=E2|f=1|sp=1.5|k=2|tp=A0.5|sl=-|1h,1h,E2,1,1.5,2,A0.5,,2.8739377609694297e-05,0.010489872827538419,0.060033582622537995,0.6271236585969715,-0.019028237403807546,179,179,1.0,1.0448007439202327,1.0719826675803399,1.060225945647977
AD|e=E2|f=1|sp=1.5|k=2|tp=A0.5|sl=6|1h,1h,E2,1,1.5,2,A0.5,6.0,-2.420572217464498e-05,-0.008835088593745419,-0.048790512643008155,-0.9327059491580229,-0.05357909038269215,180,161,0.8944444444444445,0.9412251340136195,0.9287712037128443,0.9835138818052362
AD|e=E2|f=1|sp=1.5|k=2|tp=A0.5|sl=10|1h,1h,E2,1,1.5,2,A0.5,10.0,-1.941706817038331e-05,-0.007087229882189908,-0.03955861487723211,-0.5671885987076135,-0.046569514655865674,180,168,0.9333333333333333,0.9588275865105346,0.8945930363302679,1.0311555005019135
AD|e=E2|f=1|sp=1.5|k=2|tp=A1.0|sl=-|1h,1h,E2,1,1.5,2,A1.0,,2.622372190378623e-05,0.009571658494881974,0.05157683065324603,0.2667802145358374,-0.09239408855577946,134,133,0.9925373134328358,1.1078020235695984,0.970267582564401,1.0648267700807115
AD|e=E2|f=1|sp=1.5|k=2|tp=A1.0|sl=6|1h,1h,E2,1,1.5,2,A1.0,6.0,-3.512057770506606e-05,-0.012819010862349111,-0.07023742352725504,-0.8675062138010748,-0.08077902648926938,163,135,0.8282208588957055,0.9694703610829544,0.8965448124150832,0.9223118846175704
AD|e=E2|f=1|sp=1.5|k=2|tp=A1.0|sl=10|1h,1h,E2,1,1.5,2,A1.0,10.0,-4.108751288328598e-05,-0.014996942202399383,-0.08211348083633185,-0.7260265488193419,-0.09471954552060557,162,142,0.8765432098765432,0.9474402064545586,0.8632000981574894,0.9413559746457298
AD|e=E2|f=1|sp=1.5|k=2|tp=A2.0|sl=-|1h,1h,E2,1,1.5,2,A2.0,,5.2035330906691e-05,0.018992895780942213,0.1056668080065215,0.39423760024018945,-0.08186220129647359,116,115,0.9913793103448276,1.2019019591400337,1.028223895856315,1.064871043171106
AD|e=E2|f=1|sp=1.5|k=2|tp=A2.0|sl=6|1h,1h,E2,1,1.5,2,A2.0,6.0,-3.581946880731984e-05,-0.013074106114671741,-0.07193942635272921,-0.6903221612344661,-0.09249573297053881,159,118,0.7421383647798742,0.9729150096267093,0.8957357826237091,0.913679879244971
AD|e=E2|f=1|sp=1.5|k=2|tp=A2.0|sl=10|1h,1h,E2,1,1.5,2,A2.0,10.0,-3.7108170113110696e-05,-0.013544482091285405,-0.07524658838372977,-0.517422098797259,-0.09771142195242499,157,130,0.8280254777070064,0.9867164171963375,0.8596715517438633,0.9262943995744568
AD|e=E2|f=1|sp=1.5|k=3|tp=MID|sl=-|1h,1h,E2,1,1.5,3,MID,,1.5310063402396148e-06,0.0005588173141874594,0.002973156822219991,0.07016705216719306,-0.015054610519608769,159,112,0.7044025157232704,1.0047728862621632,0.9826062712847521,1.021295778281256
AD|e=E2|f=1|sp=1.5|k=3|tp=MID|sl=6|1h,1h,E2,1,1.5,3,MID,6.0,-1.3472372426994757e-05,-0.0049174159358530865,-0.02761687706220639,-0.47280488467612275,-0.0350034178277685,159,112,0.7044025157232704,0.9982536164939946,0.9541984848928708,0.9639315156653648
AD|e=E2|f=1|sp=1.5|k=3|tp=MID|sl=10|1h,1h,E2,1,1.5,3,MID,10.0,-1.8828242572775738e-06,-0.0006872308539063144,-0.004046956174752925,-0.08511301894707379,-0.01940645566065613,159,112,0.7044025157232704,1.0009218979877221,0.9658380705987076,1.021295778281256
AD|e=E2|f=1|sp=1.5|k=3|tp=A0.5|sl=-|1h,1h,E2,1,1.5,3,A0.5,,3.0985617398055636e-05,0.011309750350290308,0.06461248148533816,0.5730165205499839,-0.022435729193830634,179,179,1.0,1.0544698072142937,1.0688531443809217,1.06605955866965
AD|e=E2|f=1|sp=1.5|k=3|tp=A0.5|sl=6|1h,1h,E2,1,1.5,3,A0.5,6.0,-2.1674222303509212e-05,-0.007911091140780863,-0.04392473737564795,-0.7044027148682657,-0.048737810395752645,180,164,0.9111111111111111,0.9822581652160726,0.9189648114113251,0.9666149525489187
AD|e=E2|f=1|sp=1.5|k=3|tp=A0.5|sl=10|1h,1h,E2,1,1.5,3,A0.5,10.0,-6.556924152478186e-06,-0.0023932773156545377,-0.014016121116057878,-0.15956105508958382,-0.037085048792606656,180,171,0.95,0.9742959908938523,0.9585726414264604,1.0241073505451692
AD|e=E2|f=1|sp=1.5|k=3|tp=A1.0|sl=-|1h,1h,E2,1,1.5,3,A1.0,,2.7274848446239162e-05,0.009955319682877294,0.05115090604651562,0.2123304204700555,-0.12355906841825526,136,135,0.9926470588235294,1.1193373709092223,0.9425033244295007,1.0701640817097346
AD|e=E2|f=1|sp=1.5|k=3|tp=A1.0|sl=6|1h,1h,E2,1,1.5,3,A1.0,6.0,-4.402607995938311e-05,-0.016069519185174835,-0.0872696191028095,-0.9577485503433528,-0.09761811185811953,163,136,0.8343558282208589,0.960097001999608,0.876831966626229,0.9001540969935223
AD|e=E2|f=1|sp=1.5|k=3|tp=A1.0|sl=10|1h,1h,E2,1,1.5,3,A1.0,10.0,-2.187701590030446e-05,-0.007985110803611127,-0.04563857721527653,-0.3226108171780703,-0.07020278196532437,162,148,0.9135802469135802,0.9973359643112307,0.9299051786028495,0.9319094789840895
AD|e=E2|f=1|sp=1.5|k=3|tp=A2.0|sl=-|1h,1h,E2,1,1.5,3,A2.0,,7.514106935066123e-05,0.02742649031299135,0.15612615317290213,0.4743920365206474,-0.1131658280423975,126,125,0.9920634920634921,1.251673924041601,1.0261687242606365,1.1611701594158483
AD|e=E2|f=1|sp=1.5|k=3|tp=A2.0|sl=6|1h,1h,E2,1,1.5,3,A2.0,6.0,-4.320868264379836e-05,-0.0157711691649864,-0.08616729076235252,-0.743742280940577,-0.10857480531040409,159,122,0.7672955974842768,1.0170911471463027,0.8657958264755361,0.8621327996365412
AD|e=E2|f=1|sp=1.5|k=3|tp=A2.0|sl=10|1h,1h,E2,1,1.5,3,A2.0,10.0,-3.134689674670913e-05,-0.011441617312548833,-0.06551054304328563,-0.33435556494192914,-0.09536001679216777,156,134,0.8589743589743589,1.0358690160538182,0.9313024701662732,0.8367691694679414
AD|e=E2|f=1|sp=2|k=1|tp=MID|sl=-|1h,1h,E2,1,2.0,1,MID,,-4.805557928779432e-06,-0.0017540286440044927,-0.009964023124132693,-0.25473384972435337,-0.01698456347822974,159,104,0.6540880503144654,0.9953495188955875,0.9655747084126759,1.0092190494255102
AD|e=E2|f=1|sp=2|k=1|tp=MID|sl=6|1h,1h,E2,1,2.0,1,MID,6.0,-1.396072641862637e-05,-0.0050956651427986254,-0.02848976001397141,-0.6054204288939516,-0.03315130544529321,159,104,0.6540880503144654,0.9887758985944702,0.9514364230757613,0.9738913670425154
AD|e=E2|f=1|sp=2|k=1|tp=MID|sl=10|1h,1h,E2,1,2.0,1,MID,10.0,-5.903726255695839e-06,-0.0021548600833289815,-0.012197034792427397,-0.3127220134574381,-0.018517642276549395,159,104,0.6540880503144654,0.9944124543293786,0.9599723130146735,1.0092190494255102
AD|e=E2|f=1|sp=2|k=1|tp=A0.5|sl=-|1h,1h,E2,1,2.0,1,A0.5,,2.8544701511381797e-05,0.010418816051654355,0.05875413972247534,0.4380549502004976,-0.03732903197777715,167,167,1.0,1.044036348005437,1.0461182568229086,1.0773745544303246
AD|e=E2|f=1|sp=2|k=1|tp=A0.5|sl=6|1h,1h,E2,1,2.0,1,A0.5,6.0,-1.3515609406914658e-05,-0.00493319743352385,-0.02758246030372402,-0.6148263866179255,-0.0320512577460198,180,161,0.8944444444444445,0.9764807614994653,0.9619777657635842,0.9780715177031338
AD|e=E2|f=1|sp=2|k=1|tp=A0.5|sl=10|1h,1h,E2,1,2.0,1,A0.5,10.0,-1.7037079790772537e-05,-0.006218534123631976,-0.03465309229357483,-0.6751710577625534,-0.03972631574166874,180,166,0.9222222222222223,0.9771888500643802,0.9398433116971108,0.9786397747914056
AD|e=E2|f=1|sp=2|k=1|tp=A1.0|sl=-|1h,1h,E2,1,2.0,1,A1.0,,1.685613791051117e-05,0.006152490337336577,0.032846922572656645,0.2135552039226753,-0.058239314490219796,121,120,0.9917355371900827,1.0829140334363214,0.9861359689556117,1.0209269053007342
AD|e=E2|f=1|sp=2|k=1|tp=A1.0|sl=6|1h,1h,E2,1,2.0,1,A1.0,6.0,-1.2880579802740501e-05,-0.004701411628000283,-0.026411899497920666,-0.46823853897992,-0.03744680070467887,163,136,0.8343558282208589,0.9894619251333701,0.9422542270546846,0.9887028192253361
AD|e=E2|f=1|sp=2|k=1|tp=A1.0|sl=10|1h,1h,E2,1,2.0,1,A1.0,10.0,-2.7333024230927077e-05,-0.009976553844288383,-0.055089727206378836,-0.7744317691522071,-0.06696734946907335,163,141,0.8650306748466258,0.9779480361799207,0.9239954682944955,0.9320216479700144
AD|e=E2|f=1|sp=2|k=1|tp=A2.0|sl=-|1h,1h,E2,1,2.0,1,A2.0,,4.046634773589274e-05,0.014770216923600851,0.08346162014722913,0.44975509242677353,-0.05398199418940175,114,113,0.9912280701754386,1.16312439663304,1.033049713119868,1.0462063766164784
AD|e=E2|f=1|sp=2|k=1|tp=A2.0|sl=6|1h,1h,E2,1,2.0,1,A2.0,6.0,-1.990849722249949e-05,-0.0072666014862123145,-0.04066827277765095,-0.5039669494545388,-0.05870691628636748,159,116,0.7295597484276729,0.9837231028496957,0.9394260189879037,0.9531714505362382
AD|e=E2|f=1|sp=2|k=1|tp=A2.0|sl=10|1h,1h,E2,1,2.0,1,A2.0,10.0,-2.817980938140914e-05,-0.010285630424214336,-0.057217681961280076,-0.5511068986255946,-0.07761839024631734,159,128,0.8050314465408805,0.9924377998645811,0.9485059853468846,0.8872592463486771
AD|e=E2|f=1|sp=2|k=2|tp=MID|sl=-|1h,1h,E2,1,2.0,2,MID,,-5.399788562425379e-07,-0.00019709228252852635,-0.0012566198929282457,-0.027286931653396913,-0.015776485614978242,159,107,0.6729559748427673,1.0077710402148692,0.9718357220583499,1.0166751915447505
AD|e=E2|f=1|sp=2|k=2|tp=MID|sl=6|1h,1h,E2,1,2.0,2,MID,6.0,-1.1065940168257579e-05,-0.0040390681614140165,-0.022703658998140086,-0.4643694608905602,-0.028015880992811826,159,107,0.6729559748427673,1.0036987290177983,0.948673647483222,0.9794810169287234
AD|e=E2|f=1|sp=2|k=2|tp=MID|sl=10|1h,1h,E2,1,2.0,2,MID,10.0,-3.625421376510679e-06,-0.0013232788024263977,-0.007584130188079241,-0.17625007678755028,-0.01959873122902822,159,107,0.6729559748427673,1.0053660821082535,0.9557555455329421,1.0166751915447505
AD|e=E2|f=1|sp=2|k=2|tp=A0.5|sl=-|1h,1h,E2,1,2.0,2,A0.5,,3.076750531404882e-05,0.01123013943962782,0.06451827720639591,0.6947406383946598,-0.017969343320665354,179,179,1.0,1.0521367257784473,1.073716743683239,1.0647379010105524
AD|e=E2|f=1|sp=2|k=2|tp=A0.5|sl=6|1h,1h,E2,1,2.0,2,A0.5,6.0,-1.8248332638076055e-05,-0.00666064141289776,-0.03708158302242859,-0.6840130082913737,-0.0412665737793213,180,163,0.9055555555555556,0.9700459055967524,0.9327061926492334,0.9856855009455785
AD|e=E2|f=1|sp=2|k=2|tp=A0.5|sl=10|1h,1h,E2,1,2.0,2,A0.5,10.0,-1.1200186423364961e-05,-0.004088068044528211,-0.023237034563339365,-0.3122789329719277,-0.03576459127375142,180,170,0.9444444444444444,1.0068569439832815,0.8947053234007378,1.0327405355924062
AD|e=E2|f=1|sp=2|k=2|tp=A1.0|sl=-|1h,1h,E2,1,2.0,2,A1.0,,2.3542347312926922e-05,0.008592956769218327,0.04589537165419788,0.24271839950894067,-0.08793171968586888,135,134,0.9925925925925926,1.103183358443191,0.9705075929478786,1.0521128395530344
AD|e=E2|f=1|sp=2|k=2|tp=A1.0|sl=6|1h,1h,E2,1,2.0,2,A1.0,6.0,-2.5607793376519233e-05,-0.00934684458242952,-0.05172119308119871,-0.7349788110588158,-0.06202107769205678,163,137,0.8404907975460123,0.987814038838616,0.9037692255510459,0.9533885780842711
AD|e=E2|f=1|sp=2|k=2|tp=A1.0|sl=10|1h,1h,E2,1,2.0,2,A1.0,10.0,-3.036433770851305e-05,-0.011082983263607264,-0.0614305276932845,-0.5983877161599316,-0.07322844542191376,162,144,0.8888888888888888,0.9749618570270108,0.874551138157033,0.9665443691339194
AD|e=E2|f=1|sp=2|k=2|tp=A2.0|sl=-|1h,1h,E2,1,2.0,2,A2.0,,5.882981186935628e-05,0.021472881332315043,0.12241573113629678,0.4872019152701622,-0.08391267880036402,122,121,0.9918032786885246,1.204866635675445,1.0264460306530558,1.119112038237679
AD|e=E2|f=1|sp=2|k=2|tp=A2.0|sl=6|1h,1h,E2,1,2.0,2,A2.0,6.0,-3.2614104771282385e-05,-0.011904148241518071,-0.06565467803043223,-0.6843898063804669,-0.08481553948556475,159,120,0.7547169811320755,0.9946697853007244,0.8965390251272298,0.9117760408481662
AD|e=E2|f=1|sp=2|k=2|tp=A2.0|sl=10|1h,1h,E2,1,2.0,2,A2.0,10.0,-2.319606825574397e-05,-0.008466564913346549,-0.04845290314157458,-0.3199135206784858,-0.07279128052082084,156,133,0.8525641025641025,1.0469951337340873,0.8978326645460898,0.9104311919014506
AD|e=E2|f=1|sp=2|k=3|tp=MID|sl=-|1h,1h,E2,1,2.0,3,MID,,1.06267047373735e-07,3.8787472291413274e-05,6.67519071555489e-05,0.005289684257646177,-0.014472353172290453,159,107,0.6729559748427673,1.0077710402148692,0.9756730860381199,1.0166751915447505
AD|e=E2|f=1|sp=2|k=3|tp=MID|sl=6|1h,1h,E2,1,2.0,3,MID,6.0,-1.0834090669163512e-05,-0.003954443094244682,-0.022234943527674966,-0.45764229973277215,-0.02754971328654865,159,107,0.6729559748427673,1.0036987290177983,0.9500316234576159,0.9794810169287234
AD|e=E2|f=1|sp=2|k=3|tp=MID|sl=10|1h,1h,E2,1,2.0,3,MID,10.0,-3.243666361342019e-06,-0.0011839382218898368,-0.006803914988652959,-0.15817799671580093,-0.018827961640693447,159,107,0.6729559748427673,1.0053660821082535,0.9580097985265603,1.0166751915447505
AD|e=E2|f=1|sp=2|k=3|tp=A0.5|sl=-|1h,1h,E2,1,2.0,3,A0.5,,3.171829140696684e-05,0.011577176363542895,0.06631527193259856,0.6126936753651838,-0.02020943150085419,179,179,1.0,1.0703726090456867,1.0549496975920678,1.0698755596731997
AD|e=E2|f=1|sp=2|k=3|tp=A0.5|sl=6|1h,1h,E2,1,2.0,3,A0.5,6.0,-2.0996839810040517e-05,-0.007663846530664788,-0.04255410058477771,-0.7241164855867309,-0.04671530694310466,180,163,0.9055555555555556,0.9751848868278074,0.9218037584275726,0.9750019398761335
AD|e=E2|f=1|sp=2|k=3|tp=A0.5|sl=10|1h,1h,E2,1,2.0,3,A0.5,10.0,-2.1431203552344708e-07,-7.822389296605818e-05,-0.001113516804519099,-0.005060354998280327,-0.03197723303994582,180,173,0.9611111111111111,1.0316553226834806,0.9446124074876596,1.0207678275505843
AD|e=E2|f=1|sp=2|k=3|tp=A1.0|sl=-|1h,1h,E2,1,2.0,3,A1.0,,5.38186294221976e-05,0.019643799739102123,0.11118656921550718,0.4562642931055092,-0.11788273787132275,143,143,1.0,1.1354925372154279,1.1194173817474984,1.057422232993002
AD|e=E2|f=1|sp=2|k=3|tp=A1.0|sl=6|1h,1h,E2,1,2.0,3,A1.0,6.0,-3.070693349100658e-05,-0.011208030724217402,-0.061676807050766946,-0.8205576718066323,-0.0718685571400387,163,137,0.8404907975460123,0.9892092203830956,0.8888734977833379,0.9374605240463604
AD|e=E2|f=1|sp=2|k=3|tp=A1.0|sl=10|1h,1h,E2,1,2.0,3,A1.0,10.0,-1.8778828513831494e-05,-0.006854272407548496,-0.03947803933556182,-0.28240863071321504,-0.06306666460971933,162,150,0.9259259259259259,1.015343844373736,0.9524442676242826,0.9115684046127835
AD|e=E2|f=1|sp=2|k=3|tp=A2.0|sl=-|1h,1h,E2,1,2.0,3,A2.0,,7.018077849433109e-05,0.025615984150430846,0.1447791759121153,0.45115776656251466,-0.11429994392746545,128,127,0.9921875,1.2421678520209571,1.0267235955211529,1.136820977983507
AD|e=E2|f=1|sp=2|k=3|tp=A2.0|sl=6|1h,1h,E2,1,2.0,3,A2.0,6.0,-3.8858977957398615e-05,-0.014183526954450494,-0.07766016409383814,-0.7745542288556903,-0.09674355936592649,159,121,0.7610062893081762,1.0001234482720318,0.8817624639500343,0.8863862012579784
AD|e=E2|f=1|sp=2|k=3|tp=A2.0|sl=10|1h,1h,E2,1,2.0,3,A2.0,10.0,-2.345614409758384e-05,-0.008561492595618102,-0.049971918470329224,-0.2610056483910359,-0.07910229350383036,157,137,0.8726114649681529,1.0876676649053605,0.9530965065859961,0.8197147668818204
