trial_id,mean_daily_ret,sharpe_ann,n_trades,n_fills,final_eq_BTC,final_eq_ETH,final_eq_SOL
AD|e=E1|f=0|sp=-|k=0|tp=MID|sl=-|15m,-1.309268346661914e-05,-0.17696289432530526,10883,10883,0.9734702731336561,0.9302973464599431,1.00936848946881
AD|e=E1|f=0|sp=-|k=0|tp=MID|sl=6|15m,-5.462287668562387e-05,-0.710131723886737,12294,12294,0.8888980838516247,0.848040318168761,0.9370785560812116
AD|e=E1|f=0|sp=-|k=0|tp=MID|sl=10|15m,-2.3939055245619374e-05,-0.3164302076077693,11394,11394,0.9401956023558377,0.8943355643694926,1.017280548371303
AD|e=E1|f=0|sp=-|k=0|tp=A0.5|sl=-|15m,6.077042668996572e-06,0.07391659177174478,565,565,1.0313573817712038,1.0035214869555902,0.9963961850449615
AD|e=E1|f=0|sp=-|k=0|tp=A0.5|sl=6|15m,-7.915770816972974e-05,-1.0562845701457453,13317,13317,0.7545612974274832,0.7691337089644764,1.0448407978971714
AD|e=E1|f=0|sp=-|k=0|tp=A0.5|sl=10|15m,-5.5329523302263405e-05,-0.6256950926412223,10758,10758,0.8275895620176845,0.8388487848152504,1.0116100208206817
AD|e=E1|f=0|sp=-|k=0|tp=A1.0|sl=-|15m,3.6746336542892603e-06,0.04436810932423236,306,306,1.0180964255622784,1.0123658345168374,0.9855671328067462
AD|e=E1|f=0|sp=-|k=0|tp=A1.0|sl=6|15m,-6.091114772093167e-05,-0.7110913175036072,10934,10934,0.7952446325853287,0.8025104994387638,1.0570673400406454
AD|e=E1|f=0|sp=-|k=0|tp=A1.0|sl=10|15m,-2.2378917121097424e-05,-0.2322345792245806,8326,8326,0.896202114587887,0.9407253421191162,1.0163794660415768
AD|e=E1|f=0|sp=-|k=0|tp=A2.0|sl=-|15m,2.0114398904296718e-07,0.0024523811703589817,159,159,1.0192877685449255,1.0086160814047558,0.9671343100208004
AD|e=E1|f=0|sp=-|k=0|tp=A2.0|sl=6|15m,-2.986178883439233e-05,-0.28824273552383695,8050,8050,0.8735016805830863,0.8718723341557059,1.0652068169483662
AD|e=E1|f=0|sp=-|k=0|tp=A2.0|sl=10|15m,1.941116825245367e-05,0.17324873594470952,5591,5591,1.0102971851099765,0.9438603536286465,1.1532478076102084
AD|e=E1|f=0|sp=0.5|k=1|tp=MID|sl=-|15m,1.9513106100988287e-05,0.15029688260535629,10882,17540,1.0056524041554358,0.9035250382881358,1.2065945344586466
AD|e=E1|f=0|sp=0.5|k=1|tp=MID|sl=6|15m,-4.37957165909834e-05,-0.3283603253617393,11986,19267,0.8781094582007263,0.7594991380161449,1.1117883342388593
AD|e=E1|f=0|sp=0.5|k=1|tp=MID|sl=10|15m,-2.5527770499343274e-05,-0.1888211881473633,11290,18182,0.8920043996978896,0.8172587654297568,1.1324927100230535
AD|e=E1|f=0|sp=0.5|k=1|tp=A0.5|sl=-|15m,1.239111915883482e-05,0.07308182789992522,780,1120,1.063576416176374,1.0020633126431253,0.9760051768737191
AD|e=E1|f=0|sp=0.5|k=1|tp=A0.5|sl=6|15m,-0.00010157978029057744,-0.8468608328512396,13637,19536,0.7308836192482608,0.6103273058904553,1.1681465440346464
AD|e=E1|f=0|sp=0.5|k=1|tp=A0.5|sl=10|15m,-0.00012322623542754946,-0.8119022114541766,11616,16728,0.7320958944999493,0.6498640329378719,0.9382940962161387
AD|e=E1|f=0|sp=0.5|k=1|tp=A1.0|sl=-|15m,1.9713553460942267e-05,0.11584209123760826,502,777,1.0879618616842561,1.0201028899714744,0.980398663313431
AD|e=E1|f=0|sp=0.5|k=1|tp=A1.0|sl=6|15m,-7.550217537719003e-05,-0.5174131041289446,11116,17257,0.7250670201331066,0.6906970952676854,1.2036412859155912
AD|e=E1|f=0|sp=0.5|k=1|tp=A1.0|sl=10|15m,-9.181969359392879e-05,-0.5226861326466774,8885,13871,0.7003476456032938,0.7564012188579919,1.0065039302990468
AD|e=E1|f=0|sp=0.5|k=1|tp=A2.0|sl=-|15m,2.335961732680966e-06,0.013787723083520659,189,318,1.0418811176557814,1.0019721274415205,0.9353175070360625
AD|e=E1|f=0|sp=0.5|k=1|tp=A2.0|sl=6|15m,-1.387217904579004e-05,-0.07782719547558621,8247,13865,0.834716831062584,0.8593100338783274,1.2069606745713557
AD|e=E1|f=0|sp=0.5|k=1|tp=A2.0|sl=10|15m,-3.3020670756594594e-05,-0.15848229170400224,5965,10068,0.8319451111367898,0.8259959975635325,1.0915676126883909
AD|e=E1|f=0|sp=0.5|k=2|tp=MID|sl=-|15m,3.822627951553032e-05,0.222515680654825,10882,21696,1.0250631464575375,0.87905241148328,1.3390861640861746
AD|e=E1|f=0|sp=0.5|k=2|tp=MID|sl=6|15m,-2.2466303234873712e-05,-0.13337849979126584,11768,23266,0.924937841825897,0.7657091538024041,1.177578964537741
AD|e=E1|f=0|sp=0.5|k=2|tp=MID|sl=10|15m,-3.0394724222988347e-05,-0.16884654786511263,11197,22274,0.882329252875214,0.7811700750459444,1.1280387399877623
AD|e=E1|f=0|sp=0.5|k=2|tp=A0.5|sl=-|15m,1.2211107380384087e-05,0.04678179032681886,886,1479,1.0716119007359997,0.9835805201089611,0.9304610318361709
AD|e=E1|f=0|sp=0.5|k=2|tp=A0.5|sl=6|15m,-0.0001032363505565349,-0.6325829031123353,13772,22931,0.7575196360902697,0.580560633566521,1.1442732583060788
AD|e=E1|f=0|sp=0.5|k=2|tp=A0.5|sl=10|15m,-0.0001267989176686306,-0.6340014863015585,11958,20109,0.7552213995045869,0.6536724733736226,0.8474756709727165
AD|e=E1|f=0|sp=0.5|k=2|tp=A1.0|sl=-|15m,3.443227045417879e-05,0.13077114587971764,595,1125,1.1112348101990204,1.0473366913550146,0.9690204179332341
AD|e=E1|f=0|sp=0.5|k=2|tp=A1.0|sl=6|15m,-4.6353837736923886e-05,-0.23758674881581468,10984,20828,0.7884694661182337,0.6365671191184745,1.3908843389028283
AD|e=E1|f=0|sp=0.5|k=2|tp=A1.0|sl=10|15m,-9.755490014284478e-05,-0.40996557816665236,9059,17353,0.7061419850869392,0.78786842430433,0.8738767494937699
AD|e=E1|f=0|sp=0.5|k=2|tp=A2.0|sl=-|15m,1.617284499014638e-05,0.061054106555910495,246,531,1.0802974512010988,0.981453793082388,0.9449986315005862
AD|e=E1|f=0|sp=0.5|k=2|tp=A2.0|sl=6|15m,-6.649021923644842e-05,-0.27052497442927803,8071,17444,0.7516952167013988,0.6732337349341194,1.1830439853049863
AD|e=E1|f=0|sp=0.5|k=2|tp=A2.0|sl=10|15m,-9.175155672478743e-05,-0.31416556621494646,6120,13354,0.7594721787271633,0.8271778787149782,0.7693402175501544
AD|e=E1|f=0|sp=0.5|k=3|tp=MID|sl=-|15m,5.787474610503862e-05,0.2842800303571536,10880,24279,1.0401082359033298,0.8822008850036355,1.4563717412481798
AD|e=E1|f=0|sp=0.5|k=3|tp=MID|sl=6|15m,-2.171451895845361e-05,-0.11059069137121437,11625,25567,0.9304457518266758,0.7377779424083971,1.1943233517868388
AD|e=E1|f=0|sp=0.5|k=3|tp=MID|sl=10|15m,-2.3246961158724023e-05,-0.11088362726441978,11130,24752,0.8813349767576685,0.7553133758724309,1.1854090121739103
AD|e=E1|f=0|sp=0.5|k=3|tp=A0.5|sl=-|15m,1.7766372350038032e-05,0.04946582710327769,958,1736,1.1081347889061288,0.9528336653967145,0.8808541757288545
AD|e=E1|f=0|sp=0.5|k=3|tp=A0.5|sl=6|15m,-0.00011502696722203824,-0.5899021940127646,13742,24744,0.7850903018221251,0.5545120170152172,1.0405572189959031
AD|e=E1|f=0|sp=0.5|k=3|tp=A0.5|sl=10|15m,-0.00013808236243817223,-0.57015660245478,12280,22402,0.7454026533225311,0.6266136558731416,0.7957823433992186
AD|e=E1|f=0|sp=0.5|k=3|tp=A1.0|sl=-|15m,5.051055641168651e-05,0.13934422312754896,656,1397,1.1538813481948658,1.0294801693661217,0.9575412475552976
AD|e=E1|f=0|sp=0.5|k=3|tp=A1.0|sl=6|15m,-7.310797767124487e-05,-0.31681133251603666,11012,23316,0.8749019562319771,0.5451042089290482,1.1926597867883826
AD|e=E1|f=0|sp=0.5|k=3|tp=A1.0|sl=10|15m,-0.00013606578946226332,-0.4789914534954907,9371,20068,0.7986294068765206,0.575831988718664,0.7831649208658857
AD|e=E1|f=0|sp=0.5|k=3|tp=A2.0|sl=-|15m,4.487219781883809e-05,0.12223503773492547,292,761,1.1176979917686027,1.0421580017752123,0.9360354027702699
AD|e=E1|f=0|sp=0.5|k=3|tp=A2.0|sl=6|15m,-0.00011066258671941729,-0.3703578517781341,7938,20006,0.763116093359684,0.5556801149993018,1.0207154441607356
AD|e=E1|f=0|sp=0.5|k=3|tp=A2.0|sl=10|15m,-0.0001470758896925166,-0.4133394885555058,6171,15818,0.7778064285573638,0.6547822830301686,0.6212181100972995
AD|e=E1|f=0|sp=1|k=1|tp=MID|sl=-|15m,1.8522472368737502e-05,0.1501447427318721,10882,16253,1.020380947908946,0.8944567194332845,1.1982145030583076
AD|e=E1|f=0|sp=1|k=1|tp=MID|sl=6|15m,-3.9033157450825216e-05,-0.30998275964351485,11896,17686,0.93165048343068,0.767389351306256,1.0719817649215413
AD|e=E1|f=0|sp=1|k=1|tp=MID|sl=10|15m,-2.578363585246944e-05,-0.2011606292538267,11244,16782,0.8915309693487719,0.8424636780375959,1.1017379536391378
AD|e=E1|f=0|sp=1|k=1|tp=A0.5|sl=-|15m,7.567126946586762e-06,0.044719724101287696,781,1045,1.0507114320219124,0.9887812589012949,0.9712099905346102
AD|e=E1|f=0|sp=1|k=1|tp=A0.5|sl=6|15m,-7.663834609743234e-05,-0.670083285877789,13589,18234,0.8058686176866725,0.6475931314045934,1.1655757509705276
AD|e=E1|f=0|sp=1|k=1|tp=A0.5|sl=10|15m,-0.00011294682130611411,-0.7748747592030979,11658,15747,0.7566228243897324,0.6547126044927085,0.9618291030197375
AD|e=E1|f=0|sp=1|k=1|tp=A1.0|sl=-|15m,1.9659073071730296e-05,0.11445823253411531,524,757,1.0760187864351798,1.025392067296564,0.9861677428331022
AD|e=E1|f=0|sp=1|k=1|tp=A1.0|sl=6|15m,-4.425443933435724e-05,-0.3154172547904725,11020,16024,0.842930888297595,0.6803163097856446,1.2786376857297976
AD|e=E1|f=0|sp=1|k=1|tp=A1.0|sl=10|15m,-6.62963846257249e-05,-0.3868916261060523,8982,13152,0.8036548956364192,0.7222574871811842,1.0783485502729107
AD|e=E1|f=0|sp=1|k=1|tp=A2.0|sl=-|15m,1.0792233318511025e-06,0.006361140027246795,202,313,1.0428655842500245,0.9921487617866174,0.9363261580241039
AD|e=E1|f=0|sp=1|k=1|tp=A2.0|sl=6|15m,-3.490405126411934e-05,-0.20026111353763484,8108,12880,0.9028874106490539,0.8433192143096183,1.001885403652426
AD|e=E1|f=0|sp=1|k=1|tp=A2.0|sl=10|15m,-4.384910072503769e-05,-0.21648618424569002,5990,9593,0.905907564470425,0.8315099386046994,0.9360188456148361
AD|e=E1|f=0|sp=1|k=2|tp=MID|sl=-|15m,3.30761488845334e-05,0.21136329701795062,10882,18996,0.9978197879824381,0.8995262090673107,1.3149434821520716
AD|e=E1|f=0|sp=1|k=2|tp=MID|sl=6|15m,-3.0325446968696892e-05,-0.1993661291466267,11657,20082,0.914708195378151,0.7900613313230882,1.108078769537233
AD|e=E1|f=0|sp=1|k=2|tp=MID|sl=10|15m,-3.2497529170540636e-05,-0.19873538094574447,11158,19428,0.8867103386949828,0.7842352726665184,1.1134013923956423
AD|e=E1|f=0|sp=1|k=2|tp=A0.5|sl=-|15m,1.815365075517293e-05,0.06957899888517251,951,1453,1.110324625213618,0.9639930283188399,0.9512950402641117
AD|e=E1|f=0|sp=1|k=2|tp=A0.5|sl=6|15m,-0.00011121602842347255,-0.7256349299106548,13487,20231,0.7943123085610237,0.5753663959360689,1.0484310390453897
AD|e=E1|f=0|sp=1|k=2|tp=A0.5|sl=10|15m,-0.00013463766771240485,-0.7022635861556032,11822,17940,0.7602436925852001,0.6737474644796627,0.7813622994400773
AD|e=E1|f=0|sp=1|k=2|tp=A1.0|sl=-|15m,3.0397413930110586e-05,0.11594568689598134,660,1130,1.1151735019321696,1.02162516643951,0.9650652257544439
AD|e=E1|f=0|sp=1|k=2|tp=A1.0|sl=6|15m,-5.9238784506462143e-05,-0.33236306497546086,10907,18459,0.7997335266464105,0.612257289974187,1.3265494565781213
AD|e=E1|f=0|sp=1|k=2|tp=A1.0|sl=10|15m,-0.0001009128098561839,-0.4679929596966982,9083,15562,0.7749238498118475,0.7136524029993979,0.8718780247818567
AD|e=E1|f=0|sp=1|k=2|tp=A2.0|sl=-|15m,1.8499644057070287e-05,0.0695486476822849,272,540,1.0874894087310045,0.9999599091761557,0.9338541833246388
AD|e=E1|f=0|sp=1|k=2|tp=A2.0|sl=6|15m,-9.278318307017887e-05,-0.39941248469021384,7882,15454,0.825740689773152,0.6379818382257022,0.977511164073174
AD|e=E1|f=0|sp=1|k=2|tp=A2.0|sl=10|15m,-8.641060709262335e-05,-0.3158365531973961,5931,11825,0.7699547924759264,0.7411092328805534,0.8884874907322429
AD|e=E1|f=0|sp=1|k=3|tp=MID|sl=-|15m,5.231796676015146e-05,0.29355024535194235,10880,20461,1.0230954306221265,0.9058713929278712,1.4178054802064755
AD|e=E1|f=0|sp=1|k=3|tp=MID|sl=6|15m,-2.272364749333518e-05,-0.1341043684180937,11535,21229,0.8969888198186177,0.801715133636131,1.1393794307255989
AD|e=E1|f=0|sp=1|k=3|tp=MID|sl=10|15m,-3.181649857033829e-05,-0.1703672677761079,11087,20754,0.9098729431739332,0.7418949675636408,1.1144693485203196
AD|e=E1|f=0|sp=1|k=3|tp=A0.5|sl=-|15m,3.5238832241430106e-05,0.0994856278599954,1247,2020,1.1441117202050743,0.9378658831335956,0.9690528251544621
AD|e=E1|f=0|sp=1|k=3|tp=A0.5|sl=6|15m,-0.00013235219997319308,-0.7316924685594844,13350,21195,0.785241327707359,0.5290051497681642,0.985532095966777
AD|e=E1|f=0|sp=1|k=3|tp=A0.5|sl=10|15m,-0.00018484726027443208,-0.7660888977105891,11864,19152,0.5955313290257692,0.6527878725934745,0.7150239757119942
AD|e=E1|f=0|sp=1|k=3|tp=A1.0|sl=-|15m,5.437837352910227e-05,0.15063597837491247,760,1437,1.196472112176526,0.9990799691135932,0.9754187426482235
AD|e=E1|f=0|sp=1|k=3|tp=A1.0|sl=6|15m,-9.635803975443819e-05,-0.45529253095248756,10719,19679,0.7908909045815857,0.5868416536070529,1.0713645514131123
AD|e=E1|f=0|sp=1|k=3|tp=A1.0|sl=10|15m,-0.00017010177677447848,-0.6242720296327781,9162,17137,0.6583713547790523,0.6840144602882252,0.654566649854537
AD|e=E1|f=0|sp=1|k=3|tp=A2.0|sl=-|15m,4.193245261507087e-05,0.11427678390680068,328,766,1.0982903711984637,1.054957294433659,0.9239685208716086
AD|e=E1|f=0|sp=1|k=3|tp=A2.0|sl=6|15m,-0.00013020319813495822,-0.4743829786345728,7650,16895,0.7794459995598969,0.5617290758578206,0.8896550526055778
AD|e=E1|f=0|sp=1|k=3|tp=A2.0|sl=10|15m,-0.00011571987013824078,-0.3468823511375009,6032,13667,0.6269283584068565,0.9032947455304376,0.6936924915703945
AD|e=E1|f=0|sp=1.5|k=1|tp=MID|sl=-|15m,6.219682115220817e-06,0.053424334216319286,10882,15227,0.9834138244253116,0.8828245943914839,1.171262133409874
AD|e=E1|f=0|sp=1.5|k=1|tp=MID|sl=6|15m,-3.2026777614494214e-05,-0.28070519861153415,11831,16437,0.922294477760251,0.8177698622185477,1.0670400704752887
AD|e=E1|f=0|sp=1.5|k=1|tp=MID|sl=10|15m,-4.12933379379529e-05,-0.3351003196363139,11216,15673,0.8677903743448104,0.8064295047158121,1.077298845831812
AD|e=E1|f=0|sp=1.5|k=1|tp=A0.5|sl=-|15m,4.950790528855785e-06,0.029353645492118115,773,992,1.0481115072548168,0.9803132618252677,0.9666061641003181
AD|e=E1|f=0|sp=1.5|k=1|tp=A0.5|sl=6|15m,-8.011040358660049e-05,-0.7098150690282975,13412,17155,0.8168782451614686,0.6812679119386242,1.0698320066183111
AD|e=E1|f=0|sp=1.5|k=1|tp=A0.5|sl=10|15m,-0.00012230085465280793,-0.855695309748299,11525,14866,0.7828425219036927,0.6773905132101083,0.8484219353166802
AD|e=E1|f=0|sp=1.5|k=1|tp=A1.0|sl=-|15m,1.6846732638192912e-05,0.09885990343698141,531,748,1.0736723770602625,1.020700522295481,0.9762864910698185
AD|e=E1|f=0|sp=1.5|k=1|tp=A1.0|sl=6|15m,-3.515359893102354e-05,-0.26527653561337755,10838,14956,0.8689758263568832,0.6972369181483343,1.2864579458112213
AD|e=E1|f=0|sp=1.5|k=1|tp=A1.0|sl=10|15m,-8.450549771157e-05,-0.5030398993339958,8841,12300,0.769738184228431,0.7180228250798621,1.0148447678703534
AD|e=E1|f=0|sp=1.5|k=1|tp=A2.0|sl=-|15m,1.0306659073472595e-05,0.060276923474199676,223,340,1.0441015445671378,1.0101092622484762,0.971592866619289
AD|e=E1|f=0|sp=1.5|k=1|tp=A2.0|sl=6|15m,-2.387067414588271e-05,-0.14284563836426845,8008,12120,0.8954615710009456,0.9077641154637031,1.0110530607653017
AD|e=E1|f=0|sp=1.5|k=1|tp=A2.0|sl=10|15m,-5.958309836550162e-05,-0.30303769657801666,5969,9107,0.8884839658443533,0.8404353727494838,0.86148318964215
AD|e=E1|f=0|sp=1.5|k=2|tp=MID|sl=-|15m,2.1400999407516842e-05,0.15129759741451146,10882,17141,0.9685386669069141,0.8887589989851488,1.282372607574855
AD|e=E1|f=0|sp=1.5|k=2|tp=MID|sl=6|15m,-4.188572857746203e-05,-0.29995076097239864,11598,17930,0.8797904150104398,0.7763166460546483,1.0884054192707493
AD|e=E1|f=0|sp=1.5|k=2|tp=MID|sl=10|15m,-4.5908370979326877e-05,-0.30443690851368066,11126,17459,0.8665339399408724,0.7859604467417082,1.0498053267619232
AD|e=E1|f=0|sp=1.5|k=2|tp=A0.5|sl=-|15m,1.3051514884570056e-05,0.050058898705282816,988,1404,1.1002462376672206,0.9453846106615394,0.9474613302717746
AD|e=E1|f=0|sp=1.5|k=2|tp=A0.5|sl=6|15m,-0.00010756871207905331,-0.7348460111356803,13187,18426,0.7981255548694425,0.6072885494626706,1.0130400886642903
AD|e=E1|f=0|sp=1.5|k=2|tp=A0.5|sl=10|15m,-0.000151868546509696,-0.8166966131717726,11611,16466,0.7279269783459136,0.6281413784769176,0.7891584084896354
AD|e=E1|f=0|sp=1.5|k=2|tp=A1.0|sl=-|15m,2.567906061783201e-05,0.09796820864902987,657,1061,1.1541466446601583,0.9970268853114399,0.9284356694080868
AD|e=E1|f=0|sp=1.5|k=2|tp=A1.0|sl=6|15m,-8.925424511978857e-05,-0.5205647912975297,10595,16582,0.8203788217003507,0.5563903972395493,1.1862359080540208
AD|e=E1|f=0|sp=1.5|k=2|tp=A1.0|sl=10|15m,-9.963179382595721e-05,-0.46243537638199494,8837,14115,0.7494795031959541,0.7609270699808953,0.8547091009174173
AD|e=E1|f=0|sp=1.5|k=2|tp=A2.0|sl=-|15m,2.8792304586310653e-05,0.1082626970991284,318,598,1.1086146433416717,1.0324464283169354,0.945435313282381
AD|e=E1|f=0|sp=1.5|k=2|tp=A2.0|sl=6|15m,-8.202052611539209e-05,-0.37562747173592287,7622,13827,0.8209408899829926,0.7110749515881938,0.9470811194863932
AD|e=E1|f=0|sp=1.5|k=2|tp=A2.0|sl=10|15m,-9.666774371070739e-05,-0.36571766402519146,5795,10744,0.8283952043272709,0.7852206608396802,0.737371363236437
AD|e=E1|f=0|sp=1.5|k=3|tp=MID|sl=-|15m,4.4501596799769596e-05,0.28619269004304515,10882,18019,1.0204929008128891,0.8829968906311652,1.4025003161297467
AD|e=E1|f=0|sp=1.5|k=3|tp=MID|sl=6|15m,-2.0105151732883536e-05,-0.13798095884429556,11513,18476,0.8974088577041126,0.797463265145536,1.1752401284777965
AD|e=E1|f=0|sp=1.5|k=3|tp=MID|sl=10|15m,-1.6503112207642244e-05,-0.10352593152277166,11061,18205,0.9162378335543679,0.767417876577939,1.1930063253422654
AD|e=E1|f=0|sp=1.5|k=3|tp=A0.5|sl=-|15m,2.72486794015816e-05,0.07727530930526746,1268,1887,1.1264245127043861,0.9092922849724462,0.9668687641416528
AD|e=E1|f=0|sp=1.5|k=3|tp=A0.5|sl=6|15m,-0.00010543503156593333,-0.646900740567327,13004,18942,0.6678969339891424,0.6695589886436186,1.091862435308632
AD|e=E1|f=0|sp=1.5|k=3|tp=A0.5|sl=10|15m,-0.00012373211039541342,-0.5759480908091501,11503,17202,0.6162438419582849,0.7648996772864874,0.874248843521469
AD|e=E1|f=0|sp=1.5|k=3|tp=A1.0|sl=-|15m,4.7841538505385864e-05,0.13330117826454005,790,1378,1.2052409208844521,0.972086555910296,0.9570743854241541
AD|e=E1|f=0|sp=1.5|k=3|tp=A1.0|sl=6|15m,-0.00012095789133766091,-0.6081231223816301,10390,17248,0.6711116778054621,0.6527604887580611,0.9886294945035675
AD|e=E1|f=0|sp=1.5|k=3|tp=A1.0|sl=10|15m,-0.000145200449368467,-0.5657832869114435,8802,15152,0.7247554768643224,0.6972741740042983,0.6881900550624036
AD|e=E1|f=0|sp=1.5|k=3|tp=A2.0|sl=-|15m,4.341222778725718e-05,0.11815143092105031,366,769,1.1518528264916144,1.0190585982964413,0.9200700241285624
AD|e=E1|f=0|sp=1.5|k=3|tp=A2.0|sl=6|15m,-8.958883814323544e-05,-0.3639968152065977,7436,14675,0.8418142464855454,0.7291326265623654,0.8309433762244715
AD|e=E1|f=0|sp=1.5|k=3|tp=A2.0|sl=10|15m,-7.989227088692684e-05,-0.2567021946301905,5841,12100,0.7286670597768385,1.1045007640961217,0.6188307015358548
AD|e=E1|f=0|sp=2|k=1|tp=MID|sl=-|15m,-4.4849722041377816e-06,-0.040326201164747784,10882,14409,0.933910431991032,0.8884316965958647,1.1509705530251815
AD|e=E1|f=0|sp=2|k=1|tp=MID|sl=6|15m,-3.932624529082361e-05,-0.36660030842154534,11786,15426,0.8753464037594686,0.8202239671782768,1.0744165760228304
AD|e=E1|f=0|sp=2|k=1|tp=MID|sl=10|15m,-5.551043625347705e-05,-0.46851877634012534,11195,14801,0.8321635680527703,0.7999028647250429,1.0395550726670706
AD|e=E1|f=0|sp=2|k=1|tp=A0.5|sl=-|15m,5.5761471806063785e-06,0.0331280458215716,793,977,1.0503789651761284,0.9839165438781073,0.9643457534849654
AD|e=E1|f=0|sp=2|k=1|tp=A0.5|sl=6|15m,-8.047685661578767e-05,-0.7386551482086788,13211,16248,0.7916221266268553,0.683746614146146,1.0988955250323158
AD|e=E1|f=0|sp=2|k=1|tp=A0.5|sl=10|15m,-0.00011701049195516228,-0.847847070928738,11314,14070,0.7519405973689075,0.6997894087742843,0.8852662030719363
AD|e=E1|f=0|sp=2|k=1|tp=A1.0|sl=-|15m,1.239867372237579e-05,0.07274747734185388,513,688,1.061017746541149,1.0171725790282973,0.9656808924832366
AD|e=E1|f=0|sp=2|k=1|tp=A1.0|sl=6|15m,-5.450763991567341e-05,-0.42020607483638384,10669,14063,0.8173499900506312,0.7236081502590996,1.1719100479751103
AD|e=E1|f=0|sp=2|k=1|tp=A1.0|sl=10|15m,-9.072366870053995e-05,-0.5689683235864001,8662,11556,0.7433517925335132,0.7877237273566748,0.9259360631358026
AD|e=E1|f=0|sp=2|k=1|tp=A2.0|sl=-|15m,9.349308725990112e-06,0.05466554855662527,227,335,1.0517967006689408,1.0066749277830813,0.9667407134524166
AD|e=E1|f=0|sp=2|k=1|tp=A2.0|sl=6|15m,-4.913185415374426e-05,-0.298712811786196,7813,11317,0.8482331225642491,0.7959735506317547,1.0476803115607494
AD|e=E1|f=0|sp=2|k=1|tp=A2.0|sl=10|15m,-5.448541777911954e-05,-0.2896647235478202,5819,8513,0.8797681007680106,0.7981352228390797,0.954574019206395
AD|e=E1|f=0|sp=2|k=2|tp=MID|sl=-|15m,1.3919008784776319e-05,0.10709488543526499,10882,15769,0.9322026466124983,0.9128028433317652,1.2477963203718496
AD|e=E1|f=0|sp=2|k=2|tp=MID|sl=6|15m,-4.3832211006143246e-05,-0.34422356628515394,11586,16340,0.8315852245044446,0.8103609925106502,1.1028300529723865
AD|e=E1|f=0|sp=2|k=2|tp=MID|sl=10|15m,-4.253751711302942e-05,-0.30346256354399104,11106,16010,0.8110706089894465,0.8218155230119825,1.0963579628486742
AD|e=E1|f=0|sp=2|k=2|tp=A0.5|sl=-|15m,1.554134732263136e-05,0.05981826548804331,1050,1423,1.1326682716039742,0.9369203901046241,0.944189782593165
AD|e=E1|f=0|sp=2|k=2|tp=A0.5|sl=6|15m,-0.00014446666680938396,-1.0134087391943678,12881,17015,0.7012555730421999,0.5919050226468764,0.949783008482341
AD|e=E1|f=0|sp=2|k=2|tp=A0.5|sl=10|15m,-0.00018526979820405573,-1.032606565363392,11200,15152,0.605647018982557,0.664345109969933,0.728793222550914
AD|e=E1|f=0|sp=2|k=2|tp=A1.0|sl=-|15m,2.9832481607429862e-05,0.11319708796972083,719,1095,1.1760832461648951,0.9898763723186809,0.9414180605696577
AD|e=E1|f=0|sp=2|k=2|tp=A1.0|sl=6|15m,-0.00011794945918952171,-0.7161558534946976,10322,15058,0.7659949214370555,0.6279789590617972,0.954982314387654
AD|e=E1|f=0|sp=2|k=2|tp=A1.0|sl=10|15m,-0.0001226888289759008,-0.5963811558392618,8630,12992,0.6624806719797923,0.7577734184779531,0.8457924229005607
AD|e=E1|f=0|sp=2|k=2|tp=A2.0|sl=-|15m,2.926980104388939e-05,0.10995319384252511,342,608,1.1081288989728248,1.0369059887974719,0.9517280848771953
AD|e=E1|f=0|sp=2|k=2|tp=A2.0|sl=6|15m,-6.944719931171804e-05,-0.3516710164074193,7424,12473,0.9393175213764464,0.7370538657706093,0.882221495459029
AD|e=E1|f=0|sp=2|k=2|tp=A2.0|sl=10|15m,-8.787564574837035e-05,-0.3543570193814404,5789,10059,0.7141979459324593,0.8786040402552453,0.8168963382309687
AD|e=E1|f=0|sp=2|k=3|tp=MID|sl=-|15m,3.3927724423759575e-05,0.24348121948846285,10882,16310,0.9773256998367359,0.9254392319238475,1.3275040804700644
AD|e=E1|f=0|sp=2|k=3|tp=MID|sl=6|15m,-2.2652289573851184e-05,-0.1736118777709941,11528,16557,0.8817494209779777,0.8535851792271477,1.123935280020751
AD|e=E1|f=0|sp=2|k=3|tp=MID|sl=10|15m,-2.7898342061603844e-05,-0.18853776198993552,11052,16430,0.9169325858225847,0.7605940279620994,1.1686941230729244
AD|e=E1|f=0|sp=2|k=3|tp=A0.5|sl=-|15m,2.994654161732906e-05,0.08451976891660261,1237,1747,1.149411065088087,0.9125149979786913,0.9552804231618104
AD|e=E1|f=0|sp=2|k=3|tp=A0.5|sl=6|15m,-0.0001407251574057184,-0.957886186358609,12720,17225,0.7267415098970995,0.6217720464767916,0.8888094921094353
AD|e=E1|f=0|sp=2|k=3|tp=A0.5|sl=10|15m,-0.00010489175572397246,-0.4953691514313178,11068,15644,0.771696710062536,0.7036691035572735,0.892241816026812
AD|e=E1|f=0|sp=2|k=3|tp=A1.0|sl=-|15m,4.647174425101868e-05,0.12957595497807076,824,1339,1.242949538172715,0.96921415436625,0.9231359850594008
AD|e=E1|f=0|sp=2|k=3|tp=A1.0|sl=6|15m,-0.0001103445753135927,-0.6148514682539329,10121,15290,0.8082718657969914,0.6341769424941911,0.9306596155172252
AD|e=E1|f=0|sp=2|k=3|tp=A1.0|sl=10|15m,-7.7331784413127e-05,-0.3056796687903854,8387,13470,0.7775630875626272,0.7929889367916101,0.9051167818746656
AD|e=E1|f=0|sp=2|k=3|tp=A2.0|sl=-|15m,4.785304758666532e-05,0.13049752343315027,416,816,1.2162030105693358,1.0207682849476587,0.9057314079023359
AD|e=E1|f=0|sp=2|k=3|tp=A2.0|sl=6|15m,-5.891425043759999e-05,-0.26644389225567255,7248,12829,0.8709858130705634,0.7564434326274323,0.9725110640797718
AD|e=E1|f=0|sp=2|k=3|tp=A2.0|sl=10|15m,-8.761873766086738e-05,-0.2973735127022936,5641,10821,0.7261408896776778,1.111327324320391,0.6313268432809719
AD|e=E1|f=1|sp=-|k=0|tp=MID|sl=-|15m,1.5750019808393248e-05,0.4538821062673799,3930,3930,0.9960473493065338,0.9970887030867649,1.101458342100851
AD|e=E1|f=1|sp=-|k=0|tp=MID|sl=6|15m,8.016129393160628e-06,0.2447001654582994,3957,3957,0.9960955961250322,0.9839418015309254,1.0641683719100332
AD|e=E1|f=1|sp=-|k=0|tp=MID|sl=10|15m,1.2059696765840182e-05,0.351501868443796,3931,3931,0.9909531765650786,0.9915439457608834,1.0850590024019553
AD|e=E1|f=1|sp=-|k=0|tp=A0.5|sl=-|15m,1.4699657353782324e-06,0.018923043182668037,485,485,1.0217955861317172,1.000077802431546,0.9800886262316554
AD|e=E1|f=1|sp=-|k=0|tp=A0.5|sl=6|15m,-1.752212760724439e-05,-0.5246720187650684,4434,4434,0.9385893856882401,0.9346520805342536,1.0198121772990831
AD|e=E1|f=1|sp=-|k=0|tp=A0.5|sl=10|15m,-9.882001337761905e-06,-0.22710516586511992,4342,4342,0.9644111228405852,0.9722586834170546,0.9957423975628075
AD|e=E1|f=1|sp=-|k=0|tp=A1.0|sl=-|15m,4.951956379905612e-06,0.061749321331073394,308,308,1.037130530187572,0.9973394474157424,0.9885504926588791
AD|e=E1|f=1|sp=-|k=0|tp=A1.0|sl=6|15m,-3.733627794486827e-06,-0.09305371334654913,3807,3807,0.9655143811126996,0.9576321686053071,1.047475800903018
AD|e=E1|f=1|sp=-|k=0|tp=A1.0|sl=10|15m,-1.0546526972167615e-06,-0.02044729095572547,3667,3667,0.9674996718879048,1.0195470966622109,0.9932989120589631
AD|e=E1|f=1|sp=-|k=0|tp=A2.0|sl=-|15m,-4.773267180933383e-07,-0.005876138607771773,162,162,1.0217610148758478,0.9953928853912809,0.9716261543570063
AD|e=E1|f=1|sp=-|k=0|tp=A2.0|sl=6|15m,3.2196329010592502e-06,0.06365884802300667,3089,3089,0.9641926408478134,0.97780970978038,1.0672021305125556
AD|e=E1|f=1|sp=-|k=0|tp=A2.0|sl=10|15m,1.871918087356849e-06,0.028991429277527982,2896,2896,0.9772618604954477,1.0002417793921454,1.0143937663209717
AD|e=E1|f=1|sp=0.5|k=1|tp=MID|sl=-|15m,4.8579469237081974e-05,0.7776523018890332,3930,6327,1.0055268587069905,1.0141819922434667,1.3024537603448199
AD|e=E1|f=1|sp=0.5|k=1|tp=MID|sl=6|15m,4.029801734630151e-05,0.6939511033117611,3946,6341,1.0192272023854712,0.9980257782359857,1.2386569781806105
AD|e=E1|f=1|sp=0.5|k=1|tp=MID|sl=10|15m,4.071531559787992e-05,0.662505968876495,3930,6326,0.9885733057241575,1.0012523917531604,1.2667349089635065
AD|e=E1|f=1|sp=0.5|k=1|tp=A0.5|sl=-|15m,4.143768330606303e-05,0.2700549626258323,1050,1499,1.2354063363666767,1.0507928941013012,0.9614933691596311
AD|e=E1|f=1|sp=0.5|k=1|tp=A0.5|sl=6|15m,6.351758392735843e-06,0.10927459360152222,4528,6511,1.0114440093941532,0.8980172525630455,1.130839440427229
AD|e=E1|f=1|sp=0.5|k=1|tp=A0.5|sl=10|15m,-5.292735772397734e-06,-0.07061105084894745,4476,6445,0.9629771571759049,0.9190708353718826,1.0680046435840496
AD|e=E1|f=1|sp=0.5|k=1|tp=A1.0|sl=-|15m,1.2366309200215575e-05,0.07637940531416149,439,670,1.08485300421655,1.0055062756860194,0.9549494653974631
AD|e=E1|f=1|sp=0.5|k=1|tp=A1.0|sl=6|15m,2.1916452268728177e-05,0.2991049130647516,3910,6130,1.0132016789987193,0.9465025325792517,1.16643177133916
AD|e=E1|f=1|sp=0.5|k=1|tp=A1.0|sl=10|15m,2.074632048117317e-05,0.221400313441512,3821,5992,0.9661923748571611,1.0477226248145763,1.0822467727555087
AD|e=E1|f=1|sp=0.5|k=1|tp=A2.0|sl=-|15m,5.354139082624717e-06,0.032032764970529176,209,356,1.063414185477879,0.9819964045619212,0.9512635689468419
AD|e=E1|f=1|sp=0.5|k=1|tp=A2.0|sl=6|15m,2.7512306580984087e-05,0.2895837176856222,3202,5442,0.9789929647920197,1.0069399095949108,1.1612497273807953
AD|e=E1|f=1|sp=0.5|k=1|tp=A2.0|sl=10|15m,2.986046228969832e-05,0.24511729387332487,3029,5151,0.9174440850087974,1.068045563036121,1.163987683890005
AD|e=E1|f=1|sp=0.5|k=2|tp=MID|sl=-|15m,6.359617558485332e-05,0.7821427856405159,3930,7770,1.0036057056084697,1.0154126410587831,1.4202409460237861
AD|e=E1|f=1|sp=0.5|k=2|tp=MID|sl=6|15m,5.642567028770854e-05,0.756821561644949,3937,7755,1.0427577247599906,0.9924500323289535,1.3329558250644253
AD|e=E1|f=1|sp=0.5|k=2|tp=MID|sl=10|15m,5.569465839313473e-05,0.6987501352978823,3930,7768,0.983179723236622,1.0118524997404836,1.3637962758103777
AD|e=E1|f=1|sp=0.5|k=2|tp=A0.5|sl=-|15m,0.00011277308714808447,0.5401691807030344,1522,2562,1.3117405600303402,1.1350152479266251,1.2508689536759485
AD|e=E1|f=1|sp=0.5|k=2|tp=A0.5|sl=6|15m,1.4433672999341037e-05,0.1878098778031456,4548,7596,1.0010031565818447,0.9292412823756033,1.148249575299547
AD|e=E1|f=1|sp=0.5|k=2|tp=A0.5|sl=10|15m,-1.083327855489135e-05,-0.10524517170341174,4515,7557,0.9281198160970151,0.9166003094876572,1.0532648090692611
AD|e=E1|f=1|sp=0.5|k=2|tp=A1.0|sl=-|15m,6.969242065581885e-05,0.28424288802103864,781,1452,1.324754530083182,1.1672632996629675,0.9124191664952435
AD|e=E1|f=1|sp=0.5|k=2|tp=A1.0|sl=6|15m,4.679815069186507e-05,0.48736256722154536,3942,7548,1.0673082771211022,0.9732514378000932,1.2383126006786107
AD|e=E1|f=1|sp=0.5|k=2|tp=A1.0|sl=10|15m,2.618148762159347e-05,0.2088920893846799,3880,7440,0.9773778270505397,1.127354017968365,1.0038363811001891
AD|e=E1|f=1|sp=0.5|k=2|tp=A2.0|sl=-|15m,1.586304129881797e-05,0.0611821521918256,249,540,1.09083425418959,0.9615963544678158,0.9544140875565644
AD|e=E1|f=1|sp=0.5|k=2|tp=A2.0|sl=6|15m,2.7577081921403696e-05,0.2160575193298921,3237,7132,0.9993337503824433,0.9715586225294033,1.1560895650797454
AD|e=E1|f=1|sp=0.5|k=2|tp=A2.0|sl=10|15m,3.113874358573467e-05,0.1871622557051976,3111,6873,0.9144257077619671,1.12604604800044,1.079098548965982
AD|e=E1|f=1|sp=0.5|k=3|tp=MID|sl=-|15m,7.691544378481432e-05,0.8053414096032868,3930,8649,0.9966108947859079,1.023703252766582,1.5296721194361604
AD|e=E1|f=1|sp=0.5|k=3|tp=MID|sl=6|15m,6.745279656678647e-05,0.7703459931461528,3935,8604,1.0014227323041085,1.0097470227343566,1.4446109632782183
AD|e=E1|f=1|sp=0.5|k=3|tp=MID|sl=10|15m,7.265143830320756e-05,0.7810065902209448,3930,8644,0.9837538368309244,1.0446226783158448,1.443681860364827
AD|e=E1|f=1|sp=0.5|k=3|tp=A0.5|sl=-|15m,0.00013009026545776641,0.4643456962441466,1596,2898,1.3567585790123553,1.1248300778627012,1.2741764959628796
AD|e=E1|f=1|sp=0.5|k=3|tp=A0.5|sl=6|15m,2.6243460781977264e-05,0.3009669142889867,4562,8233,1.0160921601716553,0.9382239370968268,1.1920155511555746
AD|e=E1|f=1|sp=0.5|k=3|tp=A0.5|sl=10|15m,-1.4136711717114095e-06,-0.01210689239488766,4528,8219,0.9460480410554596,0.9044036085297918,1.0889738309270915
AD|e=E1|f=1|sp=0.5|k=3|tp=A1.0|sl=-|15m,0.00011675573282439507,0.36143950750208703,943,1990,1.6223600777844298,1.1521068500297893,0.9334817481414203
AD|e=E1|f=1|sp=0.5|k=3|tp=A1.0|sl=6|15m,5.336781870641287e-05,0.4618705540184152,3966,8485,1.0311302267844966,1.0048106631688634,1.2711575251288247
AD|e=E1|f=1|sp=0.5|k=3|tp=A1.0|sl=10|15m,4.6180284711699266e-05,0.30775923185293075,3914,8410,0.9923330908656263,1.1780413236680987,1.041422258111059
AD|e=E1|f=1|sp=0.5|k=3|tp=A2.0|sl=-|15m,3.551370026750297e-05,0.09931585186655763,289,743,1.1340942334773283,0.9907917438710485,0.9212940240687216
AD|e=E1|f=1|sp=0.5|k=3|tp=A2.0|sl=6|15m,2.4845675457839075e-05,0.15724764247689438,3242,8342,0.9803137334796214,1.0089447739828812,1.0927994868772806
AD|e=E1|f=1|sp=0.5|k=3|tp=A2.0|sl=10|15m,1.7213664629889596e-05,0.08379367639218102,3122,8094,0.8884427235976493,1.1812964440250584,0.9378020084378627
AD|e=E1|f=1|sp=1|k=1|tp=MID|sl=-|15m,4.174747403258565e-05,0.7116427779391922,3930,5811,1.0088627962581571,1.0101341815183855,1.2519284650377616
AD|e=E1|f=1|sp=1|k=1|tp=MID|sl=6|15m,3.552055767426497e-05,0.6561551875561872,3942,5813,1.0265237653276182,0.9983634929550766,1.1959660721424106
AD|e=E1|f=1|sp=1|k=1|tp=MID|sl=10|15m,3.197390851552604e-05,0.5537452229809345,3930,5810,0.9868439647892969,0.9933217553020214,1.2141246121275766
AD|e=E1|f=1|sp=1|k=1|tp=A0.5|sl=-|15m,6.879950694155853e-05,0.4824422275673271,1340,1800,1.2213506469674533,1.1276156723173671,1.0760524907157234
AD|e=E1|f=1|sp=1|k=1|tp=A0.5|sl=6|15m,9.788764884487675e-06,0.17564448965655674,4512,6050,1.024552438359552,0.8971069046208309,1.1406985927612192
AD|e=E1|f=1|sp=1|k=1|tp=A0.5|sl=10|15m,-5.638854834102956e-06,-0.07735952977842955,4467,6001,0.9618796230287807,0.9233225975128065,1.0614953868080264
AD|e=E1|f=1|sp=1|k=1|tp=A1.0|sl=-|15m,3.356534796976003e-05,0.20417174196215193,598,862,1.1000056922220094,1.1306857764789187,0.9534889051851285
AD|e=E1|f=1|sp=1|k=1|tp=A1.0|sl=6|15m,4.359987902291564e-05,0.6330685722893196,3903,5708,1.0523932619601635,0.9878305060968057,1.2325400371381385
AD|e=E1|f=1|sp=1|k=1|tp=A1.0|sl=10|15m,2.533069609973496e-05,0.28872815779030425,3835,5615,0.9978383160766224,1.0686864220639494,1.0601128324308413
AD|e=E1|f=1|sp=1|k=1|tp=A2.0|sl=-|15m,3.1165128386528556e-06,0.018648492372502885,217,346,1.0632198480240531,0.9725740547917593,0.9475023757368137
AD|e=E1|f=1|sp=1|k=1|tp=A2.0|sl=6|15m,3.114950729916974e-05,0.3420135753018462,3188,5116,1.0385313320025964,0.9900056064750145,1.142147932839126
AD|e=E1|f=1|sp=1|k=1|tp=A2.0|sl=10|15m,1.8782987570795568e-05,0.15976936479035259,3035,4875,0.9428213479981999,1.0466157155188591,1.0831487016749983
AD|e=E1|f=1|sp=1|k=2|tp=MID|sl=-|15m,4.5848702913334925e-05,0.6261631737476561,3930,6696,0.978972753628025,1.0082710652700848,1.3187350886557467
AD|e=E1|f=1|sp=1|k=2|tp=MID|sl=6|15m,3.57919273068036e-05,0.5297385007500901,3937,6669,1.001147086390191,0.9805769055272201,1.2391320814546152
AD|e=E1|f=1|sp=1|k=2|tp=MID|sl=10|15m,3.8183603303204035e-05,0.5318333434334145,3930,6693,0.9584147387936227,1.0025062626771963,1.2692726666405805
AD|e=E1|f=1|sp=1|k=2|tp=A0.5|sl=-|15m,8.305460058753608e-05,0.3951138308085492,1474,2206,1.2878760375291236,1.1240088783125284,1.0708286919132857
AD|e=E1|f=1|sp=1|k=2|tp=A0.5|sl=6|15m,7.788519084671914e-06,0.10893861126630139,4521,6737,1.0207459272429003,0.8991117616485991,1.116604990156693
AD|e=E1|f=1|sp=1|k=2|tp=A0.5|sl=10|15m,-9.20568640405934e-06,-0.09688412454486495,4492,6724,0.9780499476164247,0.9198627786009268,1.0064991084483428
AD|e=E1|f=1|sp=1|k=2|tp=A1.0|sl=-|15m,0.00010186879702873096,0.4444656983228755,978,1654,1.2183901105521715,1.3173713450911058,1.0773795100622827
AD|e=E1|f=1|sp=1|k=2|tp=A1.0|sl=6|15m,4.056792642683797e-05,0.45746624512150863,3920,6662,1.0610663227662886,0.9441758246513048,1.2376862714147991
AD|e=E1|f=1|sp=1|k=2|tp=A1.0|sl=10|15m,3.1170302189388484e-05,0.27301746278509176,3865,6594,1.0288943234123606,1.0374325980779013,1.0725883181751534
AD|e=E1|f=1|sp=1|k=2|tp=A2.0|sl=-|15m,2.2766969429748545e-05,0.08769244019457154,277,554,1.1313937335218784,0.9696769982228323,0.9511799109797503
AD|e=E1|f=1|sp=1|k=2|tp=A2.0|sl=6|15m,1.3910953231666995e-05,0.11554200670901116,3219,6402,0.9915757608587079,0.9735000435561595,1.074054427267906
AD|e=E1|f=1|sp=1|k=2|tp=A2.0|sl=10|15m,3.2023539232468545e-06,0.02073901333402476,3103,6209,0.8683726917136614,1.064525086729977,1.0204602121269337
AD|e=E1|f=1|sp=1|k=3|tp=MID|sl=-|15m,4.760256016459463e-05,0.574966087393541,3930,7154,0.9600323977964602,0.9991663795497766,1.36988737707912
AD|e=E1|f=1|sp=1|k=3|tp=MID|sl=6|15m,3.574810597888418e-05,0.47857607700721033,3936,7087,0.9458453520642994,0.9788329785239476,1.3000648734287907
AD|e=E1|f=1|sp=1|k=3|tp=MID|sl=10|15m,4.309728688391268e-05,0.5332586901388296,3930,7145,0.9476384916916709,1.0060622304687732,1.2962520353145208
AD|e=E1|f=1|sp=1|k=3|tp=A0.5|sl=-|15m,0.0001026900281582704,0.37197846109042626,1681,2640,1.341723344439468,1.185561877427339,1.0430514985390986
AD|e=E1|f=1|sp=1|k=3|tp=A0.5|sl=6|15m,4.345565149934017e-06,0.05404618422771028,4527,7127,0.9914849320556351,0.8464735939601331,1.1802630997133412
AD|e=E1|f=1|sp=1|k=3|tp=A0.5|sl=10|15m,-2.692467669854773e-05,-0.2453197338165818,4502,7153,0.9138928467581943,0.853457453042031,1.0163299075717678
AD|e=E1|f=1|sp=1|k=3|tp=A1.0|sl=-|15m,0.0001448990154751958,0.48229635046427977,1155,2136,1.4747599650691599,1.3253382773418605,1.0772156328851448
AD|e=E1|f=1|sp=1|k=3|tp=A1.0|sl=6|15m,2.608893933666957e-05,0.25010089103113764,3925,7229,1.0655332327703102,0.9049206856503687,1.156167001256544
AD|e=E1|f=1|sp=1|k=3|tp=A1.0|sl=10|15m,1.9483843531099577e-05,0.1396126946419597,3877,7204,1.058593308704589,1.0141989902644089,0.9617308385653194
AD|e=E1|f=1|sp=1|k=3|tp=A2.0|sl=-|15m,4.5165109536291914e-05,0.12822705715998534,335,755,1.1497392350133795,1.049380169702823,0.9137113404193565
AD|e=E1|f=1|sp=1|k=3|tp=A2.0|sl=6|15m,4.022226890397204e-06,0.028066455337917753,3220,7224,0.9530022089604415,0.9861090873096271,1.0169667273523277
AD|e=E1|f=1|sp=1|k=3|tp=A2.0|sl=10|15m,7.633177945043011e-06,0.03983737071258218,3118,7091,0.8389293164278521,1.077256098710542,1.0305409432810275
AD|e=E1|f=1|sp=1.5|k=1|tp=MID|sl=-|15m,3.806548361684794e-05,0.6794796136711856,3930,5412,0.9993683456585414,1.009983690412589,1.2366579208260395
AD|e=E1|f=1|sp=1.5|k=1|tp=MID|sl=6|15m,3.320751904483501e-05,0.6497934682476811,3940,5400,1.0168088281581023,0.9992916068960365,1.1902312961486068
AD|e=E1|f=1|sp=1.5|k=1|tp=MID|sl=10|15m,3.099369860249865e-05,0.5656128829413981,3930,5410,0.9773449156174406,1.0053565204307309,1.2050142845752252
AD|e=E1|f=1|sp=1.5|k=1|tp=A0.5|sl=-|15m,2.8294899879934973e-05,0.1889510579805002,883,1129,1.1163097733988523,0.9669514079599446,1.0686695501203234
AD|e=E1|f=1|sp=1.5|k=1|tp=A0.5|sl=6|15m,2.9627684135884112e-06,0.0546728234924856,4478,5714,0.985033397104259,0.919886822296194,1.109806115070645
AD|e=E1|f=1|sp=1.5|k=1|tp=A0.5|sl=10|15m,-5.487131396265098e-06,-0.07684181147284586,4436,5682,0.9456779703091558,0.9591154864875753,1.0409464571654024
AD|e=E1|f=1|sp=1.5|k=1|tp=A1.0|sl=-|15m,2.7002046493384673e-05,0.16442861345397453,514,717,1.084446087807024,1.0097922720497652,1.0412342374129788
AD|e=E1|f=1|sp=1.5|k=1|tp=A1.0|sl=6|15m,2.496240252202472e-05,0.3749804133762541,3857,5342,1.0364223608576215,0.9136798736257608,1.207237578657957
AD|e=E1|f=1|sp=1.5|k=1|tp=A1.0|sl=10|15m,1.687973839124204e-05,0.19601183405651604,3781,5258,0.9585460472185457,1.0642265566845395,1.0525974216724607
AD|e=E1|f=1|sp=1.5|k=1|tp=A2.0|sl=-|15m,9.857414083797044e-06,0.05886078913737081,226,345,1.0593690411596952,0.9796881626511065,0.983886348351867
AD|e=E1|f=1|sp=1.5|k=1|tp=A2.0|sl=6|15m,3.353427227445336e-05,0.3891954645915505,3169,4832,1.0594607477476754,1.0394995943177257,1.0850245448420832
AD|e=E1|f=1|sp=1.5|k=1|tp=A2.0|sl=10|15m,2.1637663029916326e-05,0.19289474118187705,3022,4630,0.9250249982116866,1.0984791103521612,1.0740089180949486
AD|e=E1|f=1|sp=1.5|k=2|tp=MID|sl=-|15m,4.252282826126731e-05,0.6322120024874152,3930,6008,0.9697865450183116,1.0142496005822836,1.3002957040339547
AD|e=E1|f=1|sp=1.5|k=2|tp=MID|sl=6|15m,3.362949351628546e-05,0.5414093265272668,3936,5957,0.9703802690893606,1.001461366247013,1.2385870060728945
AD|e=E1|f=1|sp=1.5|k=2|tp=MID|sl=10|15m,3.477682756878013e-05,0.5254375381604258,3930,6000,0.9478017499899414,1.0182322586968888,1.2410111216613353
AD|e=E1|f=1|sp=1.5|k=2|tp=A0.5|sl=-|15m,8.377162283084001e-05,0.4101772939664907,1579,2203,1.3003279321126775,1.1480795058967084,1.0494569677699255
AD|e=E1|f=1|sp=1.5|k=2|tp=A0.5|sl=6|15m,1.1649563556608641e-05,0.17914100850132716,4483,6243,1.0084954870809426,0.8912198357703172,1.1695162288663774
AD|e=E1|f=1|sp=1.5|k=2|tp=A0.5|sl=10|15m,-1.0089994062068305e-05,-0.11525357127550415,4452,6249,0.9363174384772656,0.8827490047661785,1.0923634572315302
AD|e=E1|f=1|sp=1.5|k=2|tp=A1.0|sl=-|15m,0.00011818599470363308,0.5371661008168614,1108,1752,1.3955059100439904,1.284249964810722,1.067942810520836
AD|e=E1|f=1|sp=1.5|k=2|tp=A1.0|sl=6|15m,2.35116089134442e-05,0.28326811398683294,3868,6067,1.059335512007331,0.8923182209220972,1.1841733844916842
AD|e=E1|f=1|sp=1.5|k=2|tp=A1.0|sl=10|15m,3.633544256791403e-05,0.3333396841054548,3818,6036,1.046576999507797,1.0423331555056456,1.0867525842213688
AD|e=E1|f=1|sp=1.5|k=2|tp=A2.0|sl=-|15m,2.98467595282152e-05,0.11615784497220275,321,593,1.132657580632647,1.023897454027457,0.9417581982934183
AD|e=E1|f=1|sp=1.5|k=2|tp=A2.0|sl=6|15m,1.1653452505921224e-05,0.10540821198767075,3177,5797,0.9438743248507266,0.9998338318801736,1.090211071841622
AD|e=E1|f=1|sp=1.5|k=2|tp=A2.0|sl=10|15m,-1.4542032725600737e-05,-0.0984718214651732,3082,5687,0.8140780321858433,1.0339462709959564,1.010772558202175
AD|e=E1|f=1|sp=1.5|k=3|tp=MID|sl=-|15m,4.3653688060200704e-05,0.5952529503877164,3930,6267,0.959295289462205,1.0111016643466546,1.3261519043919743
AD|e=E1|f=1|sp=1.5|k=3|tp=MID|sl=6|15m,3.968625670231002e-05,0.6208858907274667,3936,6163,0.9500865609801173,1.0370246338549034,1.2553817359525774
AD|e=E1|f=1|sp=1.5|k=3|tp=MID|sl=10|15m,4.059763755873511e-05,0.5671129876615831,3930,6250,0.9315845377697847,1.0289184339483555,1.2733135595759602
AD|e=E1|f=1|sp=1.5|k=3|tp=A0.5|sl=-|15m,9.102854410357858e-05,0.3369250361239682,1668,2433,1.3048753392789492,1.1188627981729982,1.0616185211271423
AD|e=E1|f=1|sp=1.5|k=3|tp=A0.5|sl=6|15m,1.3088127587926563e-05,0.17908274026098114,4480,6487,0.935455195078392,0.9596947013136696,1.1669841389832196
AD|e=E1|f=1|sp=1.5|k=3|tp=A0.5|sl=10|15m,-6.2877601434681374e-06,-0.06255310292573946,4452,6546,0.9453023271985357,0.864944610664214,1.104222059863089
AD|e=E1|f=1|sp=1.5|k=3|tp=A1.0|sl=-|15m,0.00013381201901448457,0.4502548917585085,1179,1999,1.4754438857223768,1.2902772200908477,1.0313789081978268
AD|e=E1|f=1|sp=1.5|k=3|tp=A1.0|sl=6|15m,2.630358742443439e-05,0.2735790496681251,3867,6429,1.03556034081552,0.9831556991984818,1.101749017494824
AD|e=E1|f=1|sp=1.5|k=3|tp=A1.0|sl=10|15m,3.548274975182176e-05,0.2748964283215864,3815,6470,1.054880919005189,1.0596263343253676,1.0254970382981654
AD|e=E1|f=1|sp=1.5|k=3|tp=A2.0|sl=-|15m,6.142034598756263e-05,0.17406208223405814,382,782,1.3340318476557618,1.0138581687043833,0.8994428505518106
AD|e=E1|f=1|sp=1.5|k=3|tp=A2.0|sl=6|15m,-3.823834077162828e-06,-0.029631371436470384,3184,6372,0.8850662565274785,1.0598963008197866,0.9796958992484945
AD|e=E1|f=1|sp=1.5|k=3|tp=A2.0|sl=10|15m,2.567899596490249e-05,0.14415750446815076,3080,6346,0.8120607899283177,1.2463847412366185,1.0381720141545814
AD|e=E1|f=1|sp=2|k=1|tp=MID|sl=-|15m,2.3561591335271944e-05,0.44646657083968694,3930,5079,0.9676744079560592,0.999017028219507,1.1832092429828676
AD|e=E1|f=1|sp=2|k=1|tp=MID|sl=6|15m,1.844729556748466e-05,0.3816825605187785,3940,5059,0.9761007150675904,0.9933055353216564,1.1398693763864272
AD|e=E1|f=1|sp=2|k=1|tp=MID|sl=10|15m,1.7904994140582396e-05,0.34977606057172816,3930,5076,0.9558212649681492,0.9896630307541534,1.1557130137356022
AD|e=E1|f=1|sp=2|k=1|tp=A0.5|sl=-|15m,4.104858268118591e-05,0.27977701440014296,1053,1291,1.2160268406777957,0.9678975238518546,1.0600721793655088
AD|e=E1|f=1|sp=2|k=1|tp=A0.5|sl=6|15m,-8.367821021927209e-06,-0.15844791181482468,4463,5455,0.9577929540920437,0.9193305180334223,1.0649314643036591
AD|e=E1|f=1|sp=2|k=1|tp=A0.5|sl=10|15m,-6.60291138963274e-06,-0.0968170908782456,4417,5428,0.9602730091357939,0.9565125891751002,1.0207843108029286
AD|e=E1|f=1|sp=2|k=1|tp=A1.0|sl=-|15m,2.2753425803491517e-05,0.13901753897353938,525,703,1.0847076077300755,1.007212069109914,1.0176336259073608
AD|e=E1|f=1|sp=2|k=1|tp=A1.0|sl=6|15m,2.764767961460343e-06,0.04298141633501832,3835,5053,0.9883724393929963,0.9198088114509465,1.0977794379196586
AD|e=E1|f=1|sp=2|k=1|tp=A1.0|sl=10|15m,2.5004430017575764e-06,0.030027354533172304,3757,4981,0.9258504728421317,1.0575487393902452,1.004586612224992
AD|e=E1|f=1|sp=2|k=1|tp=A2.0|sl=-|15m,1.2698156404047214e-05,0.07599337352347912,238,352,1.087045683018489,0.9783374211418224,0.9817016873083259
AD|e=E1|f=1|sp=2|k=1|tp=A2.0|sl=6|15m,8.252868250459758e-06,0.09892276651892286,3150,4587,1.0008760044845264,1.008773159025289,1.0173586523478726
AD|e=E1|f=1|sp=2|k=1|tp=A2.0|sl=10|15m,-3.233679054041714e-06,-0.02994374453125443,3025,4444,0.8994748973095397,1.0326552483189673,1.0138802304799526
AD|e=E1|f=1|sp=2|k=2|tp=MID|sl=-|15m,2.3974758076729677e-05,0.3927450795676976,3930,5487,0.9425940779423849,0.9970183520987588,1.2184445647843372
AD|e=E1|f=1|sp=2|k=2|tp=MID|sl=6|15m,1.6744038315948553e-05,0.30193212110680917,3938,5412,0.9354289045189892,0.9965975436413457,1.1713459544713438
AD|e=E1|f=1|sp=2|k=2|tp=MID|sl=10|15m,2.2574913761416966e-05,0.3813354659105818,3930,5478,0.9279161813087751,1.003003483959736,1.189551724796336
AD|e=E1|f=1|sp=2|k=2|tp=A0.5|sl=-|15m,6.841064249966223e-05,0.3215461672226044,1445,1910,1.2577558632455297,1.0842055881702808,1.037499283845651
AD|e=E1|f=1|sp=2|k=2|tp=A0.5|sl=6|15m,-1.93477019648291e-05,-0.29336779905483595,4466,5855,0.9617917676405983,0.8643088808057285,1.0499834026490638
AD|e=E1|f=1|sp=2|k=2|tp=A0.5|sl=10|15m,-3.276052359286617e-05,-0.37582303262916356,4436,5900,0.896635015027614,0.8788650475309785,0.9907277391484856
AD|e=E1|f=1|sp=2|k=2|tp=A1.0|sl=-|15m,7.740400211940645e-05,0.3310759314104904,931,1374,1.3955315030951143,1.075610070867944,0.9862834607093767
AD|e=E1|f=1|sp=2|k=2|tp=A1.0|sl=6|15m,-8.312899006723614e-06,-0.10478099713627183,3840,5598,1.0025987924617612,0.899768635787741,1.027660097089523
AD|e=E1|f=1|sp=2|k=2|tp=A1.0|sl=10|15m,1.6155837651234654e-05,0.15009404870883994,3773,5601,0.9719761569877144,1.0565523939813568,1.0150923596880956
AD|e=E1|f=1|sp=2|k=2|tp=A2.0|sl=-|15m,3.0657306026151056e-05,0.12066206351623422,356,608,1.1404259373882717,1.0291719951595821,0.9438388356898634
AD|e=E1|f=1|sp=2|k=2|tp=A2.0|sl=6|15m,4.097317428429471e-06,0.0388210385361154,3159,5343,0.9573850718435529,0.9998431788244947,1.036369719425153
AD|e=E1|f=1|sp=2|k=2|tp=A2.0|sl=10|15m,8.587814536235421e-06,0.05972301161112885,3064,5316,0.8335709348543763,1.0698768354994241,1.0977350630934959
AD|e=E1|f=1|sp=2|k=3|tp=MID|sl=-|15m,2.4960491308180027e-05,0.38213131522645494,3930,5637,0.9506123598028515,0.995734693302381,1.2208019620504127
AD|e=E1|f=1|sp=2|k=3|tp=MID|sl=6|15m,2.20900977537717e-05,0.4034061627721139,3938,5490,0.9353630536057799,1.0394561591491664,1.1605110576079505
AD|e=E1|f=1|sp=2|k=3|tp=MID|sl=10|15m,1.6810698374361196e-05,0.2552762122355439,3930,5618,0.9548575568771088,0.9822884005936491,1.1708667008429663
AD|e=E1|f=1|sp=2|k=3|tp=A0.5|sl=-|15m,8.614217911696135e-05,0.3117497928667226,1599,2213,1.297834126739938,1.1267027089735868,1.0226777977789514
AD|e=E1|f=1|sp=2|k=3|tp=A0.5|sl=6|15m,-1.547463061860324e-05,-0.21983771166104815,4463,5982,0.9452769786441426,0.889852559154129,1.0602369031884962
AD|e=E1|f=1|sp=2|k=3|tp=A0.5|sl=10|15m,-1.3717906821912909e-07,-0.0013076650575109285,4424,6124,0.9642580389605588,0.9120592014411559,1.1135864937448174
AD|e=E1|f=1|sp=2|k=3|tp=A1.0|sl=-|15m,9.407063264439018e-05,0.30365412008462617,1022,1610,1.4564021581760302,1.1162514487508601,0.9452669803513776
AD|e=E1|f=1|sp=2|k=3|tp=A1.0|sl=6|15m,8.319037187900289e-06,0.09658002396006676,3838,5793,0.9932495607534755,0.9671593633634664,1.0653312252888656
AD|e=E1|f=1|sp=2|k=3|tp=A1.0|sl=10|15m,4.091774469770206e-05,0.3206349614770562,3785,5974,1.0489894486708096,1.1861008842454537,1.0009668649214525
AD|e=E1|f=1|sp=2|k=3|tp=A2.0|sl=-|15m,6.546427491058767e-05,0.18728051914072802,436,823,1.3719983964908649,1.027748362685982,0.8923511605620524
AD|e=E1|f=1|sp=2|k=3|tp=A2.0|sl=6|15m,8.97782961838054e-06,0.07701897077959526,3160,5655,0.926125460496326,1.0181281701495513,1.077490285173471
AD|e=E1|f=1|sp=2|k=3|tp=A2.0|sl=10|15m,2.896206556054061e-06,0.016479152635957693,3068,5854,0.7987306941477901,1.4114088240679579,0.8557706388865011
AD|e=E2|f=0|sp=-|k=0|tp=MID|sl=-|15m,-1.478670351880895e-05,-0.2747564893515897,4027,4027,0.9843509184694205,0.9157425739065129,1.0087800835087648
AD|e=E2|f=0|sp=-|k=0|tp=MID|sl=6|15m,-3.69379953283252e-05,-0.6347878198197395,4841,4841,0.9394514318648105,0.8559014389022346,0.9846895023509635
AD|e=E2|f=0|sp=-|k=0|tp=MID|sl=10|15m,-2.9123680483270832e-05,-0.5062674568948733,4337,4337,0.9471714041312542,0.8849662144703917,0.9923472278117905
AD|e=E2|f=0|sp=-|k=0|tp=A0.5|sl=-|15m,1.0023044183073496e-06,0.012255011995861311,391,391,1.030072225805845,0.98795157955058,0.9794517850927611
AD|e=E2|f=0|sp=-|k=0|tp=A0.5|sl=6|15m,-5.1359198337591e-05,-0.9754907977905644,5926,5926,0.8351121957248164,0.7997558661342473,1.0801344334452523
AD|e=E2|f=0|sp=-|k=0|tp=A0.5|sl=10|15m,-6.289507474707738e-05,-0.9898620956335616,4982,4982,0.8369026692730165,0.8290152259153065,0.9716385593937945
AD|e=E2|f=0|sp=-|k=0|tp=A1.0|sl=-|15m,4.441550421504862e-06,0.05406615794789195,290,290,1.054241717104701,0.9919831155647686,0.9738324912020829
AD|e=E2|f=0|sp=-|k=0|tp=A1.0|sl=6|15m,-5.5907610102851945e-05,-0.8714884953262542,5119,5119,0.8370237819747239,0.812035291057947,1.0300192696466839
AD|e=E2|f=0|sp=-|k=0|tp=A1.0|sl=10|15m,-5.9806270939508354e-05,-0.8599243554651036,4186,4186,0.8705996531506308,0.8383617521453793,0.9410435291564929
AD|e=E2|f=0|sp=-|k=0|tp=A2.0|sl=-|15m,6.624151798306571e-07,0.007943241108520393,168,168,1.0247274116161245,1.0026167484275952,0.9694772549862262
AD|e=E2|f=0|sp=-|k=0|tp=A2.0|sl=6|15m,-4.336638024890582e-05,-0.5586567414374808,4366,4366,0.8878176585157372,0.8229650852700473,1.033365852793394
AD|e=E2|f=0|sp=-|k=0|tp=A2.0|sl=10|15m,-4.8512243907955125e-05,-0.5565966436862994,3382,3382,0.8988841006770982,0.8284436966043832,0.9854656925373643
AD|e=E2|f=0|sp=0.5|k=1|tp=MID|sl=-|15m,-6.718113201144797e-06,-0.07436270595957527,4026,6674,0.9858730249783585,0.9164666147636635,1.052193168416087
AD|e=E2|f=0|sp=0.5|k=1|tp=MID|sl=6|15m,-4.388017894064894e-05,-0.4605279472800223,4634,7580,0.9397150017318532,0.8583355525356586,0.9351885686240138
AD|e=E2|f=0|sp=0.5|k=1|tp=MID|sl=10|15m,-5.248612281213178e-05,-0.521503760085911,4265,7037,0.8944073043347718,0.8408545350680313,0.9503244185357912
AD|e=E2|f=0|sp=0.5|k=1|tp=A0.5|sl=-|15m,1.933868424705816e-05,0.11580889204760048,608,895,1.08958880805578,1.0235374656239271,0.9702449237450569
AD|e=E2|f=0|sp=0.5|k=1|tp=A0.5|sl=6|15m,-5.084543013814979e-05,-0.6031034758060533,5904,8495,0.9146987124353286,0.7142980568776361,1.104874449746389
AD|e=E2|f=0|sp=0.5|k=1|tp=A0.5|sl=10|15m,-9.238149000719677e-05,-0.8593975521988807,5169,7480,0.8602862739776784,0.745443890262489,0.8635333044889487
AD|e=E2|f=0|sp=0.5|k=1|tp=A1.0|sl=-|15m,1.418329242030013e-05,0.08377818921913215,372,585,1.072215022881881,0.9882285864804471,0.9896727479952733
AD|e=E2|f=0|sp=0.5|k=1|tp=A1.0|sl=6|15m,-6.507914130023316e-05,-0.6424401318145755,5030,7699,0.77635201477411,0.8088139133140563,1.048224618451373
AD|e=E2|f=0|sp=0.5|k=1|tp=A1.0|sl=10|15m,-0.0001346404985486226,-1.0300981672897649,4232,6544,0.752746584556192,0.7115895580850652,0.7909555645325482
AD|e=E2|f=0|sp=0.5|k=1|tp=A2.0|sl=-|15m,4.257490472436132e-06,0.02491061228081421,198,328,1.0690882229056085,0.9885192855503193,0.9343486944172538
AD|e=E2|f=0|sp=0.5|k=1|tp=A2.0|sl=6|15m,-5.934366354926554e-05,-0.448579728647012,4212,6949,0.8014505956980305,0.7861853391776317,1.0724712891614523
AD|e=E2|f=0|sp=0.5|k=1|tp=A2.0|sl=10|15m,-0.00011555661149547255,-0.7276441762748882,3305,5515,0.8316579464823809,0.7225075686014251,0.7853213808399766
AD|e=E2|f=0|sp=0.5|k=2|tp=MID|sl=-|15m,9.631892199211973e-06,0.08242891140851603,4026,8399,1.0161597803890887,0.9236038905864297,1.1158117112979713
AD|e=E2|f=0|sp=0.5|k=2|tp=MID|sl=6|15m,-6.110949938338419e-05,-0.4963196420065174,4525,9221,0.909572257398834,0.7571566719727979,0.9784475587123675
AD|e=E2|f=0|sp=0.5|k=2|tp=MID|sl=10|15m,-6.200345998689856e-05,-0.4743089256934572,4212,8712,0.899957051444095,0.7927300241039141,0.9359882632781606
AD|e=E2|f=0|sp=0.5|k=2|tp=A0.5|sl=-|15m,4.931784015441265e-05,0.1987801911481509,883,1513,1.2085726448520875,1.089287275253344,0.9419335273285067
AD|e=E2|f=0|sp=0.5|k=2|tp=A0.5|sl=6|15m,-8.14909025463492e-05,-0.7124225260535463,5870,9728,0.9129664972527785,0.6662518985926789,0.9744149244402424
AD|e=E2|f=0|sp=0.5|k=2|tp=A0.5|sl=10|15m,-9.463005252001775e-05,-0.6437712010817978,5219,8776,0.8132535259809801,0.7527382839527867,0.8769331603722179
AD|e=E2|f=0|sp=0.5|k=2|tp=A1.0|sl=-|15m,2.3313831010798384e-05,0.08998592436924134,428,813,1.1229246821451802,0.9616114462577733,0.972640836920955
AD|e=E2|f=0|sp=0.5|k=2|tp=A1.0|sl=6|15m,-8.703361691158733e-05,-0.6276809428257992,4903,9055,0.8579594725897558,0.6034859951722742,1.093423150292602
AD|e=E2|f=0|sp=0.5|k=2|tp=A1.0|sl=10|15m,-0.0001391181831057031,-0.8084050203462297,4195,7878,0.8337278929817397,0.5760363241738596,0.8361690634817984
AD|e=E2|f=0|sp=0.5|k=2|tp=A2.0|sl=-|15m,2.70882276747564e-05,0.10299514289798387,249,538,1.1587765771394463,0.9920661920281033,0.9370919403516236
AD|e=E2|f=0|sp=0.5|k=2|tp=A2.0|sl=6|15m,-9.115932312491512e-05,-0.5034024453747079,4055,8604,0.715978282510317,0.6153195093483304,1.2281246928310936
AD|e=E2|f=0|sp=0.5|k=2|tp=A2.0|sl=10|15m,-0.00012338826187528854,-0.577174563652319,3287,7055,0.7409773475955899,0.7307749486263536,0.8007941933232506
AD|e=E2|f=0|sp=0.5|k=3|tp=MID|sl=-|15m,4.471574878211608e-05,0.3274184048647426,4026,9526,1.0878020271605269,0.9627377618480348,1.2298145363181057
AD|e=E2|f=0|sp=0.5|k=3|tp=MID|sl=6|15m,-3.3361099198427414e-05,-0.24349218536780365,4439,10166,0.9502640710007004,0.8004187114332385,1.042754772268765
AD|e=E2|f=0|sp=0.5|k=3|tp=MID|sl=10|15m,-9.8146282207794e-06,-0.06903229033604907,4167,9747,0.9586108476290863,0.9002726708806097,1.0628549797940836
AD|e=E2|f=0|sp=0.5|k=3|tp=A0.5|sl=-|15m,6.607673145961436e-05,0.1983951839574442,1040,1936,1.2824210061632024,1.0953122057165068,0.9047102127577826
AD|e=E2|f=0|sp=0.5|k=3|tp=A0.5|sl=6|15m,-9.943607170581544e-05,-0.756346141172276,5801,10365,0.8725190517039662,0.6688346599309496,0.8985407248871798
AD|e=E2|f=0|sp=0.5|k=3|tp=A0.5|sl=10|15m,-9.149954154698175e-05,-0.5021555613045888,5195,9469,0.8460267134614925,0.7708490787503689,0.8168277508784053
AD|e=E2|f=0|sp=0.5|k=3|tp=A1.0|sl=-|15m,7.31941802082519e-05,0.2079973084358945,606,1272,1.1781924945465425,1.1656001575027566,0.9554892197554743
AD|e=E2|f=0|sp=0.5|k=3|tp=A1.0|sl=6|15m,-0.00013560112644728358,-0.815868657588308,4835,9910,0.8091003806534418,0.49037754262835853,1.0388796823297355
AD|e=E2|f=0|sp=0.5|k=3|tp=A1.0|sl=10|15m,-0.00017051258368470533,-0.7775786498806625,4232,8856,0.7125906857255705,0.5263526646145151,0.8516503175043091
AD|e=E2|f=0|sp=0.5|k=3|tp=A2.0|sl=-|15m,5.2987413716815295e-05,0.14614202605396032,296,742,1.231907288431693,0.9728412770824639,0.9613872422831771
AD|e=E2|f=0|sp=0.5|k=3|tp=A2.0|sl=6|15m,-6.783536047709327e-05,-0.30932708657432617,3989,9786,0.8800034104853487,0.5241248917395607,1.3146016014150392
AD|e=E2|f=0|sp=0.5|k=3|tp=A2.0|sl=10|15m,-8.954749841621207e-05,-0.3263664532127954,3266,8227,0.8572482825569822,0.6799934874583493,0.8690582625663169
AD|e=E2|f=0|sp=1|k=1|tp=MID|sl=-|15m,-9.733346737501709e-06,-0.11342125900197093,4026,6237,0.983422288934524,0.9089021607446139,1.0454747499826111
AD|e=E2|f=0|sp=1|k=1|tp=MID|sl=6|15m,-4.948224885890105e-05,-0.5525944227901769,4597,7005,0.9315321004692007,0.8326026658419249,0.9414557722366254
AD|e=E2|f=0|sp=1|k=1|tp=MID|sl=10|15m,-6.1975010697374e-05,-0.6404936443691015,4251,6545,0.8820728411195605,0.8448676484355113,0.9057031484869724
AD|e=E2|f=0|sp=1|k=1|tp=A0.5|sl=-|15m,1.7885908750847734e-05,0.10770190210625467,653,889,1.0771185301300148,1.034195901227753,0.9628710183350648
AD|e=E2|f=0|sp=1|k=1|tp=A0.5|sl=6|15m,-5.790297847963995e-05,-0.7261718761556306,5827,7814,0.9220990242364587,0.7066028762863089,1.0620846116332612
AD|e=E2|f=0|sp=1|k=1|tp=A0.5|sl=10|15m,-7.869323364158404e-05,-0.7527193727698313,5077,6882,0.8768193817483347,0.7654298324618684,0.8988067943229882
AD|e=E2|f=0|sp=1|k=1|tp=A1.0|sl=-|15m,1.124448658294408e-05,0.06646155301266919,378,554,1.0690582505920427,0.9833802800451449,0.9796886791933521
AD|e=E2|f=0|sp=1|k=1|tp=A1.0|sl=6|15m,-4.516920295268131e-05,-0.45144253257084377,4961,7117,0.8456939360114138,0.7851692249085008,1.1205940287218712
AD|e=E2|f=0|sp=1|k=1|tp=A1.0|sl=10|15m,-0.00010688410492384078,-0.8541609099388665,4202,6102,0.792098110406365,0.7723337150432767,0.8231311246819312
AD|e=E2|f=0|sp=1|k=1|tp=A2.0|sl=-|15m,1.0354994592122067e-05,0.06079854923168799,222,352,1.1118832835999313,0.9869096043423711,0.934598730315422
AD|e=E2|f=0|sp=1|k=1|tp=A2.0|sl=6|15m,-4.844744011131259e-05,-0.3697014431492736,4156,6507,0.902355521094032,0.6941839704076965,1.1541729157507452
AD|e=E2|f=0|sp=1|k=1|tp=A2.0|sl=10|15m,-9.095721026525848e-05,-0.5940546370378788,3275,5184,0.8554930568102166,0.7796763366374349,0.8259159296279593
AD|e=E2|f=0|sp=1|k=2|tp=MID|sl=-|15m,1.4167666623162558e-05,0.13268388514028212,4026,7473,1.0392755465658465,0.9100456268550704,1.1432983183109797
AD|e=E2|f=0|sp=1|k=2|tp=MID|sl=6|15m,-4.1082205079819206e-05,-0.37731962615896136,4470,8043,0.935018552151783,0.8085094382935175,1.014814811239605
AD|e=E2|f=0|sp=1|k=2|tp=MID|sl=10|15m,-3.9743478483839866e-05,-0.3391544241081748,4185,7687,0.9589691371803035,0.7926442819661882,1.0139799334925426
AD|e=E2|f=0|sp=1|k=2|tp=A0.5|sl=-|15m,3.303015278272559e-05,0.13238326651056997,862,1318,1.111334589509773,1.0756210295788864,0.9374907204658851
AD|e=E2|f=0|sp=1|k=2|tp=A0.5|sl=6|15m,-9.071022162445485e-05,-0.8354564680553394,5710,8573,0.8576794062655987,0.7279817651942667,0.8986589491017565
AD|e=E2|f=0|sp=1|k=2|tp=A0.5|sl=10|15m,-8.601945455272806e-05,-0.6053168870370566,5108,7791,0.8488164806386305,0.7586003033188345,0.8802314742217936
AD|e=E2|f=0|sp=1|k=2|tp=A1.0|sl=-|15m,1.832980399826146e-05,0.07109986752566229,436,757,1.1149496841392874,0.9480623368957863,0.9640093533990067
AD|e=E2|f=0|sp=1|k=2|tp=A1.0|sl=6|15m,-8.912625260401924e-05,-0.684769580079856,4830,8032,0.8208918193393135,0.6286624962407206,1.0884037606070363
AD|e=E2|f=0|sp=1|k=2|tp=A1.0|sl=10|15m,-0.0001152221350226045,-0.6804976900042522,4155,7052,0.7869843362608188,0.5688128842718247,1.0428357896452893
AD|e=E2|f=0|sp=1|k=2|tp=A2.0|sl=-|15m,3.74065891712484e-05,0.1415407372274258,282,570,1.153169959462336,0.9913408365946798,1.0034493471637582
AD|e=E2|f=0|sp=1|k=2|tp=A2.0|sl=6|15m,-7.949650062299603e-05,-0.46906434504719835,4008,7733,0.7970248491760904,0.6304854176897059,1.168008773909796
AD|e=E2|f=0|sp=1|k=2|tp=A2.0|sl=10|15m,-0.00012054545672896153,-0.572434437076445,3229,6392,0.7305816556414408,0.6709087278430004,0.9034738986353357
AD|e=E2|f=0|sp=1|k=3|tp=MID|sl=-|15m,5.0394781982548815e-05,0.41555099118383726,4026,8146,1.1132460488775033,0.9523859212057765,1.267156682011881
AD|e=E2|f=0|sp=1|k=3|tp=MID|sl=6|15m,-1.0737377227629215e-05,-0.0931716010741622,4409,8546,0.9610518585118597,0.8354524211417023,1.1496720654051522
AD|e=E2|f=0|sp=1|k=3|tp=MID|sl=10|15m,1.1940200184572087e-05,0.09567068071642819,4154,8298,1.0256329084130666,0.876445554213028,1.1766032328775078
AD|e=E2|f=0|sp=1|k=3|tp=A0.5|sl=-|15m,4.3742899778911225e-05,0.1300928836691939,986,1628,1.1582037455963015,1.0667458030830335,0.8929539971617853
AD|e=E2|f=0|sp=1|k=3|tp=A0.5|sl=6|15m,-7.294988946771363e-05,-0.6098981849011527,5634,8951,0.923456305851692,0.7227032059719949,0.9310486113685628
AD|e=E2|f=0|sp=1|k=3|tp=A0.5|sl=10|15m,-7.971527906290872e-05,-0.502419522968128,5047,8247,0.9379745289993034,0.7165561672163627,0.863275769144014
AD|e=E2|f=0|sp=1|k=3|tp=A1.0|sl=-|15m,6.226511883383069e-05,0.17732911365764834,624,1167,1.1492982344003575,1.142683673991097,0.9342424838097354
AD|e=E2|f=0|sp=1|k=3|tp=A1.0|sl=6|15m,-0.00011383088117314067,-0.7198584982155054,4750,8556,0.8489250556206842,0.5902539495377415,0.9467363457321706
AD|e=E2|f=0|sp=1|k=3|tp=A1.0|sl=10|15m,-0.00016125456554862144,-0.7711503437513719,4154,7722,0.773585951594703,0.4967505814221209,0.8849459989441413
AD|e=E2|f=0|sp=1|k=3|tp=A2.0|sl=-|15m,5.03926239660597e-05,0.13904734436005756,311,707,1.2000402767964256,0.9700242036077068,0.9749081824377606
AD|e=E2|f=0|sp=1|k=3|tp=A2.0|sl=6|15m,-0.00011589818470716308,-0.5722022493804637,3922,8467,0.8348164326201496,0.5459712807805678,1.0032304971667647
AD|e=E2|f=0|sp=1|k=3|tp=A2.0|sl=10|15m,-3.1439361091270533e-05,-0.11931673624571297,3206,7238,0.9942256077841347,0.6193940144830061,1.185688855598686
AD|e=E2|f=0|sp=1.5|k=1|tp=MID|sl=-|15m,-7.882553272540052e-06,-0.09589406539806307,4027,5895,0.9893424854850492,0.9003465154752515,1.0618849817979241
AD|e=E2|f=0|sp=1.5|k=1|tp=MID|sl=6|15m,-4.42058615748177e-05,-0.5247094859576964,4573,6559,0.9268690529742702,0.8251776593471778,0.9876649133605625
AD|e=E2|f=0|sp=1.5|k=1|tp=MID|sl=10|15m,-5.972669166138547e-05,-0.6389614780575078,4238,6155,0.88494749820521,0.8354418806586009,0.9264267813580183
AD|e=E2|f=0|sp=1.5|k=1|tp=A0.5|sl=-|15m,1.5319644033261393e-05,0.0931806394304641,682,888,1.0659921937173569,1.0293802034986905,0.9629510176731153
AD|e=E2|f=0|sp=1.5|k=1|tp=A0.5|sl=6|15m,-7.739967531252565e-05,-0.954156370087601,5732,7321,0.8837501587297335,0.7191909655465578,0.9647616686962834
AD|e=E2|f=0|sp=1.5|k=1|tp=A0.5|sl=10|15m,-8.624004943147458e-05,-0.8394396529796685,5058,6530,0.8393898334122422,0.7519193735788848,0.912096693077718
AD|e=E2|f=0|sp=1.5|k=1|tp=A1.0|sl=-|15m,1.3603632554417834e-05,0.0811530088530994,397,555,1.086325834260736,0.9785228233659947,0.9836264318310034
AD|e=E2|f=0|sp=1.5|k=1|tp=A1.0|sl=6|15m,-3.967796895337379e-05,-0.40785228364143705,4895,6691,0.8622512804670109,0.7644592548828021,1.1689983535961377
AD|e=E2|f=0|sp=1.5|k=1|tp=A1.0|sl=10|15m,-0.00010230918442200069,-0.833239118167341,4143,5736,0.8016506205026088,0.7368339675765805,0.8777905451629426
AD|e=E2|f=0|sp=1.5|k=1|tp=A2.0|sl=-|15m,1.0903114188772945e-05,0.06416921107709654,236,360,1.112416065724929,0.9899039200516063,0.9344687193448439
AD|e=E2|f=0|sp=1.5|k=1|tp=A2.0|sl=6|15m,-3.6474444429292416e-05,-0.29229932829777516,4090,6148,0.8435081921471005,0.723905817464248,1.2773073035659563
AD|e=E2|f=0|sp=1.5|k=1|tp=A2.0|sl=10|15m,-0.00010919613456383317,-0.7233313737064635,3244,4927,0.8192019403571387,0.7995667012140664,0.7520333915977027
AD|e=E2|f=0|sp=1.5|k=2|tp=MID|sl=-|15m,1.8419217076331304e-05,0.1885476731733055,4026,6759,1.0389102517611177,0.9080882827570553,1.1735001547069268
AD|e=E2|f=0|sp=1.5|k=2|tp=MID|sl=6|15m,-3.726973005830625e-05,-0.38467911770997293,4452,7176,0.9300810162939669,0.8222693141508244,1.0261008260784172
AD|e=E2|f=0|sp=1.5|k=2|tp=MID|sl=10|15m,-2.3098082067833928e-05,-0.2190737156653791,4165,6916,0.9959741305204804,0.8125013095811452,1.0538071312669581
AD|e=E2|f=0|sp=1.5|k=2|tp=A0.5|sl=-|15m,3.1955454155648725e-05,0.12930158506863365,925,1332,1.130330987436961,1.0546878177047476,0.930804293004312
AD|e=E2|f=0|sp=1.5|k=2|tp=A0.5|sl=6|15m,-8.255509830467756e-05,-0.8225336050199406,5594,7799,0.848661446456449,0.7092369760373676,0.9801536450808324
AD|e=E2|f=0|sp=1.5|k=2|tp=A0.5|sl=10|15m,-7.186997331192511e-05,-0.5607715560250063,4984,7121,0.8019021827552232,0.677149559161667,1.145494205030045
AD|e=E2|f=0|sp=1.5|k=2|tp=A1.0|sl=-|15m,4.9849535997750046e-05,0.19491688817873876,605,964,1.1506656553797059,1.1264777155655359,0.9539543914968819
AD|e=E2|f=0|sp=1.5|k=2|tp=A1.0|sl=6|15m,-0.00011341032497851159,-0.9209281001675377,4748,7312,0.8514890281788692,0.6357900472815122,0.89290044731998
AD|e=E2|f=0|sp=1.5|k=2|tp=A1.0|sl=10|15m,-9.816563888013374e-05,-0.6090363007350521,4122,6518,0.8734587921485101,0.581659508898406,1.0221632409440105
AD|e=E2|f=0|sp=1.5|k=2|tp=A2.0|sl=-|15m,4.047481345694849e-05,0.15418144644971776,303,569,1.1985615593845869,0.9862522662261886,0.9850702440925998
AD|e=E2|f=0|sp=1.5|k=2|tp=A2.0|sl=6|15m,-8.898193010196483e-05,-0.5661441149618035,3957,7052,0.8704172871517172,0.696668748866068,0.9142653029209382
AD|e=E2|f=0|sp=1.5|k=2|tp=A2.0|sl=10|15m,-7.925502194602628e-05,-0.3921643526140915,3213,5943,0.8707006779395763,0.7310106145328688,0.8971798597831481
AD|e=E2|f=0|sp=1.5|k=3|tp=MID|sl=-|15m,3.831549649390993e-05,0.3548620488851707,4026,7136,1.0857189556517561,0.9376802816875154,1.2241098663076713
AD|e=E2|f=0|sp=1.5|k=3|tp=MID|sl=6|15m,-2.8064503835857954e-05,-0.2737877398190914,4406,7384,0.9538283311366296,0.8220796234898701,1.057004831611707
AD|e=E2|f=0|sp=1.5|k=3|tp=MID|sl=10|15m,5.09239895484115e-07,0.0045448093028872165,4140,7235,1.0315765520797724,0.8210402747816099,1.160632689265483
AD|e=E2|f=0|sp=1.5|k=3|tp=A0.5|sl=-|15m,3.88451405091497e-05,0.11510197283216148,1003,1541,1.102239969747708,1.0468817734958613,0.9243262397824134
AD|e=E2|f=0|sp=1.5|k=3|tp=A0.5|sl=6|15m,-7.169913694478744e-05,-0.6416163040260497,5526,8027,0.7742820298371045,0.7067667874690302,1.1451986275183255
AD|e=E2|f=0|sp=1.5|k=3|tp=A0.5|sl=10|15m,-5.869238634050405e-05,-0.4016339512967705,4919,7434,0.8254978435433105,0.7283977513076876,1.1102021161680395
AD|e=E2|f=0|sp=1.5|k=3|tp=A1.0|sl=-|15m,5.258923397117204e-05,0.15079720992389384,645,1111,1.1404284574001413,1.1120754077692019,0.911507266822942
AD|e=E2|f=0|sp=1.5|k=3|tp=A1.0|sl=6|15m,-0.00010500815609600561,-0.7359854583491087,4667,7599,0.8069246944017335,0.6520121841240208,0.9578219609001835
AD|e=E2|f=0|sp=1.5|k=3|tp=A1.0|sl=10|15m,-0.0001008216245640556,-0.5223361947758967,4060,6949,0.9303516625812294,0.5866661492363621,0.917801986708388
AD|e=E2|f=0|sp=1.5|k=3|tp=A2.0|sl=-|15m,5.806714818051555e-05,0.16045205849212907,344,716,1.269313444831159,0.9726342580321632,0.9585863739659829
AD|e=E2|f=0|sp=1.5|k=3|tp=A2.0|sl=6|15m,-0.00012030385988274978,-0.660758805461393,3850,7432,0.8145525963059269,0.6745275119860356,0.8179251878870181
AD|e=E2|f=0|sp=1.5|k=3|tp=A2.0|sl=10|15m,-5.2082509542187287e-05,-0.21078906951037818,3192,6590,0.9661079410932581,0.7274740669695619,0.9258360362934647
AD|e=E2|f=0|sp=2|k=1|tp=MID|sl=-|15m,-3.88614477006633e-06,-0.04942382518845029,4027,5606,1.010622091730819,0.8992776930098331,1.0679190820580193
AD|e=E2|f=0|sp=2|k=1|tp=MID|sl=6|15m,-3.338105695774105e-05,-0.4253577957686788,4548,6173,0.9414710277663806,0.8468093578741723,1.0145271764249717
AD|e=E2|f=0|sp=2|k=1|tp=MID|sl=10|15m,-4.99844719186611e-05,-0.5622745017189412,4223,5833,0.9342049665596511,0.811410616138898,0.9609773099338065
AD|e=E2|f=0|sp=2|k=1|tp=A0.5|sl=-|15m,2.2930415746549477e-05,0.14021086344043815,765,964,1.0760363008763876,1.0647557051432834,0.9664741388851272
AD|e=E2|f=0|sp=2|k=1|tp=A0.5|sl=6|15m,-6.981989238574117e-05,-0.8737832316204804,5658,6968,0.8738322112956391,0.7535228872744076,0.9764539663205539
AD|e=E2|f=0|sp=2|k=1|tp=A0.5|sl=10|15m,-8.430051109070715e-05,-0.8305303784834115,5000,6234,0.8178033482819751,0.811587611870936,0.8780297397423519
AD|e=E2|f=0|sp=2|k=1|tp=A1.0|sl=-|15m,1.6382618151136913e-05,0.09811598570499698,430,587,1.1102945905671466,0.9740056898930847,0.9837949903848082
AD|e=E2|f=0|sp=2|k=1|tp=A1.0|sl=6|15m,-5.694162172229989e-05,-0.6054523085338698,4825,6347,0.8852388935646167,0.7274097208561832,1.0773882917632955
AD|e=E2|f=0|sp=2|k=1|tp=A1.0|sl=10|15m,-0.00010898169932910856,-0.9329767608338801,4077,5445,0.8519105050233132,0.6734824201994314,0.8692888307815421
AD|e=E2|f=0|sp=2|k=1|tp=A2.0|sl=-|15m,1.534270963472374e-05,0.09016274059582667,256,384,1.1340874554045555,0.9946700344561841,0.9373753891049754
AD|e=E2|f=0|sp=2|k=1|tp=A2.0|sl=6|15m,-5.1368033361208666e-05,-0.4196360106772981,4038,5837,0.8281944376704893,0.6963779938569103,1.2354209212213831
AD|e=E2|f=0|sp=2|k=1|tp=A2.0|sl=10|15m,-9.77278020484992e-05,-0.6638532959493416,3189,4688,0.8236130945279322,0.8184210408172653,0.7855717469658612
AD|e=E2|f=0|sp=2|k=2|tp=MID|sl=-|15m,2.2046184687322966e-05,0.24354664084113883,4026,6227,1.0678078272361873,0.9112369344772363,1.166454931926925
AD|e=E2|f=0|sp=2|k=2|tp=MID|sl=6|15m,-3.2706894893927626e-05,-0.3623856642306171,4445,6528,0.9504544079025279,0.8136785076701214,1.0465332946472157
AD|e=E2|f=0|sp=2|k=2|tp=MID|sl=10|15m,-2.768195357738462e-05,-0.2737584723142775,4162,6346,0.9822852098791405,0.8042756229472823,1.0521851067769787
AD|e=E2|f=0|sp=2|k=2|tp=A0.5|sl=-|15m,2.7719943542579744e-05,0.11050075920616807,844,1158,1.06889173576242,1.0560248215218497,0.9567782632134068
AD|e=E2|f=0|sp=2|k=2|tp=A0.5|sl=6|15m,-8.063414628401034e-05,-0.8291132745884596,5509,7256,0.8240405823100619,0.7637008877573714,0.9500577503170878
AD|e=E2|f=0|sp=2|k=2|tp=A0.5|sl=10|15m,-6.45471201567682e-05,-0.5270556626394185,4887,6642,0.8181424417283938,0.7941921758897733,1.0037234257814158
AD|e=E2|f=0|sp=2|k=2|tp=A1.0|sl=-|15m,3.6126136836283616e-05,0.14237695608926781,595,899,1.1365241729493671,1.0459606680783025,0.9572958302312217
AD|e=E2|f=0|sp=2|k=2|tp=A1.0|sl=6|15m,-0.0001098396900743028,-0.9320664032964446,4671,6755,0.7890770173215943,0.7241444713238855,0.8672920734900966
AD|e=E2|f=0|sp=2|k=2|tp=A1.0|sl=10|15m,-8.756642219577584e-05,-0.5706065412090593,4064,6099,0.9253919136405097,0.6091906943647374,0.988160592369095
AD|e=E2|f=0|sp=2|k=2|tp=A2.0|sl=-|15m,3.332731820300681e-05,0.12697867490500106,305,542,1.214128292672383,0.9886127837747309,0.9273999324521165
AD|e=E2|f=0|sp=2|k=2|tp=A2.0|sl=6|15m,-9.469588655525792e-05,-0.6254612508227735,3889,6430,0.8614774587764573,0.7286153637363929,0.8555091342146717
AD|e=E2|f=0|sp=2|k=2|tp=A2.0|sl=10|15m,-6.899006565277114e-05,-0.343779666913453,3151,5507,0.9129238043595078,0.8394604991278138,0.7963374667382773
AD|e=E2|f=0|sp=2|k=3|tp=MID|sl=-|15m,2.8877109810511824e-05,0.2943551656331451,4026,6451,1.076954199601944,0.9222463947893843,1.1884538702791712
AD|e=E2|f=0|sp=2|k=3|tp=MID|sl=6|15m,-3.09428437383707e-05,-0.32617361772350895,4410,6606,0.9666524330015871,0.8020246541781098,1.0540177689892152
AD|e=E2|f=0|sp=2|k=3|tp=MID|sl=10|15m,-2.4624754306259185e-05,-0.22386506710629103,4137,6517,0.9728184605010354,0.8000337965186745,1.0847821005144478
AD|e=E2|f=0|sp=2|k=3|tp=A0.5|sl=-|15m,3.6444036952200806e-05,0.10923112940035824,992,1435,1.0743792018669636,1.064967724058118,0.9219050584222493
AD|e=E2|f=0|sp=2|k=3|tp=A0.5|sl=6|15m,-9.922431390396926e-05,-0.9203434829735965,5470,7375,0.7563813974395528,0.7396923118170143,0.9476891705986228
AD|e=E2|f=0|sp=2|k=3|tp=A0.5|sl=10|15m,-9.89061248652634e-05,-0.6622756503706635,4872,6899,0.8105301865908873,0.7422465929973426,0.8657046601412436
AD|e=E2|f=0|sp=2|k=3|tp=A1.0|sl=-|15m,4.776542434564422e-05,0.13780062174229055,651,1053,1.12247794222724,1.0386639024445121,0.964764496592922
AD|e=E2|f=0|sp=2|k=3|tp=A1.0|sl=6|15m,-0.00011074368067922524,-0.8465197595412475,4604,6885,0.8136771123622901,0.6781086319629582,0.8875295203653377
AD|e=E2|f=0|sp=2|k=3|tp=A1.0|sl=10|15m,-0.00010967613684346924,-0.57758360950479,4026,6415,0.9638659987657787,0.5325152441239552,0.92596077227727
AD|e=E2|f=0|sp=2|k=3|tp=A2.0|sl=-|15m,4.08503667034495e-05,0.11286199286744218,325,633,1.20766537067842,0.9546419818812241,0.921385948856613
AD|e=E2|f=0|sp=2|k=3|tp=A2.0|sl=6|15m,-9.248276504669952e-05,-0.5466559770229907,3797,6610,0.7810356485939804,0.7358948450488993,0.937398419298803
AD|e=E2|f=0|sp=2|k=3|tp=A2.0|sl=10|15m,-7.418279579596628e-05,-0.30459814710279615,3115,5958,0.7946309788163695,0.6593683465748233,1.0905370359960809
AD|e=E2|f=1|sp=-|k=0|tp=MID|sl=-|15m,4.114096706693806e-06,0.26829524461474585,502,502,0.9888183803500509,1.0033901089872033,1.0344840083525846
AD|e=E2|f=1|sp=-|k=0|tp=MID|sl=6|15m,4.232938601481593e-06,0.29786624970425485,504,504,0.9984691346130812,0.9997271486254531,1.0290479203633849
AD|e=E2|f=1|sp=-|k=0|tp=MID|sl=10|15m,3.36621536863498e-06,0.23050693247271314,502,502,0.9875072028221438,0.9994535728449926,1.0351645151424964
AD|e=E2|f=1|sp=-|k=0|tp=A0.5|sl=-|15m,1.844064886544898e-05,0.342703563810886,320,320,1.0287943876493366,1.0338687057279652,1.0481789162186779
AD|e=E2|f=1|sp=-|k=0|tp=A0.5|sl=6|15m,1.7443502817273196e-06,0.15489519069725302,558,558,0.9990365538100237,0.9955140917783494,1.0164569108939872
AD|e=E2|f=1|sp=-|k=0|tp=A0.5|sl=10|15m,-4.352925261535674e-06,-0.30736310457662985,557,557,0.9902348988421085,0.983236257357311,0.9997371863059705
AD|e=E2|f=1|sp=-|k=0|tp=A1.0|sl=-|15m,2.8375324249237796e-05,0.5134507836587704,292,292,1.0498447295582383,1.0539843126088293,1.0713895002076053
AD|e=E2|f=1|sp=-|k=0|tp=A1.0|sl=6|15m,6.690500519249372e-06,0.4740212673007502,519,519,1.0174936885537322,0.9952556617015511,1.0294645867770051
AD|e=E2|f=1|sp=-|k=0|tp=A1.0|sl=10|15m,2.7462337817883743e-06,0.16201367027992278,517,517,1.008451449374927,0.9963115368789818,1.0123621597398171
AD|e=E2|f=1|sp=-|k=0|tp=A2.0|sl=-|15m,2.0028702492576316e-05,0.328139624555552,194,194,1.0752103944591669,1.0466516192353488,0.9981218326807113
AD|e=E2|f=1|sp=-|k=0|tp=A2.0|sl=6|15m,1.2593172805809131e-05,0.6645116927183092,503,503,1.0226703785682314,1.0001725969004491,1.0565298007760484
AD|e=E2|f=1|sp=-|k=0|tp=A2.0|sl=10|15m,1.4163534131422214e-05,0.622482260593379,501,501,1.0381583655433675,1.004440519570875,1.0460151829387765
AD|e=E2|f=1|sp=0.5|k=1|tp=MID|sl=-|15m,7.894983860088874e-06,0.3035157895402905,502,827,0.9731854242543174,1.0178021609835726,1.059730155210093
AD|e=E2|f=1|sp=0.5|k=1|tp=MID|sl=6|15m,1.0537969116022255e-05,0.46979376624223024,503,826,0.9937551365725906,1.015752477297727,1.0572364361537716
AD|e=E2|f=1|sp=0.5|k=1|tp=MID|sl=10|15m,8.845469994435835e-06,0.367067668814821,502,826,0.981534668498798,1.013946910610448,1.0610143036339592
AD|e=E2|f=1|sp=0.5|k=1|tp=A0.5|sl=-|15m,2.834664027321285e-05,0.2813810485838225,336,464,1.0345016303802934,1.0411497959401308,1.0851156349781188
AD|e=E2|f=1|sp=0.5|k=1|tp=A0.5|sl=6|15m,4.869691979881479e-06,0.2881208734653275,560,789,0.9990629597336578,0.9807273929191809,1.051374639237788
AD|e=E2|f=1|sp=0.5|k=1|tp=A0.5|sl=10|15m,-1.2185872637635739e-06,-0.05454160536672609,559,789,0.9770926586813576,0.955461963695054,1.0620786392931636
AD|e=E2|f=1|sp=0.5|k=1|tp=A1.0|sl=-|15m,4.426678462471198e-05,0.3910083967031593,294,436,1.0714924656225497,1.080209746911927,1.1097194368327292
AD|e=E2|f=1|sp=0.5|k=1|tp=A1.0|sl=6|15m,3.1634746150163e-06,0.12882356718546642,520,790,1.0117254072133233,0.9871875265080207,1.020254700656077
AD|e=E2|f=1|sp=0.5|k=1|tp=A1.0|sl=10|15m,-2.8460377765866217e-06,-0.08799560787494419,519,790,1.0025202998996046,0.962073126885143,1.0166455878258926
AD|e=E2|f=1|sp=0.5|k=1|tp=A2.0|sl=-|15m,3.3586272259953684e-05,0.2708444195022305,196,314,1.1333311431622204,1.0800346618047754,0.9771646615606554
AD|e=E2|f=1|sp=0.5|k=1|tp=A2.0|sl=6|15m,2.1582087525414692e-05,0.6287875217198565,503,829,1.0567831764711257,1.0111095584709895,1.0676980734580894
AD|e=E2|f=1|sp=0.5|k=1|tp=A2.0|sl=10|15m,2.3450731219189498e-05,0.5567153726041161,502,829,1.0675514475159125,1.0083455045941636,1.0702206194534916
AD|e=E2|f=1|sp=0.5|k=2|tp=MID|sl=-|15m,1.0915540162092133e-05,0.3234879681326221,502,1039,0.9612968022006664,1.0335718796604145,1.075356555187938
AD|e=E2|f=1|sp=0.5|k=2|tp=MID|sl=6|15m,1.5649798749950817e-05,0.5755231168205394,503,1033,0.9855816622774763,1.0332519661052961,1.0808886921357637
AD|e=E2|f=1|sp=0.5|k=2|tp=MID|sl=10|15m,1.0569687599457008e-05,0.33737592864704635,502,1037,0.9695004291917285,1.0234629481093094,1.0746049936495154
AD|e=E2|f=1|sp=0.5|k=2|tp=A0.5|sl=-|15m,3.735717059947324e-05,0.2500439485261282,357,561,1.0351030615212509,1.0582431077366452,1.1063581230896185
AD|e=E2|f=1|sp=0.5|k=2|tp=A0.5|sl=6|15m,2.02447487321177e-06,0.08583275193164391,561,916,0.988365927273878,0.9851114980647241,1.0389928099314367
AD|e=E2|f=1|sp=0.5|k=2|tp=A0.5|sl=10|15m,8.527153174065786e-06,0.2818597321886526,560,918,0.9645440871362585,0.9905765173498918,1.101068697071673
AD|e=E2|f=1|sp=0.5|k=2|tp=A1.0|sl=-|15m,5.988042545376942e-05,0.35937733728546606,304,542,1.0796257891396388,1.1024433610096203,1.1558276011677102
AD|e=E2|f=1|sp=0.5|k=2|tp=A1.0|sl=6|15m,4.146765922686384e-06,0.12711340707544352,520,957,1.0134623278054333,0.9810233477772928,1.029918270707499
AD|e=E2|f=1|sp=0.5|k=2|tp=A1.0|sl=10|15m,1.2332873068665323e-06,0.028187066101735624,519,959,0.9798780412872512,0.9342997214859606,1.095846586226492
AD|e=E2|f=1|sp=0.5|k=2|tp=A2.0|sl=-|15m,4.314805623473272e-05,0.22373086484575913,199,401,1.1647750719818386,1.0959061416874925,0.9549676788367739
AD|e=E2|f=1|sp=0.5|k=2|tp=A2.0|sl=6|15m,2.4570221978623695e-05,0.5269389440111111,504,1065,1.0666383765350202,1.0256787664659999,1.0596140773121412
AD|e=E2|f=1|sp=0.5|k=2|tp=A2.0|sl=10|15m,3.0255112848595717e-05,0.5082908099031297,503,1070,1.0667189021005499,1.003270599223628,1.1173804451485758
AD|e=E2|f=1|sp=0.5|k=3|tp=MID|sl=-|15m,1.451175674053931e-05,0.3675704159540863,502,1172,0.9557739237564847,1.0415335586615702,1.0964754009630195
AD|e=E2|f=1|sp=0.5|k=3|tp=MID|sl=6|15m,1.796757527812943e-05,0.5658500068578572,503,1161,0.9761212104453452,1.0402379549892369,1.0989105647653452
AD|e=E2|f=1|sp=0.5|k=3|tp=MID|sl=10|15m,1.5484805848696843e-05,0.41871593134242024,502,1168,0.9598230752666287,1.0474900393385744,1.0923725946268705
AD|e=E2|f=1|sp=0.5|k=3|tp=A0.5|sl=-|15m,4.306311571451823e-05,0.21563412790597403,372,634,1.0254284655372339,1.0702855045739308,1.1135189205499467
AD|e=E2|f=1|sp=0.5|k=3|tp=A0.5|sl=6|15m,4.0093472387133215e-06,0.1448527628392201,561,995,0.9580234570015645,1.0154345152691802,1.0520234265590014
AD|e=E2|f=1|sp=0.5|k=3|tp=A0.5|sl=10|15m,1.1740724513007232e-05,0.3201185430495731,560,999,0.921626981065837,1.0613465775044748,1.0960010560124047
AD|e=E2|f=1|sp=0.5|k=3|tp=A1.0|sl=-|15m,7.744515159025149e-05,0.35825915062841873,321,635,1.0760972502888275,1.1433381284617612,1.2047607952976274
AD|e=E2|f=1|sp=0.5|k=3|tp=A1.0|sl=6|15m,9.27353331621494e-06,0.24590518603149542,520,1070,0.9714975660718483,0.9458914123580546,1.1487817502567286
AD|e=E2|f=1|sp=0.5|k=3|tp=A1.0|sl=10|15m,4.89874941690173e-06,0.09648445297674585,519,1075,0.9457796867582776,0.8937509973464083,1.2123892487187886
AD|e=E2|f=1|sp=0.5|k=3|tp=A2.0|sl=-|15m,0.00011215924021612341,0.4446915577744183,245,570,1.1945335053523118,1.1065689037754558,1.3449508134534558
AD|e=E2|f=1|sp=0.5|k=3|tp=A2.0|sl=6|15m,1.918256667756698e-05,0.35905728887456906,504,1237,1.0517271740639453,0.9703737746084172,1.09616261242284
AD|e=E2|f=1|sp=0.5|k=3|tp=A2.0|sl=10|15m,2.3492735087207895e-05,0.3210393630546491,503,1248,1.0306262814790033,0.9576472583796151,1.156024627380587
AD|e=E2|f=1|sp=1|k=1|tp=MID|sl=-|15m,5.756743480089939e-06,0.23165553389588253,502,765,0.9662169214349957,1.0207429390081693,1.0504939482606956
AD|e=E2|f=1|sp=1|k=1|tp=MID|sl=6|15m,8.101161128677127e-06,0.3897757312933359,503,763,0.9831688327856813,1.0195090785146057,1.0489338598058475
AD|e=E2|f=1|sp=1|k=1|tp=MID|sl=10|15m,6.451066388095915e-06,0.28086706199294004,502,764,0.9731615763565538,1.0166619925030091,1.0517669045329185
AD|e=E2|f=1|sp=1|k=1|tp=A0.5|sl=-|15m,2.7913558572878294e-05,0.2845640959255005,347,451,1.0334175328059871,1.0477415261008378,1.07833672774059
AD|e=E2|f=1|sp=1|k=1|tp=A0.5|sl=6|15m,3.6471925377832877e-06,0.21821189067382896,560,743,1.002656318062437,0.980156100101073,1.0403791834779341
AD|e=E2|f=1|sp=1|k=1|tp=A0.5|sl=10|15m,1.5208552469550519e-06,0.06909065962282598,559,744,0.9845879818089982,0.974466481404109,1.0511972094350368
AD|e=E2|f=1|sp=1|k=1|tp=A1.0|sl=-|15m,4.456385972093137e-05,0.4155179530781936,304,423,1.0634416306612917,1.079847001991044,1.1229616507715148
AD|e=E2|f=1|sp=1|k=1|tp=A1.0|sl=6|15m,9.222914034267808e-06,0.41665032156219656,519,739,1.0125870786475077,1.001392731484959,1.04343440121608
AD|e=E2|f=1|sp=1|k=1|tp=A1.0|sl=10|15m,5.325792299681025e-06,0.17563535348266693,518,740,1.0040969358384744,0.9804312055970353,1.0479568130176313
AD|e=E2|f=1|sp=1|k=1|tp=A2.0|sl=-|15m,3.0978437116328736e-05,0.249879717807716,197,296,1.12268386053237,1.069061077509439,0.9806696032665211
AD|e=E2|f=1|sp=1|k=1|tp=A2.0|sl=6|15m,2.0682611973833475e-05,0.6352967268959133,504,785,1.0491337327628472,1.0136852153799887,1.0670592506437928
AD|e=E2|f=1|sp=1|k=1|tp=A2.0|sl=10|15m,2.0182326251730348e-05,0.49148452547083343,503,786,1.0601621253561246,1.0073916407749466,1.057387693203967
AD|e=E2|f=1|sp=1|k=2|tp=MID|sl=-|15m,5.742850879101699e-06,0.18480114396065456,502,902,0.9549954070695323,1.02460605361246,1.0580368086930023
AD|e=E2|f=1|sp=1|k=2|tp=MID|sl=6|15m,8.255854680224429e-06,0.3331364703213271,503,893,0.9759828313759189,1.015886709465475,1.0609776255900125
AD|e=E2|f=1|sp=1|k=2|tp=MID|sl=10|15m,5.638187397749504e-06,0.19649278819445196,502,899,0.9574186945032633,1.022173329271657,1.057297351842332
AD|e=E2|f=1|sp=1|k=2|tp=A0.5|sl=-|15m,3.370326420228037e-05,0.23473091507487084,370,534,1.0253622885560512,1.060414717372414,1.0943389493612432
AD|e=E2|f=1|sp=1|k=2|tp=A0.5|sl=6|15m,5.703703964499503e-06,0.27517558270135367,560,831,0.997061849108556,1.000109480809037,1.0380254952723846
AD|e=E2|f=1|sp=1|k=2|tp=A0.5|sl=10|15m,1.3233903495905695e-05,0.48745623923123776,559,834,0.965675426919307,1.030166700994354,1.0891786983229053
AD|e=E2|f=1|sp=1|k=2|tp=A1.0|sl=-|15m,5.798830762473193e-05,0.36220368374241596,319,506,1.0632309985476984,1.1126685178067715,1.1551593353203373
AD|e=E2|f=1|sp=1|k=2|tp=A1.0|sl=6|15m,9.432567448545143e-06,0.3316961366517757,519,852,1.006351078713266,0.9737665795512769,1.0800941668621893
AD|e=E2|f=1|sp=1|k=2|tp=A1.0|sl=10|15m,5.183781480383403e-06,0.13390506769147226,518,855,0.9715226076586161,0.9377598807367471,1.1297031672307414
AD|e=E2|f=1|sp=1|k=2|tp=A2.0|sl=-|15m,0.00010213764790074402,0.5804221502063639,295,551,1.1406881752999918,1.2429424096096726,1.2534059731589584
AD|e=E2|f=1|sp=1|k=2|tp=A2.0|sl=6|15m,1.880697622638167e-05,0.45871822495858483,504,967,1.068121785823122,0.9841884333884823,1.065089599897277
AD|e=E2|f=1|sp=1|k=2|tp=A2.0|sl=10|15m,3.463018326382304e-05,0.6131812644696858,503,974,1.0380868043280274,1.0027814702956879,1.1811970522230788
AD|e=E2|f=1|sp=1|k=3|tp=MID|sl=-|15m,6.3228543698992864e-06,0.17662755781463346,502,976,0.9463555541537492,1.036574145244712,1.0585486884126905
AD|e=E2|f=1|sp=1|k=3|tp=MID|sl=6|15m,7.461295571018107e-06,0.26010225689720584,503,960,0.9599093123267106,1.0264162299645432,1.0619369397870204
AD|e=E2|f=1|sp=1|k=3|tp=MID|sl=10|15m,4.239540730811136e-06,0.12230922881320876,502,970,0.9401863772232188,1.0354568632663883,1.0529528907522288
AD|e=E2|f=1|sp=1|k=3|tp=A0.5|sl=-|15m,4.0656265951018964e-05,0.20274952830127663,370,562,1.019994856600537,1.0682589364949506,1.1040293312714475
AD|e=E2|f=1|sp=1|k=3|tp=A0.5|sl=6|15m,6.59378064452567e-06,0.24962992518812235,560,884,0.9846628279747909,1.0074663868248068,1.048558348156811
AD|e=E2|f=1|sp=1|k=3|tp=A0.5|sl=10|15m,3.562421423738064e-06,0.1010833148723934,559,889,0.921616831293336,1.0289913131929929,1.0751461545833327
AD|e=E2|f=1|sp=1|k=3|tp=A1.0|sl=-|15m,6.936880863991497e-05,0.31579803469010254,322,559,1.0596874311692193,1.1288068388303953,1.177907845365302
AD|e=E2|f=1|sp=1|k=3|tp=A1.0|sl=6|15m,9.321147400915549e-06,0.27470141472222864,519,927,0.9928405525365047,0.991180910525393,1.0738061437784308
AD|e=E2|f=1|sp=1|k=3|tp=A1.0|sl=10|15m,2.0923539799846806e-06,0.04410098744070499,518,935,0.9329834777167274,0.9648543937563594,1.1197663710270622
AD|e=E2|f=1|sp=1|k=3|tp=A2.0|sl=-|15m,0.00012511380773630096,0.5235905791184283,295,617,1.1570316852797768,1.3087280256641256,1.2904422665004998
AD|e=E2|f=1|sp=1|k=3|tp=A2.0|sl=6|15m,2.0751419713082365e-05,0.41335367617799434,504,1084,1.0515705744597896,0.9497001488612112,1.1320111284384768
AD|e=E2|f=1|sp=1|k=3|tp=A2.0|sl=10|15m,3.28279680471555e-05,0.4745872313036102,503,1102,0.9844960213968283,0.9971300744707153,1.233914249710408
AD|e=E2|f=1|sp=1.5|k=1|tp=MID|sl=-|15m,5.980099377884852e-06,0.2544801339279136,502,721,0.9715664163293469,1.0180882928723392,1.049008062649081
AD|e=E2|f=1|sp=1.5|k=1|tp=MID|sl=6|15m,8.402213882815605e-06,0.43729938897839826,503,718,0.9883700384134948,1.015392180531697,1.0497247241678156
AD|e=E2|f=1|sp=1.5|k=1|tp=MID|sl=10|15m,7.758617966264307e-06,0.368327686079155,502,720,0.9794221866737162,1.019958006042854,1.0502792183707987
AD|e=E2|f=1|sp=1.5|k=1|tp=A0.5|sl=-|15m,2.633078722048973e-05,0.27408316080621664,353,440,1.0301140854815556,1.0488388760808234,1.0715353387144972
AD|e=E2|f=1|sp=1.5|k=1|tp=A0.5|sl=6|15m,3.792826226714618e-06,0.22803177363553648,558,710,1.0023889798925685,0.9869913415442462,1.0344059768551241
AD|e=E2|f=1|sp=1.5|k=1|tp=A0.5|sl=10|15m,6.177686388880781e-06,0.2931076372371114,557,711,0.9859215124860856,0.9980872707161701,1.0549729201569835
AD|e=E2|f=1|sp=1.5|k=1|tp=A1.0|sl=-|15m,4.5491924390216576e-05,0.423526715039065,303,409,1.0630227571790607,1.0862374582971142,1.1229593811354728
AD|e=E2|f=1|sp=1.5|k=1|tp=A1.0|sl=6|15m,8.110564618891504e-06,0.36091420582596506,518,704,1.0171142667999487,0.9889784645070147,1.0445987792789306
AD|e=E2|f=1|sp=1.5|k=1|tp=A1.0|sl=10|15m,6.964554908037246e-06,0.23541112651943627,517,706,1.00591077345711,0.9811035067202634,1.0560744540152076
AD|e=E2|f=1|sp=1.5|k=1|tp=A2.0|sl=-|15m,2.8912334082788245e-05,0.2333233922423474,198,285,1.1152485117437438,1.0656698127214872,0.9778546340192428
AD|e=E2|f=1|sp=1.5|k=1|tp=A2.0|sl=6|15m,1.567518984785175e-05,0.5003016444120747,504,747,1.0313577031001935,1.0038850853285737,1.0628838084099677
AD|e=E2|f=1|sp=1.5|k=1|tp=A2.0|sl=10|15m,1.8428849814702384e-05,0.4671487573243022,503,749,1.0457972471364148,1.000738924849417,1.067711923449621
AD|e=E2|f=1|sp=1.5|k=2|tp=MID|sl=-|15m,4.767883116413551e-06,0.16429455584398436,502,809,0.9601471698531931,1.0248722981562537,1.04604332634885
AD|e=E2|f=1|sp=1.5|k=2|tp=MID|sl=6|15m,7.163788655124479e-06,0.31660772908513923,503,795,0.9753876639228798,1.0227816627400033,1.0476038191228039
AD|e=E2|f=1|sp=1.5|k=2|tp=MID|sl=10|15m,4.77380259812083e-06,0.17422281310901006,502,806,0.960632672454492,1.0268415462463591,1.0436087944657366
AD|e=E2|f=1|sp=1.5|k=2|tp=A0.5|sl=-|15m,3.20393324007645e-05,0.21607844023790201,360,482,1.023935985531436,1.0586412626288146,1.082421289771876
AD|e=E2|f=1|sp=1.5|k=2|tp=A0.5|sl=6|15m,2.904499937995096e-06,0.14017074860124976,558,773,0.9893753631304042,0.993184734623713,1.0352828744664904
AD|e=E2|f=1|sp=1.5|k=2|tp=A0.5|sl=10|15m,1.7614478253533935e-06,0.06128351994833922,557,779,0.9473188627659752,0.9852134415895114,1.0813387321776786
AD|e=E2|f=1|sp=1.5|k=2|tp=A1.0|sl=-|15m,5.5366796129429e-05,0.34775259865220987,320,478,1.0617939650924424,1.1158232178389014,1.135064585335576
AD|e=E2|f=1|sp=1.5|k=2|tp=A1.0|sl=6|15m,8.574080953513446e-06,0.32300517306020954,518,787,1.0169608511867854,0.9813360104276927,1.055233934444049
AD|e=E2|f=1|sp=1.5|k=2|tp=A1.0|sl=10|15m,8.27130853212649e-06,0.2224503724336508,517,797,0.9813223362796855,0.9771964079666281,1.094388324104904
AD|e=E2|f=1|sp=1.5|k=2|tp=A2.0|sl=-|15m,9.735448495962701e-05,0.556947576966299,295,506,1.1326278275426531,1.239926877967977,1.2291326281379742
AD|e=E2|f=1|sp=1.5|k=2|tp=A2.0|sl=6|15m,1.6908681427411434e-05,0.4463767025360334,504,880,1.0474712707099625,0.9909513392095387,1.0666449259441317
AD|e=E2|f=1|sp=1.5|k=2|tp=A2.0|sl=10|15m,2.731702620300635e-05,0.510540580097973,503,896,1.0185692160960884,1.0320754348670713,1.1190333363754348
AD|e=E2|f=1|sp=1.5|k=3|tp=MID|sl=-|15m,3.4845320762398773e-06,0.1071507909057004,502,849,0.9539124184679497,1.0235293902583362,1.0456053997690626
AD|e=E2|f=1|sp=1.5|k=3|tp=MID|sl=6|15m,7.1152421111788705e-06,0.29098036067663635,503,824,0.9736591976639739,1.0212045395594842,1.050622050800833
AD|e=E2|f=1|sp=1.5|k=3|tp=MID|sl=10|15m,2.031796349905922e-06,0.06188514447411833,502,842,0.952740327373379,1.0270509049953933,1.0338537882539183
AD|e=E2|f=1|sp=1.5|k=3|tp=A0.5|sl=-|15m,3.601799308861179e-05,0.17621030163671467,367,513,1.0192354857790178,1.0495960592028306,1.088777232834075
AD|e=E2|f=1|sp=1.5|k=3|tp=A0.5|sl=6|15m,-7.418507057706618e-07,-0.02938389655429445,558,804,0.9811610722058576,0.9620806988122146,1.0532076062425386
AD|e=E2|f=1|sp=1.5|k=3|tp=A0.5|sl=10|15m,1.308470135791034e-05,0.34312210022738526,557,816,0.9608344897218797,1.02809299831455,1.0940068745067963
AD|e=E2|f=1|sp=1.5|k=3|tp=A1.0|sl=-|15m,6.50178169730497e-05,0.3044120827202813,326,523,1.0536227818755537,1.1239692660572451,1.1635862195558389
AD|e=E2|f=1|sp=1.5|k=3|tp=A1.0|sl=6|15m,1.0052356980420836e-06,0.03278166145811746,518,829,1.015105167101476,0.9410940382883686,1.0512752611119909
AD|e=E2|f=1|sp=1.5|k=3|tp=A1.0|sl=10|15m,8.56068551839908e-06,0.17648911655377408,517,851,0.9832327539783826,0.9758668797415003,1.0932700836779972
AD|e=E2|f=1|sp=1.5|k=3|tp=A2.0|sl=-|15m,0.00011345428278021479,0.47751404281289334,296,559,1.138075175368938,1.2665917505878737,1.263199908023354
AD|e=E2|f=1|sp=1.5|k=3|tp=A2.0|sl=6|15m,2.3641074638249245e-05,0.5304855128372583,504,950,1.0732602541757983,0.9859730189872717,1.0886766270251107
AD|e=E2|f=1|sp=1.5|k=3|tp=A2.0|sl=10|15m,3.768344767224978e-05,0.5662715424954854,503,987,1.0465077992478369,1.0440997838691137,1.1430246651399758
AD|e=E2|f=1|sp=2|k=1|tp=MID|sl=-|15m,4.399902752238282e-06,0.19673996775944616,502,681,0.9716629216248446,1.0080846406077129,1.0491591930164403
AD|e=E2|f=1|sp=2|k=1|tp=MID|sl=6|15m,6.7463635287663846e-06,0.3844269077035793,503,676,0.9860914324461889,1.0034315273742844,1.054026097858181
AD|e=E2|f=1|sp=2|k=1|tp=MID|sl=10|15m,5.904208402201656e-06,0.2975495168597374,502,679,0.9775725855067265,1.0102298100694884,1.050430531873291
AD|e=E2|f=1|sp=2|k=1|tp=A0.5|sl=-|15m,2.656057153972919e-05,0.2765177624013651,354,431,1.025323290118428,1.0588640908305964,1.0675350987673515
AD|e=E2|f=1|sp=2|k=1|tp=A0.5|sl=6|15m,3.739025702115219e-06,0.22902985008515514,558,688,1.0074056913276654,0.9907862761593793,1.0250298966652494
AD|e=E2|f=1|sp=2|k=1|tp=A0.5|sl=10|15m,7.927760649984706e-06,0.3718029161219874,557,690,0.9961748775879747,1.004617227705727,1.0485733138697384
AD|e=E2|f=1|sp=2|k=1|tp=A1.0|sl=-|15m,4.094521246206071e-05,0.3832393125681431,305,395,1.0530056138372117,1.0867067499456133,1.1018903100253377
AD|e=E2|f=1|sp=2|k=1|tp=A1.0|sl=6|15m,4.65993144921995e-06,0.2213113493811475,518,678,1.0038170215466387,0.9714392333976484,1.0550525519228457
AD|e=E2|f=1|sp=2|k=1|tp=A1.0|sl=10|15m,7.518865773331762e-06,0.2657502545651826,517,681,0.9970991365251176,0.9649036340622353,1.0872782181645964
AD|e=E2|f=1|sp=2|k=1|tp=A2.0|sl=-|15m,5.807668395984715e-05,0.49426606498521075,243,335,1.1082899239852104,1.0634463958842615,1.1844916838678197
AD|e=E2|f=1|sp=2|k=1|tp=A2.0|sl=6|15m,1.4500285218534419e-05,0.5082158354600187,503,718,1.0406062330700698,0.978628643099143,1.073141294735855
AD|e=E2|f=1|sp=2|k=1|tp=A2.0|sl=10|15m,1.6999012226175338e-05,0.4479279453844143,502,722,1.0308383023970173,0.9836773761028399,1.0925106636569293
AD|e=E2|f=1|sp=2|k=2|tp=MID|sl=-|15m,3.2644067815242265e-06,0.12102869419002037,502,744,0.9644176977440757,1.0070998418591526,1.0502849532120189
AD|e=E2|f=1|sp=2|k=2|tp=MID|sl=6|15m,4.442719282270655e-06,0.2200559122047597,503,725,0.9684562603908795,1.0063739780140113,1.0547196595267234
AD|e=E2|f=1|sp=2|k=2|tp=MID|sl=10|15m,2.5929203233762604e-06,0.1022318866039145,502,739,0.9640160075853883,1.005754693469861,1.0478405494855767
AD|e=E2|f=1|sp=2|k=2|tp=A0.5|sl=-|15m,3.090734024066073e-05,0.2090973297510812,359,464,1.0186642653707778,1.0609425205277152,1.0776597732903126
AD|e=E2|f=1|sp=2|k=2|tp=A0.5|sl=6|15m,4.737544675766597e-06,0.23376206814170605,558,733,0.9894697129975609,1.0092822344452683,1.0303517478220712
AD|e=E2|f=1|sp=2|k=2|tp=A0.5|sl=10|15m,8.274337203365822e-06,0.3001460311509187,557,743,0.960313195768884,1.0339998803441959,1.058272983886434
AD|e=E2|f=1|sp=2|k=2|tp=A1.0|sl=-|15m,4.9084796576553755e-05,0.302846620110136,312,445,1.0479363074368342,1.0964355853134466,1.1224491108538928
AD|e=E2|f=1|sp=2|k=2|tp=A1.0|sl=6|15m,-3.13178463236096e-06,-0.12677589146338533,518,738,0.9881273430344517,0.9649824460452155,1.027586289877798
AD|e=E2|f=1|sp=2|k=2|tp=A1.0|sl=10|15m,7.706354034074519e-07,0.020834986946817458,517,754,0.9720725408173806,0.963451953018937,1.0699648933192938
AD|e=E2|f=1|sp=2|k=2|tp=A2.0|sl=-|15m,9.11637317792922e-05,0.5253372152229046,295,475,1.1152558561071997,1.2215925820728297,1.2207153848194763
AD|e=E2|f=1|sp=2|k=2|tp=A2.0|sl=6|15m,1.0422079910508931e-05,0.29056119462011165,503,812,1.024686321727417,0.9912855389854602,1.0474776897553124
AD|e=E2|f=1|sp=2|k=2|tp=A2.0|sl=10|15m,2.4183404877996474e-05,0.47196409441327347,502,836,1.0057053786852204,1.0164315883031125,1.12941981597029
AD|e=E2|f=1|sp=2|k=3|tp=MID|sl=-|15m,1.5464278514994401e-06,0.051605071873515346,502,769,0.9575569331947044,1.0059395083372544,1.047595059386276
AD|e=E2|f=1|sp=2|k=3|tp=MID|sl=6|15m,6.709707274132718e-06,0.31992882879203743,503,737,0.9801640191492098,1.0074883544398345,1.0556099370081842
AD|e=E2|f=1|sp=2|k=3|tp=MID|sl=10|15m,-7.581373838718099e-07,-0.024840197772729333,502,761,0.9511747719108126,1.0095339829226129,1.0358210859869295
AD|e=E2|f=1|sp=2|k=3|tp=A0.5|sl=-|15m,3.4091218363714225e-05,0.17025706967401527,373,497,1.0146345770434253,1.0519317986016763,1.083110765983693
AD|e=E2|f=1|sp=2|k=3|tp=A0.5|sl=6|15m,4.926676842205261e-06,0.21818079145093622,558,747,0.9973284396944784,1.0082513770027859,1.0241851503802153
AD|e=E2|f=1|sp=2|k=3|tp=A0.5|sl=10|15m,1.3345670612227042e-05,0.40156550142532615,557,773,0.9771133612155494,1.0534123759999012,1.052723563303653
AD|e=E2|f=1|sp=2|k=3|tp=A1.0|sl=-|15m,5.9722321335201776e-05,0.28117390825729377,328,501,1.047008930564748,1.0958201240849654,1.163606763389752
AD|e=E2|f=1|sp=2|k=3|tp=A1.0|sl=6|15m,-4.5910116752847656e-06,-0.16901690353225973,518,760,1.0021200918653823,0.9566390002959643,1.0125058007292254
AD|e=E2|f=1|sp=2|k=3|tp=A1.0|sl=10|15m,5.771708828195193e-06,0.12678268735009948,517,800,1.0066781312139115,0.9336961556856577,1.0975756359908535
AD|e=E2|f=1|sp=2|k=3|tp=A2.0|sl=-|15m,0.00010783062378967116,0.48352778195732227,302,533,1.1170147411098588,1.242529985911823,1.2787069632997539
AD|e=E2|f=1|sp=2|k=3|tp=A2.0|sl=6|15m,3.158879831519187e-05,0.8322159228494853,503,847,1.0437348821032364,1.0094802835912933,1.1500250428663046
AD|e=E2|f=1|sp=2|k=3|tp=A2.0|sl=10|15m,3.746750350525532e-05,0.6239598192423884,502,907,1.0161978897897976,0.9936991463343592,1.2382942918564195
AD|e=E1|f=0|sp=-|k=0|tp=MID|sl=-|1h,-2.7182585030934624e-05,-0.35889728422566564,2706,2706,0.9474803018273912,0.948114876867909,0.9323418982923652
AD|e=E1|f=0|sp=-|k=0|tp=MID|sl=6|1h,-5.477570370337576e-05,-0.6862620231259879,3046,3046,0.8853979569074801,0.9108785794040474,0.8749199775423397
AD|e=E1|f=0|sp=-|k=0|tp=MID|sl=10|1h,-4.181046458371615e-05,-0.5272081632993864,2836,2836,0.9124070949862065,0.9168089962010066,0.913855176199842
AD|e=E1|f=0|sp=-|k=0|tp=A0.5|sl=-|1h,3.2952204536179967e-06,0.03951811596695612,237,237,1.0299792103441519,0.9972352051620701,0.9834657025602245
AD|e=E1|f=0|sp=-|k=0|tp=A0.5|sl=6|1h,-5.2782446502695986e-05,-0.6839411128555324,3132,3132,0.9099567908269257,0.8779914241577076,0.8942136130068574
AD|e=E1|f=0|sp=-|k=0|tp=A0.5|sl=10|1h,-3.7699771167019165e-05,-0.42368869402548975,2539,2539,0.9056112247642655,0.9242847850682256,0.9337648784414617
AD|e=E1|f=0|sp=-|k=0|tp=A1.0|sl=-|1h,-6.998848040872185e-07,-0.008459514561631803,138,138,1.0170006221878698,1.0039704965325815,0.9652560449171976
AD|e=E1|f=0|sp=-|k=0|tp=A1.0|sl=6|1h,-1.1930101261208878e-05,-0.13514804504038835,2611,2611,0.9280148932028084,0.9586502417270677,1.0302834704850798
AD|e=E1|f=0|sp=-|k=0|tp=A1.0|sl=10|1h,-1.5498121418362757e-05,-0.15291778015214413,2009,2009,0.9874844008891437,0.9388688946061123,0.9633945292633685
AD|e=E1|f=0|sp=-|k=0|tp=A2.0|sl=-|1h,9.228587713694994e-07,0.011084427567983182,81,81,1.027362988384243,1.0141572867253759,0.9552527143152673
AD|e=E1|f=0|sp=-|k=0|tp=A2.0|sl=6|1h,-1.6847462514379775e-05,-0.15439336665271178,1904,1904,0.8854560766082996,1.0065956026890392,0.9912284657076763
AD|e=E1|f=0|sp=-|k=0|tp=A2.0|sl=10|1h,-7.560551582321716e-06,-0.06656603895957085,1325,1325,0.9650477088769635,0.9966702024770795,0.9714678060167746
AD|e=E1|f=0|sp=0.5|k=1|tp=MID|sl=-|1h,-3.2333715869475695e-05,-0.23848038741142577,2706,4343,0.9433761475052991,0.9278088027693665,0.9074691029986925
AD|e=E1|f=0|sp=0.5|k=1|tp=MID|sl=6|1h,-6.569013234988659e-05,-0.5072605418046718,2972,4758,0.8787644638877059,0.8908845916551342,0.827940283837958
AD|e=E1|f=0|sp=0.5|k=1|tp=MID|sl=10|1h,-7.208042005957432e-05,-0.507099953390276,2805,4511,0.9044831766094602,0.8630604064904026,0.7932592195292414
AD|e=E1|f=0|sp=0.5|k=1|tp=A0.5|sl=-|1h,1.5230555376571354e-05,0.09046289153231683,345,503,1.1002084181762986,0.99237939888775,0.9647086143935336
AD|e=E1|f=0|sp=0.5|k=1|tp=A0.5|sl=6|1h,-9.770464801850424e-05,-0.7396647324360707,3194,4593,0.8357232365617292,0.7950003719768727,0.79862674619355
AD|e=E1|f=0|sp=0.5|k=1|tp=A0.5|sl=10|1h,-0.0001142243172913106,-0.6894207294570568,2617,3759,0.9159352269504317,0.7006084587316207,0.733288958266737
AD|e=E1|f=0|sp=0.5|k=1|tp=A1.0|sl=-|1h,1.6744574060031425e-05,0.09668313840550989,213,335,1.077405060473683,1.0116813336989257,0.9728688754371666
AD|e=E1|f=0|sp=0.5|k=1|tp=A1.0|sl=6|1h,-2.7827472932990167e-05,-0.1839660826487082,2635,4079,0.948544330981072,0.972077342850587,0.8767782795359805
AD|e=E1|f=0|sp=0.5|k=1|tp=A1.0|sl=10|1h,-5.47203529130064e-05,-0.29129252081133294,2068,3213,0.8900448671479091,0.8093040151179266,0.9319546098431336
AD|e=E1|f=0|sp=0.5|k=1|tp=A2.0|sl=-|1h,5.4663655448167645e-06,0.03168142009174267,88,149,1.0379759042440067,1.0171414629809634,0.9371678199771374
AD|e=E1|f=0|sp=0.5|k=1|tp=A2.0|sl=6|1h,4.604846712396433e-06,0.024820849437241683,1946,3271,1.1047492420960305,1.0030952349113138,0.8764147731841285
AD|e=E1|f=0|sp=0.5|k=1|tp=A2.0|sl=10|1h,-2.5666543616679556e-05,-0.11987418324377876,1442,2437,1.0387890931842814,0.9582261514422477,0.7934852113995785
AD|e=E1|f=0|sp=0.5|k=2|tp=MID|sl=-|1h,-1.957608738163842e-05,-0.10823902379141276,2706,5379,0.9701796687977217,0.9259886825359324,0.9327385718289586
AD|e=E1|f=0|sp=0.5|k=2|tp=MID|sl=6|1h,-7.860503254486671e-05,-0.4515438805548912,2929,5791,0.8923415698657697,0.8932720993711626,0.7326906062729264
AD|e=E1|f=0|sp=0.5|k=2|tp=MID|sl=10|1h,-8.53420924271586e-05,-0.4240772690848396,2789,5549,0.9045114794242477,0.8287334410520761,0.7336644107322775
AD|e=E1|f=0|sp=0.5|k=2|tp=A0.5|sl=-|1h,2.9149511222069087e-05,0.11382149973261266,433,744,1.1419960570794045,0.9380821406270148,1.013055882879535
AD|e=E1|f=0|sp=0.5|k=2|tp=A0.5|sl=6|1h,-0.00012249971375869433,-0.6702306538956874,3223,5433,0.8702305360782691,0.6874628402904035,0.7376073821963594
AD|e=E1|f=0|sp=0.5|k=2|tp=A0.5|sl=10|1h,-0.00015326469439185742,-0.688833378633424,2802,4738,0.909358004370297,0.666904948096535,0.583360232350755
AD|e=E1|f=0|sp=0.5|k=2|tp=A1.0|sl=-|1h,3.716390733676077e-05,0.14061446715244838,264,507,1.1723048408801957,1.0246216299528448,0.9435131113566204
AD|e=E1|f=0|sp=0.5|k=2|tp=A1.0|sl=6|1h,-1.1261725851852896e-05,-0.053827413856746414,2653,5014,1.0013468467244555,0.9145721374782737,0.9414328548173678
AD|e=E1|f=0|sp=0.5|k=2|tp=A1.0|sl=10|1h,-9.558279868124181e-05,-0.3702755800604876,2106,3983,0.9350784488194611,0.9076634684925976,0.5798729422819245
AD|e=E1|f=0|sp=0.5|k=2|tp=A2.0|sl=-|1h,6.384872084091655e-06,0.0239031923444952,103,228,1.0472423129800539,1.0017683123118946,0.8920705454240072
AD|e=E1|f=0|sp=0.5|k=2|tp=A2.0|sl=6|1h,-8.585164922695016e-06,-0.033304655753527625,1953,4272,1.160451742627159,0.9144474174840579,0.7977952183581706
AD|e=E1|f=0|sp=0.5|k=2|tp=A2.0|sl=10|1h,8.166050887179472e-07,0.002742511344484239,1504,3274,1.138176906637079,0.9865545379037898,0.7714181963622196
AD|e=E1|f=0|sp=0.5|k=3|tp=MID|sl=-|1h,-5.7217027623799e-07,-0.0026433547161728954,2706,6020,0.9866310312084307,0.9394405393326806,0.9897973239324721
AD|e=E1|f=0|sp=0.5|k=3|tp=MID|sl=6|1h,-7.660448654279314e-05,-0.36785942020814444,2900,6375,0.932296223235258,0.8751316204199086,0.7084450076582102
AD|e=E1|f=0|sp=0.5|k=3|tp=MID|sl=10|1h,-7.81338106343413e-05,-0.33322894920800383,2768,6153,0.9480279403545561,0.7320885066844438,0.8023212009997462
AD|e=E1|f=0|sp=0.5|k=3|tp=A0.5|sl=-|1h,6.054695772299097e-05,0.17482925349069595,534,992,1.2032672560690152,1.010678323249302,0.9964325634795715
AD|e=E1|f=0|sp=0.5|k=3|tp=A0.5|sl=6|1h,-0.00013215172524647667,-0.6090230356127339,3264,5994,0.7489749453676497,0.7428966931519758,0.7277099588130973
AD|e=E1|f=0|sp=0.5|k=3|tp=A0.5|sl=10|1h,-0.0002182641528015838,-0.812075505128709,2824,5258,0.7104649660921342,0.600246194601411,0.5283793346439626
AD|e=E1|f=0|sp=0.5|k=3|tp=A1.0|sl=-|1h,6.640347500411087e-05,0.18445446020172795,315,673,1.2055912843143406,0.9731140419088427,1.0576588866286718
AD|e=E1|f=0|sp=0.5|k=3|tp=A1.0|sl=6|1h,-1.6316236715653167e-05,-0.06284969588581454,2626,5570,1.0273532564798582,0.8059841881058374,0.9651250510780747
AD|e=E1|f=0|sp=0.5|k=3|tp=A1.0|sl=10|1h,-0.00016908912265639639,-0.535769442693723,2127,4575,0.8259652495171537,0.779358016909905,0.45429659489891433
AD|e=E1|f=0|sp=0.5|k=3|tp=A2.0|sl=-|1h,2.6973386904512278e-05,0.0734656155492764,132,335,1.131692527760482,1.0112169125158776,0.8449610682469367
AD|e=E1|f=0|sp=0.5|k=3|tp=A2.0|sl=6|1h,4.1668981775859444e-05,0.12625615150264857,1875,4769,1.3622822363809401,0.9308480782760866,0.8449069076765146
AD|e=E1|f=0|sp=0.5|k=3|tp=A2.0|sl=10|1h,-7.285739525507194e-05,-0.20096581189690485,1436,3674,0.8527106278988049,0.912947914519043,0.6613838485611608
AD|e=E1|f=0|sp=1|k=1|tp=MID|sl=-|1h,-2.7692590832387005e-05,-0.21393100454456082,2706,4045,0.9485555237098047,0.9163928162107534,0.9431635504108391
AD|e=E1|f=0|sp=1|k=1|tp=MID|sl=6|1h,-5.623248149944319e-05,-0.4589100273907482,2960,4414,0.9001534508069772,0.8899991409051905,0.8606803458440984
AD|e=E1|f=0|sp=1|k=1|tp=MID|sl=10|1h,-6.818075702431274e-05,-0.49379695936277934,2800,4192,0.9060696366448862,0.8440562939809018,0.8314476351110384
AD|e=E1|f=0|sp=1|k=1|tp=A0.5|sl=-|1h,1.7387909088081643e-05,0.10461396689928051,393,528,1.105181547298917,0.9749316254561526,0.9914162541970978
AD|e=E1|f=0|sp=1|k=1|tp=A0.5|sl=6|1h,-9.318671201858785e-05,-0.7449887419843246,3207,4338,0.9259776521376416,0.7784548592329792,0.7592984150960221
AD|e=E1|f=0|sp=1|k=1|tp=A0.5|sl=10|1h,-9.584042974080692e-05,-0.6142923951453874,2684,3633,0.9626720429576089,0.8112940822943562,0.678437052600604
AD|e=E1|f=0|sp=1|k=1|tp=A1.0|sl=-|1h,1.9764260615257242e-05,0.11443802735271559,231,340,1.0886264960320857,1.0125830442259889,0.9804690431444137
AD|e=E1|f=0|sp=1|k=1|tp=A1.0|sl=6|1h,-3.991751876316795e-05,-0.2718111474137276,2628,3831,0.9548992023935484,0.8730747909319474,0.9026236435326708
AD|e=E1|f=0|sp=1|k=1|tp=A1.0|sl=10|1h,-5.481293966880799e-05,-0.3010534215421753,2050,2986,0.9033460484548758,0.8560529299034709,0.8707452568788254
AD|e=E1|f=0|sp=1|k=1|tp=A2.0|sl=-|1h,1.5333793745834995e-06,0.008908271101330249,93,149,1.0369392744682606,1.0015360422695623,0.9302076024303497
AD|e=E1|f=0|sp=1|k=1|tp=A2.0|sl=6|1h,-3.761820112012956e-05,-0.21164709691830433,1935,3091,1.120157152408823,0.8422101263000784,0.7973299501538642
AD|e=E1|f=0|sp=1|k=1|tp=A2.0|sl=10|1h,-1.1014302187078144e-05,-0.05366476664591367,1393,2237,1.0733506604782868,0.9689024397249921,0.8372640802685005
AD|e=E1|f=0|sp=1|k=2|tp=MID|sl=-|1h,-1.7757582466256782e-05,-0.1064640254696752,2706,4723,0.9768046130523954,0.8952468272635815,0.9769111867744912
AD|e=E1|f=0|sp=1|k=2|tp=MID|sl=6|1h,-7.725300814509182e-05,-0.48336868263496724,2914,5029,0.9090672777656259,0.812575094185236,0.8046279737449987
AD|e=E1|f=0|sp=1|k=2|tp=MID|sl=10|1h,-7.181732708178575e-05,-0.3961700107462962,2773,4840,0.9528290645338022,0.7923202839568326,0.8028560900497632
AD|e=E1|f=0|sp=1|k=2|tp=A0.5|sl=-|1h,3.841305468975597e-05,0.15289722322923724,504,772,1.1790304112529189,0.9651140292908152,1.012497894425455
AD|e=E1|f=0|sp=1|k=2|tp=A0.5|sl=6|1h,-0.00012195864634843872,-0.7166699238215017,3217,4906,0.8840008648516611,0.7395551690115278,0.6822158709826815
AD|e=E1|f=0|sp=1|k=2|tp=A0.5|sl=10|1h,-0.00017012611876500463,-0.8007720007113598,2762,4253,0.8949795342245085,0.6679298152191043,0.5374152147270423
AD|e=E1|f=0|sp=1|k=2|tp=A1.0|sl=-|1h,4.2677669804423756e-05,0.16262336544348216,293,509,1.158888433516992,1.0203363647435062,0.9921146082023923
AD|e=E1|f=0|sp=1|k=2|tp=A1.0|sl=6|1h,-7.739188314226856e-06,-0.03918046985507151,2626,4485,1.0777459243829086,0.8552224577560468,0.9619643274012496
AD|e=E1|f=0|sp=1|k=2|tp=A1.0|sl=10|1h,-9.981416754056397e-05,-0.40628601248880236,2105,3646,0.9254728146149731,0.8766641499480398,0.5976565924348954
AD|e=E1|f=0|sp=1|k=2|tp=A2.0|sl=-|1h,3.917456911420664e-06,0.014710527566199477,106,216,1.042933679639367,1.0037636122495202,0.8810843100234422
AD|e=E1|f=0|sp=1|k=2|tp=A2.0|sl=6|1h,-5.200890111672506e-05,-0.21620401070729678,1885,3740,1.1591208471007002,0.8252015044526292,0.685722138596041
AD|e=E1|f=0|sp=1|k=2|tp=A2.0|sl=10|1h,-3.9304414971408894e-05,-0.1370142802438472,1432,2865,0.8670053740425337,0.9538699652486669,0.8264277978857298
AD|e=E1|f=0|sp=1|k=3|tp=MID|sl=-|1h,-1.8266159747893256e-06,-0.009389862365334413,2706,5086,0.9838263800744264,0.9356782490811368,1.0040964983328096
AD|e=E1|f=0|sp=1|k=3|tp=MID|sl=6|1h,-5.961178398999136e-05,-0.32630043764924266,2881,5302,0.9226849653455167,0.920978624702201,0.7678190050976247
AD|e=E1|f=0|sp=1|k=3|tp=MID|sl=10|1h,-4.3812226365672605e-05,-0.21763403832843062,2755,5158,0.934688369275775,0.8097643039488803,0.938382548929197
AD|e=E1|f=0|sp=1|k=3|tp=A0.5|sl=-|1h,5.695700989438518e-05,0.1671934219717456,567,938,1.1793528381164469,0.9774783912661594,1.0352716831521935
AD|e=E1|f=0|sp=1|k=3|tp=A0.5|sl=6|1h,-0.00017840183667069468,-0.8743085312222704,3182,5155,0.7156332221186159,0.7322047805240235,0.5855555558335793
AD|e=E1|f=0|sp=1|k=3|tp=A0.5|sl=10|1h,-0.00012717511239397262,-0.4805744509818041,2774,4579,0.7611761462356256,0.6203955832718759,0.84481654501998
AD|e=E1|f=0|sp=1|k=3|tp=A1.0|sl=-|1h,7.217380013597956e-05,0.20262194924666482,356,678,1.193587186895077,1.0244745837475475,1.0539347853883332
AD|e=E1|f=0|sp=1|k=3|tp=A1.0|sl=6|1h,-2.0129116638229877e-05,-0.08503186718668905,2605,4852,0.9302165314258958,1.03659087454801,0.8257951669207304
AD|e=E1|f=0|sp=1|k=3|tp=A1.0|sl=10|1h,-1.510595169657908e-05,-0.04966092580250588,2120,4030,0.897998350732463,0.8191500841508844,1.0427066360648778
AD|e=E1|f=0|sp=1|k=3|tp=A2.0|sl=-|1h,2.2980269006911182e-05,0.06258183628758814,122,294,1.0877738720808712,0.9994154472361633,0.8683200303446212
AD|e=E1|f=0|sp=1|k=3|tp=A2.0|sl=6|1h,9.2634219657068e-06,0.03107573395395733,1832,4113,1.1371101292359571,1.1901731594162237,0.6702234575899058
AD|e=E1|f=0|sp=1|k=3|tp=A2.0|sl=10|1h,-4.906275173514618e-06,-0.013734076810027907,1422,3259,0.9708618111529488,0.9588035960258849,0.8382651943028463
AD|e=E1|f=0|sp=1.5|k=1|tp=MID|sl=-|1h,-1.84051879066122e-05,-0.1485502509347091,2706,3811,0.9693625878045751,0.9401888939478459,0.9545990201887145
AD|e=E1|f=0|sp=1.5|k=1|tp=MID|sl=6|1h,-4.831768911759145e-05,-0.41627266119332124,2952,4129,0.9314774702150851,0.9042381744849483,0.8616536371403076
AD|e=E1|f=0|sp=1.5|k=1|tp=MID|sl=10|1h,-5.470850330809093e-05,-0.4114172350094768,2794,3938,0.9450671244179035,0.87759294240648,0.8351616575659029
AD|e=E1|f=0|sp=1.5|k=1|tp=A0.5|sl=-|1h,1.8070407929678133e-05,0.1083223499670473,396,511,1.1192504185312155,0.972098071654165,0.986015034519908
AD|e=E1|f=0|sp=1.5|k=1|tp=A0.5|sl=6|1h,-8.338534835165591e-05,-0.6832926990842559,3161,4091,0.9497544780791849,0.7661191250618641,0.8000216671472505
AD|e=E1|f=0|sp=1.5|k=1|tp=A0.5|sl=10|1h,-7.614958976882903e-05,-0.4949710071937245,2652,3458,0.9754540236070748,0.8072722877279649,0.7616352824874304
AD|e=E1|f=0|sp=1.5|k=1|tp=A1.0|sl=-|1h,1.766535533143354e-05,0.10282793484857693,236,327,1.1000889385831278,0.997936636878597,0.9723295358412195
AD|e=E1|f=0|sp=1.5|k=1|tp=A1.0|sl=6|1h,-3.8531613955606435e-05,-0.2667774707619736,2590,3583,1.0203579030889434,0.8563129497429364,0.8697125345931327
AD|e=E1|f=0|sp=1.5|k=1|tp=A1.0|sl=10|1h,-6.730945542829466e-05,-0.37461145419592384,2025,2809,0.9392912940551964,0.9330136535979733,0.7121644698273106
AD|e=E1|f=0|sp=1.5|k=1|tp=A2.0|sl=-|1h,4.674331234645896e-06,0.027089607265718275,98,154,1.0487107182236466,1.0069723079188666,0.9324067349695971
AD|e=E1|f=0|sp=1.5|k=1|tp=A2.0|sl=6|1h,-1.97267565413047e-05,-0.11364003534213182,1889,2895,1.0894730270883506,0.9043117270997226,0.8545670246230725
AD|e=E1|f=0|sp=1.5|k=1|tp=A2.0|sl=10|1h,-2.850639714475751e-05,-0.14062805190381597,1375,2113,1.0457099663602547,0.9813241778431311,0.7637180361990115
AD|e=E1|f=0|sp=1.5|k=2|tp=MID|sl=-|1h,-3.1014838163404094e-06,-0.020100570116081018,2706,4276,0.9746285730449953,0.9464282669253726,1.020175264488181
AD|e=E1|f=0|sp=1.5|k=2|tp=MID|sl=6|1h,-5.638865127461827e-05,-0.3828400186451534,2899,4493,0.8954943263394004,0.9036180564143027,0.8406089149738731
AD|e=E1|f=0|sp=1.5|k=2|tp=MID|sl=10|1h,-4.673125034228749e-05,-0.28681272824686627,2763,4357,0.9237810492450379,0.8391479383507954,0.921462812421663
AD|e=E1|f=0|sp=1.5|k=2|tp=A0.5|sl=-|1h,3.0441791425209844e-05,0.11971987273283748,491,711,1.1544462654116143,0.9283745862193455,1.0218309374112586
AD|e=E1|f=0|sp=1.5|k=2|tp=A0.5|sl=6|1h,-9.970657525139963e-05,-0.6178656281626126,3136,4473,0.8638689491555613,0.826034988731878,0.7212429958053185
AD|e=E1|f=0|sp=1.5|k=2|tp=A0.5|sl=10|1h,-0.0001433760342088765,-0.7016123705000136,2665,3896,0.8649388636855019,0.7074849245922241,0.6243221362187473
AD|e=E1|f=0|sp=1.5|k=2|tp=A1.0|sl=-|1h,3.309261581872823e-05,0.12704210821401193,294,470,1.1425821268654448,0.9524064104804711,1.0184789081720549
AD|e=E1|f=0|sp=1.5|k=2|tp=A1.0|sl=6|1h,-7.468015616373606e-07,-0.00404320039531178,2595,4084,1.0428519175333582,0.9876872001966229,0.9082065409847918
AD|e=E1|f=0|sp=1.5|k=2|tp=A1.0|sl=10|1h,-4.568537520831772e-05,-0.19741936604196295,2121,3422,0.9866884123535291,0.8699301041725142,0.7966990881785007
AD|e=E1|f=0|sp=1.5|k=2|tp=A2.0|sl=-|1h,1.3841236653776633e-05,0.05179126584199333,115,224,1.0813905002119137,0.9976193148392253,0.9085254891755887
AD|e=E1|f=0|sp=1.5|k=2|tp=A2.0|sl=6|1h,7.133113053368042e-06,0.030947065515721284,1818,3332,1.2056710121314311,1.0460446332212308,0.7562205912546909
AD|e=E1|f=0|sp=1.5|k=2|tp=A2.0|sl=10|1h,-4.649349144884499e-05,-0.17156566433293513,1394,2598,1.0146977278926368,0.8989701844146738,0.7258182748078812
AD|e=E1|f=0|sp=1.5|k=3|tp=MID|sl=-|1h,6.218031833297144e-06,0.03610262628372628,2706,4483,0.9855501867884682,0.9641266270313205,1.0349501640598935
AD|e=E1|f=0|sp=1.5|k=3|tp=MID|sl=6|1h,-5.2650836378735e-05,-0.32206143195887116,2878,4613,0.9409430429542601,0.9171225583625491,0.7980169654501407
AD|e=E1|f=0|sp=1.5|k=3|tp=MID|sl=10|1h,-4.604194744592092e-05,-0.2523439973332546,2749,4530,0.908660353171697,0.8332505249333929,0.9345481723223179
AD|e=E1|f=0|sp=1.5|k=3|tp=A0.5|sl=-|1h,4.626357295954723e-05,0.13284728218155278,525,809,1.1430486783649274,0.9096530616246302,1.0668076454402844
AD|e=E1|f=0|sp=1.5|k=3|tp=A0.5|sl=6|1h,-0.00016538558622080537,-0.8904494788907368,3087,4604,0.7918738627845282,0.7855838416080332,0.5419698630318484
AD|e=E1|f=0|sp=1.5|k=3|tp=A0.5|sl=10|1h,-0.00016315579558233014,-0.6260762972582267,2636,4052,0.8249313192467683,0.6337446782372321,0.6168236610600293
AD|e=E1|f=0|sp=1.5|k=3|tp=A1.0|sl=-|1h,5.028259134434198e-05,0.14115664412053636,346,602,1.2011996943951109,0.9259068027230924,1.0104056686392358
AD|e=E1|f=0|sp=1.5|k=3|tp=A1.0|sl=6|1h,-5.3878045468824074e-05,-0.25030244562242043,2537,4242,0.9119272585604297,1.0557857595204987,0.6833146659137009
AD|e=E1|f=0|sp=1.5|k=3|tp=A1.0|sl=10|1h,-2.1289234916566637e-05,-0.07247579377400654,2080,3602,0.9445040820524381,0.7139671395565661,1.1130728466246682
AD|e=E1|f=0|sp=1.5|k=3|tp=A2.0|sl=-|1h,4.5607026320173694e-05,0.12386191230624766,161,346,1.1733600278700334,0.9852774501911192,0.9368062435941781
AD|e=E1|f=0|sp=1.5|k=3|tp=A2.0|sl=6|1h,-4.3695729354890476e-05,-0.17047516280989697,1824,3623,1.1022571021691216,1.0055764080778016,0.6151619325273197
AD|e=E1|f=0|sp=1.5|k=3|tp=A2.0|sl=10|1h,1.0009812179784264e-05,0.029376352805883993,1377,2843,1.1050480146295583,0.7650211522611345,1.0327287780505239
AD|e=E1|f=0|sp=2|k=1|tp=MID|sl=-|1h,-1.3938909194199812e-05,-0.11754716778984528,2706,3614,0.9707459638104755,0.944543632946745,0.9771270984569
AD|e=E1|f=0|sp=2|k=1|tp=MID|sl=6|1h,-5.186949399739807e-05,-0.4636170252107356,2938,3873,0.9303396501982673,0.885609642496147,0.8627643452530019
AD|e=E1|f=0|sp=2|k=1|tp=MID|sl=10|1h,-5.0913016345123624e-05,-0.39571722254307073,2788,3719,0.9608301500908372,0.8669756345381948,0.851906102685335
AD|e=E1|f=0|sp=2|k=1|tp=A0.5|sl=-|1h,2.3486470572269815e-05,0.1409257908499754,423,533,1.1269460413270649,0.9687375649981848,1.0160472705764374
AD|e=E1|f=0|sp=2|k=1|tp=A0.5|sl=6|1h,-5.616345922769225e-05,-0.46189975822452345,3126,3919,0.9647381411689495,0.8257621259175927,0.8640765953767708
AD|e=E1|f=0|sp=2|k=1|tp=A0.5|sl=10|1h,-7.172302333947123e-05,-0.4783048062813544,2654,3362,1.01255529015975,0.8616118939717751,0.7074626802518191
AD|e=E1|f=0|sp=2|k=1|tp=A1.0|sl=-|1h,2.1656194586268706e-05,0.12903405085519587,261,354,1.1165664102598893,1.0098154402649226,0.9716968330348387
AD|e=E1|f=0|sp=2|k=1|tp=A1.0|sl=6|1h,-1.435104759445778e-05,-0.10107153472588032,2584,3448,1.08333100435036,0.8544383180275873,0.953598412474218
AD|e=E1|f=0|sp=2|k=1|tp=A1.0|sl=10|1h,-4.5282088125931646e-05,-0.26103027417191355,2018,2713,0.9657590133892617,0.9853929967738263,0.7539547403665302
AD|e=E1|f=0|sp=2|k=1|tp=A2.0|sl=-|1h,6.832229286504546e-06,0.03964104652980253,101,151,1.042605367074307,1.026067710591167,0.9328704892926148
AD|e=E1|f=0|sp=2|k=1|tp=A2.0|sl=6|1h,-1.2529286557017059e-05,-0.07449777969174505,1833,2701,1.0502278684113386,0.9958008801970092,0.8437299556878075
AD|e=E1|f=0|sp=2|k=1|tp=A2.0|sl=10|1h,-3.005359004467275e-05,-0.15204721536554686,1377,2034,0.9183303557291683,1.0118610741119012,0.837336158898751
AD|e=E1|f=0|sp=2|k=2|tp=MID|sl=-|1h,-5.310835282894068e-06,-0.03713192581395951,2706,3933,0.9885552520601056,0.9354040303056035,1.0090570932351586
AD|e=E1|f=0|sp=2|k=2|tp=MID|sl=6|1h,-6.000696815425648e-05,-0.4414192798274227,2896,4087,0.8929900906166297,0.9101332877332708,0.8224537620472657
AD|e=E1|f=0|sp=2|k=2|tp=MID|sl=10|1h,-3.463167076197831e-05,-0.23286783902875635,2755,3984,0.9421067641489708,0.8559155885471558,0.9630503974194554
AD|e=E1|f=0|sp=2|k=2|tp=A0.5|sl=-|1h,4.511747522710359e-05,0.17799300093440815,538,744,1.160564160931722,0.9522122605733642,1.0856449265936898
AD|e=E1|f=0|sp=2|k=2|tp=A0.5|sl=6|1h,-0.00010507574674659519,-0.6858460975525486,3060,4143,0.8352105361160815,0.8988383056726443,0.6674061534378507
AD|e=E1|f=0|sp=2|k=2|tp=A0.5|sl=10|1h,-0.00012423616902986599,-0.6005950179916584,2571,3564,0.8600374355724179,0.5755680944424171,0.8662798555988954
AD|e=E1|f=0|sp=2|k=2|tp=A1.0|sl=-|1h,5.31052132731983e-05,0.20569050808940095,348,539,1.2163391958229373,0.9607013322900171,1.0735559209423424
AD|e=E1|f=0|sp=2|k=2|tp=A1.0|sl=6|1h,-2.3957903473176516e-05,-0.1405784188995385,2516,3723,0.9902249594161243,0.9536759997939178,0.8659079268371622
AD|e=E1|f=0|sp=2|k=2|tp=A1.0|sl=10|1h,-5.177690669521225e-05,-0.22887489880032819,2034,3106,0.9185714688440961,0.7147419320837136,1.0085754808709775
AD|e=E1|f=0|sp=2|k=2|tp=A2.0|sl=-|1h,2.5821329175704268e-05,0.09714895306036052,142,260,1.1543202196487952,0.9976376275136333,0.9169132049902171
AD|e=E1|f=0|sp=2|k=2|tp=A2.0|sl=6|1h,-2.0330637214602176e-05,-0.09431940374577077,1802,3076,1.03541764802309,0.9999606384672277,0.7861128431978305
AD|e=E1|f=0|sp=2|k=2|tp=A2.0|sl=10|1h,-2.5992088678549534e-05,-0.09762943259359116,1360,2387,1.0751558693165317,0.8279048216571895,0.8499154948617514
AD|e=E1|f=0|sp=2|k=3|tp=MID|sl=-|1h,1.214115558783985e-05,0.07971387660307742,2706,4068,0.9991131790782765,0.9569935699368669,1.0811945460848842
AD|e=E1|f=0|sp=2|k=3|tp=MID|sl=6|1h,-4.2462608679972806e-05,-0.3003572100086877,2884,4138,0.9287477235153502,0.9068489343018715,0.8822699586578732
AD|e=E1|f=0|sp=2|k=3|tp=MID|sl=10|1h,-3.691538642655027e-05,-0.22660211015520357,2745,4097,0.9518967206306211,0.8286701068308052,0.9624858583765714
AD|e=E1|f=0|sp=2|k=3|tp=A0.5|sl=-|1h,8.430110636750864e-05,0.2582488529112317,716,1044,1.1646872576788447,1.0335856533309964,1.1871289128651008
AD|e=E1|f=0|sp=2|k=3|tp=A0.5|sl=6|1h,-0.00010543531129316526,-0.6452738409420852,3027,4201,0.8447614159639641,0.8636896110142458,0.6798198260093018
AD|e=E1|f=0|sp=2|k=3|tp=A0.5|sl=10|1h,-0.00010333898051136556,-0.419384471713359,2619,3806,0.8350971532026634,0.6533301331891115,0.8659413089018673
AD|e=E1|f=0|sp=2|k=3|tp=A1.0|sl=-|1h,0.00010323916258599762,0.30028457560471344,463,764,1.289257997774735,0.9520829841865526,1.2844648232235159
AD|e=E1|f=0|sp=2|k=3|tp=A1.0|sl=6|1h,-2.1747968640232775e-05,-0.11605182908385808,2472,3789,0.9897183088622638,0.9685898000590107,0.8552711968178776
AD|e=E1|f=0|sp=2|k=3|tp=A1.0|sl=10|1h,-5.8327832640628353e-05,-0.20607877430531624,1991,3247,0.9440274605039136,0.7046960671884949,0.9099577917424615
AD|e=E1|f=0|sp=2|k=3|tp=A2.0|sl=-|1h,5.210622215311205e-05,0.14095966915436636,169,350,1.2201628760583731,0.9811278381020001,0.9396122010641752
AD|e=E1|f=0|sp=2|k=3|tp=A2.0|sl=6|1h,-4.344985627477214e-05,-0.18399379861728685,1773,3179,1.041210237641316,1.0871764033385762,0.6149080160775305
AD|e=E1|f=0|sp=2|k=3|tp=A2.0|sl=10|1h,-9.307027724292501e-06,-0.028395637252194995,1337,2584,1.1575757320004534,0.7403824929987848,0.9228294601859893
AD|e=E1|f=1|sp=-|k=0|tp=MID|sl=-|1h,3.729686888422236e-06,0.11597619208732306,1000,1000,0.9885911667472231,0.9952178151665866,1.037693983926922
AD|e=E1|f=1|sp=-|k=0|tp=MID|sl=6|1h,-4.026580292110912e-06,-0.1269835270558161,1009,1009,0.9572725275052097,1.0044286945390675,1.0122268216525292
AD|e=E1|f=1|sp=-|k=0|tp=MID|sl=10|1h,-2.6183964268020065e-06,-0.07954299349611971,1000,1000,0.9773718735644,0.9831914552088765,1.0214153575161384
AD|e=E1|f=1|sp=-|k=0|tp=A0.5|sl=-|1h,8.255639790325861e-06,0.10800996427062748,271,271,1.0547324895870878,0.9950684460169331,0.9933324370625798
AD|e=E1|f=1|sp=-|k=0|tp=A0.5|sl=6|1h,-1.4847911294786955e-05,-0.44096632513581885,1087,1087,0.9410931733342042,0.9881834401071256,0.9785974619885448
AD|e=E1|f=1|sp=-|k=0|tp=A0.5|sl=10|1h,-1.850022377316513e-05,-0.41677324190855536,1066,1066,0.953647221532375,0.9643739364740243,0.9659161690335586
AD|e=E1|f=1|sp=-|k=0|tp=A1.0|sl=-|1h,9.293287766133546e-06,0.11906889229379913,174,174,1.0705846917948063,0.9868364042204649,0.9925784626849011
AD|e=E1|f=1|sp=-|k=0|tp=A1.0|sl=6|1h,4.087693054930373e-06,0.1014334133259682,963,963,0.971844703361236,1.042529590139062,1.0085133375502997
AD|e=E1|f=1|sp=-|k=0|tp=A1.0|sl=10|1h,-5.987936369280956e-06,-0.11528065466693196,933,933,0.9770423578874816,0.9929047232887372,0.9878419969461566
AD|e=E1|f=1|sp=-|k=0|tp=A2.0|sl=-|1h,-1.5318897067081115e-06,-0.01864054618266617,76,76,1.0272996621940065,1.0030169726138376,0.9514799080358706
AD|e=E1|f=1|sp=-|k=0|tp=A2.0|sl=6|1h,6.349728009090737e-06,0.12464092113628501,785,785,0.9575930913392303,1.0330814730923303,1.0453327218530866
AD|e=E1|f=1|sp=-|k=0|tp=A2.0|sl=10|1h,-1.4096503588362896e-05,-0.21415078273600255,740,740,0.9393010786022333,0.9828475715698318,0.9847567172429783
AD|e=E1|f=1|sp=0.5|k=1|tp=MID|sl=-|1h,8.646172079870401e-06,0.15755293300842083,1000,1582,0.9908177032695672,0.9799254442751426,1.079383030345598
AD|e=E1|f=1|sp=0.5|k=1|tp=MID|sl=6|1h,-7.699651732219836e-06,-0.14170934762786758,1005,1580,0.9444021888572293,0.9742833993780815,1.0295673326524442
AD|e=E1|f=1|sp=0.5|k=1|tp=MID|sl=10|1h,-6.201228461417144e-06,-0.10695728217530125,1000,1581,0.9601219005092253,0.9503006032445092,1.046747309495713
AD|e=E1|f=1|sp=0.5|k=1|tp=A0.5|sl=-|1h,1.5770628737351126e-05,0.10841222527843537,340,482,1.0991280531362997,0.9908710499744875,0.9772279973905076
AD|e=E1|f=1|sp=0.5|k=1|tp=A0.5|sl=6|1h,-2.2001068367143203e-05,-0.36643817143032803,1101,1577,0.9195897620338381,0.9621902807369682,0.9786612484011129
AD|e=E1|f=1|sp=0.5|k=1|tp=A0.5|sl=10|1h,-4.753721706524732e-05,-0.6079215363183698,1084,1559,0.9539986997682915,0.8585669960436135,0.8984903790993638
AD|e=E1|f=1|sp=0.5|k=1|tp=A1.0|sl=-|1h,3.885561383325659e-05,0.2511700296301711,272,426,1.1562603190990506,1.0467922103404448,1.0103061801556477
AD|e=E1|f=1|sp=0.5|k=1|tp=A1.0|sl=6|1h,8.462221340528393e-06,0.1195266232857477,985,1523,0.9710420714570006,1.0351387773720084,1.0366665936146342
AD|e=E1|f=1|sp=0.5|k=1|tp=A1.0|sl=10|1h,-3.679168765861086e-05,-0.39636588320152044,964,1499,0.8971014056658428,0.8858425157160841,0.9849184409106903
AD|e=E1|f=1|sp=0.5|k=1|tp=A2.0|sl=-|1h,1.1690999435340884e-06,0.00686103988336586,82,139,1.0393077584161623,0.9939598748330112,0.9330622825196269
AD|e=E1|f=1|sp=0.5|k=1|tp=A2.0|sl=6|1h,2.710185197237909e-05,0.29304770718000606,809,1367,1.01074448993819,1.044596713226896,1.0987171407990919
AD|e=E1|f=1|sp=0.5|k=1|tp=A2.0|sl=10|1h,-3.4902957723581436e-05,-0.2878414346826761,778,1323,0.8823586131830916,0.9573248774988619,0.9274596705432854
AD|e=E1|f=1|sp=0.5|k=2|tp=MID|sl=-|1h,1.87590446431932e-05,0.2679170626090799,1000,1947,1.0194632889058368,0.9656868311779288,1.128398899981523
AD|e=E1|f=1|sp=0.5|k=2|tp=MID|sl=6|1h,-5.726407716493926e-06,-0.08131755409880143,1004,1930,0.9530386977419845,0.964291063456818,1.0384196752219144
AD|e=E1|f=1|sp=0.5|k=2|tp=MID|sl=10|1h,-5.101129133500989e-06,-0.06692745664693692,1000,1943,0.9880682416557041,0.9040275959758796,1.0700213268054175
AD|e=E1|f=1|sp=0.5|k=2|tp=A0.5|sl=-|1h,3.6798973031948786e-05,0.1767311464532561,408,680,1.20080799434151,0.9503158679796964,1.02053988079228
AD|e=E1|f=1|sp=0.5|k=2|tp=A0.5|sl=6|1h,-2.1153643641816093e-05,-0.25881477960264276,1105,1856,0.9475665114917856,0.9457351234100427,0.9641726523657721
AD|e=E1|f=1|sp=0.5|k=2|tp=A0.5|sl=10|1h,-6.49632615841386e-05,-0.601666234558403,1089,1847,1.026458971083702,0.7604618499934631,0.8362764192655875
AD|e=E1|f=1|sp=0.5|k=2|tp=A1.0|sl=-|1h,5.2846789556303146e-05,0.22707720614920401,288,551,1.2437051881032322,1.0218144283526496,0.9984952428796995
AD|e=E1|f=1|sp=0.5|k=2|tp=A1.0|sl=6|1h,1.0511330844621293e-05,0.10841029457278945,987,1859,0.9800455918275938,1.0528055856179241,1.0124510623067489
AD|e=E1|f=1|sp=0.5|k=2|tp=A1.0|sl=10|1h,-4.7743512344970574e-05,-0.37078842679879226,967,1840,0.9486006860880288,0.8107581344248486,0.9348671089438821
AD|e=E1|f=1|sp=0.5|k=2|tp=A2.0|sl=-|1h,-2.2537760837354335e-06,-0.008556725176256962,91,204,1.0337728592548419,0.9672717652692623,0.888160248128074
AD|e=E1|f=1|sp=0.5|k=2|tp=A2.0|sl=6|1h,1.7640200876385293e-05,0.13873335721734184,818,1783,0.9748193214537623,1.0056449334440392,1.0980937865022373
AD|e=E1|f=1|sp=0.5|k=2|tp=A2.0|sl=10|1h,-5.982897276606987e-05,-0.3531515411653403,793,1747,0.8280547804643604,0.7815087053820335,1.0089850402787859
AD|e=E1|f=1|sp=0.5|k=3|tp=MID|sl=-|1h,3.0414764712743318e-05,0.3822302957622997,1000,2167,1.0399110641049896,0.9575374528846524,1.194934116966521
AD|e=E1|f=1|sp=0.5|k=3|tp=MID|sl=6|1h,-5.851707722874685e-06,-0.0704138655678733,1004,2135,0.9472796716897833,0.93656074663536,1.06963037655167
AD|e=E1|f=1|sp=0.5|k=3|tp=MID|sl=10|1h,1.1063413904553132e-05,0.13184866229518225,1000,2159,1.0154174095875905,0.8848846164768213,1.1725058997617146
AD|e=E1|f=1|sp=0.5|k=3|tp=A0.5|sl=-|1h,8.583680601934889e-05,0.32677179005580687,481,890,1.212766076071939,1.0621785058841795,1.1673051810830366
AD|e=E1|f=1|sp=0.5|k=3|tp=A0.5|sl=6|1h,-1.83649158422974e-05,-0.18794907326653335,1108,2030,0.8699224775056577,1.030499416840345,0.9744559617211813
AD|e=E1|f=1|sp=0.5|k=3|tp=A0.5|sl=10|1h,-7.37838820767129e-05,-0.5758692495819465,1092,2028,0.9193961435910641,0.7821603115374217,0.851387953189306
AD|e=E1|f=1|sp=0.5|k=3|tp=A1.0|sl=-|1h,8.06196703629891e-05,0.2568207484587854,311,660,1.2861230287624332,0.9838897771020096,1.107748053673492
AD|e=E1|f=1|sp=0.5|k=3|tp=A1.0|sl=6|1h,1.3272599006377805e-05,0.1122311920716941,988,2089,0.9357729315789401,1.0836981563225798,1.0363440280848402
AD|e=E1|f=1|sp=0.5|k=3|tp=A1.0|sl=10|1h,-5.745497518912201e-05,-0.37301497335869666,966,2072,0.9135161643005971,0.8049387095735403,0.906215217923421
AD|e=E1|f=1|sp=0.5|k=3|tp=A2.0|sl=-|1h,1.81613377408682e-05,0.05081239572610583,120,312,1.136081485869055,0.9619544680360858,0.8412572703833162
AD|e=E1|f=1|sp=0.5|k=3|tp=A2.0|sl=6|1h,1.0836894920053826e-05,0.06739306767849215,825,2095,0.9222108619763584,1.0701814249059096,1.0246124230891314
AD|e=E1|f=1|sp=0.5|k=3|tp=A2.0|sl=10|1h,-7.741400674130848e-05,-0.3596115492272722,795,2050,0.7919893254154813,0.7374413443907352,0.9683481883060607
AD|e=E1|f=1|sp=1|k=1|tp=MID|sl=-|1h,8.817941840049323e-06,0.17306812462728596,1000,1461,1.0019648864511503,0.9685014133136455,1.082011382760964
AD|e=E1|f=1|sp=1|k=1|tp=MID|sl=6|1h,-7.913661738367638e-06,-0.15555758755229593,1004,1455,0.9494850407132762,0.9676013429708719,1.030529143052598
AD|e=E1|f=1|sp=1|k=1|tp=MID|sl=10|1h,-4.349283074889453e-06,-0.08086815244481808,1000,1459,0.9853724150667708,0.9352588938387417,1.0492961922758224
AD|e=E1|f=1|sp=1|k=1|tp=A0.5|sl=-|1h,2.105511539658034e-05,0.15287242648644417,385,514,1.1635085539627135,0.9760667984881309,0.9709208901407135
AD|e=E1|f=1|sp=1|k=1|tp=A0.5|sl=6|1h,-2.6120529969028048e-05,-0.45112839555386375,1099,1468,0.9438567899356964,0.9387056281289987,0.9532964546573601
AD|e=E1|f=1|sp=1|k=1|tp=A0.5|sl=10|1h,-4.780199800646832e-05,-0.627931475449143,1084,1455,1.0082088918360728,0.8534596415018461,0.8545133601267634
AD|e=E1|f=1|sp=1|k=1|tp=A1.0|sl=-|1h,3.872129094374743e-05,0.25654315442929465,288,422,1.180323016148514,1.0303853722138316,1.006005743176004
AD|e=E1|f=1|sp=1|k=1|tp=A1.0|sl=6|1h,4.654932214925292e-06,0.06830316696683444,982,1414,0.962876852009204,1.0029892178019664,1.0546034333186418
AD|e=E1|f=1|sp=1|k=1|tp=A1.0|sl=10|1h,-3.7925168156494846e-05,-0.42403021588641476,962,1392,0.9293391702266585,0.8680667373076678,0.964380590485048
AD|e=E1|f=1|sp=1|k=1|tp=A2.0|sl=-|1h,-3.6642321054319304e-06,-0.021562233890067294,84,135,1.0315417815939503,0.9780522234008648,0.9276342070889567
AD|e=E1|f=1|sp=1|k=1|tp=A2.0|sl=6|1h,4.448808426890698e-07,0.00498865719802496,805,1288,0.9868788777750996,0.9370952081879287,1.0654639536287978
AD|e=E1|f=1|sp=1|k=1|tp=A2.0|sl=10|1h,-5.253698995622323e-05,-0.44692496352925937,780,1256,0.8668841967795642,0.8795004442863358,0.9226561356603926
AD|e=E1|f=1|sp=1|k=2|tp=MID|sl=-|1h,1.2967887041051287e-05,0.21014569795129082,1000,1683,1.0220264342206378,0.9471327331114477,1.109764484818162
AD|e=E1|f=1|sp=1|k=2|tp=MID|sl=6|1h,-7.1820558841468195e-06,-0.11317960725851622,1004,1663,0.9564970797391898,0.94457700458306,1.0489556908931592
AD|e=E1|f=1|sp=1|k=2|tp=MID|sl=10|1h,-5.498341702816894e-06,-0.08239269535107964,1000,1678,1.022104326252724,0.8891682858035613,1.0523509607339203
AD|e=E1|f=1|sp=1|k=2|tp=A0.5|sl=-|1h,3.867169388916222e-05,0.19245120064471946,432,650,1.1867381975557039,0.9789378996641586,1.0209153422412258
AD|e=E1|f=1|sp=1|k=2|tp=A0.5|sl=6|1h,-1.8644095793231498e-05,-0.23786791439797425,1099,1647,0.9311113448633375,1.014904323018753,0.9297011454468251
AD|e=E1|f=1|sp=1|k=2|tp=A0.5|sl=10|1h,-6.723686204987901e-05,-0.635567418955063,1080,1638,1.0007150474092685,0.8149532048497506,0.7909644611859219
AD|e=E1|f=1|sp=1|k=2|tp=A1.0|sl=-|1h,5.89307086667416e-05,0.2652284522092011,323,553,1.2592879492757805,1.0607219738228506,0.9937818041970397
AD|e=E1|f=1|sp=1|k=2|tp=A1.0|sl=6|1h,3.335630586510767e-05,0.36937007534159255,984,1646,1.0085478467356934,1.107385019704885,1.0791437606689949
AD|e=E1|f=1|sp=1|k=2|tp=A1.0|sl=10|1h,-2.2355467503951857e-05,-0.18210873968923272,966,1639,1.026940288701748,0.8544270629572467,0.9619682968600637
AD|e=E1|f=1|sp=1|k=2|tp=A2.0|sl=-|1h,-3.4373781032429386e-06,-0.013075297799672697,96,196,1.0377003170821277,0.9675775911613672,0.8786468130035712
AD|e=E1|f=1|sp=1|k=2|tp=A2.0|sl=6|1h,8.551400046120888e-07,0.006970511539745684,818,1619,0.9127129738249153,1.0314847749543814,1.033907154132269
AD|e=E1|f=1|sp=1|k=2|tp=A2.0|sl=10|1h,-6.68063910597552e-05,-0.4002564886994511,784,1576,0.8186232036967355,0.775451766698949,0.98797273807976
AD|e=E1|f=1|sp=1|k=3|tp=MID|sl=-|1h,2.191776029013386e-05,0.32842076404224585,1000,1802,1.0464997371265428,0.9515566173247407,1.1382233085639248
AD|e=E1|f=1|sp=1|k=3|tp=MID|sl=6|1h,-6.656847655685059e-06,-0.09547169391342944,1004,1766,0.9637494943160576,0.9395665945485088,1.0471036616245404
AD|e=E1|f=1|sp=1|k=3|tp=MID|sl=10|1h,1.1739329692075165e-05,0.1691563295947067,1000,1792,1.03076148664181,0.9252947923070827,1.1149757863656398
AD|e=E1|f=1|sp=1|k=3|tp=A0.5|sl=-|1h,3.638833496266916e-05,0.13227215406624426,434,697,1.1796232138199068,0.9438905782839325,0.9904968492636768
AD|e=E1|f=1|sp=1|k=3|tp=A0.5|sl=6|1h,-4.6606835304213385e-05,-0.5009393261547049,1102,1761,0.8486755915459955,0.959051556300831,0.9032554112706388
AD|e=E1|f=1|sp=1|k=3|tp=A0.5|sl=10|1h,-8.23058240299086e-05,-0.6736218153713012,1086,1768,0.9631344594413213,0.7334954076902331,0.8250814730255333
AD|e=E1|f=1|sp=1|k=3|tp=A1.0|sl=-|1h,7.905368236926949e-05,0.26404230181260296,345,636,1.2682551006492226,1.026965800220421,1.0817568227048113
AD|e=E1|f=1|sp=1|k=3|tp=A1.0|sl=6|1h,3.7527274532708282e-06,0.034684899306965944,984,1789,0.931006022261863,1.0448087250712608,1.023247247911574
AD|e=E1|f=1|sp=1|k=3|tp=A1.0|sl=10|1h,-6.0528656126143435e-05,-0.41531585083296696,965,1796,0.9802282491595162,0.7852595702583504,0.8538078557749027
AD|e=E1|f=1|sp=1|k=3|tp=A2.0|sl=-|1h,1.4596585395443104e-05,0.04045949197351298,111,260,1.0989294191936985,0.9517473131339359,0.8589567179623635
AD|e=E1|f=1|sp=1|k=3|tp=A2.0|sl=6|1h,-2.8954972475616447e-05,-0.19208976749585002,820,1831,0.8447924680826077,1.0242927895759355,0.9202472953732843
AD|e=E1|f=1|sp=1|k=3|tp=A2.0|sl=10|1h,-0.00010082913870273617,-0.47545444192170777,782,1798,0.8922684589262281,0.6680782919821983,0.824568634058743
AD|e=E1|f=1|sp=1.5|k=1|tp=MID|sl=-|1h,1.0041324672345914e-05,0.20798201660161722,1000,1374,1.0117969172648449,0.9753071345996648,1.0727041698636248
AD|e=E1|f=1|sp=1.5|k=1|tp=MID|sl=6|1h,-8.494234663719856e-06,-0.17523625680544974,1005,1364,0.9484570722561128,0.9790585600986814,1.0164351735080808
AD|e=E1|f=1|sp=1.5|k=1|tp=MID|sl=10|1h,-1.6785256125104858e-06,-0.03300011160198702,1000,1372,1.0065561284076652,0.946867418303795,1.032277542585785
AD|e=E1|f=1|sp=1.5|k=1|tp=A0.5|sl=-|1h,4.115426671249562e-05,0.3123447295620194,418,532,1.1587490483245142,0.9744514689039471,1.1056454909967037
AD|e=E1|f=1|sp=1.5|k=1|tp=A0.5|sl=6|1h,-2.4780018680235022e-05,-0.43139013190942194,1095,1402,0.953075640388038,0.9382969990391961,0.9524749742361323
AD|e=E1|f=1|sp=1.5|k=1|tp=A0.5|sl=10|1h,-4.597932224735324e-05,-0.614041589951879,1078,1391,0.9902519028030148,0.847357597359852,0.8865608896338905
AD|e=E1|f=1|sp=1.5|k=1|tp=A1.0|sl=-|1h,2.6180099202123062e-05,0.1749595207448353,251,352,1.186480602631638,0.9544146580420623,1.0009688479785293
AD|e=E1|f=1|sp=1.5|k=1|tp=A1.0|sl=6|1h,-7.005596510340758e-06,-0.10304779792089735,977,1333,0.9660252441032989,0.9873581578595557,0.9938453293932786
AD|e=E1|f=1|sp=1.5|k=1|tp=A1.0|sl=10|1h,-4.592420395005209e-05,-0.5119326948858096,957,1317,0.9914075079887871,0.8468816594896037,0.8825664366856767
AD|e=E1|f=1|sp=1.5|k=1|tp=A2.0|sl=-|1h,-8.212544507691318e-07,-0.004822854442818392,89,139,1.0407533884828823,0.9827676104441627,0.9309329800295194
AD|e=E1|f=1|sp=1.5|k=1|tp=A2.0|sl=6|1h,-1.3566773183778661e-05,-0.15704649916515653,805,1222,0.9750811300014024,0.940653424228517,0.9867257818652236
AD|e=E1|f=1|sp=1.5|k=1|tp=A2.0|sl=10|1h,-7.923593565866546e-05,-0.6802859292897443,778,1191,0.8926632276052469,0.8189912996961478,0.8173383132637888
AD|e=E1|f=1|sp=1.5|k=2|tp=MID|sl=-|1h,1.882855835535578e-05,0.34574210073092787,1000,1522,1.0297750122192233,0.9710082983449938,1.1159616847314182
AD|e=E1|f=1|sp=1.5|k=2|tp=MID|sl=6|1h,-6.884304629936427e-06,-0.11726816667745726,1005,1494,0.9503240627070807,0.9585958556486831,1.0434138263567363
AD|e=E1|f=1|sp=1.5|k=2|tp=MID|sl=10|1h,1.1761775633815555e-05,0.2116111952830562,1000,1516,1.0161748877594179,0.9466784720572915,1.110054780583039
AD|e=E1|f=1|sp=1.5|k=2|tp=A0.5|sl=-|1h,4.740180386082034e-05,0.23995563199444808,434,612,1.178764747492752,0.9511802294911926,1.111958586114009
AD|e=E1|f=1|sp=1.5|k=2|tp=A0.5|sl=6|1h,-2.35006192715952e-05,-0.3180278726534983,1097,1549,0.919815459109462,0.9987232159109052,0.9296628120365753
AD|e=E1|f=1|sp=1.5|k=2|tp=A0.5|sl=10|1h,-5.3820366331472437e-05,-0.5372474417104052,1079,1551,1.0205803470461747,0.7775960882505422,0.8856773689439114
AD|e=E1|f=1|sp=1.5|k=2|tp=A1.0|sl=-|1h,4.0150372303355964e-05,0.17883901508338815,270,432,1.222866823880988,0.9091975732888408,1.0611490584012335
AD|e=E1|f=1|sp=1.5|k=2|tp=A1.0|sl=6|1h,-2.557744883256352e-07,-0.0028862177376189567,979,1521,0.9850450363657733,0.9973033179161127,0.9981121813990247
AD|e=E1|f=1|sp=1.5|k=2|tp=A1.0|sl=10|1h,-2.889353828616208e-05,-0.2374865587651807,959,1522,1.0233495883569088,0.7792656745196208,1.0181498797527606
AD|e=E1|f=1|sp=1.5|k=2|tp=A2.0|sl=-|1h,5.766927234441825e-06,0.02202554288717417,106,201,1.0636847007905794,0.9721522456597801,0.9043237311738385
AD|e=E1|f=1|sp=1.5|k=2|tp=A2.0|sl=6|1h,-2.775159244027894e-05,-0.23667546542841236,813,1482,0.9281021687401568,0.9570647557397195,0.9211331936030122
AD|e=E1|f=1|sp=1.5|k=2|tp=A2.0|sl=10|1h,-6.444769096833752e-05,-0.39580870253186023,775,1456,0.9360929975006783,0.7679148207642222,0.8882726093501377
AD|e=E1|f=1|sp=1.5|k=3|tp=MID|sl=-|1h,2.556781317212287e-05,0.4520817194088439,1000,1581,1.0478148250282295,0.9807619792048513,1.1313583484868854
AD|e=E1|f=1|sp=1.5|k=3|tp=MID|sl=6|1h,1.535589173205953e-06,0.02635631181829721,1005,1534,0.9974423974205125,0.9672430061349395,1.0376983946003928
AD|e=E1|f=1|sp=1.5|k=3|tp=MID|sl=10|1h,1.4695120840525565e-05,0.25233715780165855,1000,1569,1.019159638532844,0.9480950947341602,1.1245453300497943
AD|e=E1|f=1|sp=1.5|k=3|tp=A0.5|sl=-|1h,5.267645058864746e-05,0.19857046233544576,451,668,1.1743843861216265,0.9212655455797714,1.1238006674088983
AD|e=E1|f=1|sp=1.5|k=3|tp=A0.5|sl=6|1h,-4.960767316257189e-05,-0.5829880127336966,1098,1619,0.9170105817524018,0.9125506510565111,0.8655340433735755
AD|e=E1|f=1|sp=1.5|k=3|tp=A0.5|sl=10|1h,-7.061792161427556e-05,-0.5766152771698616,1078,1634,1.02945633103597,0.712642477436447,0.8542487699636035
AD|e=E1|f=1|sp=1.5|k=3|tp=A1.0|sl=-|1h,5.8002574119015164e-05,0.19152192701332243,329,557,1.2201029706062787,0.9636889813345868,1.045006661638134
AD|e=E1|f=1|sp=1.5|k=3|tp=A1.0|sl=6|1h,-2.806713764066329e-05,-0.2734820484660907,979,1617,0.9716569473219542,0.8991184618467035,0.9398842458303148
AD|e=E1|f=1|sp=1.5|k=3|tp=A1.0|sl=10|1h,-5.334409188174425e-05,-0.368004252495744,957,1639,1.0966890592991518,0.6613916882005376,0.9483040780669547
AD|e=E1|f=1|sp=1.5|k=3|tp=A2.0|sl=-|1h,2.634096861861606e-05,0.07337131514577794,135,291,1.1433587592759957,0.9428344187578345,0.8986510585113038
AD|e=E1|f=1|sp=1.5|k=3|tp=A2.0|sl=6|1h,-5.655855755463924e-05,-0.40542337796722916,814,1626,0.9061711697533344,0.8590681581806374,0.8706786132140942
AD|e=E1|f=1|sp=1.5|k=3|tp=A2.0|sl=10|1h,-6.83610575257553e-05,-0.3327906662389892,768,1619,1.0470805508228818,0.6311045419807724,0.9149065976208774
AD|e=E1|f=1|sp=2|k=1|tp=MID|sl=-|1h,9.651072444334671e-06,0.20976312923166998,1000,1306,1.0178444626223795,0.9730285121713668,1.0666909382155836
AD|e=E1|f=1|sp=2|k=1|tp=MID|sl=6|1h,-8.550154993393504e-06,-0.18353640515829248,1006,1295,0.9619131239506462,0.9780152900410151,1.0032681439245625
AD|e=E1|f=1|sp=2|k=1|tp=MID|sl=10|1h,-2.7040004186456546e-06,-0.055234315765507774,1000,1304,1.0123016586331275,0.9411490359889868,1.0264909294980082
AD|e=E1|f=1|sp=2|k=1|tp=A0.5|sl=-|1h,2.3347737279045106e-05,0.16556651730352062,369,463,1.105995586249461,0.9834441317727747,1.0284650336700631
AD|e=E1|f=1|sp=2|k=1|tp=A0.5|sl=6|1h,-1.4541507264160303e-05,-0.25490139593225164,1092,1350,0.9736507098777981,0.9720037704655036,0.9586573539198218
AD|e=E1|f=1|sp=2|k=1|tp=A0.5|sl=10|1h,-3.5644711650427674e-05,-0.48101994930630126,1066,1335,1.0357569696320543,0.8930958283689984,0.8572379369784597
AD|e=E1|f=1|sp=2|k=1|tp=A1.0|sl=-|1h,3.105244188836566e-05,0.21328213068400098,267,364,1.1894424689534207,0.9974418737849341,0.9861965662805957
AD|e=E1|f=1|sp=2|k=1|tp=A1.0|sl=6|1h,5.035946556085144e-06,0.07620728463110443,971,1280,0.9962744128254648,1.0203024719893434,1.0046746316721116
AD|e=E1|f=1|sp=2|k=1|tp=A1.0|sl=10|1h,-4.620453873504685e-05,-0.5311355721312548,947,1265,0.9943360201668868,0.8767039571551917,0.8490251614209217
AD|e=E1|f=1|sp=2|k=1|tp=A2.0|sl=-|1h,8.444777183088659e-07,0.004966487467890518,93,139,1.0361321120092681,0.9993900628502591,0.9291860824470464
AD|e=E1|f=1|sp=2|k=1|tp=A2.0|sl=6|1h,-5.909541434490017e-06,-0.06826714738135027,806,1182,0.9562025700273761,1.0103613060174579,0.9822724055642711
AD|e=E1|f=1|sp=2|k=1|tp=A2.0|sl=10|1h,-6.570519008597299e-05,-0.5698171400616291,772,1147,0.9061724580540416,0.8017680786219944,0.8941933818924498
AD|e=E1|f=1|sp=2|k=2|tp=MID|sl=-|1h,1.6122980670723117e-05,0.32221880254923735,1000,1403,1.0373980177552544,0.9725633610773816,1.088680546514777
AD|e=E1|f=1|sp=2|k=2|tp=MID|sl=6|1h,-6.422851550792538e-06,-0.12241695390324143,1006,1374,0.9689542071667537,0.9732079660011155,1.0121981159831421
AD|e=E1|f=1|sp=2|k=2|tp=MID|sl=10|1h,9.983167069795379e-06,0.19480800818064598,1000,1396,1.0212749537755137,0.9559417415152258,1.0829180443388953
AD|e=E1|f=1|sp=2|k=2|tp=A0.5|sl=-|1h,1.8290453258237505e-05,0.08427425372967354,374,511,1.0936014450738578,0.9433106511206402,1.0068611304986135
AD|e=E1|f=1|sp=2|k=2|tp=A0.5|sl=6|1h,-3.190278809074183e-05,-0.4625330506995625,1094,1460,0.9414671391888803,0.954867577600705,0.9036981104703351
AD|e=E1|f=1|sp=2|k=2|tp=A0.5|sl=10|1h,-6.644079226070047e-05,-0.7009050061287102,1073,1466,1.0377583986048313,0.7334400287469356,0.8555290359478874
AD|e=E1|f=1|sp=2|k=2|tp=A1.0|sl=-|1h,4.554844788657176e-05,0.20297042918629993,286,439,1.2039495215724045,0.9606059095602097,1.0577694541113505
AD|e=E1|f=1|sp=2|k=2|tp=A1.0|sl=6|1h,-1.4807831293868165e-05,-0.1779314140033417,972,1425,0.9503580642436282,0.994792299963947,0.9496597228481819
AD|e=E1|f=1|sp=2|k=2|tp=A1.0|sl=10|1h,-5.917862350346874e-05,-0.5128138677395284,956,1435,0.9908327063616119,0.7464739727561549,0.9126066220774407
AD|e=E1|f=1|sp=2|k=2|tp=A2.0|sl=-|1h,1.6559145132992577e-05,0.0643987767726132,131,238,1.137237121322748,0.9670930193447079,0.9105071612899904
AD|e=E1|f=1|sp=2|k=2|tp=A2.0|sl=6|1h,-4.1517164138544244e-05,-0.3726304308573614,810,1383,0.9292237110540963,0.967296988992919,0.8383193858993399
AD|e=E1|f=1|sp=2|k=2|tp=A2.0|sl=10|1h,-9.282691614217923e-05,-0.5808110023175835,773,1370,0.9677451468462561,0.707215832626575,0.7844679941435682
AD|e=E1|f=1|sp=2|k=3|tp=MID|sl=-|1h,2.0568140008067965e-05,0.40178593810343094,1000,1436,1.0465192256751015,0.9779547833330219,1.1027971349554084
AD|e=E1|f=1|sp=2|k=3|tp=MID|sl=6|1h,1.7852634354359133e-06,0.03474199965491108,1006,1391,0.9918819396646139,0.9906243098452453,1.0224008287624955
AD|e=E1|f=1|sp=2|k=3|tp=MID|sl=10|1h,1.0203200918727275e-05,0.19297333832304334,1000,1426,1.0251013675526732,0.9420013084354671,1.0957660839973762
AD|e=E1|f=1|sp=2|k=3|tp=A0.5|sl=-|1h,2.3429839356726178e-05,0.08295738021459603,423,607,1.0721023654738044,0.902799371834555,1.0508632788046164
AD|e=E1|f=1|sp=2|k=3|tp=A0.5|sl=6|1h,-4.823004480101513e-05,-0.6506479025937162,1094,1500,0.9244199906452225,0.8754098743837496,0.9060842156332688
AD|e=E1|f=1|sp=2|k=3|tp=A0.5|sl=10|1h,-7.905374752186367e-05,-0.6846930382084339,1083,1551,1.0003884051049883,0.7121846957324685,0.8385118059831687
AD|e=E1|f=1|sp=2|k=3|tp=A1.0|sl=-|1h,7.556205556830745e-05,0.2572290915086047,368,595,1.2285752051865357,0.969305382760467,1.167033793326102
AD|e=E1|f=1|sp=2|k=3|tp=A1.0|sl=6|1h,-3.528033237456981e-05,-0.3866856083447364,972,1479,0.9692324680046169,0.8956098072857981,0.9089606756629838
AD|e=E1|f=1|sp=2|k=3|tp=A1.0|sl=10|1h,-7.701708448755669e-05,-0.5369063491704235,954,1529,1.0103517764795737,0.7095823999616195,0.8316337709672988
AD|e=E1|f=1|sp=2|k=3|tp=A2.0|sl=-|1h,3.6908706916389344e-05,0.1026351605975414,152,313,1.1602532080661758,0.9909628098885409,0.8985748189669236
AD|e=E1|f=1|sp=2|k=3|tp=A2.0|sl=6|1h,-5.917544974252828e-05,-0.4691541776053381,809,1453,0.9909982195020032,0.9116062891299329,0.7424880992082671
AD|e=E1|f=1|sp=2|k=3|tp=A2.0|sl=10|1h,-0.00010175249614236387,-0.5040921038458208,776,1514,1.0382049086042606,0.6481077824022802,0.7343349033840495
AD|e=E2|f=0|sp=-|k=0|tp=MID|sl=-|1h,-8.395226866984317e-06,-0.14391532529808895,1118,1118,0.9842142813903971,0.9715349704206945,0.9871618934668258
AD|e=E2|f=0|sp=-|k=0|tp=MID|sl=6|1h,-2.591043236583312e-05,-0.40070393784486685,1335,1335,0.9312419092197802,0.938878351157422,0.9677459340867098
AD|e=E2|f=0|sp=-|k=0|tp=MID|sl=10|1h,-2.2882700167842662e-05,-0.3570615792452794,1205,1205,0.9567465914371727,0.9225964706208447,0.9766478388607444
AD|e=E2|f=0|sp=-|k=0|tp=A0.5|sl=-|1h,7.0322015352863034e-06,0.0890589355565019,214,214,1.042768439415647,0.9979575359593755,0.993976874756708
AD|e=E2|f=0|sp=-|k=0|tp=A0.5|sl=6|1h,-4.099503274186646e-05,-0.6233450843802654,1634,1634,0.9255800650079895,0.8860156738129296,0.9393838543081005
AD|e=E2|f=0|sp=-|k=0|tp=A0.5|sl=10|1h,-4.262106532041645e-05,-0.5867453582475387,1334,1334,0.8939603790550957,0.8896702636013084,0.9579010942341956
AD|e=E2|f=0|sp=-|k=0|tp=A1.0|sl=-|1h,5.720885614346616e-06,0.07148538811214676,151,151,1.0477548118091968,0.9943377154737363,0.984726943887436
AD|e=E2|f=0|sp=-|k=0|tp=A1.0|sl=6|1h,-3.396583062337295e-05,-0.46848968268643043,1373,1373,0.9451362588387762,0.9140807151981089,0.9297319788271785
AD|e=E2|f=0|sp=-|k=0|tp=A1.0|sl=10|1h,-4.292036080345121e-05,-0.5474623011294225,1105,1105,0.9019398261969811,0.9083671534317926,0.9265017531092923
AD|e=E2|f=0|sp=-|k=0|tp=A2.0|sl=-|1h,4.029181895407929e-06,0.04812430053782668,79,79,1.0297063832359894,0.9970334408331895,0.9881433018339921
AD|e=E2|f=0|sp=-|k=0|tp=A2.0|sl=6|1h,-2.103770087471511e-05,-0.24364669150085763,1135,1135,0.9344471141997169,0.947781982647549,0.9783490236675619
AD|e=E2|f=0|sp=-|k=0|tp=A2.0|sl=10|1h,-2.6606861437338443e-05,-0.2898818755124145,852,852,0.8990898390651085,0.905640133706183,1.0266479351236666
AD|e=E2|f=0|sp=0.5|k=1|tp=MID|sl=-|1h,-3.625448486421008e-06,-0.03441382992474546,1118,1857,0.9685015789237449,0.9450369344024546,1.047626747611408
AD|e=E2|f=0|sp=0.5|k=1|tp=MID|sl=6|1h,-3.964711778225037e-05,-0.382750902336898,1293,2128,0.9068385757139135,0.8742753457916075,0.9686936809576254
AD|e=E2|f=0|sp=0.5|k=1|tp=MID|sl=10|1h,-3.214290104110912e-05,-0.2820843525159777,1181,1964,0.9242244097701735,0.856517977592522,1.0117776903107667
AD|e=E2|f=0|sp=0.5|k=1|tp=A0.5|sl=-|1h,8.955747880348972e-06,0.05589200056207291,243,354,1.0630265741184801,0.982489662761701,0.9725092298900725
AD|e=E2|f=0|sp=0.5|k=1|tp=A0.5|sl=6|1h,-5.98302458907062e-05,-0.6055087777440783,1652,2354,0.9330966499516582,0.7477605597097724,0.972882571849802
AD|e=E2|f=0|sp=0.5|k=1|tp=A0.5|sl=10|1h,-7.400174847873839e-05,-0.5607776602702778,1373,1984,0.8121657199271711,0.7162165868990944,1.0543213618520177
AD|e=E2|f=0|sp=0.5|k=1|tp=A1.0|sl=-|1h,2.384943141285319e-05,0.14383276930570196,182,287,1.104999523178344,1.0072326133504927,0.9983068083806342
AD|e=E2|f=0|sp=0.5|k=1|tp=A1.0|sl=6|1h,-8.093584223316504e-05,-0.7066711059038837,1364,2092,0.9325687659381615,0.7869517651436903,0.8069498020759663
AD|e=E2|f=0|sp=0.5|k=1|tp=A1.0|sl=10|1h,-6.288743309583259e-05,-0.4253008438146518,1089,1693,0.9087233994461859,0.7567168653645131,0.9491530523631014
AD|e=E2|f=0|sp=0.5|k=1|tp=A2.0|sl=-|1h,2.1834420796380482e-05,0.126616638520716,99,175,1.0951518405681113,1.0117729006116176,0.9880839824899816
AD|e=E2|f=0|sp=0.5|k=1|tp=A2.0|sl=6|1h,-6.047104054476898e-05,-0.42279594793927194,1127,1875,0.9366785526810059,0.8298087184898364,0.8530254719807473
AD|e=E2|f=0|sp=0.5|k=1|tp=A2.0|sl=10|1h,-2.0163266244647765e-05,-0.11477612514793789,848,1432,0.9568985576912359,0.8548279720129395,1.0225824443113942
AD|e=E2|f=0|sp=0.5|k=2|tp=MID|sl=-|1h,-2.5683582993149047e-07,-0.0018119446318874126,1118,2313,0.9701160387895553,0.9254183190883267,1.0726895390243991
AD|e=E2|f=0|sp=0.5|k=2|tp=MID|sl=6|1h,-4.708595545780673e-05,-0.3321073728568344,1255,2568,0.9147037148206719,0.8359141804412021,0.9437492850315242
AD|e=E2|f=0|sp=0.5|k=2|tp=MID|sl=10|1h,-3.9754409833569275e-05,-0.25917437321722886,1171,2428,0.8946050040948998,0.8365613678769582,1.0012059348388078
AD|e=E2|f=0|sp=0.5|k=2|tp=A0.5|sl=-|1h,7.01207224166037e-05,0.31122381338886873,457,769,1.1622204382298338,1.207207043443825,1.0155635967710217
AD|e=E2|f=0|sp=0.5|k=2|tp=A0.5|sl=6|1h,-7.779706459221335e-05,-0.5684632781776185,1635,2680,0.8718733080920397,0.7304249968209939,0.9371880411138227
AD|e=E2|f=0|sp=0.5|k=2|tp=A0.5|sl=10|1h,-7.641887500947818e-05,-0.43434732945920035,1432,2383,0.8013060252354054,0.730486276920503,1.0049107658763745
AD|e=E2|f=0|sp=0.5|k=2|tp=A1.0|sl=-|1h,3.791093955172635e-05,0.1523254106496671,207,403,1.1731356843681866,0.9960368935857093,0.9814606437019202
AD|e=E2|f=0|sp=0.5|k=2|tp=A1.0|sl=6|1h,-9.373342766659564e-05,-0.5803978287957603,1328,2480,0.9005203096157868,0.7287613245494976,0.8143567020768855
AD|e=E2|f=0|sp=0.5|k=2|tp=A1.0|sl=10|1h,-0.00013443346786545243,-0.622644369383123,1053,2014,0.7526546093307943,0.6476890311715648,0.8215146239517745
AD|e=E2|f=0|sp=0.5|k=2|tp=A2.0|sl=-|1h,3.592890527845039e-05,0.13640961435662163,107,252,1.151695403870403,1.008702089003467,0.9681935553722416
AD|e=E2|f=0|sp=0.5|k=2|tp=A2.0|sl=6|1h,-9.894008948967499e-05,-0.4872822072468092,1091,2346,0.9522474627136114,0.8394285200279337,0.6307477600145
AD|e=E2|f=0|sp=0.5|k=2|tp=A2.0|sl=10|1h,-5.2877334189883424e-05,-0.2154018424159436,865,1884,0.8797656093041061,0.8274895422091884,0.8923479497041574
AD|e=E2|f=0|sp=0.5|k=3|tp=MID|sl=-|1h,9.352685953451573e-06,0.055015457665466894,1118,2613,0.9801067450468547,0.9172690998238496,1.1169056661959889
AD|e=E2|f=0|sp=0.5|k=3|tp=MID|sl=6|1h,-3.428194642515444e-05,-0.20570280268547733,1228,2816,0.9674296948939111,0.8443482834810424,0.9412562432383881
AD|e=E2|f=0|sp=0.5|k=3|tp=MID|sl=10|1h,-3.1126777453289436e-05,-0.1719348750980498,1157,2695,0.9295593813070351,0.7756458494770417,1.0767964719537388
AD|e=E2|f=0|sp=0.5|k=3|tp=A0.5|sl=-|1h,9.77464594150361e-05,0.33437039113422073,499,921,1.148656772988054,1.2385806063043723,1.1249840638677389
AD|e=E2|f=0|sp=0.5|k=3|tp=A0.5|sl=6|1h,-9.305910040940725e-05,-0.5520468377342526,1602,2862,0.85217692455338,0.7316077874044449,0.8545114759460122
AD|e=E2|f=0|sp=0.5|k=3|tp=A0.5|sl=10|1h,-4.471795116675075e-05,-0.20239012060285827,1428,2607,0.9213412948702056,0.6991834205865921,1.0736799744830754
AD|e=E2|f=0|sp=0.5|k=3|tp=A1.0|sl=-|1h,0.00010938109419497821,0.3438292529145278,309,685,1.2001599189790917,1.2847042598974485,1.0888735701970746
AD|e=E2|f=0|sp=0.5|k=3|tp=A1.0|sl=6|1h,-8.762643161550379e-05,-0.439226015681823,1291,2706,0.8353038823988591,0.7851844516065437,0.8230916730859925
AD|e=E2|f=0|sp=0.5|k=3|tp=A1.0|sl=10|1h,-0.00010010907924315487,-0.3908177286012965,1091,2355,0.7124205489640553,0.6882433731850128,0.9736811717518954
AD|e=E2|f=0|sp=0.5|k=3|tp=A2.0|sl=-|1h,3.8916624267644615e-05,0.10718984497497082,108,300,1.1540119340675952,0.9536576072301239,0.9482332739133461
AD|e=E2|f=0|sp=0.5|k=3|tp=A2.0|sl=6|1h,-3.6865620954805363e-05,-0.1510174518293707,1038,2607,1.0527086958323455,0.9819364608155682,0.6905879021916793
AD|e=E2|f=0|sp=0.5|k=3|tp=A2.0|sl=10|1h,-3.530260547851421e-05,-0.11372775054808111,836,2130,0.7852181232593894,0.8311908264178088,1.0377726774552727
AD|e=E2|f=0|sp=1|k=1|tp=MID|sl=-|1h,-5.613254213297091e-06,-0.05581392615178091,1118,1728,0.9854954717898345,0.9321689978764999,1.0327987472519493
AD|e=E2|f=0|sp=1|k=1|tp=MID|sl=6|1h,-4.367707935495466e-05,-0.43743928590870546,1281,1961,0.9248010506594042,0.8611106726080118,0.9422685612839706
AD|e=E2|f=0|sp=1|k=1|tp=MID|sl=10|1h,-2.957024240916207e-05,-0.2782236702685303,1178,1823,0.9297628390539049,0.8710867608790424,1.0081240730506593
AD|e=E2|f=0|sp=1|k=1|tp=A0.5|sl=-|1h,2.3883896291234995e-05,0.15677701592204057,324,439,1.0631442875000805,1.0642225310061695,0.9873789908701529
AD|e=E2|f=0|sp=1|k=1|tp=A0.5|sl=6|1h,-4.9238585559781346e-05,-0.5067966624275804,1631,2169,0.9038278111808862,0.7889193692700428,1.0168073766148888
AD|e=E2|f=0|sp=1|k=1|tp=A0.5|sl=10|1h,-6.363152083463424e-05,-0.5175444226528364,1380,1858,0.8537061980053104,0.7366891657043496,1.0427928425327597
AD|e=E2|f=0|sp=1|k=1|tp=A1.0|sl=-|1h,2.6246187955212984e-05,0.16086659628150835,199,297,1.1023996286936606,1.0010447164135408,1.0227756129691485
AD|e=E2|f=0|sp=1|k=1|tp=A1.0|sl=6|1h,-6.101756694283787e-05,-0.538065823059113,1341,1943,0.9142319811533121,0.8649808820536364,0.8477610139987852
AD|e=E2|f=0|sp=1|k=1|tp=A1.0|sl=10|1h,-6.849364203312404e-05,-0.46889032459548796,1070,1567,0.8892774409467915,0.7422773885995256,0.9552078519232746
AD|e=E2|f=0|sp=1|k=1|tp=A2.0|sl=-|1h,1.896909038267247e-05,0.11042848983841458,97,168,1.094890215140149,1.0131205761608686,0.9696538363092084
AD|e=E2|f=0|sp=1|k=1|tp=A2.0|sl=6|1h,-3.946742559819734e-05,-0.27452841374907566,1103,1764,0.9634775316709714,0.9288766152901418,0.8439901099262332
AD|e=E2|f=0|sp=1|k=1|tp=A2.0|sl=10|1h,-3.4507217468072664e-05,-0.20056934923087624,842,1358,0.9939352849072759,0.8270745680857142,0.9333662169724537
AD|e=E2|f=0|sp=1|k=2|tp=MID|sl=-|1h,3.628974673548511e-06,0.02787359089273629,1118,2044,1.0039318797332668,0.9264517226807724,1.0659819095706782
AD|e=E2|f=0|sp=1|k=2|tp=MID|sl=6|1h,-3.8093755324672514e-05,-0.2967699586533243,1243,2222,0.9882681889635777,0.8584537972691547,0.9048766196852183
AD|e=E2|f=0|sp=1|k=2|tp=MID|sl=10|1h,-2.4198684831314068e-05,-0.17697376577557714,1162,2117,0.9571146675268989,0.8362793203873522,1.0399828471496324
AD|e=E2|f=0|sp=1|k=2|tp=A0.5|sl=-|1h,5.506221639843956e-05,0.2505768692988362,437,674,1.1335809158783707,1.1325870326927603,1.0162884785089987
AD|e=E2|f=0|sp=1|k=2|tp=A0.5|sl=6|1h,-7.785152767722236e-05,-0.6095892514791752,1589,2373,0.8709436639318301,0.7842970490098069,0.8776434068466497
AD|e=E2|f=0|sp=1|k=2|tp=A0.5|sl=10|1h,-3.193166783876897e-05,-0.19379088123391297,1397,2127,0.9793803408129699,0.7286636289482066,1.093233396235464
AD|e=E2|f=0|sp=1|k=2|tp=A1.0|sl=-|1h,5.899112231089041e-05,0.2470227404123429,255,451,1.1172785997963486,1.167738345437125,1.009154660429744
AD|e=E2|f=0|sp=1|k=2|tp=A1.0|sl=6|1h,-7.721621580730151e-05,-0.5112371275905819,1291,2191,0.8642563148215322,0.7956958465973412,0.8657173530395891
AD|e=E2|f=0|sp=1|k=2|tp=A1.0|sl=10|1h,-0.00011357017056708319,-0.575660803762944,1058,1830,0.7673881835624197,0.6591508328391379,0.9132168142251441
AD|e=E2|f=0|sp=1|k=2|tp=A2.0|sl=-|1h,3.4371341563304326e-05,0.13083624535042257,116,252,1.1245135167291385,0.9722496255008777,1.0188370293819107
AD|e=E2|f=0|sp=1|k=2|tp=A2.0|sl=6|1h,-6.918808245272984e-05,-0.3647639579426642,1055,2083,0.9455842821251687,0.8889911353947741,0.7274528023445004
AD|e=E2|f=0|sp=1|k=2|tp=A2.0|sl=10|1h,-5.082938618621748e-05,-0.21814009411839033,838,1674,0.9064778317105607,0.8081582168087942,0.9070538094066936
AD|e=E2|f=0|sp=1|k=3|tp=MID|sl=-|1h,1.8980464373933513e-05,0.13091751906462726,1118,2222,1.028696619291772,0.9384243460676894,1.1213077226266326
AD|e=E2|f=0|sp=1|k=3|tp=MID|sl=6|1h,-3.890724664748601e-05,-0.27984849982219095,1227,2338,1.0074708269680879,0.8382419736070337,0.8995790167217416
AD|e=E2|f=0|sp=1|k=3|tp=MID|sl=10|1h,-2.140061555065471e-05,-0.13834971969886184,1148,2264,0.9523859543881376,0.8358661754889422,1.053507311773959
AD|e=E2|f=0|sp=1|k=3|tp=A0.5|sl=-|1h,6.02523822575785e-05,0.20459611080520368,473,774,1.128536399015162,1.1153165744424671,1.0109322788669892
AD|e=E2|f=0|sp=1|k=3|tp=A0.5|sl=6|1h,-7.06255430829479e-05,-0.48569950940609,1570,2468,0.9574635896665303,0.7252499052828936,0.8945788019070638
AD|e=E2|f=0|sp=1|k=3|tp=A0.5|sl=10|1h,-4.672097104337983e-05,-0.23149749382462262,1426,2299,0.9913099253610259,0.6442496825510036,1.086819064809011
AD|e=E2|f=0|sp=1|k=3|tp=A1.0|sl=-|1h,9.370137640622856e-05,0.29653215406961575,309,609,1.1682653635025082,1.204548909743722,1.0852078778750591
AD|e=E2|f=0|sp=1|k=3|tp=A1.0|sl=6|1h,-7.199362497407903e-05,-0.4099024189061217,1281,2358,0.9597932715464262,0.785688190355188,0.8033285242672115
AD|e=E2|f=0|sp=1|k=3|tp=A1.0|sl=10|1h,-0.00014706711784621626,-0.604430267425638,1080,2072,0.7506275600758795,0.6106663960679294,0.7887520091545313
AD|e=E2|f=0|sp=1|k=3|tp=A2.0|sl=-|1h,5.897419464558022e-05,0.163856585496368,127,318,1.2053236484296306,0.9630318403294063,1.0192437340165763
AD|e=E2|f=0|sp=1|k=3|tp=A2.0|sl=6|1h,-8.081053920017016e-05,-0.3505502502913545,1014,2260,0.9205374452234376,0.8896284186441819,0.6738170938516658
AD|e=E2|f=0|sp=1|k=3|tp=A2.0|sl=10|1h,-6.70098275046267e-05,-0.22873777395100678,812,1883,0.8383270324252201,0.5914378109486659,1.1457150640859393
AD|e=E2|f=0|sp=1.5|k=1|tp=MID|sl=-|1h,-7.743645060528073e-06,-0.08086205961323036,1118,1616,0.9864304455647176,0.9476651039159045,1.003288171579909
AD|e=E2|f=0|sp=1.5|k=1|tp=MID|sl=6|1h,-4.09700333231745e-05,-0.4310802220248871,1268,1812,0.9512073714343953,0.8665693926350337,0.9271175381590937
AD|e=E2|f=0|sp=1.5|k=1|tp=MID|sl=10|1h,-2.5261424920744418e-05,-0.2502086176311175,1172,1694,0.9393274106589913,0.9058771005458216,0.9874443979614203
AD|e=E2|f=0|sp=1.5|k=1|tp=A0.5|sl=-|1h,3.342228780872065e-05,0.22177563685559473,342,444,1.0574509570230957,1.0900818529383498,1.028548304724402
AD|e=E2|f=0|sp=1.5|k=1|tp=A0.5|sl=6|1h,-4.572313029051178e-05,-0.48968921659806786,1599,2028,0.9094453181534626,0.8172333539356834,0.9979709904042436
AD|e=E2|f=0|sp=1.5|k=1|tp=A0.5|sl=10|1h,-5.8353551213553726e-05,-0.4790730621115633,1343,1725,0.8331741055591341,0.7628906468963168,1.067625121666419
AD|e=E2|f=0|sp=1.5|k=1|tp=A1.0|sl=-|1h,1.5703503100739303e-05,0.09717215546901237,191,268,1.0901982956399905,0.9692455518577915,1.0017614575844223
AD|e=E2|f=0|sp=1.5|k=1|tp=A1.0|sl=6|1h,-5.098501634694492e-05,-0.46181619155337245,1313,1806,0.9562407321385115,0.8510748420718326,0.8772501242553684
AD|e=E2|f=0|sp=1.5|k=1|tp=A1.0|sl=10|1h,-7.12915749477785e-05,-0.4899804756922278,1039,1452,0.8988021539478999,0.7499724718612794,0.9199617362801232
AD|e=E2|f=0|sp=1.5|k=1|tp=A2.0|sl=-|1h,1.7402006061515683e-05,0.10181278274334157,99,164,1.106787344845822,0.9983161112503882,0.9643464488557071
AD|e=E2|f=0|sp=1.5|k=1|tp=A2.0|sl=6|1h,-3.2794175525690856e-05,-0.24044586946803545,1094,1662,0.9625608329001615,0.9599011166387391,0.8546599545037149
AD|e=E2|f=0|sp=1.5|k=1|tp=A2.0|sl=10|1h,-2.6099456172150837e-05,-0.1582396542512428,853,1312,0.9939046334106301,0.8878391181250328,0.9202451653317855
AD|e=E2|f=0|sp=1.5|k=2|tp=MID|sl=-|1h,7.1952032824273484e-06,0.060587842378970455,1118,1854,1.0245269074495171,0.9429478082841999,1.0536905240746388
AD|e=E2|f=0|sp=1.5|k=2|tp=MID|sl=6|1h,-2.873552278057446e-05,-0.2423514842089518,1234,1983,1.0059794342078598,0.8774721071551037,0.9248282755507115
AD|e=E2|f=0|sp=1.5|k=2|tp=MID|sl=10|1h,-1.849401519008558e-05,-0.14695942565747958,1155,1902,0.9959141923375506,0.8528897002492568,1.019842749451528
AD|e=E2|f=0|sp=1.5|k=2|tp=A0.5|sl=-|1h,5.715522927315659e-05,0.2632198478564348,430,633,1.1244694213547082,1.1546657061529286,1.0200414082910247
AD|e=E2|f=0|sp=1.5|k=2|tp=A0.5|sl=6|1h,-6.215886090454771e-05,-0.49971080769923154,1552,2159,0.9166454449698315,0.7849255805450219,0.920044419855815
AD|e=E2|f=0|sp=1.5|k=2|tp=A0.5|sl=10|1h,-5.3652430892028635e-05,-0.3253387532093861,1358,1931,0.949034513408633,0.6869982181175813,1.0474074559376456
AD|e=E2|f=0|sp=1.5|k=2|tp=A1.0|sl=-|1h,4.157883382608692e-05,0.17486428292036643,228,370,1.109597464263536,0.9910542676409783,1.076355500147071
AD|e=E2|f=0|sp=1.5|k=2|tp=A1.0|sl=6|1h,-7.036428442967737e-05,-0.4724373222441913,1271,2005,0.9719310915984003,0.7800866350304048,0.8209240665207439
AD|e=E2|f=0|sp=1.5|k=2|tp=A1.0|sl=10|1h,-0.00011093149341776506,-0.5773246679352376,1050,1697,0.8419401195772723,0.6209121244552517,0.9014923654181303
AD|e=E2|f=0|sp=1.5|k=2|tp=A2.0|sl=-|1h,3.553039417984997e-05,0.13595099356526616,119,240,1.142511623279764,0.9644059180663244,1.018931557770667
AD|e=E2|f=0|sp=1.5|k=2|tp=A2.0|sl=6|1h,-6.320033420747265e-05,-0.338870030050993,1025,1861,0.9026835101215269,0.8795462597937863,0.8019739111850536
AD|e=E2|f=0|sp=1.5|k=2|tp=A2.0|sl=10|1h,-9.56886445652462e-05,-0.42381767615259064,822,1524,0.8852577868838635,0.5835887584664273,0.9809996898362173
AD|e=E2|f=0|sp=1.5|k=3|tp=MID|sl=-|1h,2.1981158218550412e-05,0.17250211138753832,1118,1967,1.0506200900130025,0.9682218049750874,1.0917351100216448
AD|e=E2|f=0|sp=1.5|k=3|tp=MID|sl=6|1h,-3.3786007182215426e-05,-0.2736836534684048,1223,2039,1.0235702794031944,0.8703381770668149,0.8859463595992189
AD|e=E2|f=0|sp=1.5|k=3|tp=MID|sl=10|1h,-1.6146892782872496e-05,-0.11661901885315862,1144,1992,1.0038377517366968,0.8670096084021097,1.0028428509066165
AD|e=E2|f=0|sp=1.5|k=3|tp=A0.5|sl=-|1h,7.321568534456189e-05,0.2513274556004628,468,732,1.1141166909489937,1.1292602573939192,1.099426005133742
AD|e=E2|f=0|sp=1.5|k=3|tp=A0.5|sl=6|1h,-6.362138786344396e-05,-0.468200205991311,1532,2217,0.935089883693695,0.8110449840517694,0.8597200716799828
AD|e=E2|f=0|sp=1.5|k=3|tp=A0.5|sl=10|1h,-3.512086744601546e-05,-0.17813558872965635,1389,2080,0.8988478953767317,0.8795490159823033,0.9478080236712115
AD|e=E2|f=0|sp=1.5|k=3|tp=A1.0|sl=-|1h,7.334028016998996e-05,0.232378108240964,301,550,1.129936018108639,1.08461959343907,1.1022093736119356
AD|e=E2|f=0|sp=1.5|k=3|tp=A1.0|sl=6|1h,-7.603533189146537e-05,-0.46294738151460546,1249,2097,0.9875104827375287,0.7732659087768637,0.7792930391699577
AD|e=E2|f=0|sp=1.5|k=3|tp=A1.0|sl=10|1h,-8.083611403161128e-05,-0.34206697090368776,1084,1895,0.9277073590121591,0.6970574898517424,0.8507474447216375
AD|e=E2|f=0|sp=1.5|k=3|tp=A2.0|sl=-|1h,8.792148698953704e-05,0.2505254947803438,160,367,1.1856495056633298,1.0500988901455393,1.145742002336765
AD|e=E2|f=0|sp=1.5|k=3|tp=A2.0|sl=6|1h,-5.1859368777774e-05,-0.25242434580027806,1023,2022,1.0369861747571676,0.8144134725374974,0.798388386660273
AD|e=E2|f=0|sp=1.5|k=3|tp=A2.0|sl=10|1h,-9.696193468678364e-05,-0.32929842851134594,794,1660,0.7667658354744774,0.7019964639413513,0.8770568867767099
AD|e=E2|f=0|sp=2|k=1|tp=MID|sl=-|1h,-5.881242210463279e-06,-0.06440470957183946,1118,1532,1.0030522932201003,0.9268136965603104,1.0220586949894044
AD|e=E2|f=0|sp=2|k=1|tp=MID|sl=6|1h,-3.9753835735740456e-05,-0.4327852952534932,1259,1691,0.9770893732759774,0.8462496527628492,0.9321693079216044
AD|e=E2|f=0|sp=2|k=1|tp=MID|sl=10|1h,-1.5212915503223864e-05,-0.1603895663716575,1166,1592,0.9934172584806404,0.8845150984844683,1.0198546340191335
AD|e=E2|f=0|sp=2|k=1|tp=A0.5|sl=-|1h,3.3812728569659404e-05,0.22772864272360543,368,466,1.0662996809791014,1.0757599141853293,1.0377193740123898
AD|e=E2|f=0|sp=2|k=1|tp=A0.5|sl=6|1h,-6.211622357698246e-05,-0.6640964049328578,1559,1926,0.8860596993192568,0.8283103844786347,0.9135374495872743
AD|e=E2|f=0|sp=2|k=1|tp=A0.5|sl=10|1h,-5.218434916718757e-05,-0.4305840541262385,1318,1656,0.876085923853793,0.7760789991518489,1.0384454432619254
AD|e=E2|f=0|sp=2|k=1|tp=A1.0|sl=-|1h,2.2950350965150197e-05,0.1431743858364195,218,295,1.0840949009173664,1.0216232000566103,0.9998847664843161
AD|e=E2|f=0|sp=2|k=1|tp=A1.0|sl=6|1h,-6.147404942191468e-05,-0.5685864095483874,1294,1713,0.9206344231793805,0.8485278193505066,0.8575764619167854
AD|e=E2|f=0|sp=2|k=1|tp=A1.0|sl=10|1h,-5.859292707539359e-05,-0.4175414564398105,1023,1385,0.8970798353925254,0.7707037159375683,0.9718756469840062
AD|e=E2|f=0|sp=2|k=1|tp=A2.0|sl=-|1h,1.2872376339130896e-05,0.0745324781767484,102,160,1.09690691799118,0.9844872057035812,0.9588036222844825
AD|e=E2|f=0|sp=2|k=1|tp=A2.0|sl=6|1h,-3.7490824536188765e-05,-0.2835544281965747,1067,1552,0.9499312026421012,0.9512586560207562,0.8505335690309981
AD|e=E2|f=0|sp=2|k=1|tp=A2.0|sl=10|1h,-3.090804166705455e-05,-0.19115623217667307,823,1216,0.9400834021992569,0.88016787815494,0.9543693113646281
AD|e=E2|f=0|sp=2|k=2|tp=MID|sl=-|1h,6.301812940455286e-06,0.05658398045948717,1118,1707,1.0515540597665107,0.9260155040312928,1.043830170603134
AD|e=E2|f=0|sp=2|k=2|tp=MID|sl=6|1h,-4.303702246321676e-05,-0.37452628268089727,1236,1791,1.0092124032048444,0.8480143529875624,0.8739676178214286
AD|e=E2|f=0|sp=2|k=2|tp=MID|sl=10|1h,-2.445893201780136e-05,-0.20306729478107352,1150,1740,1.0039888257877432,0.8431501605421571,0.9897072980064316
AD|e=E2|f=0|sp=2|k=2|tp=A0.5|sl=-|1h,7.147996021642564e-05,0.3252738508561326,470,653,1.1130889887891458,1.1422003109641363,1.1343214177518048
AD|e=E2|f=0|sp=2|k=2|tp=A0.5|sl=6|1h,-6.502116477014825e-05,-0.5278104455536807,1538,2032,0.9120734191463667,0.7935523457294468,0.8986168486258987
AD|e=E2|f=0|sp=2|k=2|tp=A0.5|sl=10|1h,-5.911383887463578e-05,-0.35590770633538804,1313,1803,0.9188527096825584,0.614191156060755,1.1696995069752472
AD|e=E2|f=0|sp=2|k=2|tp=A1.0|sl=-|1h,7.105178752385655e-05,0.30888296223746076,295,465,1.1008342783466822,1.0803092376804837,1.201289891101297
AD|e=E2|f=0|sp=2|k=2|tp=A1.0|sl=6|1h,-6.849189693560125e-05,-0.5052560711605846,1269,1863,1.0030209212277945,0.8356280224291058,0.7550794929012518
AD|e=E2|f=0|sp=2|k=2|tp=A1.0|sl=10|1h,-9.350648517175075e-05,-0.5091886843469973,1045,1605,0.8002065388572193,0.6366133389410306,1.0361040074879844
AD|e=E2|f=0|sp=2|k=2|tp=A2.0|sl=-|1h,5.5138377595104435e-05,0.21381985497157385,140,273,1.1818916281726992,0.9659168634240899,1.1126002820762406
AD|e=E2|f=0|sp=2|k=2|tp=A2.0|sl=6|1h,-6.332034222179274e-05,-0.3733429099592678,1018,1721,0.9450792447122646,0.8485037344588501,0.8009743210358162
AD|e=E2|f=0|sp=2|k=2|tp=A2.0|sl=10|1h,-8.885095664444096e-05,-0.4037607499015202,794,1410,0.8402537951236677,0.629790838213566,1.0049259561877122
AD|e=E2|f=0|sp=2|k=3|tp=MID|sl=-|1h,2.7440036018266574e-05,0.23270541205829748,1118,1778,1.070389840970846,0.9627267730164109,1.1204942081612803
AD|e=E2|f=0|sp=2|k=3|tp=MID|sl=6|1h,-4.3989841478743756e-05,-0.3753021615262681,1233,1814,0.9984787704254922,0.8632141727223573,0.8617491595946424
AD|e=E2|f=0|sp=2|k=3|tp=MID|sl=10|1h,-8.731286918506806e-06,-0.06745050490409496,1142,1791,1.0352750173728005,0.8526754069501408,1.0410882643796011
AD|e=E2|f=0|sp=2|k=3|tp=A0.5|sl=-|1h,9.468036006666078e-05,0.31887684793263393,528,777,1.1006430601091786,1.127319713258614,1.2536710739188748
AD|e=E2|f=0|sp=2|k=3|tp=A0.5|sl=6|1h,-7.30731308163885e-05,-0.5411442526103775,1519,2061,0.896269002010976,0.7713788268277353,0.8901603543549121
AD|e=E2|f=0|sp=2|k=3|tp=A0.5|sl=10|1h,-2.6192148148478832e-05,-0.13710651441593594,1346,1934,0.8998552436650524,0.8244993884504539,1.0729690989649412
AD|e=E2|f=0|sp=2|k=3|tp=A1.0|sl=-|1h,0.00011747046353836,0.3754614458413647,346,596,1.204526142056028,1.2109951374070975,1.219713456517465
AD|e=E2|f=0|sp=2|k=3|tp=A1.0|sl=6|1h,-7.496042215985995e-05,-0.4973660982874506,1245,1903,0.984023740190579,0.8343429709276096,0.7349794220508941
AD|e=E2|f=0|sp=2|k=3|tp=A1.0|sl=10|1h,-2.4500930962181035e-05,-0.11462086102931954,1056,1745,0.93998499612445,0.8094122491469974,1.0439783546289028
AD|e=E2|f=0|sp=2|k=3|tp=A2.0|sl=-|1h,0.0001051050763024454,0.2998061384017882,168,381,1.2731000183322463,1.0621360906535506,1.1743857843204553
AD|e=E2|f=0|sp=2|k=3|tp=A2.0|sl=6|1h,-9.098563825139973e-05,-0.49077950835239076,1011,1801,0.9298603759499426,0.7592420409377799,0.7603291228762883
AD|e=E2|f=0|sp=2|k=3|tp=A2.0|sl=10|1h,-9.840678106689444e-05,-0.35765694879130533,777,1526,0.8623211671740315,0.6355303654858292,0.8715929139254777
AD|e=E2|f=1|sp=-|k=0|tp=MID|sl=-|1h,-2.8477360043314614e-06,-0.20344453953638664,159,159,0.9914316322904345,0.9804377529367129,1.0103524223821572
AD|e=E2|f=1|sp=-|k=0|tp=MID|sl=6|1h,-8.504044618586465e-06,-0.5561767334357934,159,159,0.9710687307720867,0.9767946712772958,0.9997488294754147
AD|e=E2|f=1|sp=-|k=0|tp=MID|sl=10|1h,-5.80937936711633e-06,-0.3878765285707996,159,159,0.9881205284692032,0.9658355841248374,1.0103524223821572
AD|e=E2|f=1|sp=-|k=0|tp=A0.5|sl=-|1h,1.5256228515962271e-05,0.41922908530565106,142,142,1.0410129627014133,1.0399253853862835,1.0111730451872538
AD|e=E2|f=1|sp=-|k=0|tp=A0.5|sl=6|1h,-7.017059223059314e-06,-0.47585204252675334,180,180,0.9658582968659501,0.9951484391729055,0.9956992397210048
AD|e=E2|f=1|sp=-|k=0|tp=A0.5|sl=10|1h,-8.354903833769765e-06,-0.4747718141913303,180,180,0.9906005101215647,0.9831551854389,0.9744275057882275
AD|e=E2|f=1|sp=-|k=0|tp=A1.0|sl=-|1h,1.3597678185171092e-05,0.33391268244980554,119,119,1.056932947124491,1.0062633643465413,1.0177630818280128
AD|e=E2|f=1|sp=-|k=0|tp=A1.0|sl=6|1h,-8.829119094006266e-06,-0.5096550615640165,163,163,0.9675631805701446,0.9849476585254529,0.9928709888338698
AD|e=E2|f=1|sp=-|k=0|tp=A1.0|sl=10|1h,-1.1239986815399649e-05,-0.5212612619283906,163,163,0.9842451660971696,0.978242788869973,0.9679013212366474
AD|e=E2|f=1|sp=-|k=0|tp=A2.0|sl=-|1h,2.6806565101387814e-05,0.5315008020541152,107,107,1.0939680300899701,1.039259909375266,1.031487823420073
AD|e=E2|f=1|sp=-|k=0|tp=A2.0|sl=6|1h,-7.281489097461351e-06,-0.3165646458058791,159,159,0.9697359195154982,0.9841050495762307,1.000407945411569
AD|e=E2|f=1|sp=-|k=0|tp=A2.0|sl=10|1h,-1.8852802140595003e-05,-0.650141916114086,158,158,0.9802664709561221,0.947884087183804,0.9560773560087085
AD|e=E2|f=1|sp=0.5|k=1|tp=MID|sl=-|1h,-1.7075738705435358e-06,-0.07521669258278758,159,271,0.9958374171122792,0.9756309602358237,1.017174555201057
AD|e=E2|f=1|sp=0.5|k=1|tp=MID|sl=6|1h,-1.3477222462949612e-05,-0.5016099923260343,159,270,0.9666632272606257,0.9627311905739834,0.9868331816544472
AD|e=E2|f=1|sp=0.5|k=1|tp=MID|sl=10|1h,-8.315532587283709e-06,-0.32729124596612175,159,270,0.9947995275475863,0.9372263960049727,1.017174555201057
AD|e=E2|f=1|sp=0.5|k=1|tp=A0.5|sl=-|1h,2.1607152430653157e-05,0.3244194518740612,146,210,1.056464046514075,1.0531302707412384,1.013591251004987
AD|e=E2|f=1|sp=0.5|k=1|tp=A0.5|sl=6|1h,-6.0528308645802235e-06,-0.26328498223779473,182,258,0.9965832687893089,0.9784835743378136,0.986378912829244
AD|e=E2|f=1|sp=0.5|k=1|tp=A0.5|sl=10|1h,-1.6143115154841894e-05,-0.5429868899617012,182,259,0.9808662975627932,0.9473632171288011,0.9717831813640804
AD|e=E2|f=1|sp=0.5|k=1|tp=A1.0|sl=-|1h,4.005289545401188e-05,0.5198686178509813,127,205,1.108368842047074,1.105757704336356,1.0280096529562095
AD|e=E2|f=1|sp=0.5|k=1|tp=A1.0|sl=6|1h,-8.711050376659304e-06,-0.28854232282481124,163,259,1.0009054145365033,0.9705021947336814,0.9731456394423197
AD|e=E2|f=1|sp=0.5|k=1|tp=A1.0|sl=10|1h,-2.2745287318697412e-05,-0.5739935318265691,163,259,0.9868649705287931,0.9527698531724745,0.9206071446091253
AD|e=E2|f=1|sp=0.5|k=1|tp=A2.0|sl=-|1h,5.1768465331080976e-05,0.5345160327428008,113,201,1.203930669316515,1.0582909591252319,1.056000418096223
AD|e=E2|f=1|sp=0.5|k=1|tp=A2.0|sl=6|1h,-1.118212447604491e-05,-0.2759437510937098,159,278,0.9846580916861282,0.9780764223282611,0.9650544385710134
AD|e=E2|f=1|sp=0.5|k=1|tp=A2.0|sl=10|1h,-2.4944867158324765e-05,-0.4745055646810286,159,278,1.007383788046088,0.9278221564537915,0.91134074145485
AD|e=E2|f=1|sp=0.5|k=2|tp=MID|sl=-|1h,1.3332808373080293e-06,0.0467969854638552,159,343,1.003215164962055,0.9759119892588948,1.0277871137880292
AD|e=E2|f=1|sp=0.5|k=2|tp=MID|sl=6|1h,-1.1722750142412827e-05,-0.34323666327904406,159,340,0.9930210119778884,0.9575334746082022,0.9752717670632108
AD|e=E2|f=1|sp=0.5|k=2|tp=MID|sl=10|1h,-9.592245722344001e-06,-0.27316167563002525,159,341,1.0012198428909003,0.912817219360293,1.0277871137880292
AD|e=E2|f=1|sp=0.5|k=2|tp=A0.5|sl=-|1h,4.382700914788393e-05,0.4946911384751058,171,283,1.0763262463420957,1.072412102107014,1.1074467553318432
AD|e=E2|f=1|sp=0.5|k=2|tp=A0.5|sl=6|1h,-1.067931571896585e-05,-0.3480557504214815,182,294,0.9900528759862385,0.9572929248157431,0.9852166950727755
AD|e=E2|f=1|sp=0.5|k=2|tp=A0.5|sl=10|1h,-1.844315306339437e-05,-0.5222488586933971,182,296,0.9761369875019641,0.9104280598986448,1.0010545099336512
AD|e=E2|f=1|sp=0.5|k=2|tp=A1.0|sl=-|1h,4.96220691561806e-05,0.4272064120752233,127,257,1.1292138124172677,1.1199005470337222,1.0350312135266404
AD|e=E2|f=1|sp=0.5|k=2|tp=A1.0|sl=6|1h,-2.0955260355535022e-05,-0.507066445290906,163,319,0.9994434912575143,0.923549303642327,0.9475989262911929
AD|e=E2|f=1|sp=0.5|k=2|tp=A1.0|sl=10|1h,-3.922409767428703e-05,-0.7084690882140247,163,321,0.9889470975553086,0.8753191128367489,0.8995910560021894
AD|e=E2|f=1|sp=0.5|k=2|tp=A2.0|sl=-|1h,7.160599245436361e-05,0.523739357316384,113,267,1.2896406282037303,1.0638262108349275,1.0798410281279431
AD|e=E2|f=1|sp=0.5|k=2|tp=A2.0|sl=6|1h,-1.6926284174897427e-05,-0.3014461532041121,159,365,1.0306475226930532,0.9434367431691617,0.9191856281954409
AD|e=E2|f=1|sp=0.5|k=2|tp=A2.0|sl=10|1h,-5.054997102683487e-05,-0.6754939190474026,159,367,1.0160460015411799,0.8407773903034708,0.8453156722608518
AD|e=E2|f=1|sp=0.5|k=3|tp=MID|sl=-|1h,4.757827820611362e-06,0.15021162543987918,159,384,1.0128422003655086,0.9751143268744603,1.0401074506351253
AD|e=E2|f=1|sp=0.5|k=3|tp=MID|sl=6|1h,-5.048670692576384e-06,-0.14364173892137347,159,378,0.9984493532466874,0.9387880786365452,1.0309963139260028
AD|e=E2|f=1|sp=0.5|k=3|tp=MID|sl=10|1h,-2.085143974953728e-06,-0.06015103148393626,159,380,1.0092653256652793,0.937534610137259,1.0401074506351253
AD|e=E2|f=1|sp=0.5|k=3|tp=A0.5|sl=-|1h,5.534247296753449e-05,0.4644533077961774,172,306,1.083565834791474,1.0891106269665007,1.1385923251068173
AD|e=E2|f=1|sp=0.5|k=3|tp=A0.5|sl=6|1h,-1.0333129042614392e-05,-0.30618433728462513,182,315,0.9691056665163436,0.9369291801350659,1.0303361490366778
AD|e=E2|f=1|sp=0.5|k=3|tp=A0.5|sl=10|1h,-1.5228224556603898e-05,-0.33480491725738826,182,318,0.9775351691934256,0.9351046953330023,0.9905146978429752
AD|e=E2|f=1|sp=0.5|k=3|tp=A1.0|sl=-|1h,8.831023941409475e-05,0.5816015142340424,154,348,1.163967644658468,1.1574315346452149,1.2088622120685595
AD|e=E2|f=1|sp=0.5|k=3|tp=A1.0|sl=6|1h,-1.875105669936911e-05,-0.37572185012489184,163,358,0.9795092359257134,0.8888406484253949,1.0164337573278752
AD|e=E2|f=1|sp=0.5|k=3|tp=A1.0|sl=10|1h,-1.928828081411522e-05,-0.28722676473497605,163,361,0.9985297297790182,0.8839767322456753,0.9941099709623831
AD|e=E2|f=1|sp=0.5|k=3|tp=A2.0|sl=-|1h,8.580107033337559e-05,0.4668148958221574,114,314,1.3372843462862556,1.0572864932137565,1.098732709388069
AD|e=E2|f=1|sp=0.5|k=3|tp=A2.0|sl=6|1h,-3.107573634254015e-05,-0.44546575897999735,159,425,0.9965662599496513,0.9047614946910253,0.9041486494709035
AD|e=E2|f=1|sp=0.5|k=3|tp=A2.0|sl=10|1h,-4.224912784106471e-05,-0.4400141264737408,158,425,0.9679201864372942,0.9066965986228319,0.857927971341471
AD|e=E2|f=1|sp=1|k=1|tp=MID|sl=-|1h,-2.1939090965268416e-06,-0.10239790251452728,159,248,0.9995658784226777,0.9708286371816083,1.0154645048865516
AD|e=E2|f=1|sp=1|k=1|tp=MID|sl=6|1h,-1.526482687170298e-05,-0.577982842053678,159,247,0.9675486742003322,0.9553610262923131,0.982697965298223
AD|e=E2|f=1|sp=1|k=1|tp=MID|sl=10|1h,-6.269319841792754e-06,-0.27831731677356575,159,247,0.9985241029514901,0.947560527202579,1.0154645048865516
AD|e=E2|f=1|sp=1|k=1|tp=A0.5|sl=-|1h,2.016601684253459e-05,0.3052401723240235,146,196,1.0551311060033783,1.046643839376283,1.0123990466853485
AD|e=E2|f=1|sp=1|k=1|tp=A0.5|sl=6|1h,-4.9754688519481465e-06,-0.2420192489121611,181,237,0.9879257595974087,0.981561959976018,0.998878340060918
AD|e=E2|f=1|sp=1|k=1|tp=A0.5|sl=10|1h,-1.745899465131076e-05,-0.6465265144483104,181,239,0.9903123613781315,0.9408616097462192,0.9617633728208014
AD|e=E2|f=1|sp=1|k=1|tp=A1.0|sl=-|1h,3.511989581378425e-05,0.4512275862394673,126,190,1.0977911056529452,1.082965033895288,1.028076946917775
AD|e=E2|f=1|sp=1|k=1|tp=A1.0|sl=6|1h,-1.4637747350102497e-05,-0.49102445577723697,163,240,0.9878560567379224,0.956064746854216,0.9650707571838792
AD|e=E2|f=1|sp=1|k=1|tp=A1.0|sl=10|1h,-2.920129863375414e-05,-0.7452258332441772,163,241,0.9677920319003639,0.930555357308501,0.9237562090551407
AD|e=E2|f=1|sp=1|k=1|tp=A2.0|sl=-|1h,4.8778366232937354e-05,0.5232810137345966,113,193,1.1925506934651313,1.0476422497742066,1.0583102082910198
AD|e=E2|f=1|sp=1|k=1|tp=A2.0|sl=6|1h,-1.7096602007058936e-05,-0.42553757584863594,159,264,0.9820569952639564,0.9435102865680923,0.9671820235826859
AD|e=E2|f=1|sp=1|k=1|tp=A2.0|sl=10|1h,-2.4151271676415576e-05,-0.47285657426529043,159,264,0.9891444114600534,0.9428521170313346,0.9180840837863377
AD|e=E2|f=1|sp=1|k=2|tp=MID|sl=-|1h,7.205552440107609e-07,0.0293648556363933,159,291,1.002345855181061,0.9713952759633292,1.0300372443834267
AD|e=E2|f=1|sp=1|k=2|tp=MID|sl=6|1h,-1.2182667828604737e-05,-0.3997734685801641,159,285,0.9927784297823277,0.9519133776358635,0.9790783497454276
AD|e=E2|f=1|sp=1|k=2|tp=MID|sl=10|1h,-4.8161068643449125e-06,-0.17069930561541993,159,289,1.0003522621039005,0.9400456199996697,1.0300372443834267
AD|e=E2|f=1|sp=1|k=2|tp=A0.5|sl=-|1h,3.4716538289149424e-05,0.8155785738970128,180,264,1.0704343725073509,1.0665150572635123,1.080030304574515
AD|e=E2|f=1|sp=1|k=2|tp=A0.5|sl=6|1h,-1.1414432466715484e-05,-0.4082390689859358,181,261,0.9664391749744283,0.95613821433153,1.0064754042206665
AD|e=E2|f=1|sp=1|k=2|tp=A0.5|sl=10|1h,-8.799857044322575e-06,-0.2670271882337259,181,264,0.9872255313401161,0.9178528288505349,1.0423667709130635
AD|e=E2|f=1|sp=1|k=2|tp=A1.0|sl=-|1h,4.531626845426357e-05,0.3872064506316801,127,226,1.123960476599474,1.1001031272179551,1.0310321182498452
AD|e=E2|f=1|sp=1|k=2|tp=A1.0|sl=6|1h,-2.321100334069744e-05,-0.6108380748717569,163,280,0.9836637796219877,0.9191103021702246,0.9547924063690727
AD|e=E2|f=1|sp=1|k=2|tp=A1.0|sl=10|1h,-4.689033151185601e-05,-0.8623543987662856,163,285,0.959189786969357,0.8751437465961787,0.8851127258662269
AD|e=E2|f=1|sp=1|k=2|tp=A2.0|sl=-|1h,6.415122076367628e-05,0.4668846264215342,115,247,1.2537246818834864,1.0485378092256907,1.076836488047032
AD|e=E2|f=1|sp=1|k=2|tp=A2.0|sl=6|1h,-2.618952259024694e-05,-0.4732360627517686,159,328,0.9811005609985162,0.9155718029564154,0.9399078564157182
AD|e=E2|f=1|sp=1|k=2|tp=A2.0|sl=10|1h,-4.451802821086307e-05,-0.5654606613551961,158,330,1.0052457037008695,0.8688435213098546,0.8576005993515383
AD|e=E2|f=1|sp=1|k=3|tp=MID|sl=-|1h,5.097187310337713e-06,0.20001798060878734,159,315,1.0158336237431038,0.9797717499561887,1.0351204759159047
AD|e=E2|f=1|sp=1|k=3|tp=MID|sl=6|1h,-1.2600577921019806e-05,-0.390824203795213,159,302,0.9988628283468535,0.9492834587396033,0.9731204937561331
AD|e=E2|f=1|sp=1|k=3|tp=MID|sl=10|1h,-2.0254609082074646e-06,-0.06936258460100754,159,311,1.0116340343128805,0.940928961503756,1.0351204759159047
AD|e=E2|f=1|sp=1|k=3|tp=A0.5|sl=-|1h,3.715257006122463e-05,0.6928695683949145,180,279,1.074260959281408,1.0799862627274925,1.075774782624868
AD|e=E2|f=1|sp=1|k=3|tp=A0.5|sl=6|1h,-1.4670860973043604e-05,-0.42869178576263334,181,274,0.9761731003525459,0.9332415435185094,0.9997598304939446
AD|e=E2|f=1|sp=1|k=3|tp=A0.5|sl=10|1h,-9.973220452120445e-06,-0.2299541516474735,181,279,0.9786450900639452,0.9237745395796623,1.0355252728877584
AD|e=E2|f=1|sp=1|k=3|tp=A1.0|sl=-|1h,6.258408662899442e-05,0.5214569029107625,142,286,1.155760509831369,1.1378943761001716,1.07674440273138
AD|e=E2|f=1|sp=1|k=3|tp=A1.0|sl=6|1h,-3.20290643368305e-05,-0.6930462670426311,163,305,0.9924367344575553,0.8807279112388791,0.9337486603211258
AD|e=E2|f=1|sp=1|k=3|tp=A1.0|sl=10|1h,-4.885112012573589e-05,-0.6531555825207119,161,311,0.997052339323281,0.8818654466980574,0.8292331974934718
AD|e=E2|f=1|sp=1|k=3|tp=A2.0|sl=-|1h,7.811430727836374e-05,0.42123000845776015,115,286,1.3043644150113036,1.0362298625096358,1.0960047420876837
AD|e=E2|f=1|sp=1|k=3|tp=A2.0|sl=6|1h,-3.894208995884629e-05,-0.5940225532986669,159,371,0.9849161998553981,0.8680869984460585,0.9102808808154507
AD|e=E2|f=1|sp=1|k=3|tp=A2.0|sl=10|1h,-3.43761079416922e-05,-0.3483188475555332,156,376,1.0203419198721577,0.9060977970395367,0.8541868662478291
AD|e=E2|f=1|sp=1.5|k=1|tp=MID|sl=-|1h,-1.8195265246503502e-06,-0.09116797929888965,159,229,0.9998735754508218,0.9760811715435339,1.0122140260252634
AD|e=E2|f=1|sp=1.5|k=1|tp=MID|sl=6|1h,-1.0183773227575737e-05,-0.43438558848549597,159,227,0.9913819548375571,0.9632395050471961,0.9820148234097912
AD|e=E2|f=1|sp=1.5|k=1|tp=MID|sl=10|1h,-2.9511187548827405e-06,-0.14791632834717133,159,227,0.9988314792891988,0.9703173849539221,1.0122140260252634
AD|e=E2|f=1|sp=1.5|k=1|tp=A0.5|sl=-|1h,3.0533617706358225e-05,0.4650681923857403,167,214,1.0506327793021464,1.0485356693375538,1.0811817536197494
AD|e=E2|f=1|sp=1.5|k=1|tp=A0.5|sl=6|1h,-1.1973845432755208e-05,-0.5461126295385108,180,226,0.9780901134653268,0.9650302039902416,0.982695292178769
AD|e=E2|f=1|sp=1.5|k=1|tp=A0.5|sl=10|1h,-1.5822956533101755e-05,-0.6166974091748518,180,227,0.9762711355598367,0.9429316550306042,0.9836534245221629
AD|e=E2|f=1|sp=1.5|k=1|tp=A1.0|sl=-|1h,1.9890821876874152e-05,0.25229754750291683,120,172,1.0956496074944808,0.9898162913422245,1.0244687115989988
AD|e=E2|f=1|sp=1.5|k=1|tp=A1.0|sl=6|1h,-8.436362629896836e-06,-0.284393185288837,163,227,1.0032213546466644,0.9478731191785787,0.9958965281254802
AD|e=E2|f=1|sp=1.5|k=1|tp=A1.0|sl=10|1h,-2.2377522320815955e-05,-0.6070849407337403,163,228,0.9926480272762165,0.9300808178217527,0.940208161960015
AD|e=E2|f=1|sp=1.5|k=1|tp=A2.0|sl=-|1h,4.679331487478878e-05,0.5288898509971446,114,181,1.18421029721817,1.0489711992941808,1.0526912042159493
AD|e=E2|f=1|sp=1.5|k=1|tp=A2.0|sl=6|1h,-1.0848879954341667e-05,-0.27271825066622063,159,247,1.0232905429865429,0.9541473601974471,0.9540036563678939
AD|e=E2|f=1|sp=1.5|k=1|tp=A2.0|sl=10|1h,-1.827078812412718e-05,-0.36786834989127404,159,248,1.0152185943419456,0.9660686083972955,0.9055117281512618
AD|e=E2|f=1|sp=1.5|k=2|tp=MID|sl=-|1h,2.8488302909619674e-06,0.1311862276176906,159,260,1.010099330703848,0.980539274253594,1.0263705833317187
AD|e=E2|f=1|sp=1.5|k=2|tp=MID|sl=6|1h,-9.42655511359097e-06,-0.3361973141811225,159,252,1.006462983313984,0.9592366255868036,0.9751860092158533
AD|e=E2|f=1|sp=1.5|k=2|tp=MID|sl=10|1h,-3.5225440123652306e-08,-0.0015694730018577189,159,256,1.0080903165272255,0.9651346850957958,1.0263705833317187
AD|e=E2|f=1|sp=1.5|k=2|tp=A0.5|sl=-|1h,3.2829953970757126e-05,0.7152131597092685,179,251,1.05596798193124,1.080742097936421,1.067068438078878
AD|e=E2|f=1|sp=1.5|k=2|tp=A0.5|sl=6|1h,-2.0207102734221315e-05,-0.7824259863179939,180,247,0.951056167873677,0.9361206961410429,0.9898319363098975
AD|e=E2|f=1|sp=1.5|k=2|tp=A0.5|sl=10|1h,-1.53658281860331e-05,-0.4493171893164577,180,250,0.9688496001107278,0.901932207668218,1.0377998014600496
AD|e=E2|f=1|sp=1.5|k=2|tp=A1.0|sl=-|1h,2.9877237712999504e-05,0.3038068450144492,134,225,1.119556978320761,0.9776745373703338,1.0695620900402332
AD|e=E2|f=1|sp=1.5|k=2|tp=A1.0|sl=6|1h,-3.0900146731992136e-05,-0.7666384887556109,163,261,0.9797073842529329,0.9043538044137425,0.9286839503971462
AD|e=E2|f=1|sp=1.5|k=2|tp=A1.0|sl=10|1h,-3.6850428666367445e-05,-0.65212646887902,162,262,0.9575338111920092,0.8709702619165648,0.9475825915414542
AD|e=E2|f=1|sp=1.5|k=2|tp=A2.0|sl=-|1h,5.566764204298399e-05,0.4216383691034382,116,223,1.2162799930844288,1.0357915743234352,1.0683292146117302
AD|e=E2|f=1|sp=1.5|k=2|tp=A2.0|sl=6|1h,-3.1013988002419863e-05,-0.5998432667765837,159,297,0.9846718274305504,0.9041744063313721,0.9212836979437189
AD|e=E2|f=1|sp=1.5|k=2|tp=A2.0|sl=10|1h,-3.2298538696025526e-05,-0.4507335556141021,157,297,0.9985474712194068,0.8681077981395922,0.933727637099935
AD|e=E2|f=1|sp=1.5|k=3|tp=MID|sl=-|1h,5.9664808072853365e-06,0.27431270690392534,159,273,1.0161113427236284,0.9914017149401412,1.0287021441931137
AD|e=E2|f=1|sp=1.5|k=3|tp=MID|sl=6|1h,-9.258224722947204e-06,-0.3274767301105901,159,260,1.0090091514985247,0.961952574115863,0.9709020313785666
AD|e=E2|f=1|sp=1.5|k=3|tp=MID|sl=10|1h,2.4525888801728184e-06,0.11155479819227385,159,267,1.0119106051667144,0.9741820907877685,1.0287021441931137
AD|e=E2|f=1|sp=1.5|k=3|tp=A0.5|sl=-|1h,3.5337870786998834e-05,0.65220805864301,179,267,1.0667049716520083,1.0781251162066792,1.0731564559032907
AD|e=E2|f=1|sp=1.5|k=3|tp=A0.5|sl=6|1h,-1.7446610882397617e-05,-0.5697952852372921,180,261,0.9933326459665168,0.9266097806139573,0.9730172660235493
AD|e=E2|f=1|sp=1.5|k=3|tp=A0.5|sl=10|1h,-2.2541001295780056e-06,-0.05484495324667043,180,265,0.985278418117389,0.966948760185013,1.0309128823692146
AD|e=E2|f=1|sp=1.5|k=3|tp=A1.0|sl=-|1h,3.141175388798766e-05,0.24443483049188863,136,255,1.132916675928939,0.9504599590411686,1.0756807195604234
AD|e=E2|f=1|sp=1.5|k=3|tp=A1.0|sl=6|1h,-3.948343610056251e-05,-0.8631693100223236,163,281,0.9712111413682248,0.8850017039198482,0.9067358299279222
AD|e=E2|f=1|sp=1.5|k=3|tp=A1.0|sl=10|1h,-1.717293638058744e-05,-0.25337550788211344,162,290,1.0090959427284634,0.9390612468406357,0.9389270562186137
AD|e=E2|f=1|sp=1.5|k=3|tp=A2.0|sl=-|1h,7.972083567949966e-05,0.5031373795143494,126,281,1.2686898147879373,1.03579976137493,1.1675373525176136
AD|e=E2|f=1|sp=1.5|k=3|tp=A2.0|sl=6|1h,-3.791671357129135e-05,-0.6551815444036891,159,327,1.0308496013398374,0.8746523466863192,0.8700006740338917
AD|e=E2|f=1|sp=1.5|k=3|tp=A2.0|sl=10|1h,-2.592771090308903e-05,-0.27672361651244304,156,334,1.0498906762794677,0.9417056563247276,0.844234702447728
AD|e=E2|f=1|sp=2|k=1|tp=MID|sl=-|1h,-1.2686103985718055e-06,-0.06742768791101182,159,218,1.00445801151833,0.9723512594801103,1.0150007915114418
AD|e=E2|f=1|sp=2|k=1|tp=MID|sl=6|1h,-1.0462094491782584e-05,-0.4561128860918074,159,216,0.9977211897944644,0.9580109886589868,0.9794553720927699
AD|e=E2|f=1|sp=2|k=1|tp=MID|sl=10|1h,-2.4002026288039987e-06,-0.1276202335876655,159,216,1.0034111373294186,0.9666094981254464,1.0150007915114418
AD|e=E2|f=1|sp=2|k=1|tp=A0.5|sl=-|1h,3.1949121599561016e-05,0.4902410132088875,167,209,1.0538220391945843,1.0531824284919562,1.0826934594225956
AD|e=E2|f=1|sp=2|k=1|tp=A0.5|sl=6|1h,-9.935389687716637e-06,-0.45398666134216253,180,221,0.9855048893332028,0.968919779833831,0.9836600930204776
AD|e=E2|f=1|sp=2|k=1|tp=A0.5|sl=10|1h,-1.3441013228521327e-05,-0.533336440289181,180,222,0.9862199843829675,0.9467113397754211,0.9842316534956449
AD|e=E2|f=1|sp=2|k=1|tp=A1.0|sl=-|1h,1.9568071663720815e-05,0.2478489573758094,121,167,1.0925358168836792,0.9916789974632803,1.0232989052806165
AD|e=E2|f=1|sp=2|k=1|tp=A1.0|sl=6|1h,-9.315801604565847e-06,-0.33957753582524447,163,220,0.9983128637700291,0.9491413240959631,0.9944573227006492
AD|e=E2|f=1|sp=2|k=1|tp=A1.0|sl=10|1h,-2.3757565805266276e-05,-0.673651124435239,163,221,0.9866913537916299,0.9308352372785226,0.9374222008631348
AD|e=E2|f=1|sp=2|k=1|tp=A2.0|sl=-|1h,4.328805227618564e-05,0.4809046199467824,114,173,1.1739702729577528,1.0389837559839497,1.0487535883739016
AD|e=E2|f=1|sp=2|k=1|tp=A2.0|sl=6|1h,-1.605454875937527e-05,-0.4074750799528409,159,238,0.9933178486179363,0.946766908590122,0.9591863513319274
AD|e=E2|f=1|sp=2|k=1|tp=A2.0|sl=10|1h,-2.4311671402568722e-05,-0.47566609822997896,159,239,1.0021229552555564,0.95601814025607,0.8928301357698553
AD|e=E2|f=1|sp=2|k=2|tp=MID|sl=-|1h,3.406420780239648e-06,0.17256280681421973,159,243,1.0180204526285779,0.9795460670937205,1.0231202297145003
AD|e=E2|f=1|sp=2|k=2|tp=MID|sl=6|1h,-7.2565494093558986e-06,-0.3066238657351447,159,235,1.0135995301421847,0.9557092017994974,0.9856748433244216
AD|e=E2|f=1|sp=2|k=2|tp=MID|sl=10|1h,2.5364372348379414e-07,0.012397298612400326,159,239,1.0153860455894377,0.9631378463670008,1.0231202297145003
AD|e=E2|f=1|sp=2|k=2|tp=A0.5|sl=-|1h,3.4697330369483916e-05,0.7814289862801543,179,241,1.0629586103422883,1.0821667992654012,1.071289795795808
AD|e=E2|f=1|sp=2|k=2|tp=A0.5|sl=6|1h,-1.439262466924501e-05,-0.5413857828908909,180,238,0.9797967122484731,0.9399007851250851,0.9917207698302746
AD|e=E2|f=1|sp=2|k=2|tp=A0.5|sl=10|1h,-7.306750546908755e-06,-0.20384478366929445,180,240,1.01699232790763,0.9017752875334142,1.039083973718523
AD|e=E2|f=1|sp=2|k=2|tp=A1.0|sl=-|1h,2.7049123948179097e-05,0.27869999912099347,135,216,1.1144417057621818,0.9774283406415287,1.0567875507501332
AD|e=E2|f=1|sp=2|k=2|tp=A1.0|sl=6|1h,-2.165819280869769e-05,-0.6245399862642325,163,244,0.9977521787511682,0.9110047021046551,0.9595054071296741
AD|e=E2|f=1|sp=2|k=2|tp=A1.0|sl=10|1h,-2.6316445441758396e-05,-0.5194232507567186,162,250,0.9849652144989759,0.8818107264599944,0.9728499222755819
AD|e=E2|f=1|sp=2|k=2|tp=A2.0|sl=-|1h,6.242119356024469e-05,0.5169264138559833,122,228,1.2178778700210993,1.033689620908783,1.1241111603011973
AD|e=E2|f=1|sp=2|k=2|tp=A2.0|sl=6|1h,-2.8114810958660114e-05,-0.5922599355742278,159,278,1.0061938302721212,0.9043505738215354,0.9187188312647576
AD|e=E2|f=1|sp=2|k=2|tp=A2.0|sl=10|1h,-1.8748917387199437e-05,-0.25905670084358984,156,282,1.0583521478541948,0.9062054695527494,0.9171820657116532
AD|e=E2|f=1|sp=2|k=3|tp=MID|sl=-|1h,4.101981918281313e-06,0.2046260217044225,159,246,1.0180204526285779,0.983712692498439,1.0231202297145003
AD|e=E2|f=1|sp=2|k=3|tp=MID|sl=6|1h,-7.008231072604702e-06,-0.2981859852429948,159,236,1.0135995301421847,0.9571742093277779,0.9856748433244216
AD|e=E2|f=1|sp=2|k=3|tp=MID|sl=10|1h,6.682589673170762e-07,0.0327539710071539,159,241,1.0153860455894377,0.9656047729411087,1.0231202297145003
AD|e=E2|f=1|sp=2|k=3|tp=A0.5|sl=-|1h,3.585936787380819e-05,0.691139297551181,179,254,1.0820374476014827,1.0637788386674603,1.0766764478322999
AD|e=E2|f=1|sp=2|k=3|tp=A0.5|sl=6|1h,-1.699598863152282e-05,-0.5890158597324167,180,247,0.9853863133961827,0.9292880978977472,0.9810686609036007
AD|e=E2|f=1|sp=2|k=3|tp=A0.5|sl=10|1h,3.895874164944291e-06,0.09197210970405409,180,253,1.042675653753675,0.9525773978708655,1.0272422142498896
AD|e=E2|f=1|sp=2|k=3|tp=A1.0|sl=-|1h,5.792127749803772e-05,0.4907139694491379,143,251,1.14846721342065,1.1297172333696868,1.0624445922521337
AD|e=E2|f=1|sp=2|k=3|tp=A1.0|sl=6|1h,-2.654733986688193e-05,-0.7132260514095305,163,257,0.9996661296424492,0.8965307528429133,0.9436631360321373
AD|e=E2|f=1|sp=2|k=3|tp=A1.0|sl=10|1h,-1.436715985936495e-05,-0.21630953012180315,162,272,1.026705523243428,0.9612527670476589,0.9178754364588295
AD|e=E2|f=1|sp=2|k=3|tp=A2.0|sl=-|1h,7.456295919023166e-05,0.4791001166354798,128,269,1.2580459628636478,1.035841773580545,1.1431649267086754
AD|e=E2|f=1|sp=2|k=3|tp=A2.0|sl=6|1h,-3.406866758502797e-05,-0.6821901153527923,159,296,1.012530685433142,0.8899823446674162,0.89349204706056
AD|e=E2|f=1|sp=2|k=3|tp=A2.0|sl=10|1h,-1.8296957874361388e-05,-0.20375660302727774,157,318,1.1016364147900375,0.9631710519468653,0.8267747924154254
