rule_id,family,params,exit_code,direction,tf,sharpe_ann,sharpe_daily,n_trades,cum_return,mdd,cost_usd,funding_usd,halt_days,is_sharpe_ann,oos_sharpe_ann
"T-A|ma=SMA,fast=5,slow=20|X1|L|1h",T-A,"ma=SMA,fast=5,slow=20",X1,L,1h,-0.2582667727485339,-0.013518300726675292,7962,-0.6271133601105361,0.6920476269723813,13083.192069699227,-1179.7131101458342,28,-0.01291034646348124,-0.765431670706337
"T-A|ma=SMA,fast=5,slow=20|X1|S|1h",T-A,"ma=SMA,fast=5,slow=20",X1,S,1h,-0.7024282139362681,-0.03676677310765593,7976,-0.8445400684211065,0.8985725212583959,12980.904572002417,615.1377134129831,19,-0.6709271363724686,-0.7741297716120102
"T-A|ma=SMA,fast=5,slow=20|X1|LS|1h",T-A,"ma=SMA,fast=5,slow=20",X1,LS,1h,-0.2565439488725472,-0.01342812400356519,7978,-0.5697354206009515,0.8035546252927883,24719.344280742254,-465.49273723990035,17,0.28223594057893003,-1.352411293900407
"T-A|ma=SMA,fast=5,slow=20|X2|L|1h",T-A,"ma=SMA,fast=5,slow=20",X2,L,1h,-0.43736961478421627,-0.022892971939212522,6838,-0.9940866523769717,0.9963414171847919,14721.665794284674,-1202.6023921297583,287,0.02071665675281931,-1.3423566496695607
"T-A|ma=SMA,fast=5,slow=20|X2|S|1h",T-A,"ma=SMA,fast=5,slow=20",X2,S,1h,-0.325892607025809,-0.01705799867126,6944,-0.9917782828851996,0.9981534755678697,74185.6938459412,3621.1780985419855,273,0.006248802433484356,-0.9805508305876335
"T-A|ma=SMA,fast=5,slow=20|X2|LS|1h",T-A,"ma=SMA,fast=5,slow=20",X2,LS,1h,-0.43273420932802786,-0.0226503437285451,7886,-0.9933659273218861,0.9988602000378156,48718.99778735531,338.484341852219,379,0.023774428688679124,-1.2964101294627441
"T-A|ma=SMA,fast=5,slow=20|X3|L|1h",T-A,"ma=SMA,fast=5,slow=20",X3,L,1h,-0.23588596994784122,-0.012346835967409632,6974,-0.9164713309699851,0.9517870735560622,22660.029459408906,-2189.0041330044573,121,0.17430624355703822,-1.0298421673725786
"T-A|ma=SMA,fast=5,slow=20|X3|S|1h",T-A,"ma=SMA,fast=5,slow=20",X3,S,1h,-0.4906631236475432,-0.025682481684996414,7042,-0.9697283871590593,0.988469801719988,39892.087033899035,2166.38350717888,120,-0.1290711879297833,-1.2011009375690096
"T-A|ma=SMA,fast=5,slow=20|X3|LS|1h",T-A,"ma=SMA,fast=5,slow=20",X3,LS,1h,-0.7149690879209463,-0.03742319245303291,7802,-0.9764968620470096,0.9847314672425483,25311.188736124976,-60.708896158169274,143,-0.29073105356271234,-1.4436109893480407
"T-A|ma=SMA,fast=5,slow=50|X1|L|1h",T-A,"ma=SMA,fast=5,slow=50",X1,L,1h,-0.07686163622243604,-0.004023121912824953,4490,-0.4416428645129401,0.6539843259675492,8210.756938416169,-1475.881372234603,25,0.2773736248973192,-0.8194368005982927
"T-A|ma=SMA,fast=5,slow=50|X1|S|1h",T-A,"ma=SMA,fast=5,slow=50",X1,S,1h,-0.3604728545193207,-0.01886801154997943,4496,-0.6830991222124427,0.8240698019001724,9212.152876478125,584.8011065076946,28,-0.25066620723072147,-0.5819255204402087
"T-A|ma=SMA,fast=5,slow=50|X1|LS|1h",T-A,"ma=SMA,fast=5,slow=50",X1,LS,1h,-0.4832655285667003,-0.025295273861501526,4500,-0.69735998598032,0.8111940922092166,9701.147092061723,20.49775205110421,21,-0.06008923381310066,-1.3537493732095212
"T-A|ma=SMA,fast=5,slow=50|X2|L|1h",T-A,"ma=SMA,fast=5,slow=50",X2,L,1h,-0.1665094814883247,-0.00871550459490815,3982,-0.9776916308093849,0.9899093720960339,4123.0961401865425,-454.65443436867,265,-0.2950013340554688,0.07307605749572166
"T-A|ma=SMA,fast=5,slow=50|X2|S|1h",T-A,"ma=SMA,fast=5,slow=50",X2,S,1h,-0.230951213963616,-0.012088539033980763,3902,-0.9819860445671188,0.9937232611452821,24766.27805798462,1585.267939261913,261,0.017370862170026872,-0.7275128814072132
"T-A|ma=SMA,fast=5,slow=50|X2|LS|1h",T-A,"ma=SMA,fast=5,slow=50",X2,LS,1h,0.09093816780502492,0.004759921250567323,4636,-0.9091321159681491,0.9542125766317531,26409.644504071028,7.461405871433323,358,0.13456922358864487,0.011647241227167196
"T-A|ma=SMA,fast=5,slow=50|X3|L|1h",T-A,"ma=SMA,fast=5,slow=50",X3,L,1h,0.10186123744195351,0.005331660846176045,3990,-0.7078303527418061,0.9202287185825797,8218.032528889733,-1295.318787944979,131,-0.013929256596985733,0.30435075118629396
"T-A|ma=SMA,fast=5,slow=50|X3|S|1h",T-A,"ma=SMA,fast=5,slow=50",X3,S,1h,-0.03445072003596656,-0.0018032331017282888,3996,-0.8161699659694199,0.9310657502828256,19432.535908833805,1488.6232857245245,131,0.017801700335072012,-0.13107046517264934
"T-A|ma=SMA,fast=5,slow=50|X3|LS|1h",T-A,"ma=SMA,fast=5,slow=50",X3,LS,1h,-0.07452853087928142,-0.003901001597771935,4446,-0.810292821918681,0.8382488890071772,15211.124021145673,-339.1368063911589,155,-0.06540486607900611,-0.08977242596428885
"T-A|ma=SMA,fast=5,slow=100|X1|L|1h",T-A,"ma=SMA,fast=5,slow=100",X1,L,1h,0.38209233155004757,0.019999626697156637,2864,0.419066242438068,0.6182036288987329,10991.173210291867,-3426.747532423966,27,0.8622761495322188,-0.6025626936690893
"T-A|ma=SMA,fast=5,slow=100|X1|S|1h",T-A,"ma=SMA,fast=5,slow=100",X1,S,1h,0.057635001459819014,0.003016753854259116,2876,-0.24842693877382171,0.7025881580954747,9882.985638875021,881.1889444205,28,0.27880628375013755,-0.4085779712869397
"T-A|ma=SMA,fast=5,slow=100|X1|LS|1h",T-A,"ma=SMA,fast=5,slow=100",X1,LS,1h,0.06339287488033682,0.0033181347234136527,2876,-0.23836858462146215,0.7025881580954765,9999.987468351113,877.6240938817269,28,0.2882328386791966,-0.40857797128694173
"T-A|ma=SMA,fast=5,slow=100|X2|L|1h",T-A,"ma=SMA,fast=5,slow=100",X2,L,1h,0.037534123719033655,0.0019646258268002977,2580,-0.8950996123439781,0.9410969601241916,8574.41590541561,-1747.6659700434327,242,0.17344789416952053,-0.22072391760844548
"T-A|ma=SMA,fast=5,slow=100|X2|S|1h",T-A,"ma=SMA,fast=5,slow=100",X2,S,1h,0.0667715468142547,0.0034949824950933285,2540,-0.8581156927548534,0.9581781461466429,20114.433031621928,2026.493064477223,240,0.17700680537264563,-0.1414002003007278
"T-A|ma=SMA,fast=5,slow=100|X2|LS|1h",T-A,"ma=SMA,fast=5,slow=100",X2,LS,1h,0.2978651329602858,0.015590973629692835,3008,-0.613428891686666,0.8396996430252303,19843.658913182,-887.4801258761017,304,0.38896190413479065,0.1316296885310632
"T-A|ma=SMA,fast=5,slow=100|X3|L|1h",T-A,"ma=SMA,fast=5,slow=100",X3,L,1h,0.41853261925716045,0.021906998530353935,2584,0.10968995120898684,0.7835438399916625,20287.06461574433,-5079.970070259596,154,0.6087974447533515,0.08906758882037948
"T-A|ma=SMA,fast=5,slow=100|X3|S|1h",T-A,"ma=SMA,fast=5,slow=100",X3,S,1h,0.10374742409572685,0.005430388367881581,2558,-0.6081535240982467,0.8894097738034475,18050.791545666256,1977.6186956563095,130,0.23501312247795478,-0.14373995096343153
"T-A|ma=SMA,fast=5,slow=100|X3|LS|1h",T-A,"ma=SMA,fast=5,slow=100",X3,LS,1h,0.014319512512384306,0.000749517540881184,2846,-0.6735687309281992,0.873905365744035,22628.112108207577,-559.0013691957904,132,0.5564240382509769,-1.0235152998933503
"T-A|ma=SMA,fast=5,slow=200|X1|L|1h",T-A,"ma=SMA,fast=5,slow=200",X1,L,1h,0.34854514044922785,0.01824368646136918,1984,0.331079453350952,0.5570259224637577,6416.619609302375,-3006.799228395355,32,0.7045334265961687,-0.43435859950247746
"T-A|ma=SMA,fast=5,slow=200|X1|S|1h",T-A,"ma=SMA,fast=5,slow=200",X1,S,1h,0.07390726881097358,0.003868483254896915,1990,-0.21662607412408497,0.7144789549006292,6408.724987109171,678.9274495576173,28,0.19931155773131606,-0.1839871471188829
"T-A|ma=SMA,fast=5,slow=200|X1|LS|1h",T-A,"ma=SMA,fast=5,slow=200",X1,LS,1h,-0.29892000937560387,-0.015646188384808205,1992,-0.5813027669360586,0.7144789549006287,3558.68580988262,287.7952655828119,23,-0.36134710781631074,-0.18398714711889452
"T-A|ma=SMA,fast=5,slow=200|X2|L|1h",T-A,"ma=SMA,fast=5,slow=200",X2,L,1h,0.5018600671764347,0.026268556495287764,1814,0.04462431623443286,0.860928573398589,21681.02109312248,-8106.816841484998,262,0.7552056229771497,-0.0025573650313870685
"T-A|ma=SMA,fast=5,slow=200|X2|S|1h",T-A,"ma=SMA,fast=5,slow=200",X2,S,1h,0.15469253869935123,0.008096977540145286,1804,-0.7576588920914579,0.9572615718423622,28773.905980963158,3053.993337410096,232,0.398821940411807,-0.29969893801726366
"T-A|ma=SMA,fast=5,slow=200|X2|LS|1h",T-A,"ma=SMA,fast=5,slow=200",X2,LS,1h,0.8746197940107869,0.04577969233561708,2158,5.549609763213661,0.8815337317276148,71554.19601927375,-11058.085702902017,296,0.9499114947201632,0.7407579617254526
"T-A|ma=SMA,fast=5,slow=200|X3|L|1h",T-A,"ma=SMA,fast=5,slow=200",X3,L,1h,0.6916057169260867,0.03620029772392693,1840,2.208052481098402,0.6990101186809374,23995.203691968793,-10375.226680986041,167,0.8424903620957241,0.4235010132505874
"T-A|ma=SMA,fast=5,slow=200|X3|S|1h",T-A,"ma=SMA,fast=5,slow=200",X3,S,1h,0.06976031265418102,0.003651421649057115,1814,-0.6144865998688573,0.9015006750270683,14222.73741574419,1849.4785887882417,123,0.21820613656394644,-0.1979289204939078
"T-A|ma=SMA,fast=5,slow=200|X3|LS|1h",T-A,"ma=SMA,fast=5,slow=200",X3,LS,1h,0.4942300757481189,0.025869184491013886,1996,0.6021824005839189,0.6685866054348231,27369.96504454489,-3629.6305776148656,134,0.7828486266205504,-0.08232864258048887
"T-A|ma=SMA,fast=10,slow=20|X1|L|1h",T-A,"ma=SMA,fast=10,slow=20",X1,L,1h,-0.028283364475791155,-0.001480418957796731,7096,-0.40266787537486437,0.6822888720916315,14164.125370424326,-1517.6422633249142,28,0.1710071737376931,-0.42476104280779564
"T-A|ma=SMA,fast=10,slow=20|X1|S|1h",T-A,"ma=SMA,fast=10,slow=20",X1,S,1h,-0.4614636485648998,-0.02415411130646317,7100,-0.7342207283121873,0.8404959226466914,13416.661574573778,691.5502328675175,22,-0.48561373241094535,-0.41188562178043736
"T-A|ma=SMA,fast=10,slow=20|X1|LS|1h",T-A,"ma=SMA,fast=10,slow=20",X1,LS,1h,0.07954780873882518,0.004163722608353196,7106,-0.17504328086374987,0.6019729323498328,16140.04268613746,-575.6837148583603,18,0.07607242810503881,0.0856820912610871
"T-A|ma=SMA,fast=10,slow=20|X2|L|1h",T-A,"ma=SMA,fast=10,slow=20",X2,L,1h,-0.026901750167808113,-0.0014081019597376064,6182,-0.9479710664563407,0.9797451652351803,14292.312863839916,-1418.9790641364486,229,0.0502727818853402,-0.15999494423200158
"T-A|ma=SMA,fast=10,slow=20|X2|S|1h",T-A,"ma=SMA,fast=10,slow=20",X2,S,1h,-0.32463309354231984,-0.016992072722451682,6132,-0.9905670368199017,0.9944699783194269,31194.554768996262,1832.369885869836,250,-0.19226214408771808,-0.5684165371890167
"T-A|ma=SMA,fast=10,slow=20|X2|LS|1h",T-A,"ma=SMA,fast=10,slow=20",X2,LS,1h,-0.24793148182104255,-0.012977326874837436,7306,-0.9854696386951611,0.9943171013380463,13045.12941693919,26.964963683691465,366,-0.20243555714212122,-0.3220990657372724
"T-A|ma=SMA,fast=10,slow=20|X3|L|1h",T-A,"ma=SMA,fast=10,slow=20",X3,L,1h,0.00157701134888996,8.25445466205267e-05,6206,-0.7858432253616662,0.9245911917688551,23756.115544033484,-2693.742151998227,113,0.17439046345910614,-0.296761364703341
"T-A|ma=SMA,fast=10,slow=20|X3|S|1h",T-A,"ma=SMA,fast=10,slow=20",X3,S,1h,-0.45030420427368634,-0.02356999929597978,6184,-0.9599003600950482,0.9726495615933902,22371.702809269602,1466.6781031820294,106,-0.3241459860106338,-0.6829815559583878
"T-A|ma=SMA,fast=10,slow=20|X3|LS|1h",T-A,"ma=SMA,fast=10,slow=20",X3,LS,1h,0.10125853011147522,0.005300113702666763,7058,-0.6603130594992792,0.8078340473784724,28264.736165938903,-253.501309403342,151,-0.08296701307786451,0.4046245198241798
"T-A|ma=SMA,fast=10,slow=50|X1|L|1h",T-A,"ma=SMA,fast=10,slow=50",X1,L,1h,0.07389629536943448,0.003867908878715445,3464,-0.23959437509262782,0.6260080657037459,7297.488275188872,-1684.9885579744478,24,0.44003164512526544,-0.6789336284389036
"T-A|ma=SMA,fast=10,slow=50|X1|S|1h",T-A,"ma=SMA,fast=10,slow=50",X1,S,1h,-0.2560179478651657,-0.013400591852508187,3470,-0.6033712967625144,0.7483014732953139,7295.349183277696,605.7830168155474,26,-0.1233674502105809,-0.5233884702631599
"T-A|ma=SMA,fast=10,slow=50|X1|LS|1h",T-A,"ma=SMA,fast=10,slow=50",X1,LS,1h,-0.2560179478651657,-0.013400591852508187,3470,-0.6033712967625144,0.7483014732953139,7295.349183277696,605.7830168155474,26,-0.1233674502105809,-0.5233884702631599
"T-A|ma=SMA,fast=10,slow=50|X2|L|1h",T-A,"ma=SMA,fast=10,slow=50",X2,L,1h,-0.0852784050811491,-0.004463675729981228,3146,-0.9528119044509342,0.9836648186175512,3782.5228895845644,-543.3246253884953,235,-0.16217718249218147,0.045705169877641394
"T-A|ma=SMA,fast=10,slow=50|X2|S|1h",T-A,"ma=SMA,fast=10,slow=50",X2,S,1h,-0.022512053859719054,-0.0011783347536816308,3108,-0.9163208380530872,0.9740877149520715,15927.95594843465,941.476770875533,219,-0.08362427513640681,0.09765682832978215
"T-A|ma=SMA,fast=10,slow=50|X2|LS|1h",T-A,"ma=SMA,fast=10,slow=50",X2,LS,1h,-0.14004854989653653,-0.007330476133991642,3904,-0.9655241264940875,0.9756806269947227,11904.687647869665,-245.06043072209678,311,0.29393772464636764,-1.0710551613197146
"T-A|ma=SMA,fast=10,slow=50|X3|L|1h",T-A,"ma=SMA,fast=10,slow=50",X3,L,1h,0.09605464934001615,0.0050277301340578735,3116,-0.6814282729388428,0.9155079326165456,7001.004794233087,-1373.981860870107,135,0.06008364418204889,0.1577120539287528
"T-A|ma=SMA,fast=10,slow=50|X3|S|1h",T-A,"ma=SMA,fast=10,slow=50",X3,S,1h,0.062351059244356896,0.0032636036007336095,3110,-0.6985646797228411,0.9151803424725137,15933.545710014689,1303.2836093177928,120,0.029135626814952784,0.12381910117513552
"T-A|ma=SMA,fast=10,slow=50|X3|LS|1h",T-A,"ma=SMA,fast=10,slow=50",X3,LS,1h,0.5262345486881114,0.027544375167682208,3580,0.686904063869872,0.7605815162160796,26148.296545326466,-1557.4970637022752,164,0.560159727917084,0.4697950665093908
"T-A|ma=SMA,fast=10,slow=100|X1|L|1h",T-A,"ma=SMA,fast=10,slow=100",X1,L,1h,0.33883633800045776,0.01773550451523031,2180,0.2998835316204318,0.6062562177962739,7374.590547803481,-2934.97254993564,33,0.7940224643195832,-0.5947662129203257
"T-A|ma=SMA,fast=10,slow=100|X1|S|1h",T-A,"ma=SMA,fast=10,slow=100",X1,S,1h,0.03660903455648477,0.0019162044469795943,2180,-0.27905012220735803,0.6939760943410469,6831.553431340813,808.9955724938164,35,0.24248051444802224,-0.39689259133172816
"T-A|ma=SMA,fast=10,slow=100|X1|LS|1h",T-A,"ma=SMA,fast=10,slow=100",X1,LS,1h,0.08052624133485053,0.004214936111093368,2180,-0.19244918549667522,0.6431702674133717,6938.84705596163,518.8895070967859,30,0.3462252884201683,-0.482887091916123
"T-A|ma=SMA,fast=10,slow=100|X2|L|1h",T-A,"ma=SMA,fast=10,slow=100",X2,L,1h,0.09951477758195193,0.005208841523763794,2054,-0.8058235667163961,0.8770463230016307,10108.930607316723,-2735.1782511138103,221,0.3150626719966002,-0.30103631058453295
"T-A|ma=SMA,fast=10,slow=100|X2|S|1h",T-A,"ma=SMA,fast=10,slow=100",X2,S,1h,0.08728766035365522,0.00456884495760325,1996,-0.8026458328159556,0.9513079237641203,21720.050981528297,2509.089331610469,188,0.35834922206291164,-0.46887886291216313
"T-A|ma=SMA,fast=10,slow=100|X2|LS|1h",T-A,"ma=SMA,fast=10,slow=100",X2,LS,1h,0.3874408053311609,0.020279578609794763,2588,-0.4143614301740961,0.9311913528700364,56523.5868646162,-5232.62481752739,293,0.8225922494917756,-0.4860965433864279
"T-A|ma=SMA,fast=10,slow=100|X3|L|1h",T-A,"ma=SMA,fast=10,slow=100",X3,L,1h,0.3577568190583038,0.018725847756489472,2008,-0.062651233105109,0.8381003937576916,14653.976817822035,-4732.065560467008,148,0.6698892155242478,-0.1778916129173348
"T-A|ma=SMA,fast=10,slow=100|X3|S|1h",T-A,"ma=SMA,fast=10,slow=100",X3,S,1h,0.14861873745823795,0.007779060253079603,1972,-0.5030656167617781,0.8887613981378228,17866.32976572189,2472.7940421693343,126,0.4109092995647709,-0.35955183588660444
"T-A|ma=SMA,fast=10,slow=100|X3|LS|1h",T-A,"ma=SMA,fast=10,slow=100",X3,LS,1h,-0.056849914794714906,-0.00297566054007691,2338,-0.733157962094654,0.903471465343705,14914.12389566106,-958.2942309718244,138,0.2789190249545569,-0.6423429768798283
"T-A|ma=SMA,fast=10,slow=200|X1|L|1h",T-A,"ma=SMA,fast=10,slow=200",X1,L,1h,0.35547745237340533,0.01860654025136637,1464,0.3482689319112964,0.5221250715815264,4567.58700144479,-2906.9616459916283,37,0.6681808389873419,-0.33057059235188613
"T-A|ma=SMA,fast=10,slow=200|X1|S|1h",T-A,"ma=SMA,fast=10,slow=200",X1,S,1h,0.11346694446260491,0.0059391313154942595,1462,-0.15551154757430197,0.6887090903251012,4787.05782096291,753.0515810127878,32,0.21011538969860657,-0.08561573243460405
"T-A|ma=SMA,fast=10,slow=200|X1|LS|1h",T-A,"ma=SMA,fast=10,slow=200",X1,LS,1h,-0.4049543276958209,-0.021196278267242942,1462,-0.613619738636533,0.6945778360117008,2098.072228727852,-184.53045605835842,26,-0.6066952772522066,-0.08561573243460653
"T-A|ma=SMA,fast=10,slow=200|X2|L|1h",T-A,"ma=SMA,fast=10,slow=200",X2,L,1h,0.5118005361965446,0.02678886442397701,1376,0.298335814727704,0.865883587002306,9772.599652791094,-3711.7330766211453,215,0.41946369426271457,0.6642068559594714
"T-A|ma=SMA,fast=10,slow=200|X2|S|1h",T-A,"ma=SMA,fast=10,slow=200",X2,S,1h,0.2082138415659887,0.01089841056900471,1382,-0.6440943422175618,0.9455553077027843,16660.99941526169,2215.635299259838,195,0.24312856990029486,0.1457334283355477
"T-A|ma=SMA,fast=10,slow=200|X2|LS|1h",T-A,"ma=SMA,fast=10,slow=200",X2,LS,1h,0.36547173105919833,0.019129664706684125,1810,-0.4186553479815692,0.9362661248487689,8936.741258722392,-915.1240145628952,271,-0.036384810891602705,1.0302944724295253
"T-A|ma=SMA,fast=10,slow=200|X3|L|1h",T-A,"ma=SMA,fast=10,slow=200",X3,L,1h,0.5288042663400877,0.027678880337016883,1378,0.7909214270139899,0.7333015762881219,9859.927664526716,-5028.334506994977,139,0.5503268624790418,0.494484832712709
"T-A|ma=SMA,fast=10,slow=200|X3|S|1h",T-A,"ma=SMA,fast=10,slow=200",X3,S,1h,0.1497693857674188,0.007839287938230927,1352,-0.4481613668296669,0.8599323651625792,10879.557384212023,1928.910203244687,117,0.25825204926963224,-0.05177646063069901
"T-A|ma=SMA,fast=10,slow=200|X3|LS|1h",T-A,"ma=SMA,fast=10,slow=200",X3,LS,1h,0.7193401777076964,0.03765198574925039,1590,2.549798366250492,0.5671625630199162,31909.739746327316,-3984.362264890351,148,0.8569645657432939,0.46475900804352827
"T-A|ma=SMA,fast=20,slow=50|X1|L|1h",T-A,"ma=SMA,fast=20,slow=50",X1,L,1h,0.024846557730083048,0.0013005282709944266,2912,-0.30805031741460664,0.664494421078893,6178.552194645266,-1755.5034502873768,36,0.4414768139255053,-0.8599936417583688
"T-A|ma=SMA,fast=20,slow=50|X1|S|1h",T-A,"ma=SMA,fast=20,slow=50",X1,S,1h,-0.30361489984095974,-0.015891930183159,2918,-0.6531943828107468,0.8123046833592978,6211.567872152589,645.1648273285193,38,-0.12820488883616343,-0.6566575472182962
"T-A|ma=SMA,fast=20,slow=50|X1|LS|1h",T-A,"ma=SMA,fast=20,slow=50",X1,LS,1h,-0.30361489984095974,-0.015891930183159,2918,-0.6531943828107468,0.8123046833592978,6211.567872152589,645.1648273285193,38,-0.12820488883616343,-0.6566575472182962
"T-A|ma=SMA,fast=20,slow=50|X2|L|1h",T-A,"ma=SMA,fast=20,slow=50",X2,L,1h,-0.15989512662800157,-0.008369293438268751,2634,-0.9534546538087405,0.979801765869449,5545.452195271392,-916.7228057927559,205,0.0025469083649316596,-0.4735496895662496
"T-A|ma=SMA,fast=20,slow=50|X2|S|1h",T-A,"ma=SMA,fast=20,slow=50",X2,S,1h,-0.2075384824520868,-0.010863060657349152,2684,-0.9520918285641957,0.988083602565025,16601.785838969565,727.6069748238704,193,-0.2605008331038138,-0.10183646271946324
"T-A|ma=SMA,fast=20,slow=50|X2|LS|1h",T-A,"ma=SMA,fast=20,slow=50",X2,LS,1h,0.02192998677402885,0.0011478679699613687,3480,-0.897295385838863,0.9328941439065306,13987.652086679052,-489.1879775993403,285,0.23544261404180034,-0.40687179872554213
"T-A|ma=SMA,fast=20,slow=50|X3|L|1h",T-A,"ma=SMA,fast=20,slow=50",X3,L,1h,0.090861395714215,0.004755902815675605,2576,-0.6707311998722918,0.882773972066234,9344.001928943173,-2065.8353216796736,125,0.28712011014739586,-0.2593859590393225
"T-A|ma=SMA,fast=20,slow=50|X3|S|1h",T-A,"ma=SMA,fast=20,slow=50",X3,S,1h,0.09217510394480428,0.004824665447195014,2632,-0.6334978861167033,0.9180974831678642,15513.68272694607,1456.991664248326,117,0.08049456859934478,0.11478711358193193
"T-A|ma=SMA,fast=20,slow=50|X3|LS|1h",T-A,"ma=SMA,fast=20,slow=50",X3,LS,1h,0.3075130194839485,0.016095967090584914,3222,-0.22577808823609868,0.874422925144923,21947.198138528645,-1092.088878041521,153,0.7243896526287644,-0.4098359536683156
"T-A|ma=SMA,fast=20,slow=100|X1|L|1h",T-A,"ma=SMA,fast=20,slow=100",X1,L,1h,0.26357175170705305,0.013795976016247956,1710,0.12148162998135303,0.6012431790918726,5036.744091349881,-2525.2029816230524,38,0.7002424722971714,-0.6171213489405789
"T-A|ma=SMA,fast=20,slow=100|X1|S|1h",T-A,"ma=SMA,fast=20,slow=100",X1,S,1h,-0.03341873185212313,-0.0017492163714028805,1708,-0.37617603742504124,0.7052525235092796,4783.036344801119,726.432649281778,39,0.1511186648631166,-0.4200025312179073
"T-A|ma=SMA,fast=20,slow=100|X1|LS|1h",T-A,"ma=SMA,fast=20,slow=100",X1,LS,1h,-0.09224991267879695,-0.004828581115294059,1708,-0.43074083104392746,0.7052525235092779,4364.806232783562,599.4830429243774,37,0.07001461120673086,-0.42000253121790027
"T-A|ma=SMA,fast=20,slow=100|X2|L|1h",T-A,"ma=SMA,fast=20,slow=100",X2,L,1h,0.1523851777381742,0.007976204747632205,1620,-0.7019512002639232,0.9109848763680788,9109.343500560111,-2884.093395444163,178,0.41696565618297954,-0.33479071264285337
"T-A|ma=SMA,fast=20,slow=100|X2|S|1h",T-A,"ma=SMA,fast=20,slow=100",X2,S,1h,-0.1671393821327188,-0.008748475101521236,1610,-0.9074888900613777,0.9654493635590341,9419.386383876952,1095.2702974295132,183,-0.08246789960282658,-0.31998906917021785
"T-A|ma=SMA,fast=20,slow=100|X2|LS|1h",T-A,"ma=SMA,fast=20,slow=100",X2,LS,1h,0.09735363939508679,0.005095722381060949,2270,-0.833955356320625,0.9093305040976092,13388.365032850943,-424.1396419008708,262,0.20334251166153816,-0.08934322711344014
"T-A|ma=SMA,fast=20,slow=100|X3|L|1h",T-A,"ma=SMA,fast=20,slow=100",X3,L,1h,0.444221583813444,0.023251620389887026,1578,0.3419645959540345,0.8065237184584271,12116.226218286745,-4966.991013684035,116,0.6908836811771673,0.044699415625410584
"T-A|ma=SMA,fast=20,slow=100|X3|S|1h",T-A,"ma=SMA,fast=20,slow=100",X3,S,1h,0.04252232055939938,0.0022257199824839316,1564,-0.6070689715808477,0.8817322332601137,8490.489601044163,1585.6583457524073,121,0.08627084711677292,-0.03327880420436767
"T-A|ma=SMA,fast=20,slow=100|X3|LS|1h",T-A,"ma=SMA,fast=20,slow=100",X3,LS,1h,0.5799616055831982,0.030356577854607603,1992,1.1944533165666922,0.7399650255443617,21231.13677131854,-2539.0020390585482,136,0.851538293866186,0.135281227481523
"T-A|ma=SMA,fast=20,slow=200|X1|L|1h",T-A,"ma=SMA,fast=20,slow=200",X1,L,1h,0.3077529341945614,0.016108524800476524,1156,0.22956524056715555,0.5236944776534748,3435.436674490531,-2683.7010527275675,39,0.6233325838626185,-0.39154144490688864
"T-A|ma=SMA,fast=20,slow=200|X1|S|1h",T-A,"ma=SMA,fast=20,slow=200",X1,S,1h,0.07432846439724507,0.0038905296394913056,1150,-0.22461392036570216,0.6808639754745087,3540.421666362413,707.3829559241465,35,0.16561821344325223,-0.11268062212370197
"T-A|ma=SMA,fast=20,slow=200|X1|LS|1h",T-A,"ma=SMA,fast=20,slow=200",X1,LS,1h,0.3077529341945614,0.016108524800476524,1156,0.22956524056715555,0.5236944776534748,3435.436674490531,-2683.7010527275675,39,0.6233325838626185,-0.39154144490688864
"T-A|ma=SMA,fast=20,slow=200|X2|L|1h",T-A,"ma=SMA,fast=20,slow=200",X2,L,1h,0.1332651269216345,0.006975415547780463,1108,-0.633800164698396,0.8485264078210754,5833.293700899225,-2530.7945965177005,169,0.2710523878205122,-0.12349515093114734
"T-A|ma=SMA,fast=20,slow=200|X2|S|1h",T-A,"ma=SMA,fast=20,slow=200",X2,S,1h,0.33574646428072236,0.017573773132961077,1108,-0.3266982763944021,0.8646399823677295,16112.711455617437,2429.1441814494756,166,0.4110714057560952,0.1993956660119981
"T-A|ma=SMA,fast=20,slow=200|X2|LS|1h",T-A,"ma=SMA,fast=20,slow=200",X2,LS,1h,0.3625522575264809,0.018976852477844797,1590,-0.35924864678606305,0.8969640734859805,12791.717643347069,-1527.4581692195354,227,0.36224929543588813,0.3628530473558963
"T-A|ma=SMA,fast=20,slow=200|X3|L|1h",T-A,"ma=SMA,fast=20,slow=200",X3,L,1h,0.34209014967772183,0.01790581680237865,1080,0.03069439551887365,0.8000776063778834,8706.603048536574,-5547.185130745365,116,0.6160246877297826,-0.16777239002633185
"T-A|ma=SMA,fast=20,slow=200|X3|S|1h",T-A,"ma=SMA,fast=20,slow=200",X3,S,1h,0.17715709209342603,0.00927282600582168,1100,-0.4158318117681822,0.7624153145851096,8572.93721457447,1741.4910514855571,115,0.3883820236221502,-0.2137876958460341
"T-A|ma=SMA,fast=20,slow=200|X3|LS|1h",T-A,"ma=SMA,fast=20,slow=200",X3,LS,1h,0.1384223256337039,0.00724535566572532,1414,-0.5065495165420042,0.8089431490131154,6422.719687543464,-986.6505190356702,142,0.17816865952355346,0.0717165925028309
"T-A|ma=SMA,fast=50,slow=100|X1|L|1h",T-A,"ma=SMA,fast=50,slow=100",X1,L,1h,0.3873140349017937,0.02027294314225398,1426,0.43153273787998847,0.5956951205511988,4535.925315584347,-2470.5829228121033,43,0.6867951320561628,-0.21278643712186576
"T-A|ma=SMA,fast=50,slow=100|X1|S|1h",T-A,"ma=SMA,fast=50,slow=100",X1,S,1h,0.15129682309479725,0.007919237661971642,1420,-0.10245028419682567,0.6481268575664167,4355.949408758042,727.1400627375947,37,0.19804101367750224,0.05048550521231578
"T-A|ma=SMA,fast=50,slow=100|X1|LS|1h",T-A,"ma=SMA,fast=50,slow=100",X1,LS,1h,0.5134721738873081,0.026876361939701915,1426,0.8270247875434877,0.48399710538811824,5732.026246233321,-3030.9794231752776,37,0.8904619283824098,-0.2127864371218678
"T-A|ma=SMA,fast=50,slow=100|X2|L|1h",T-A,"ma=SMA,fast=50,slow=100",X2,L,1h,0.5864263023357081,0.030694955547863095,1354,1.0787046806932112,0.7988996753418086,20017.657831644814,-5646.3079400599645,164,0.682898432954278,0.4273525035988504
"T-A|ma=SMA,fast=50,slow=100|X2|S|1h",T-A,"ma=SMA,fast=50,slow=100",X2,S,1h,-0.07116990366339032,-0.0037252030145859386,1348,-0.8292989421871318,0.9322331001618946,10359.039410236384,1224.9116194812034,168,0.05182821983966804,-0.3007011155103145
"T-A|ma=SMA,fast=50,slow=100|X2|LS|1h",T-A,"ma=SMA,fast=50,slow=100",X2,LS,1h,0.4510141208723279,0.023607158029057065,2008,-0.02732303308628159,0.8062541771673946,26416.467945701857,-1719.2106520428006,231,0.5964136622442245,0.20940904474915906
"T-A|ma=SMA,fast=50,slow=100|X3|L|1h",T-A,"ma=SMA,fast=50,slow=100",X3,L,1h,0.7392344104804689,0.03869329748473512,1330,3.059650779215274,0.7111939379593033,21024.021528539677,-8751.656997968947,120,0.91857216116975,0.4615334240537396
"T-A|ma=SMA,fast=50,slow=100|X3|S|1h",T-A,"ma=SMA,fast=50,slow=100",X3,S,1h,0.17721398974869185,0.009275804165212221,1316,-0.3508323349400756,0.831707768639157,9783.466934157737,1533.5001509767048,117,0.13323162274301406,0.2593740580649314
"T-A|ma=SMA,fast=50,slow=100|X3|LS|1h",T-A,"ma=SMA,fast=50,slow=100",X3,LS,1h,0.754853135183744,0.03951081889973961,1808,3.229313954389676,0.6292173947896618,29838.724420662544,-2912.441505834357,127,0.85937683074802,0.6075090088139621
"T-A|ma=SMA,fast=50,slow=200|X1|L|1h",T-A,"ma=SMA,fast=50,slow=200",X1,L,1h,0.4902279299146517,0.025659702603920736,802,0.7509718165952861,0.5154665917081465,2650.7930038397226,-2774.64006418555,45,0.6278932628534216,0.17300256750975387
"T-A|ma=SMA,fast=50,slow=200|X1|S|1h",T-A,"ma=SMA,fast=50,slow=200",X1,S,1h,0.25191510168170805,0.013185839068195218,796,0.09622988431329005,0.6267181873128154,2665.4103669365904,676.7141485451102,36,0.17346297751748824,0.41494514009259686
"T-A|ma=SMA,fast=50,slow=200|X1|LS|1h",T-A,"ma=SMA,fast=50,slow=200",X1,LS,1h,0.4902279299146517,0.025659702603920736,802,0.7509718165952861,0.5154665917081465,2650.7930038397226,-2774.64006418555,45,0.6278932628534216,0.17300256750975387
"T-A|ma=SMA,fast=50,slow=200|X2|L|1h",T-A,"ma=SMA,fast=50,slow=200",X2,L,1h,0.6415922527667633,0.03358247336466712,780,1.7948621456741698,0.7452784397050312,10678.177947271313,-5086.5023482686975,132,0.6648884738533525,0.6038647118754461
"T-A|ma=SMA,fast=50,slow=200|X2|S|1h",T-A,"ma=SMA,fast=50,slow=200",X2,S,1h,0.4628861317668016,0.024228567480198984,768,0.4355041482721167,0.8060295725396676,9606.485668002446,1357.7608979918452,131,0.2245430975564146,0.8540774150738009
"T-A|ma=SMA,fast=50,slow=200|X2|LS|1h",T-A,"ma=SMA,fast=50,slow=200",X2,LS,1h,0.7347772596213888,0.03845999954611152,1198,2.7376579318802987,0.8782829327381818,12747.40095330024,-1429.8829889004396,205,0.20490577132697493,1.5281476380832202
"T-A|ma=SMA,fast=50,slow=200|X3|L|1h",T-A,"ma=SMA,fast=50,slow=200",X3,L,1h,0.6083326131708555,0.03184158426254443,772,1.5562495553764553,0.6137831937510726,7006.659536134649,-4645.082662807572,102,0.6675045214083115,0.519623873664687
"T-A|ma=SMA,fast=50,slow=200|X3|S|1h",T-A,"ma=SMA,fast=50,slow=200",X3,S,1h,0.46886687412622197,0.02454161384277591,748,0.6402436002028655,0.6948132565896397,7667.940124769675,1697.061687785626,99,0.3673230548334214,0.6318895875574582
"T-A|ma=SMA,fast=50,slow=200|X3|LS|1h",T-A,"ma=SMA,fast=50,slow=200",X3,LS,1h,1.2814574706720447,0.06707454959316954,1070,25.538820401931158,0.5413799658936105,43183.61792022854,-8350.284394227934,127,1.198031958635359,1.429131752491723
"T-A|ma=EMA,fast=5,slow=20|X1|L|1h",T-A,"ma=EMA,fast=5,slow=20",X1,L,1h,-0.5308563550424255,-0.027786291568824954,7780,-0.7798206435853646,0.8231624186113542,9442.940430663013,-897.6617080313875,18,-0.34779170759280875,-0.9066584730628342
"T-A|ma=EMA,fast=5,slow=20|X1|S|1h",T-A,"ma=EMA,fast=5,slow=20",X1,S,1h,-0.8657837203396578,-0.04531719110149323,7776,-0.8877592107759658,0.9279186172423965,11881.782072330865,491.95656090647094,19,-0.8891446715503402,-0.81923474988025
"T-A|ma=EMA,fast=5,slow=20|X1|LS|1h",T-A,"ma=EMA,fast=5,slow=20",X1,LS,1h,0.017009807317748767,0.0008903340068759781,7788,-0.35139026547528296,0.7144483074022994,24507.173143085518,-2179.637974111351,18,0.4392836883140664,-0.9066584730628388
"T-A|ma=EMA,fast=5,slow=20|X2|L|1h",T-A,"ma=EMA,fast=5,slow=20",X2,L,1h,-0.5835585290998662,-0.030544849436242735,6672,-0.9981074060215331,0.9989237013484681,8407.075635143445,-609.2479280630351,320,-0.4359772739672103,-0.8673343863646447
"T-A|ma=EMA,fast=5,slow=20|X2|S|1h",T-A,"ma=EMA,fast=5,slow=20",X2,S,1h,-0.7993595723598613,-0.04184039229246344,6646,-0.9994184932339896,0.9997696026450356,34198.10593224411,1708.5203835797238,301,-0.5910570281221921,-1.200976287204357
"T-A|ma=EMA,fast=5,slow=20|X2|LS|1h",T-A,"ma=EMA,fast=5,slow=20",X2,LS,1h,-0.9033821307136569,-0.04728518184560475,7338,-0.9992380017219067,0.9995995141005413,14043.78896619283,-0.630038742755211,363,-0.8182409133924093,-1.056994496483909
"T-A|ma=EMA,fast=5,slow=20|X3|L|1h",T-A,"ma=EMA,fast=5,slow=20",X3,L,1h,-0.5671053630395358,-0.029683651364410108,6900,-0.9786511808202684,0.9863867040474928,11168.65841462286,-913.012582349374,122,-0.3638652962771655,-0.9692442427503302
"T-A|ma=EMA,fast=5,slow=20|X3|S|1h",T-A,"ma=EMA,fast=5,slow=20",X3,S,1h,-0.8782926475468086,-0.04597193827610946,6928,-0.9936581016371828,0.9968643432770203,23011.96391659664,1200.3201884329123,129,-0.7836177341282221,-1.0543510820222364
"T-A|ma=EMA,fast=5,slow=20|X3|LS|1h",T-A,"ma=EMA,fast=5,slow=20",X3,LS,1h,-0.5965268808150639,-0.031223643988672566,7402,-0.9690194049972013,0.9802433954110328,16084.31372289308,86.18003146164095,136,-0.6052397143764475,-0.5807626148174312
"T-A|ma=EMA,fast=5,slow=50|X1|L|1h",T-A,"ma=EMA,fast=5,slow=50",X1,L,1h,-0.1408868330097389,-0.007374353877526994,4588,-0.5084806324592455,0.6676002155174406,8008.666093587271,-1500.9628428911617,22,0.20819509285340193,-0.8957735687574918
"T-A|ma=EMA,fast=5,slow=50|X1|S|1h",T-A,"ma=EMA,fast=5,slow=50",X1,S,1h,-0.3800505197356073,-0.0198927533822461,4584,-0.691253261338004,0.8291834775185463,9632.637481236052,471.8823961062784,25,-0.267492498779193,-0.6160366354158529
"T-A|ma=EMA,fast=5,slow=50|X1|LS|1h",T-A,"ma=EMA,fast=5,slow=50",X1,LS,1h,0.37696725939118336,0.019731368159861578,4594,0.40947681457177576,0.6352571271708969,22028.42134073779,-3778.4284965773268,18,1.0161237411950632,-1.2873395381957904
"T-A|ma=EMA,fast=5,slow=50|X2|L|1h",T-A,"ma=EMA,fast=5,slow=50",X2,L,1h,-0.18331262436332818,-0.009595021290455962,4068,-0.9849006128246286,0.9956122154950755,4801.738544287972,-540.7758328060919,298,-0.36753346997812547,0.10586151686472864
"T-A|ma=EMA,fast=5,slow=50|X2|S|1h",T-A,"ma=EMA,fast=5,slow=50",X2,S,1h,-0.04835328212385585,-0.002530926459937989,3958,-0.9556944637544499,0.9860476019044598,24989.83694872384,1649.9379870107098,262,-0.15622087780926236,0.14638054413258775
"T-A|ma=EMA,fast=5,slow=50|X2|LS|1h",T-A,"ma=EMA,fast=5,slow=50",X2,LS,1h,-0.06523301579060913,-0.0034144521007509984,4498,-0.9540953271350842,0.982619117370831,11134.92718036936,10.811157767582063,330,-0.0855417941618813,-0.028540165074002716
"T-A|ma=EMA,fast=5,slow=50|X3|L|1h",T-A,"ma=EMA,fast=5,slow=50",X3,L,1h,0.2651848108609033,0.01388040739121579,4170,-0.477178665905412,0.8362905804625456,14734.957153590745,-2368.3364823224115,140,0.2673704481129609,0.26212411265967756
"T-A|ma=EMA,fast=5,slow=50|X3|S|1h",T-A,"ma=EMA,fast=5,slow=50",X3,S,1h,0.10761235403490545,0.005632688046811702,4090,-0.6880665548466753,0.9230640896654342,24094.494253990877,1657.0886708427468,132,0.009788767469394725,0.27916272903759987
"T-A|ma=EMA,fast=5,slow=50|X3|LS|1h",T-A,"ma=EMA,fast=5,slow=50",X3,LS,1h,1.0084028779094822,0.052782218990664154,4402,11.508152752092672,0.7996775282805082,66272.31363602547,-3709.6750282077046,140,0.9075144989663113,1.1755617702725913
"T-A|ma=EMA,fast=5,slow=100|X1|L|1h",T-A,"ma=EMA,fast=5,slow=100",X1,L,1h,0.13429277012414265,0.0070292048513884604,3014,-0.131609391832463,0.6704911022347035,8379.999382176667,-2599.5184135787235,28,0.6027754890122001,-0.8780359919912891
"T-A|ma=EMA,fast=5,slow=100|X1|S|1h",T-A,"ma=EMA,fast=5,slow=100",X1,S,1h,-0.16213469411544715,-0.008486517758187179,3026,-0.5105077032547871,0.7868923714936158,8395.513031369015,658.5552563559947,27,0.038705821590669945,-0.5693751209230486
"T-A|ma=EMA,fast=5,slow=100|X1|LS|1h",T-A,"ma=EMA,fast=5,slow=100",X1,LS,1h,-0.16213469411544715,-0.008486517758187179,3026,-0.5105077032547871,0.7868923714936158,8395.513031369015,658.5552563559947,27,0.038705821590669945,-0.5693751209230486
"T-A|ma=EMA,fast=5,slow=100|X2|L|1h",T-A,"ma=EMA,fast=5,slow=100",X2,L,1h,0.4010614776728456,0.020992517184334827,2702,-0.4716191384914792,0.8809090827497059,24034.882990879098,-6059.075478060157,264,0.6477925973724095,-0.08910217000180481
"T-A|ma=EMA,fast=5,slow=100|X2|S|1h",T-A,"ma=EMA,fast=5,slow=100",X2,S,1h,-0.07937880988303207,-0.004154876803951948,2660,-0.932637313779667,0.9803953097724861,18399.191186331336,1685.62052643962,240,0.026573616648790384,-0.27177175280530946
"T-A|ma=EMA,fast=5,slow=100|X2|LS|1h",T-A,"ma=EMA,fast=5,slow=100",X2,LS,1h,0.13826839325824744,0.007237298476947813,3052,-0.8430015478069846,0.9424977909371501,38104.90468256362,-613.5525159454934,309,0.6279762583240116,-0.754924947559897
"T-A|ma=EMA,fast=5,slow=100|X3|L|1h",T-A,"ma=EMA,fast=5,slow=100",X3,L,1h,0.5615693748340655,0.029393884498218066,2762,0.921064353448934,0.7721029694999905,26807.26454308672,-7227.654050262967,153,0.798953269547979,0.136153066063584
"T-A|ma=EMA,fast=5,slow=100|X3|S|1h",T-A,"ma=EMA,fast=5,slow=100",X3,S,1h,-0.12662926910938896,-0.006628078875196815,2704,-0.813517815660201,0.9296765106835128,13021.719232741154,1375.1395965155723,131,-0.06202744684619699,-0.23901535330547108
"T-A|ma=EMA,fast=5,slow=100|X3|LS|1h",T-A,"ma=EMA,fast=5,slow=100",X3,LS,1h,0.2458285263490962,0.012867253154621564,2910,-0.2772051192626821,0.8300179068085799,25985.76262317591,-1045.867124292734,115,0.6382434229094655,-0.44163262249556473
"T-A|ma=EMA,fast=5,slow=200|X1|L|1h",T-A,"ma=EMA,fast=5,slow=200",X1,L,1h,0.295994412783427,0.015493055660388824,2154,0.19968653466156483,0.5532860430602731,6698.965356298276,-2975.843050579974,27,0.6467059103475314,-0.48878101942553814
"T-A|ma=EMA,fast=5,slow=200|X1|S|1h",T-A,"ma=EMA,fast=5,slow=200",X1,S,1h,0.04251640322976719,0.0022254102552951975,2158,-0.2555001072594604,0.6879364255479633,6776.6608502680665,615.411058949182,23,0.16925180577949636,-0.2156932064380924
"T-A|ma=EMA,fast=5,slow=200|X1|LS|1h",T-A,"ma=EMA,fast=5,slow=200",X1,LS,1h,-0.34917962758686344,-0.018276897036010608,2162,-0.606166430730255,0.6879364255479614,3739.936586018638,256.9669534427168,19,-0.4235698596575431,-0.21569320643808718
"T-A|ma=EMA,fast=5,slow=200|X2|L|1h",T-A,"ma=EMA,fast=5,slow=200",X2,L,1h,0.5239375201571168,0.027424143199282727,1952,0.05072163525951545,0.9096250308096234,33429.32239320678,-11971.365039907823,260,0.838208118833217,-0.15403405544506835
"T-A|ma=EMA,fast=5,slow=200|X2|S|1h",T-A,"ma=EMA,fast=5,slow=200",X2,S,1h,0.03964221141283724,0.002074968179785781,1946,-0.8478084291993649,0.9696904459214327,20386.80271567202,2085.8060241343796,238,0.07709769612041108,-0.025980856851570713
"T-A|ma=EMA,fast=5,slow=200|X2|LS|1h",T-A,"ma=EMA,fast=5,slow=200",X2,LS,1h,0.8547819281749385,0.04474133098045526,2272,4.719894116007916,0.7507800605572008,96292.99912732354,-13909.050234645465,292,1.0084988219606874,0.565272114487474
"T-A|ma=EMA,fast=5,slow=200|X3|L|1h",T-A,"ma=EMA,fast=5,slow=200",X3,L,1h,0.5901644863697022,0.030890621042906824,1974,1.1245980302555085,0.7847427947625839,23814.86372440004,-9828.547066128669,171,0.8584162206826346,0.04900463839467573
"T-A|ma=EMA,fast=5,slow=200|X3|S|1h",T-A,"ma=EMA,fast=5,slow=200",X3,S,1h,0.0021088194285563636,0.00011038065373294248,1992,-0.6885772315548827,0.9196008705898535,14621.166652297987,1801.651971216402,124,0.1163751259700661,-0.20104142196095962
"T-A|ma=EMA,fast=5,slow=200|X3|LS|1h",T-A,"ma=EMA,fast=5,slow=200",X3,LS,1h,-0.26460660067572517,-0.013850142486895037,2168,-0.8630063220245273,0.9044066038694831,8819.031165167893,-579.5674676944045,133,0.1112269500131071,-0.9670068108206392
"T-A|ma=EMA,fast=10,slow=20|X1|L|1h",T-A,"ma=EMA,fast=10,slow=20",X1,L,1h,-0.18115338653770513,-0.009482001617206684,5504,-0.552781857269671,0.6914356931031728,8309.915927141148,-1122.2883165855915,21,-0.006580190255605504,-0.5330062808375045
"T-A|ma=EMA,fast=10,slow=20|X1|S|1h",T-A,"ma=EMA,fast=10,slow=20",X1,S,1h,-0.5637197989790556,-0.0295064428423384,5516,-0.7893968136617313,0.8610820634619736,8640.042742307167,517.9371983236201,21,-0.6127317456550113,-0.46202769176920866
"T-A|ma=EMA,fast=10,slow=20|X1|LS|1h",T-A,"ma=EMA,fast=10,slow=20",X1,LS,1h,-0.6799170363240993,-0.03558848421886729,5516,-0.8362260547327197,0.9005482594711693,8213.561262860274,399.45930320734897,25,-0.64009584827954,-0.7613731561206766
"T-A|ma=EMA,fast=10,slow=20|X2|L|1h",T-A,"ma=EMA,fast=10,slow=20",X2,L,1h,-0.18018234208277373,-0.009431174827445717,4836,-0.984255825561991,0.9934376713667807,4354.383690395538,-444.4954740270895,289,-0.39544572044174414,0.21589656494211126
"T-A|ma=EMA,fast=10,slow=20|X2|S|1h",T-A,"ma=EMA,fast=10,slow=20",X2,S,1h,-0.18875304936988516,-0.009879786150204956,4726,-0.9803228741020223,0.9914027017151744,23868.960547700226,1741.0454869870287,266,-0.11035697670072853,-0.3429171323473557
"T-A|ma=EMA,fast=10,slow=20|X2|LS|1h",T-A,"ma=EMA,fast=10,slow=20",X2,LS,1h,-0.12946548019710258,-0.006776532948479307,5468,-0.9677504017154241,0.9836331020676629,15851.448605300178,-142.72700607823668,372,-0.08555735338286972,-0.2106842509627283
"T-A|ma=EMA,fast=10,slow=20|X3|L|1h",T-A,"ma=EMA,fast=10,slow=20",X3,L,1h,0.008838871593269463,0.0004626476840620314,4928,-0.8009616111989515,0.9200342103890435,9696.713417750889,-1165.854539280266,131,-0.10299395033809691,0.21346184252536207
"T-A|ma=EMA,fast=10,slow=20|X3|S|1h",T-A,"ma=EMA,fast=10,slow=20",X3,S,1h,-0.24840362091775914,-0.013002039764638595,4910,-0.9243264352803122,0.962721917385128,17555.139779305402,1312.6202480191805,128,-0.36571112737338257,-0.039392423661389286
"T-A|ma=EMA,fast=10,slow=20|X3|LS|1h",T-A,"ma=EMA,fast=10,slow=20",X3,LS,1h,-0.5768441453778531,-0.030193402529687538,5300,-0.966674308965716,0.9753308964521372,7090.64284347971,-73.61519976001681,144,-0.8571496136669668,-0.08073031509262285
"T-A|ma=EMA,fast=10,slow=50|X1|L|1h",T-A,"ma=EMA,fast=10,slow=50",X1,L,1h,0.10055309586076026,0.005263189586402892,3334,-0.2020853359754079,0.6277935533086884,7695.16620249029,-1982.9451137999426,27,0.47680580582773363,-0.673081773008963
"T-A|ma=EMA,fast=10,slow=50|X1|S|1h",T-A,"ma=EMA,fast=10,slow=50",X1,S,1h,-0.20249341163846368,-0.01059898958184795,3340,-0.5567151747545664,0.7708768318055848,8151.24313440764,531.2959519575652,22,-0.04639472555104448,-0.5304334020539255
"T-A|ma=EMA,fast=10,slow=50|X1|LS|1h",T-A,"ma=EMA,fast=10,slow=50",X1,LS,1h,-0.1341914079457382,-0.007023899312486186,3338,-0.49337827451634264,0.7683512318212182,8007.779928741117,332.055654559531,24,-0.07555366832327085,-0.25373519842564113
"T-A|ma=EMA,fast=10,slow=50|X2|L|1h",T-A,"ma=EMA,fast=10,slow=50",X2,L,1h,0.15200558718210705,0.007956336069848718,3008,-0.8733497893866042,0.9518405056691274,8441.065274835288,-1513.4235356195213,259,0.12945373704538068,0.1923316461603289
"T-A|ma=EMA,fast=10,slow=50|X2|S|1h",T-A,"ma=EMA,fast=10,slow=50",X2,S,1h,-0.0047882850909193204,-0.0002506302964769229,2972,-0.924787013492487,0.9753965760416433,19489.078045629733,1768.283472119811,228,0.1185024315279894,-0.2528933779629594
"T-A|ma=EMA,fast=10,slow=50|X2|LS|1h",T-A,"ma=EMA,fast=10,slow=50",X2,LS,1h,0.1438063473665862,0.007527168243198941,3572,-0.8526930122093365,0.9394009372547146,27939.855357778382,-714.8031143813845,313,0.5243466156139904,-0.5713406225662785
"T-A|ma=EMA,fast=10,slow=50|X3|L|1h",T-A,"ma=EMA,fast=10,slow=50",X3,L,1h,0.44585415311707116,0.023337072972767516,3042,0.13463389863763897,0.7872165927277704,17396.736696981035,-4232.84339957316,149,0.5900117457297532,0.19747537480296787
"T-A|ma=EMA,fast=10,slow=50|X3|S|1h",T-A,"ma=EMA,fast=10,slow=50",X3,S,1h,0.12102952897578606,0.006334975080575188,3004,-0.6330040874145475,0.88244001511538,17737.823487951984,1741.2893963102508,127,0.1440607120685668,0.0788080585302474
"T-A|ma=EMA,fast=10,slow=50|X3|LS|1h",T-A,"ma=EMA,fast=10,slow=50",X3,LS,1h,0.6461506058366087,0.03382106846910408,3320,1.745187627511163,0.7129211673663899,54772.753701705544,-1346.7332664920566,136,0.9970989059708628,-0.03769898706172165
"T-A|ma=EMA,fast=10,slow=100|X1|L|1h",T-A,"ma=EMA,fast=10,slow=100",X1,L,1h,0.3116428209723202,0.016312130780041158,2250,0.23572433934622028,0.6209066125220296,7651.293339553862,-3125.427673365305,28,0.7840171847899994,-0.6935948051534768
"T-A|ma=EMA,fast=10,slow=100|X1|S|1h",T-A,"ma=EMA,fast=10,slow=100",X1,S,1h,0.015251950669982249,0.0007983235846834547,2250,-0.30543710061690577,0.7087688580017115,7103.695097093588,786.3750563477166,28,0.24958016192427798,-0.4630822050358549
"T-A|ma=EMA,fast=10,slow=100|X1|LS|1h",T-A,"ma=EMA,fast=10,slow=100",X1,LS,1h,-0.049341342972623506,-0.0025826439284599672,2250,-0.3370113545978728,0.6707073791207661,6437.106920244214,27.795345090371544,22,0.2621616945034164,-0.6277232869324335
"T-A|ma=EMA,fast=10,slow=100|X2|L|1h",T-A,"ma=EMA,fast=10,slow=100",X2,L,1h,0.264656529801992,0.013852755896807246,2066,-0.6759678211421498,0.9020989285317274,11056.991966735135,-3104.1094589972445,238,0.4379338533367321,-0.038637131617647924
"T-A|ma=EMA,fast=10,slow=100|X2|S|1h",T-A,"ma=EMA,fast=10,slow=100",X2,S,1h,0.16559750962998768,0.008667769806169885,2042,-0.7523200161433469,0.9295699675354361,14440.59311961508,1738.038671139234,222,0.1711637475641701,0.15640784966162424
"T-A|ma=EMA,fast=10,slow=100|X2|LS|1h",T-A,"ma=EMA,fast=10,slow=100",X2,LS,1h,0.28379851217398167,0.014854693046737201,2534,-0.6383311908036691,0.8669616837594923,33378.758112070194,-2292.9841794600343,288,0.6085084992132058,-0.34585333352442715
"T-A|ma=EMA,fast=10,slow=100|X3|L|1h",T-A,"ma=EMA,fast=10,slow=100",X3,L,1h,0.47852051011532715,0.025046908244443458,2058,0.42698524795698223,0.8723403606249753,19823.592121243513,-7343.805574229833,151,0.8551640041081993,-0.15642803885280385
"T-A|ma=EMA,fast=10,slow=100|X3|S|1h",T-A,"ma=EMA,fast=10,slow=100",X3,S,1h,0.1306041050974873,0.0068361312996511325,2048,-0.5445550249722018,0.8438763056197296,11902.77073031147,1605.2976967258696,134,0.18771887834928866,0.030174978565811108
"T-A|ma=EMA,fast=10,slow=100|X3|LS|1h",T-A,"ma=EMA,fast=10,slow=100",X3,LS,1h,0.3916048474343523,0.020497534534943088,2276,0.13717095253206946,0.8437738574075079,17063.2558970362,-1852.5664188977225,135,0.6408046744551735,-0.010841003947165787
"T-A|ma=EMA,fast=10,slow=200|X1|L|1h",T-A,"ma=EMA,fast=10,slow=200",X1,L,1h,0.3807007542776663,0.019926788213706918,1560,0.4178197711820639,0.4879218748013813,4965.311427349515,-2990.680089551402,28,0.668994267388022,-0.25535706911465383
"T-A|ma=EMA,fast=10,slow=200|X1|S|1h",T-A,"ma=EMA,fast=10,slow=200",X1,S,1h,0.14267666368086776,0.007468037896592449,1564,-0.10349566115800157,0.6740416457380787,5192.4581233027,621.8548259966727,23,0.20732748451030486,0.008418830998929835
"T-A|ma=EMA,fast=10,slow=200|X1|LS|1h",T-A,"ma=EMA,fast=10,slow=200",X1,LS,1h,0.4348324818968261,0.022760172334407483,1566,0.5234572001549098,0.40563909680519017,5603.525439480758,-1428.3829808287362,7,0.7609895826850543,-0.35497443762657893
"T-A|ma=EMA,fast=10,slow=200|X2|L|1h",T-A,"ma=EMA,fast=10,slow=200",X2,L,1h,0.46767092004976923,0.024479014745382444,1470,-0.005749080180648125,0.861514536212763,17091.5784753542,-8322.360576427962,226,0.7571542872790201,-0.10378351019017949
"T-A|ma=EMA,fast=10,slow=200|X2|S|1h",T-A,"ma=EMA,fast=10,slow=200",X2,S,1h,0.19795709740960188,0.010361548043070686,1450,-0.676283739011029,0.9627526848123245,19208.106688342854,2456.6187190147275,199,0.13928584535391414,0.30044978878716483
"T-A|ma=EMA,fast=10,slow=200|X2|LS|1h",T-A,"ma=EMA,fast=10,slow=200",X2,LS,1h,0.7532771975196366,0.03942833055234914,1834,2.6336510497118377,0.8801075443918138,29860.284256606512,-3571.4974229226573,267,0.6661575624004259,0.9037206244446301
"T-A|ma=EMA,fast=10,slow=200|X3|L|1h",T-A,"ma=EMA,fast=10,slow=200",X3,L,1h,0.5105001430484243,0.026720798735727146,1462,0.6511525999195411,0.7834213799442655,13616.588137623768,-7469.6713144019395,154,0.7641230885799675,0.05875380264921896
"T-A|ma=EMA,fast=10,slow=200|X3|S|1h",T-A,"ma=EMA,fast=10,slow=200",X3,S,1h,0.1965162952725173,0.010286133012443768,1456,-0.39739399234450035,0.8965963338876115,11484.565688347202,1646.8523897817347,125,0.15988695199774244,0.2596395547878218
"T-A|ma=EMA,fast=10,slow=200|X3|LS|1h",T-A,"ma=EMA,fast=10,slow=200",X3,LS,1h,0.885423576189491,0.04634518814029583,1670,5.406423498560769,0.5714822702304525,46865.47071040235,-7844.624043246294,131,1.074804405666962,0.5183783321618606
"T-A|ma=EMA,fast=20,slow=50|X1|L|1h",T-A,"ma=EMA,fast=20,slow=50",X1,L,1h,0.43999673950524454,0.023030481931873955,2360,0.5935880715663127,0.5633962331531953,8593.475262698596,-3206.693583087294,27,0.8486494254491852,-0.3959855171717858
"T-A|ma=EMA,fast=20,slow=50|X1|S|1h",T-A,"ma=EMA,fast=20,slow=50",X1,S,1h,0.11955643722966705,0.0062578699345662995,2362,-0.149514063972632,0.6730865732619087,7765.022655126692,861.4866344266006,26,0.2914182896124031,-0.2453617439661009
"T-A|ma=EMA,fast=20,slow=50|X1|LS|1h",T-A,"ma=EMA,fast=20,slow=50",X1,LS,1h,0.11955643722966705,0.0062578699345662995,2362,-0.149514063972632,0.6730865732619087,7765.022655126692,861.4866344266006,26,0.2914182896124031,-0.2453617439661009
"T-A|ma=EMA,fast=20,slow=50|X2|L|1h",T-A,"ma=EMA,fast=20,slow=50",X2,L,1h,0.46940416506834665,0.024569736936025818,2168,-0.10461358865743464,0.877830432190799,18372.67264081035,-5463.206457209306,224,0.6756888637418638,0.07507241584429644
"T-A|ma=EMA,fast=20,slow=50|X2|S|1h",T-A,"ma=EMA,fast=20,slow=50",X2,S,1h,0.1986366783683896,0.010397118936187314,2162,-0.7132910270130068,0.9194845771281783,20184.481999148426,2108.495803744102,204,0.37027185532782686,-0.13835549340308625
"T-A|ma=EMA,fast=20,slow=50|X2|LS|1h",T-A,"ma=EMA,fast=20,slow=50",X2,LS,1h,0.5946412505923961,0.031124945591902226,2720,0.5378218531385774,0.9291235260470292,61529.77973996582,-8465.047418212918,288,1.0085603104914027,-0.3101549643732346
"T-A|ma=EMA,fast=20,slow=50|X3|L|1h",T-A,"ma=EMA,fast=20,slow=50",X3,L,1h,0.6903429579634356,0.036134201898975246,2154,2.2843056380840805,0.7607007225693354,27592.53372261747,-9329.388512856229,152,0.9334531218567167,0.2678350729318456
"T-A|ma=EMA,fast=20,slow=50|X3|S|1h",T-A,"ma=EMA,fast=20,slow=50",X3,S,1h,0.23286540688489282,0.012188732470725676,2148,-0.3625029494675688,0.7978216271235693,15759.76077322727,1985.7180902269579,141,0.35571354688437756,-0.007410821628857341
"T-A|ma=EMA,fast=20,slow=50|X3|LS|1h",T-A,"ma=EMA,fast=20,slow=50",X3,LS,1h,0.4914462523523639,0.025723472514853435,2476,0.5538912466655019,0.8467068171407253,51829.91327159211,-5086.924272944592,164,1.1436772562999125,-0.8380310353898686
"T-A|ma=EMA,fast=20,slow=100|X1|L|1h",T-A,"ma=EMA,fast=20,slow=100",X1,L,1h,0.21391550042218724,0.011196849033382977,1626,0.016534785535192276,0.6686678035984761,5013.703484077611,-2887.36708265963,35,0.7481159583676711,-0.8980538556942559
"T-A|ma=EMA,fast=20,slow=100|X1|S|1h",T-A,"ma=EMA,fast=20,slow=100",X1,S,1h,-0.0796143034731139,-0.004167203101818496,1624,-0.423863381659639,0.7571301897357716,4763.979921749313,699.0707291475326,27,0.20376718040762717,-0.6517064883332987
"T-A|ma=EMA,fast=20,slow=100|X1|LS|1h",T-A,"ma=EMA,fast=20,slow=100",X1,LS,1h,0.25944281162987026,0.013579857415114062,1626,0.13472691104176193,0.6686678035984761,5675.313008814198,-2885.393922718983,27,0.8830648244151112,-0.8980538556942581
"T-A|ma=EMA,fast=20,slow=100|X2|L|1h",T-A,"ma=EMA,fast=20,slow=100",X2,L,1h,0.10199644340212917,0.005338737849579317,1544,-0.8005562631636406,0.954405464582624,13389.207876428854,-5870.166231457401,193,0.6554471653220145,-1.240282965096829
"T-A|ma=EMA,fast=20,slow=100|X2|S|1h",T-A,"ma=EMA,fast=20,slow=100",X2,S,1h,0.40208923333089375,0.02104631237413481,1528,-0.22736756485489973,0.9112141213490821,26870.818340936858,3853.9442660782006,200,0.6554647623128117,-0.06709344191050154
"T-A|ma=EMA,fast=20,slow=100|X2|LS|1h",T-A,"ma=EMA,fast=20,slow=100",X2,LS,1h,0.40111930936038653,0.020995544233209096,2032,-0.35191578093273435,0.8390593650724766,15252.222989093385,-1243.5781048438669,295,0.6160685811599885,0.00459408534763355
"T-A|ma=EMA,fast=20,slow=100|X3|L|1h",T-A,"ma=EMA,fast=20,slow=100",X3,L,1h,0.4226520305721156,0.02212261837327757,1518,0.15860595775253716,0.8804616529804714,12782.48396057233,-6627.9829191820745,137,0.7977184170697988,-0.260622751317858
"T-A|ma=EMA,fast=20,slow=100|X3|S|1h",T-A,"ma=EMA,fast=20,slow=100",X3,S,1h,0.15980043910802993,0.008364337266956363,1506,-0.46327657841679315,0.8888971781961531,11912.746564087303,2008.3221353879248,128,0.3944166915409675,-0.2527181704149859
"T-A|ma=EMA,fast=20,slow=100|X3|LS|1h",T-A,"ma=EMA,fast=20,slow=100",X3,LS,1h,0.23164865699691908,0.012125044870808234,1804,-0.35060584341791434,0.8293192460049896,13183.726748279707,-833.3516392422667,160,0.5420192719586127,-0.3545932772946161
"T-A|ma=EMA,fast=20,slow=200|X1|L|1h",T-A,"ma=EMA,fast=20,slow=200",X1,L,1h,0.4258524662782386,0.022290136834407236,1156,0.5470137666424824,0.5421850935094584,3787.291223185063,-3053.6438687771188,32,0.7072043387089082,-0.1950831028529852
"T-A|ma=EMA,fast=20,slow=200|X1|S|1h",T-A,"ma=EMA,fast=20,slow=200",X1,S,1h,0.20286541867683225,0.010618461320173354,1156,0.004272534151257501,0.5832698256176976,3897.847229928492,673.477586887439,30,0.275155705606324,0.051973602045481765
"T-A|ma=EMA,fast=20,slow=200|X1|LS|1h",T-A,"ma=EMA,fast=20,slow=200",X1,LS,1h,0.38662365593910697,0.020236807055781656,1160,0.4340258017325871,0.4725649447358159,3617.3633727878473,-2638.232156721555,29,0.6689883290507178,-0.19508310285297764
"T-A|ma=EMA,fast=20,slow=200|X2|L|1h",T-A,"ma=EMA,fast=20,slow=200",X2,L,1h,0.4089959084767666,0.02140782427382572,1104,-0.08672625134367973,0.8610693375426889,12544.875466294669,-6083.778948246923,211,0.7116885780025116,-0.25738441045134147
"T-A|ma=EMA,fast=20,slow=200|X2|S|1h",T-A,"ma=EMA,fast=20,slow=200",X2,S,1h,0.32902621551924843,0.017222019236209807,1104,-0.35707817382675744,0.9207269755870148,16228.422333288172,3378.697415449298,168,0.34958155073746094,0.29235099734905007
"T-A|ma=EMA,fast=20,slow=200|X2|LS|1h",T-A,"ma=EMA,fast=20,slow=200",X2,LS,1h,0.7692431614610221,0.040264027299762535,1510,2.955881693180254,0.7736671743580633,31774.88024579391,-4611.393023176249,263,0.7442736755122424,0.8143728853324124
"T-A|ma=EMA,fast=20,slow=200|X3|L|1h",T-A,"ma=EMA,fast=20,slow=200",X3,L,1h,0.5916382892274012,0.030967763410196976,1106,1.2994255671633042,0.7674666863311951,11269.222060282757,-7418.622815684249,147,0.8114883637199467,0.19420216041352742
"T-A|ma=EMA,fast=20,slow=200|X3|S|1h",T-A,"ma=EMA,fast=20,slow=200",X3,S,1h,0.38974953492025366,0.020400423039567066,1096,0.17543907016022353,0.7811696732495107,11872.39919297807,2639.914891042362,118,0.512197387653941,0.15307981666178141
"T-A|ma=EMA,fast=20,slow=200|X3|LS|1h",T-A,"ma=EMA,fast=20,slow=200",X3,LS,1h,1.0138189270316689,0.053065707958311774,1322,9.094634474081833,0.5497187949869469,40530.990709602724,-5796.6291465615805,133,1.1255061294907935,0.8153450987896297
"T-A|ma=EMA,fast=50,slow=100|X1|L|1h",T-A,"ma=EMA,fast=50,slow=100",X1,L,1h,0.2346883978904232,0.012284152181021815,1116,0.06681980904626972,0.5661004579180052,3048.7886868821206,-2473.390686037968,37,0.5745138885661805,-0.5014179871743113
"T-A|ma=EMA,fast=50,slow=100|X1|S|1h",T-A,"ma=EMA,fast=50,slow=100",X1,S,1h,0.0048815871835365225,0.00025551395120728,1114,-0.32527050974194094,0.6815315006032798,3196.9309354219663,636.4605358061323,35,0.11986039028221229,-0.2302516535672748
"T-A|ma=EMA,fast=50,slow=100|X1|LS|1h",T-A,"ma=EMA,fast=50,slow=100",X1,LS,1h,0.08523390288667153,0.004461346378661495,1118,-0.1332603966103647,0.49229120273234483,2619.0946716958347,-1133.7176135311022,25,0.35248440541816617,-0.5061102930872652
"T-A|ma=EMA,fast=50,slow=100|X2|L|1h",T-A,"ma=EMA,fast=50,slow=100",X2,L,1h,0.10453225139928297,0.005471468106459905,1072,-0.6761872946833398,0.8541429387367985,4799.925309968166,-2085.7772959317467,169,0.1638396783118306,-0.010656469666314923
"T-A|ma=EMA,fast=50,slow=100|X2|S|1h",T-A,"ma=EMA,fast=50,slow=100",X2,S,1h,0.07678186051910504,0.004018946261668463,1058,-0.7321246357825795,0.9478326986728718,7816.75477935727,1163.1678207081895,167,0.058763325844985614,0.10738006023130331
"T-A|ma=EMA,fast=50,slow=100|X2|LS|1h",T-A,"ma=EMA,fast=50,slow=100",X2,LS,1h,0.5183748499088421,0.027132979731139942,1554,0.20044970724334776,0.8775939963505074,18707.908460104616,-3380.7073487219395,248,0.6093322231667765,0.3355912438285374
"T-A|ma=EMA,fast=50,slow=100|X3|L|1h",T-A,"ma=EMA,fast=50,slow=100",X3,L,1h,0.3211370330462062,0.016809080552602836,1058,-0.06371892471002827,0.7105719877495127,5012.749796117014,-2997.163473554368,129,0.32187351993001706,0.3220886827492155
"T-A|ma=EMA,fast=50,slow=100|X3|S|1h",T-A,"ma=EMA,fast=50,slow=100",X3,S,1h,0.3217058001425242,0.016838851183062335,1056,-0.04446832153718483,0.7602101244881583,9379.886755507516,2124.4782294867778,126,0.46919210066142514,0.042479974987020414
"T-A|ma=EMA,fast=50,slow=100|X3|LS|1h",T-A,"ma=EMA,fast=50,slow=100",X3,LS,1h,0.48589715411518086,0.025433019438238957,1396,0.5422070764579086,0.7675185839755654,10788.762623410004,-813.0341317725669,145,0.5435862637433317,0.3928194799112301
"T-A|ma=EMA,fast=50,slow=200|X1|L|1h",T-A,"ma=EMA,fast=50,slow=200",X1,L,1h,0.4766698238079645,0.024950038895795085,744,0.7048955899804772,0.4824553123135108,2750.6623764779197,-3528.9578979240828,39,0.8003598121535147,-0.24867302053771673
"T-A|ma=EMA,fast=50,slow=200|X1|S|1h",T-A,"ma=EMA,fast=50,slow=200",X1,S,1h,0.23897969327612434,0.012508768847399513,738,0.08352238638194387,0.5822007729974787,2718.255886296389,720.4943229589694,31,0.3611749370658976,-0.004984534252514166
"T-A|ma=EMA,fast=50,slow=200|X1|LS|1h",T-A,"ma=EMA,fast=50,slow=200",X1,LS,1h,0.4766698238079645,0.024950038895795085,744,0.7048955899804772,0.4824553123135108,2750.6623764779197,-3528.9578979240828,39,0.8003598121535147,-0.24867302053771673
"T-A|ma=EMA,fast=50,slow=200|X2|L|1h",T-A,"ma=EMA,fast=50,slow=200",X2,L,1h,0.5502374880593173,0.028800746435619373,720,0.9363620916373403,0.7905891554525482,10943.211473495387,-7903.184307331924,152,0.8486599834481829,-0.05220148102636957
"T-A|ma=EMA,fast=50,slow=200|X2|S|1h",T-A,"ma=EMA,fast=50,slow=200",X2,S,1h,0.50386714866666,0.02637361194194496,716,0.5613715622398983,0.8453367068438788,12495.660341246748,2790.314836952565,156,0.3841141056501344,0.7037721786660677
"T-A|ma=EMA,fast=50,slow=200|X2|LS|1h",T-A,"ma=EMA,fast=50,slow=200",X2,LS,1h,0.7446530944428641,0.03897692436622248,1096,2.8338172810162234,0.8221187757968627,27389.087426384696,-5342.9771108766745,230,0.8612325573276227,0.5307088349893729
"T-A|ma=EMA,fast=50,slow=200|X3|L|1h",T-A,"ma=EMA,fast=50,slow=200",X3,L,1h,0.7293061397790189,0.03817362804522608,712,2.8030890168861706,0.6892035329043036,11298.541355033043,-10714.178201194936,117,1.0132514053114885,0.22945667752723276
"T-A|ma=EMA,fast=50,slow=200|X3|S|1h",T-A,"ma=EMA,fast=50,slow=200",X3,S,1h,0.3690463573353046,0.019316769197407484,712,0.195265705320957,0.7799234687978172,7552.815088483767,1879.9249032207665,100,0.34998889024465196,0.4024788890160718
"T-A|ma=EMA,fast=50,slow=200|X3|LS|1h",T-A,"ma=EMA,fast=50,slow=200",X3,LS,1h,0.5902751246479141,0.030896412115063852,966,1.3710001548971285,0.6761485428986862,10225.196068580273,-2475.764911815253,112,0.5312378757081533,0.6879539009405715
T-B|N=12|X1|L|1h,T-B,N=12,X1,L,1h,-1.1161379287040982,-0.058421329279401545,8586,-0.999785207771243,0.9999099667263722,5975.815970214292,-224.9423341501714,253,-1.1332306872731928,-1.089654789612313
T-B|N=12|X1|S|1h,T-B,N=12,X1,S,1h,-1.368712560036272,-0.07164168970726789,8336,-0.999916762359473,0.9999596955705922,18177.243284281103,543.4301108188793,225,-1.8642981312643188,-0.5431435376275037
T-B|N=12|X1|LS|1h,T-B,N=12,X1,LS,1h,-1.3066014869012215,-0.06839064755360431,14276,-0.9999962967503115,0.9999983610118777,12721.48211691026,84.80358020403922,638,-1.7432286319731694,-0.601764774659601
T-B|N=12|X2|L|1h,T-B,N=12,X2,L,1h,-0.2521252728870561,-0.013196839931867098,6334,-0.9766885164930956,0.9909897323258592,7879.3106344662565,-692.4297757696501,207,-0.1879910734037353,-0.359027839904813
T-B|N=12|X2|S|1h,T-B,N=12,X2,S,1h,-0.43296495773138644,-0.022662421651986838,6302,-0.9889519128652303,0.9973282715219138,30276.605783956285,1515.1676028207937,185,-0.5704882444614243,-0.18296569805285195
T-B|N=12|X2|LS|1h,T-B,N=12,X2,LS,1h,0.10000563102745555,0.005234533967350037,9652,-0.9169628693985958,0.9724136562017798,35639.909143460216,-85.669929075359,403,0.17371604580907654,-0.03081885070919722
T-B|N=12|X3|L|1h,T-B,N=12,X3,L,1h,0.30891262429490285,0.0161692257546075,318,-0.6000884734531464,0.9712785693548279,579.6300060196694,-2094.7963891533564,352,0.4526220634631033,0.0017775729833591622
T-B|N=12|X3|S|1h,T-B,N=12,X3,S,1h,0.03125754607765218,0.0016360947378509052,172,-0.6154744675773685,0.9426043227484009,827.1700814325878,3499.3736053906223,139,0.1772049637001873,-0.16071642142682865
T-B|N=12|X3|LS|1h,T-B,N=12,X3,LS,1h,-0.3102214662034285,-0.016237733671188595,316,-1.0358343384731792,1.0343761750501164,761.6615198282682,588.7299074916041,310,-0.3334680872859254,-0.36910077996299817
T-B|N=12|X4|L|1h,T-B,N=12,X4,L,1h,0.3126816191599922,0.016366503962258246,172,-0.2602284812175224,0.8428476564695516,308.74950831437366,-3472.9654932214203,254,0.5263659788509952,-0.028995253501975536
T-B|N=12|X4|S|1h,T-B,N=12,X4,S,1h,0.07833212228154064,0.004100090670942028,120,-0.2990872317984975,0.8539110686622045,455.50241142953104,2801.2137439211506,64,0.1694906179926898,-0.04272134902377936
T-B|N=12|X4|LS|1h,T-B,N=12,X4,LS,1h,-0.33930563794938856,-0.017760068797244385,104,-0.5799783389343747,0.7968370036960462,409.28477761380924,1333.8033460192532,32,-0.1583256581641126,-0.6891389372443835
T-B|N=12|X5|L|1h,T-B,N=12,X5,L,1h,0.22194518227318674,0.011617141790543137,62,0.04451856094503448,0.5666251032532972,80.3117610026462,-2648.257272175377,48,0.49559584226406533,-0.16462885754862738
T-B|N=12|X5|S|1h,T-B,N=12,X5,S,1h,0.19526825597939054,0.010220807650208255,60,0.07777329476063688,0.613184203296465,140.37462125400435,1594.295034614352,8,0.1035897391382131,0.32478328802123185
T-B|N=12|X5|LS|1h,T-B,N=12,X5,LS,1h,-0.19503184887303307,-0.010208433536714473,66,-0.27685599851225595,0.6132790633763103,145.59072809270478,890.9208896646279,7,-0.16700502180674126,-0.23977651897753127
T-B|N=12|X6|L|1h,T-B,N=12,X6,L,1h,-1.1164933417685303,-0.058439932449434025,8584,-0.9997859535588008,0.9999102793340287,5971.579809616333,-224.4839799290515,253,-1.1346383150188992,-1.0882335860555645
T-B|N=12|X6|S|1h,T-B,N=12,X6,S,1h,-1.3693922962827891,-0.07167726872851576,8336,-0.9999171422932602,0.9999598818229298,18186.64252093972,542.3530285274303,225,-1.8653041551662848,-0.543192182437009
T-B|N=12|X6|LS|1h,T-B,N=12,X6,LS,1h,-1.3077145540040576,-0.06844890814851157,14278,-0.9999963315773299,0.9999983764256559,12746.616653595385,84.93152484008792,638,-1.7450304579978422,-0.6015881891012443
T-B|N=12|X7|L|1h,T-B,N=12,X7,L,1h,-1.2250389693427923,-0.0641214702659277,8612,-0.9998998683801797,0.9999581326116798,5522.460128759158,-207.19276544547353,275,-1.259510794556562,-1.1686723428670474
T-B|N=12|X7|S|1h,T-B,N=12,X7,S,1h,-1.5282603099114813,-0.07999280061528033,8384,-0.9999745303632261,0.9999879988048497,17511.63441464195,502.9932998716777,250,-2.021533480229033,-0.6865570483050368
T-B|N=12|X7|LS|1h,T-B,N=12,X7,LS,1h,-1.2829622008241488,-0.06715331076903495,14222,-0.9999967454555724,0.9999985804899503,15140.548154564969,107.19037291767,659,-1.6728282330512816,-0.6473611822132832
T-B|N=24|X1|L|1h,T-B,N=24,X1,L,1h,-0.1620825319637971,-0.008483787466384438,4562,-0.8642355867596143,0.9392901080448489,10525.1813078471,-976.7768980093023,79,-0.2632209378160039,-0.008706125967267768
T-B|N=24|X1|S|1h,T-B,N=24,X1,S,1h,-0.03978913971256059,-0.002082658758483851,4372,-0.7575167275112565,0.9469614475548226,25716.213832728496,1514.757123616728,54,-0.18045128529884094,0.20160081913238978
T-B|N=24|X1|LS|1h,T-B,N=24,X1,LS,1h,-0.04433972144577031,-0.002320847092570252,8162,-0.9272893763036564,0.9677759451117702,17044.9195970641,-41.04968665307156,253,-0.32527824530149185,0.39404906922287647
T-B|N=24|X2|L|1h,T-B,N=24,X2,L,1h,0.24286601776276218,0.01271218836812495,3236,-0.30036739238541366,0.7151228562013237,13222.320066984126,-2773.020959837555,88,0.2031548084751707,0.3117608135269245
T-B|N=24|X2|S|1h,T-B,N=24,X2,S,1h,0.23090724708554886,0.012086237702402568,3232,-0.36296615484763295,0.8995871961400257,16143.833357138214,1734.7509728834239,66,-0.18054583305771915,0.9080204580380598
T-B|N=24|X2|LS|1h,T-B,N=24,X2,LS,1h,0.7083594535658149,0.03707722837892792,5178,2.373866785104385,0.7498515835053083,33811.30323696295,-1530.3436303961876,164,0.2984410285953601,1.3793972374395158
T-B|N=24|X3|L|1h,T-B,N=24,X3,L,1h,0.3479828071273301,0.01821425259005409,322,-0.6433996156721399,0.9677817084342955,596.9146793429796,-2063.5680325903695,387,0.48535479317781605,0.04951096260039218
T-B|N=24|X3|S|1h,T-B,N=24,X3,S,1h,0.034932018414946746,0.0018284254102745006,170,-0.6164281541086228,0.9356833287750508,939.6157698479781,3053.431358376838,140,0.1304502460387772,-0.08633814891847273
T-B|N=24|X3|LS|1h,T-B,N=24,X3,LS,1h,0.430223347422254,0.02251891920976485,164,-1.0246370818852057,1.018012123944161,749.4107450597196,317.6620141510922,277,-0.11609896865688846,0.741844593408697
T-B|N=24|X4|L|1h,T-B,N=24,X4,L,1h,0.27939154391120274,0.014624021785253767,214,-0.45363112649741966,0.9001062354356666,354.9719490516635,-2755.4038358906832,284,0.45665011571578407,-0.0117149789315385
T-B|N=24|X4|S|1h,T-B,N=24,X4,S,1h,0.28563525606591483,0.014950832616008127,88,0.11378367614741136,0.7806179597779501,464.04015815650934,2900.936724324754,61,0.28048580512243776,0.30366526607204086
T-B|N=24|X4|LS|1h,T-B,N=24,X4,LS,1h,-0.045271280456142246,-0.0023696071197035653,78,-0.2697742363670712,0.5548843778410948,306.0702268837202,-97.12242028907914,23,-0.03438600578902018,-0.06606443274562342
T-B|N=24|X5|L|1h,T-B,N=24,X5,L,1h,0.0383792580389191,0.002008862178883303,76,-0.29382579266379705,0.5994237275456518,100.19221156010032,-1943.0379873437798,59,0.1782796202881741,-0.14692933006679312
T-B|N=24|X5|S|1h,T-B,N=24,X5,S,1h,0.17527176965653554,0.009174143719295223,44,0.06609150768083438,0.5109704462238933,117.89266436182879,1410.0697503162312,6,0.14183842885292527,0.23073538563951704
T-B|N=24|X5|LS|1h,T-B,N=24,X5,LS,1h,-0.3539478567248333,-0.01852647755593112,88,-0.39145614899978787,0.5920676594942267,172.6810879835562,506.776863415373,8,-0.5139642598230232,-0.20229398900114187
T-B|N=24|X6|L|1h,T-B,N=24,X6,L,1h,-0.18443946490525015,-0.00965400282011461,4564,-0.8754087384346658,0.9442864160964284,10123.986046165586,-936.0548772125455,80,-0.2855970055267158,-0.03130657571562469
T-B|N=24|X6|S|1h,T-B,N=24,X6,S,1h,-0.059882867261155694,-0.0031344125277783202,4376,-0.7753858057445611,0.950395977821519,25082.06123422496,1467.1438125384693,55,-0.2054463025060921,0.19011132548664963
T-B|N=24|X6|LS|1h,T-B,N=24,X6,LS,1h,-0.04148696881545153,-0.0021715271953761514,8158,-0.9265487914624666,0.9677895834059874,17164.12235458621,-47.094368658502326,254,-0.3183394550563968,0.3912774097415222
T-B|N=24|X7|L|1h,T-B,N=24,X7,L,1h,-0.38298261836250175,-0.02004622643871715,4660,-0.9656603713680464,0.9857097393861843,8037.891597346916,-664.7895912132137,120,-0.40688513601081183,-0.3483438673525206
T-B|N=24|X7|S|1h,T-B,N=24,X7,S,1h,-0.49452690218764744,-0.02588472109694454,4480,-0.9720804555561029,0.9898255767352969,14378.42061286796,823.9091633760279,102,-0.7144697049174241,-0.11352646545180614
T-B|N=24|X7|LS|1h,T-B,N=24,X7,LS,1h,-0.22789243712661392,-0.01192843533694559,8234,-0.9847812573857031,0.9944904753727837,14938.135889959629,42.9870478229743,349,-0.4813361732789192,0.17191763268102572
T-B|N=48|X1|L|1h,T-B,N=48,X1,L,1h,0.2882487362628274,0.01508762842163611,2314,0.03473123142591383,0.6745153175543368,10279.565013991278,-2206.1810628902904,45,0.32157962523393574,0.23542011261845533
T-B|N=48|X1|S|1h,T-B,N=48,X1,S,1h,0.37900536546980373,0.01983804750769422,2216,0.34840100668604523,0.6812362571199366,11462.853262859226,1100.720522503296,26,0.10620725939117726,0.9024905856762947
T-B|N=48|X1|LS|1h,T-B,N=48,X1,LS,1h,0.5503319213476687,0.028805689299840575,4252,0.9719969282841463,0.61896181509216,19937.566818196483,-1148.044635280262,92,0.3193413791013825,0.9393519362871695
T-B|N=48|X2|L|1h,T-B,N=48,X2,L,1h,0.776543363906155,0.04064613735971594,1642,2.949812538987305,0.5186239522352813,9690.997608945287,-4272.559934637599,43,0.7739170058027238,0.7901714596841696
T-B|N=48|X2|S|1h,T-B,N=48,X2,S,1h,0.23256347765316687,0.012172928772444212,1620,-0.0237951998978424,0.7680607684002435,7338.7515555771315,1285.420484071024,40,0.16190019355713886,0.36287314512224084
T-B|N=48|X2|LS|1h,T-B,N=48,X2,LS,1h,0.8236739614609953,0.04311306558433347,2738,3.8600575657881775,0.5591587386407675,18839.12585545101,-2491.990474432999,69,0.8003142436200813,0.8663872767927527
T-B|N=48|X3|L|1h,T-B,N=48,X3,L,1h,0.4028513207309592,0.021086201851764696,292,-0.3897380402178693,0.9732303539867951,645.7285920870344,-2943.7528640862515,328,0.5682320194285354,-0.0009442827042184843
T-B|N=48|X3|S|1h,T-B,N=48,X3,S,1h,0.03803909858792381,0.001991057419468694,148,-0.7108806905847431,0.9585793976576406,1004.4343165866678,2496.4375938322605,155,-0.10705452877642249,0.18219707832381654
T-B|N=48|X3|LS|1h,T-B,N=48,X3,LS,1h,-0.18608469651440374,-0.009740118178357867,196,-0.818047837093078,0.9673339622199015,829.2208283977136,709.3484642028286,146,-0.4604501075548779,0.054631330684046055
T-B|N=48|X4|L|1h,T-B,N=48,X4,L,1h,0.5465499899127833,0.028607733961179074,218,0.4280316199053573,0.9103073478835081,418.2864281144614,-6734.755170071839,296,0.8158318409121788,-0.012623881422217863
T-B|N=48|X4|S|1h,T-B,N=48,X4,S,1h,0.15091474233103455,0.007899238640760147,108,-0.23090749532722366,0.8195456394634832,585.2850334727085,2053.964060918965,82,-0.10293451360565785,0.46928424882138803
T-B|N=48|X4|LS|1h,T-B,N=48,X4,LS,1h,0.3240082858353013,0.016959368792364458,112,-0.7561620408837528,0.9762279062381156,517.3733122669634,-1336.9346509129584,199,0.29223890602567526,0.4720898392979358
T-B|N=48|X5|L|1h,T-B,N=48,X5,L,1h,0.5595495856711262,0.029288163901570977,86,1.0714871774144301,0.7345077691522239,141.76585944153078,-8101.9781305984,162,0.9937662720167111,-0.08597267664916433
T-B|N=48|X5|S|1h,T-B,N=48,X5,S,1h,0.16672035721813672,0.008726542335075877,58,0.04706924188183881,0.58245965683952,131.13633261070885,1380.1751012533375,10,0.10886143559627516,0.24831280711341047
T-B|N=48|X5|LS|1h,T-B,N=48,X5,LS,1h,-0.34091705403278566,-0.01784441416997405,68,-0.2831810602542504,0.4647530265575973,140.58478208369712,1.6990919896074423,1,-0.055231629453781864,-0.9011847787675602
T-B|N=48|X6|L|1h,T-B,N=48,X6,L,1h,0.2462209388442792,0.012887792963371775,2318,-0.08662607570280201,0.68751072033774,9711.785163614126,-2080.3867555826137,47,0.27702659765837895,0.1973063150433599
T-B|N=48|X6|S|1h,T-B,N=48,X6,S,1h,0.3782805455482967,0.019800108699045547,2220,0.3378683386978125,0.6998728821708174,11741.773296337835,1112.8343857596305,27,0.11089594339342444,0.894730014573568
T-B|N=48|X6|LS|1h,T-B,N=48,X6,LS,1h,0.573363091572071,0.030011195845910534,4248,1.128920748781789,0.6477555337811103,21738.501265905925,-1287.3693501781559,94,0.3525812408505869,0.9483193111017395
T-B|N=48|X7|L|1h,T-B,N=48,X7,L,1h,-0.11799442931264313,-0.006176110703461736,2524,-0.8593488067912228,0.9418314853986604,6436.906838979874,-1116.0735876131214,125,-0.061677160149993665,-0.20808012918016974
T-B|N=48|X7|S|1h,T-B,N=48,X7,S,1h,-0.08358966389198307,-0.0043752829762339325,2384,-0.817287632649383,0.9530560602975721,7430.872845725889,581.7943955306761,98,-0.5492264424913819,0.7830821452331298
T-B|N=48|X7|LS|1h,T-B,N=48,X7,LS,1h,0.16548412878392865,0.008661835181450804,4556,-0.8364614689320758,0.9277786051326031,10485.601562749847,-308.7397113048047,268,-0.0696206294494785,0.5684439210236023
T-B|N=96|X1|L|1h,T-B,N=96,X1,L,1h,0.8274974501712956,0.04331319613020595,1148,2.5717478072319886,0.4389962168924163,7490.406289113022,-3839.930308970209,17,1.029465907749635,0.5100768518711741
T-B|N=96|X1|S|1h,T-B,N=96,X1,S,1h,-0.043222615929578004,-0.0022623751174469975,1132,-0.309225951185897,0.6567403134975263,3358.2261543141917,555.4638688447657,14,-0.2044082883121889,0.23095555074377408
T-B|N=96|X1|LS|1h,T-B,N=96,X1,LS,1h,0.5912542995754033,0.030947664473208694,2208,1.345649563036587,0.47970997053755227,10776.73976941883,-1895.2421760934863,37,0.6931603262924103,0.42871783228411814
T-B|N=96|X2|L|1h,T-B,N=96,X2,L,1h,0.8065617533711225,0.042217371676075345,832,2.223482115565885,0.4143077127625777,3780.140843069359,-3797.68870477536,20,1.0201456771199502,0.4589544105923899
T-B|N=96|X2|S|1h,T-B,N=96,X2,S,1h,0.12801352980476607,0.00670053439150299,818,-0.04403802386517053,0.6089426897094739,2428.319119174014,1031.7320068688934,9,0.1521474296396392,0.08388979775686585
T-B|N=96|X2|LS|1h,T-B,N=96,X2,LS,1h,0.7603896823165601,0.039800615021526035,1398,2.0911277830935697,0.40916765052585913,5955.963454726011,-1939.090331304211,20,0.9093395193803079,0.5076122866710939
T-B|N=96|X3|L|1h,T-B,N=96,X3,L,1h,0.3940085206513021,0.020623348541327177,270,-0.4068270597743522,0.968140885706367,635.185588353555,-3068.3033661155223,318,0.5393483152835422,0.07795729564956587
T-B|N=96|X3|S|1h,T-B,N=96,X3,S,1h,-0.4064780457248485,-0.021276033314010446,304,-0.9727523278844467,0.9956500432935463,819.7951047670455,2315.0074059274057,222,-0.6981747444378423,0.041403912968844166
T-B|N=96|X3|LS|1h,T-B,N=96,X3,LS,1h,-0.148499004081007,-0.007772793121682085,302,-1.0019426413144792,1.000905378100632,678.6473122931488,646.0214995454751,361,-0.40293797528915654,-0.11108521785794986
T-B|N=96|X4|L|1h,T-B,N=96,X4,L,1h,0.49021300639186727,0.02565892147103727,196,0.12121968693353757,0.893530619216363,439.5297845342075,-5830.309301512138,297,0.7064634974772385,0.09882431868400318
T-B|N=96|X4|S|1h,T-B,N=96,X4,S,1h,0.1638080407016395,0.008574104721586954,90,-0.14025643008488387,0.776539694879114,428.58380093409244,1874.709825288988,48,-0.17026268311099263,0.5353178441468108
T-B|N=96|X4|LS|1h,T-B,N=96,X4,LS,1h,-0.5648974630328131,-0.02956808459618953,160,-0.8260766170909014,0.9073913993675091,480.446491902352,479.34125139494904,71,-0.1916510747907733,-0.9738216644444598
T-B|N=96|X5|L|1h,T-B,N=96,X5,L,1h,0.7182256717824728,0.03759364984293733,70,2.44420199575594,0.7453468896675272,151.4460775007013,-14009.049122986735,189,1.2117968430468569,-0.06253288811765663
T-B|N=96|X5|S|1h,T-B,N=96,X5,S,1h,0.2096092879850335,0.0109714515728468,46,0.1052626028037491,0.4837306304931448,131.2721161682496,1305.3461348693054,6,0.16710873574281135,0.2723847743018147
T-B|N=96|X5|LS|1h,T-B,N=96,X5,LS,1h,-0.41889603671823805,-0.021926020669655436,76,-0.5101619841136595,0.6829961774443347,151.461694585951,-78.50550812987075,13,-0.21268952276954767,-0.6729072067903531
T-B|N=96|X6|L|1h,T-B,N=96,X6,L,1h,0.8106160664879821,0.04242958412357891,1158,2.7268428286914315,0.4919565725752959,8936.039936646674,-4378.27482558631,21,1.0181343627490869,0.47708948722310823
T-B|N=96|X6|S|1h,T-B,N=96,X6,S,1h,0.06275734877037756,0.003284869766475315,1148,-0.2458522330641385,0.7017972438816731,4157.891121640672,583.4922280439483,24,-0.08790544105490246,0.32779349621416226
T-B|N=96|X6|LS|1h,T-B,N=96,X6,LS,1h,0.6857658948189309,0.03589462746447127,2224,2.139781776310128,0.4827969649624724,14942.501386448013,-2507.6409699865835,52,0.7866720432622947,0.5208125474965293
T-B|N=96|X7|L|1h,T-B,N=96,X7,L,1h,0.445685390162886,0.023328239516020765,1428,0.3636013512822962,0.8267144199302182,14285.800749779557,-5445.014032286638,113,0.6570474279033116,0.10155801856184343
T-B|N=96|X7|S|1h,T-B,N=96,X7,S,1h,-0.31482582862631797,-0.016478737015230175,1372,-0.8839820356836023,0.9528423224038621,5539.596328932787,168.32721171561911,111,-0.6099613667229153,0.19197385758170046
T-B|N=96|X7|LS|1h,T-B,N=96,X7,LS,1h,0.27823453296048983,0.014563461064223569,2684,-0.6452108227117953,0.924111996470253,13584.209265197018,-1764.654825970128,241,0.26996805155649,0.29322060800360084
T-B|N=192|X1|L|1h,T-B,N=192,X1,L,1h,0.8150943010459547,0.04266398563344022,554,1.3267080809116933,0.28150027289342006,1730.6274857119124,-1782.9970496255287,2,0.8413106761845233,0.7744536232293381
T-B|N=192|X1|S|1h,T-B,N=192,X1,S,1h,0.2905639283152767,0.01520881111220038,540,0.21421616820927536,0.34179403339643066,1278.333182568204,481.5635720650523,6,0.35213830634089566,0.18616054654467945
T-B|N=192|X1|LS|1h,T-B,N=192,X1,LS,1h,0.813063919276546,0.04255771059443026,1068,1.8072065273541855,0.277313380716825,3696.2219366451914,-1452.437025582507,7,0.9000287862644977,0.6679853734243825
T-B|N=192|X2|L|1h,T-B,N=192,X2,L,1h,0.7481548399071115,0.03916021410090337,386,1.1087085407011434,0.26276575440388394,924.6492491840459,-2117.7288685320123,9,0.8608499096437362,0.5198596597934307
T-B|N=192|X2|S|1h,T-B,N=192,X2,S,1h,0.2806286503501996,0.014688774895749905,384,0.1933681602487125,0.37089927240163134,715.9650431798443,547.6455413135701,5,0.23475938301006197,0.36402700053811016
T-B|N=192|X2|LS|1h,T-B,N=192,X2,LS,1h,0.8979841143351776,0.04700263675490176,674,1.8646404976477466,0.25400914046122836,1728.526244453244,-1489.6068082292534,9,0.8899909455704481,0.9134508410949542
T-B|N=192|X3|L|1h,T-B,N=192,X3,L,1h,0.5479962269946783,0.02868343346981917,206,0.3189692276206939,0.9260810549744696,651.388069606992,-6613.307005177332,305,0.7712869327065538,0.08204520586870581
T-B|N=192|X3|S|1h,T-B,N=192,X3,S,1h,-0.5754727698378758,-0.030121621453239617,306,-0.9709225335973235,0.9952993938533197,740.8541212061679,2120.7466355869665,186,-0.8496783221470411,-0.11641426727029042
T-B|N=192|X3|LS|1h,T-B,N=192,X3,LS,1h,-0.4955319244317969,-0.02593732636547685,306,-0.990868096213507,0.9961135210218396,613.9107668395568,372.51085211443353,271,-0.6772277136807932,-0.19644010086284672
T-B|N=192|X4|L|1h,T-B,N=192,X4,L,1h,0.5845983328039203,0.030599275249592717,146,0.8061882377033842,0.8169108388923464,416.6118050529613,-8936.663912829366,280,0.8696798649942066,0.07411313653346867
T-B|N=192|X4|S|1h,T-B,N=192,X4,S,1h,-0.3065975718427612,-0.016048050371057294,190,-0.7853963752300135,0.9458665802953391,525.8164732705101,1759.900108744523,97,-0.6163481069138461,0.12603439138922884
T-B|N=192|X4|LS|1h,T-B,N=192,X4,LS,1h,-0.401607468387371,-0.0210210956444843,206,-1.0954601676898108,1.050483457716504,495.27025039756126,-205.75625683645617,206,-0.43107191276084655,-0.5773951409850013
T-B|N=192|X5|L|1h,T-B,N=192,X5,L,1h,0.6425564717712123,0.03363294289402159,74,1.6323179682287399,0.775070647483799,166.15506365782733,-11886.175300217843,220,1.055129401167234,0.03261215972358247
T-B|N=192|X5|S|1h,T-B,N=192,X5,S,1h,0.025336420110378607,0.0013261688398567948,70,-0.16898028330974502,0.6551941321111792,182.28010490505554,1350.0146115245452,13,-0.09921722731128532,0.194298089140177
T-B|N=192|X5|LS|1h,T-B,N=192,X5,LS,1h,-0.7948751638933513,-0.0416056676254597,118,-0.7417485302040012,0.826410665095717,201.3224662526568,275.99661249398895,24,-0.6725628660292193,-0.990349364988582
T-B|N=192|X6|L|1h,T-B,N=192,X6,L,1h,0.8175675756764879,0.04279344274431587,594,2.3264730599826695,0.42103394005167716,4186.084270528128,-4029.152915657633,23,1.0024811394390205,0.47417060804492184
T-B|N=192|X6|S|1h,T-B,N=192,X6,S,1h,0.08573209884262901,0.0044874231468100805,586,-0.14251148795851254,0.6284886413332628,2023.6990392357272,446.054563306041,24,0.0016175556772997104,0.23187471329343734
T-B|N=192|X6|LS|1h,T-B,N=192,X6,LS,1h,0.7730452608296722,0.04046303827632419,1148,2.663553856257183,0.41385564929369545,8421.454756308505,-3434.6346940059184,45,0.9220139153675322,0.5071231945416327
T-B|N=192|X7|L|1h,T-B,N=192,X7,L,1h,0.5297623878437504,0.027729030708593397,794,0.956360803923036,0.7029204848092356,7622.9356099499455,-4851.491473036402,120,0.6115339294004091,0.39315412674416444
T-B|N=192|X7|S|1h,T-B,N=192,X7,S,1h,-0.41206300888578007,-0.02156836364653211,802,-0.8740988811490935,0.9471125153391943,2920.6575272335826,73.42864013789426,101,-0.7650944983953181,0.16478874726618153
T-B|N=192|X7|LS|1h,T-B,N=192,X7,LS,1h,0.30246972950925266,0.015831989228453396,1546,-0.4506475679930452,0.883361449068632,7773.595254544219,-2405.2213289587407,217,0.1783578092650466,0.5084043502740107
"T-C|ma=SMA,N=20|X1|L|1h",T-C,"ma=SMA,N=20",X1,L,1h,-1.188875139646983,-0.0622285689064012,15180,-0.9482224876680226,0.9574330148199437,11502.65193272789,-423.78747332944164,17,-0.9691939135710649,-1.6654199770085014
"T-C|ma=SMA,N=20|X1|S|1h",T-C,"ma=SMA,N=20",X1,S,1h,-1.5842365233521556,-0.0829227295363668,15190,-0.9764963462573197,0.9795609743401601,15505.379097941579,261.93200041785167,18,-1.5805891798050127,-1.6006625730425788
"T-C|ma=SMA,N=20|X1|LS|1h",T-C,"ma=SMA,N=20",X1,LS,1h,-1.6366982670311394,-0.0856687027026044,15208,-0.9661963900663261,0.9750325906692194,15439.862495707355,424.53229492419365,12,-1.543914051683896,-1.8053535750408451
"T-C|ma=SMA,N=20|X2|L|1h",T-C,"ma=SMA,N=20",X2,L,1h,-1.208082680211115,-0.06323393752894006,13266,-0.998927212754801,0.9995299893956012,11648.66532180154,-372.3759466301979,137,-1.1681994313578954,-1.279467166763073
"T-C|ma=SMA,N=20|X2|S|1h",T-C,"ma=SMA,N=20",X2,S,1h,-1.7781543202058119,-0.0930728509252861,13268,-0.9997528034374666,0.9998479668051888,25437.330351687044,716.3380333993535,126,-1.7226518359941332,-1.878760556112634
"T-C|ma=SMA,N=20|X2|LS|1h",T-C,"ma=SMA,N=20",X2,LS,1h,-1.4632147424132886,-0.07658816000657927,14256,-0.998525617374674,0.9989619735836314,13816.560548087084,134.1386405992467,157,-1.6514406254826421,-1.1217351027489084
"T-C|ma=SMA,N=20|X3|L|1h",T-C,"ma=SMA,N=20",X3,L,1h,-1.1846230466450145,-0.06200600418657032,15188,-0.9370128829736717,0.9453828088843141,13461.369186135416,-413.78380793668936,15,-0.894090788433248,-1.821868736269058
"T-C|ma=SMA,N=20|X3|S|1h",T-C,"ma=SMA,N=20",X3,S,1h,-1.59439261788052,-0.08345432381999014,15208,-0.9680684816719745,0.9753734886863589,18040.53081392926,288.5782247274215,13,-1.4949579274874116,-1.8141401682446816
"T-C|ma=SMA,N=20|X3|LS|1h",T-C,"ma=SMA,N=20",X3,LS,1h,-1.9759295010904796,-0.10342487702225028,15788,-0.9767155224835377,0.9803019837577167,16036.706742747956,258.15854181837625,16,-1.833265494476507,-2.309291111991283
"T-C|ma=SMA,N=20|X4|L|1h",T-C,"ma=SMA,N=20",X4,L,1h,-1.1464919810947258,-0.060010132996282654,15180,-0.9424425111712083,0.951650197881643,12143.295543403492,-453.5643260153999,17,-0.8820880633851437,-1.726677502530607
"T-C|ma=SMA,N=20|X4|S|1h",T-C,"ma=SMA,N=20",X4,S,1h,-1.565107439069576,-0.08192146750329214,15192,-0.974992223540751,0.97878132042998,16048.169945063233,272.3531231513543,17,-1.5861784368488292,-1.5268752398369192
"T-C|ma=SMA,N=20|X4|LS|1h",T-C,"ma=SMA,N=20",X4,LS,1h,-1.3990829222799326,-0.07323134712087415,15258,-0.9457508984197283,0.9539265083478617,18236.529725645356,531.2192118371471,15,-1.30414122776614,-1.6162634146535941
"T-C|ma=SMA,N=50|X1|L|1h",T-C,"ma=SMA,N=50",X1,L,1h,-0.6027918683456523,-0.031551568423496504,9138,-0.80996772733104,0.8520636215674796,9762.241550185407,-768.250712964616,18,-0.4267618244710975,-0.9678431490197725
"T-C|ma=SMA,N=50|X1|S|1h",T-C,"ma=SMA,N=50",X1,S,1h,-0.9072200272549965,-0.04748606653182109,9150,-0.8952471308996729,0.9152430773599641,12525.088517599568,400.36832719645747,19,-0.974327002880014,-0.7685831783365634
"T-C|ma=SMA,N=50|X1|LS|1h",T-C,"ma=SMA,N=50",X1,LS,1h,-0.46244361591670013,-0.02420540514199214,9150,-0.6921951922360358,0.7654216304387047,18944.127408383665,-492.11245043214814,11,-0.06413420626022,-1.2982412487461377
"T-C|ma=SMA,N=50|X2|L|1h",T-C,"ma=SMA,N=50",X2,L,1h,-0.5257751267008073,-0.027520327921810316,8042,-0.9816013552006386,0.9919912012353109,8853.247063032017,-518.1115119427498,148,-0.6810830970422734,-0.253913268228206
"T-C|ma=SMA,N=50|X2|S|1h",T-C,"ma=SMA,N=50",X2,S,1h,-0.9799318834655513,-0.051291979031475504,8108,-0.995775855198208,0.9973333993578973,19707.302385371066,782.991751618183,151,-1.0068795769351895,-0.9285294802859411
"T-C|ma=SMA,N=50|X2|LS|1h",T-C,"ma=SMA,N=50",X2,LS,1h,-0.6638468497250104,-0.03474733220822211,8452,-0.9785575389287032,0.9884928948406907,12301.464718809528,138.32583456737828,149,-0.6358417014476917,-0.713655328557521
"T-C|ma=SMA,N=50|X3|L|1h",T-C,"ma=SMA,N=50",X3,L,1h,-0.9825737119424635,-0.0514302586538951,9144,-0.8254773252009924,0.8498756148338982,12021.764851492093,-465.19315894611117,13,-0.7575301739988517,-1.465469147249531
"T-C|ma=SMA,N=50|X3|S|1h",T-C,"ma=SMA,N=50",X3,S,1h,-1.4202251527816452,-0.07433798204302543,9174,-0.8960749400537995,0.9153374019033967,12396.483547334188,368.119629443926,6,-1.4053721091426346,-1.4611820904007742
"T-C|ma=SMA,N=50|X3|LS|1h",T-C,"ma=SMA,N=50",X3,LS,1h,-1.694240776632931,-0.0886806153117499,10196,-0.9397684117426633,0.9480411285907655,9718.085555705715,68.81144808589488,12,-1.8218647394485383,-1.4328256367617969
"T-C|ma=SMA,N=50|X4|L|1h",T-C,"ma=SMA,N=50",X4,L,1h,-0.8133786857977051,-0.04257418622715078,9138,-0.8408654539119873,0.8511263911857656,10509.120475348835,-654.1793181110515,15,-0.5169853175187974,-1.4418124539815764
"T-C|ma=SMA,N=50|X4|S|1h",T-C,"ma=SMA,N=50",X4,S,1h,-0.9924983983708368,-0.0519497404839768,9168,-0.8714708414947127,0.9053633716342626,12798.914180062366,461.40490812294934,11,-1.0891955480360196,-0.7891506965407349
"T-C|ma=SMA,N=50|X4|LS|1h",T-C,"ma=SMA,N=50",X4,LS,1h,-0.9454379295569572,-0.04948648296542727,9540,-0.8619410747457418,0.8816878606990248,12152.836303353806,225.35995096504726,16,-0.8698142342468683,-1.1093537314647564
"T-C|ma=SMA,N=100|X1|L|1h",T-C,"ma=SMA,N=100",X1,L,1h,-0.1751087646978994,-0.009165611649810125,6024,-0.5425043909991856,0.7041676756777115,11437.571732532175,-1670.9388615899798,23,0.1929916550160938,-0.9313400378227538
"T-C|ma=SMA,N=100|X1|S|1h",T-C,"ma=SMA,N=100",X1,S,1h,-0.4930316077366307,-0.02580645380824668,6058,-0.7433579240406203,0.8731906356912327,13237.36166791002,519.5493719546675,24,-0.34708053788894916,-0.8081677942365204
"T-C|ma=SMA,N=100|X1|LS|1h",T-C,"ma=SMA,N=100",X1,LS,1h,-0.07271203585893932,-0.00380592190288063,6066,-0.33900924973813973,0.7096668761231175,19255.98410148447,-1429.7529333361963,11,0.4304505716499245,-1.0288835213558876
"T-C|ma=SMA,N=100|X2|L|1h",T-C,"ma=SMA,N=100",X2,L,1h,0.09781471208034083,0.005119856028412436,5308,-0.7704384911601454,0.9083870654972678,14880.245080057424,-1863.542530848205,154,0.15467460463265217,-0.003051181778190128
"T-C|ma=SMA,N=100|X2|S|1h",T-C,"ma=SMA,N=100",X2,S,1h,-0.5529497060526878,-0.028942710413720346,5440,-0.9727083633162474,0.9898361992496729,17768.316791644338,978.5668724986275,156,-0.6765948948847108,-0.32747223155390326
"T-C|ma=SMA,N=100|X2|LS|1h",T-C,"ma=SMA,N=100",X2,LS,1h,-0.6272914058233213,-0.03283393282431725,5686,-0.9737841213705065,0.9843337487814445,13996.134104592038,-17.81777722151415,129,-0.8562168379350139,-0.22053957873533206
"T-C|ma=SMA,N=100|X3|L|1h",T-C,"ma=SMA,N=100",X3,L,1h,-0.7552047128306859,-0.039529221314845354,6062,-0.6603666574615372,0.6832799550346188,11890.369792947318,-625.9093851848053,5,-0.1826095812762137,-2.0217790302299274
"T-C|ma=SMA,N=100|X3|S|1h",T-C,"ma=SMA,N=100",X3,S,1h,-1.2794685087104634,-0.06697044256598818,6068,-0.7896711172348,0.8213434513777594,9551.42686403033,345.3785389841222,5,-1.113600663520278,-1.6918171661546335
"T-C|ma=SMA,N=100|X3|LS|1h",T-C,"ma=SMA,N=100",X3,LS,1h,-1.2108284656167445,-0.06337765850570061,6910,-0.8182808897197594,0.8317812636824451,9679.5302815305,-4.015543491298333,7,-1.0292273213148575,-1.6158363209023725
"T-C|ma=SMA,N=100|X4|L|1h",T-C,"ma=SMA,N=100",X4,L,1h,-0.5079940140811687,-0.02658962195027136,6042,-0.6417156056178063,0.6553238176490892,10937.050466881201,-904.8808245311681,11,-0.06519242034718768,-1.3900131406790477
"T-C|ma=SMA,N=100|X4|S|1h",T-C,"ma=SMA,N=100",X4,S,1h,-0.4717189586612647,-0.024690898770265004,6062,-0.6028040269467737,0.777057433074995,13889.521221962592,621.9043792260696,10,-0.41130753241027,-0.6096784354651067
"T-C|ma=SMA,N=100|X4|LS|1h",T-C,"ma=SMA,N=100",X4,LS,1h,-0.7300586545873784,-0.038213016470505956,6550,-0.7595650294800204,0.817034123872685,11994.906339995858,33.0295448525733,15,-0.39702860021430736,-1.40824692335766
"T-C|ma=SMA,N=200|X1|L|1h",T-C,"ma=SMA,N=200",X1,L,1h,-0.1034910605098828,-0.005416969684510402,4224,-0.45863207357518976,0.6393889750690196,7966.611836962122,-1691.239885856251,25,0.17783257732182078,-0.7237014956762082
"T-C|ma=SMA,N=200|X1|S|1h",T-C,"ma=SMA,N=200",X1,S,1h,-0.3378747475322933,-0.01768517256975311,4232,-0.6466283348094226,0.8218198694166691,9408.443046140534,436.0356551003423,23,-0.268126980001644,-0.4843383943042557
"T-C|ma=SMA,N=200|X1|LS|1h",T-C,"ma=SMA,N=200",X1,LS,1h,-0.49496913064695636,-0.025907868392429787,4244,-0.6486217401440816,0.7158088485265036,6299.041607438282,-70.63060102574406,12,-0.5845509806563378,-0.3476909480797244
"T-C|ma=SMA,N=200|X2|L|1h",T-C,"ma=SMA,N=200",X2,L,1h,0.22950650566922604,0.012012919545735941,3770,-0.5146672264739988,0.8481583915285588,15066.520648462298,-3388.8811034387663,165,0.3498969672871674,0.014746625789616523
"T-C|ma=SMA,N=200|X2|S|1h",T-C,"ma=SMA,N=200",X2,S,1h,-0.418705859906601,-0.02191606636038216,3772,-0.9348196748744839,0.9771209854801265,16859.120186783075,1092.1195133715191,135,-0.24854588182645349,-0.7271688842457165
"T-C|ma=SMA,N=200|X2|LS|1h",T-C,"ma=SMA,N=200",X2,LS,1h,-0.328525312668608,-0.017195800782717926,3948,-0.9090407297366411,0.9553097410649389,6818.558108786254,-231.47142324582268,122,-0.3371725830581345,-0.319827172662779
"T-C|ma=SMA,N=200|X3|L|1h",T-C,"ma=SMA,N=200",X3,L,1h,-0.9667391924286692,-0.05060144202227095,4252,-0.6456831630987058,0.6763093084214145,7641.669545394687,-361.3097080145511,3,-0.6237376566311541,-1.6482602725204991
"T-C|ma=SMA,N=200|X3|S|1h",T-C,"ma=SMA,N=200",X3,S,1h,-1.0845735720083454,-0.056769175339828774,4248,-0.6463279553624457,0.7452378673033997,8791.148469023612,298.31556381785,1,-0.6996522467167907,-2.018585801876742
"T-C|ma=SMA,N=200|X3|LS|1h",T-C,"ma=SMA,N=200",X3,LS,1h,-1.2439601873856412,-0.06511185208274496,4842,-0.7412625970426415,0.7528768920985813,7888.490610501725,-36.43295096562478,4,-0.6869270225429851,-2.5269777556767945
"T-C|ma=SMA,N=200|X4|L|1h",T-C,"ma=SMA,N=200",X4,L,1h,-0.7325290363860884,-0.038342322163643576,4252,-0.6427685676087624,0.6702687187476082,7109.115675831755,-473.8753405027494,3,-0.48370568941594844,-1.1946276666788929
"T-C|ma=SMA,N=200|X4|S|1h",T-C,"ma=SMA,N=200",X4,S,1h,-0.4757787842678774,-0.024903399754669545,4248,-0.5059161616674965,0.7293287600046512,10925.472609436621,454.9855580009568,2,-0.24904421357819262,-0.9698839549210334
"T-C|ma=SMA,N=200|X4|LS|1h",T-C,"ma=SMA,N=200",X4,LS,1h,-0.6132336972594415,-0.03209811872840365,4662,-0.620354664427277,0.6994370556805123,9580.392978930415,-16.067133102647603,4,-0.21168795503650245,-1.4137692809517055
"T-C|ma=EMA,N=20|X1|L|1h",T-C,"ma=EMA,N=20",X1,L,1h,-1.5873128228766582,-0.08308375041278455,16744,-0.9757096614754974,0.980369777188392,9533.156002812055,-295.8949748304827,16,-1.5297441437943096,-1.7125948533876554
"T-C|ma=EMA,N=20|X1|S|1h",T-C,"ma=EMA,N=20",X1,S,1h,-1.826221512756129,-0.09558880277254471,16742,-0.9856507616910886,0.9879375457012533,16599.68616635267,187.75618999398264,22,-1.8924570008213313,-1.6928258032861452
"T-C|ma=EMA,N=20|X1|LS|1h",T-C,"ma=EMA,N=20",X1,LS,1h,-1.1200550683849337,-0.05862636174110921,16766,-0.9418519989687504,0.9588068802761421,20147.471185886523,-159.51984384253703,20,-0.8315140184927642,-1.8016790241606222
"T-C|ma=EMA,N=20|X2|L|1h",T-C,"ma=EMA,N=20",X2,L,1h,-1.6050169090532183,-0.08401042463602558,14724,-0.9998009734810167,0.999917869946455,10743.699541030524,-268.25932266692894,155,-1.7105731662046697,-1.4277279482952665
"T-C|ma=EMA,N=20|X2|S|1h",T-C,"ma=EMA,N=20",X2,S,1h,-2.016832408999968,-0.10556583307258337,14742,-0.9999410892214963,0.9999677342846588,26778.979267787345,608.7900367145596,135,-2.0723834728966626,-1.911863965037825
"T-C|ma=EMA,N=20|X2|LS|1h",T-C,"ma=EMA,N=20",X2,LS,1h,-2.105660314178658,-0.11021529812899351,15830,-0.9998885493404348,0.9999588513330367,26334.912613491386,224.05300148260508,157,-2.713431248682866,-1.1386704313491172
"T-C|ma=EMA,N=20|X3|L|1h",T-C,"ma=EMA,N=20",X3,L,1h,-1.7300626866729472,-0.09055561977853178,16756,-0.9725727152312713,0.9754528774032429,11371.330895186307,-315.2432104658551,14,-1.4645044968186713,-2.315302601790159
"T-C|ma=EMA,N=20|X3|S|1h",T-C,"ma=EMA,N=20",X3,S,1h,-2.1595367329930215,-0.11303531877608625,16778,-0.987789524231474,0.9888281296420174,15120.531877379057,183.53549599501218,18,-2.1362718298073906,-2.2280186484619207
"T-C|ma=EMA,N=20|X3|LS|1h",T-C,"ma=EMA,N=20",X3,LS,1h,-2.6624780597332856,-0.13936047098359777,17400,-0.9907137564896883,0.9921044819829543,12293.571394285991,110.60869038178572,15,-2.8761116164004816,-2.2219715966506595
"T-C|ma=EMA,N=20|X4|L|1h",T-C,"ma=EMA,N=20",X4,L,1h,-1.6130452520394623,-0.08443064731380152,16744,-0.9753150659712605,0.979341332117161,10140.592498932812,-325.32519268996657,16,-1.4742614235878648,-1.9199820521467343
"T-C|ma=EMA,N=20|X4|S|1h",T-C,"ma=EMA,N=20",X4,S,1h,-1.8918476408424076,-0.09902383131127748,16762,-0.9862115934953404,0.9884042687891222,16814.38201685492,189.29783712450518,20,-1.9535679520293674,-1.7685830918446943
"T-C|ma=EMA,N=20|X4|LS|1h",T-C,"ma=EMA,N=20",X4,LS,1h,-2.4862207915670376,-0.1301347439147365,16856,-0.990118159752929,0.9906694815045332,12219.441697561726,131.6251409898345,17,-2.457122952886342,-2.5521225882611773
"T-C|ma=EMA,N=50|X1|L|1h",T-C,"ma=EMA,N=50",X1,L,1h,-0.7637589109039689,-0.039976968505858496,10138,-0.8552849503623938,0.8851257969886396,10638.61722090535,-792.6731192397866,16,-0.5409365558617676,-1.2436583943952544
"T-C|ma=EMA,N=50|X1|S|1h",T-C,"ma=EMA,N=50",X1,S,1h,-1.0087587859791864,-0.05280084807045676,10134,-0.9130663672053918,0.9411571759574553,15052.00621508523,304.8044625798614,18,-1.013156963592791,-1.0029796407170781
"T-C|ma=EMA,N=50|X1|LS|1h",T-C,"ma=EMA,N=50",X1,LS,1h,-1.236031491165983,-0.064696845155113,10142,-0.9166430940106124,0.9417013545572968,13076.170406584508,199.65761293809965,17,-1.1332042476706747,-1.4927676680415136
"T-C|ma=EMA,N=50|X2|L|1h",T-C,"ma=EMA,N=50",X2,L,1h,-0.5535236034477041,-0.028972749576286722,9030,-0.981268915198112,0.9887592278272904,14596.282795766285,-865.172349051897,148,-0.458816994282794,-0.7440295930412238
"T-C|ma=EMA,N=50|X2|S|1h",T-C,"ma=EMA,N=50",X2,S,1h,-1.0513095645880914,-0.05502805761533085,9042,-0.9966112967151161,0.9981975584095395,25165.276225661215,975.4709347411762,148,-1.036390725556689,-1.0785071890823137
"T-C|ma=EMA,N=50|X2|LS|1h",T-C,"ma=EMA,N=50",X2,LS,1h,-0.6525689791038738,-0.03415702148032408,9530,-0.9740404149972159,0.9868739616615259,15990.27252889262,248.71058661203134,141,-0.8562928299989047,-0.29376588263680153
"T-C|ma=EMA,N=50|X3|L|1h",T-C,"ma=EMA,N=50",X3,L,1h,-0.9423133569681792,-0.04932293536134367,10144,-0.8211252366738245,0.8393917715140369,14354.239125827526,-618.0619766986104,11,-0.58020070802753,-1.694236425008514
"T-C|ma=EMA,N=50|X3|S|1h",T-C,"ma=EMA,N=50",X3,S,1h,-1.5527503298763423,-0.08127466684671235,10156,-0.9176836363219518,0.9358428600250275,13685.702867317515,276.6549717397204,10,-1.3726838405443196,-1.9625845727367046
"T-C|ma=EMA,N=50|X3|LS|1h",T-C,"ma=EMA,N=50",X3,LS,1h,-1.5285388904177613,-0.08000738218541574,10992,-0.9178790231135308,0.9295645018874104,12846.628819522804,10.74394826674248,13,-1.5360969124153216,-1.5187531823921858
"T-C|ma=EMA,N=50|X4|L|1h",T-C,"ma=EMA,N=50",X4,L,1h,-0.8821505884585394,-0.0461738721326234,10138,-0.8555458852072908,0.8739825519381336,12161.28156374466,-757.7152673244443,13,-0.5320966582443541,-1.6324520818399573
"T-C|ma=EMA,N=50|X4|S|1h",T-C,"ma=EMA,N=50",X4,S,1h,-1.0381298377429824,-0.0543381991829374,10142,-0.8818120579503638,0.9174635394954167,15934.9311628276,376.27435367976875,12,-1.0645416097321478,-0.9866521200456384
"T-C|ma=EMA,N=50|X4|LS|1h",T-C,"ma=EMA,N=50",X4,LS,1h,-1.1522568553078592,-0.06031188030367039,10488,-0.8954217141357876,0.9117463740608823,12690.33099990707,43.87394108918296,14,-1.0545055696895007,-1.3644860517728388
"T-C|ma=EMA,N=100|X1|L|1h",T-C,"ma=EMA,N=100",X1,L,1h,-0.16599315887225896,-0.008688479034005832,6550,-0.5184941007960044,0.6971947534288954,12617.922289660131,-1766.7526165145089,19,0.20666446820960013,-0.9857874409778321
"T-C|ma=EMA,N=100|X1|S|1h",T-C,"ma=EMA,N=100",X1,S,1h,-0.45106005464145094,-0.02360956231241844,6584,-0.7225185699998252,0.8678265464867783,14308.91491778618,496.0647547270245,22,-0.33521013026779944,-0.6863624158701829
"T-C|ma=EMA,N=100|X1|LS|1h",T-C,"ma=EMA,N=100",X1,LS,1h,-0.38669652061768056,-0.020240620967369383,6594,-0.6237856714490703,0.8032599144481605,16262.594275754886,-227.9991710796557,10,-0.01900690439536269,-1.0825346264948479
"T-C|ma=EMA,N=100|X2|L|1h",T-C,"ma=EMA,N=100",X2,L,1h,0.14884987814617623,0.00779115870963469,5886,-0.6715290630232655,0.8742845244172094,20101.935385226294,-2549.197541725295,149,0.275013658707097,-0.0770297420697179
"T-C|ma=EMA,N=100|X2|S|1h",T-C,"ma=EMA,N=100",X2,S,1h,-0.4124640217822691,-0.021589353620861066,5864,-0.9451616308891536,0.9797657103722737,25161.938657683255,1173.6671467625126,134,-0.4143221658765208,-0.40973600546435407
"T-C|ma=EMA,N=100|X2|LS|1h",T-C,"ma=EMA,N=100",X2,LS,1h,0.05902506682886864,0.0030895132010715933,6178,-0.6801369119853434,0.8975435053101493,26063.93092153427,2.763441515318253,132,-0.06711080131163642,0.2484175272496028
"T-C|ma=EMA,N=100|X3|L|1h",T-C,"ma=EMA,N=100",X3,L,1h,-0.8611051609614646,-0.045072304111312717,6590,-0.7140455872607208,0.7343244849897699,11306.063539175642,-587.683464805873,6,-0.40004748132031065,-1.8121216357818823
"T-C|ma=EMA,N=100|X3|S|1h",T-C,"ma=EMA,N=100",X3,S,1h,-1.0898489178802755,-0.05704529956275935,6590,-0.7586419646410739,0.8346306916659044,12604.25163633278,429.1545850284866,6,-0.7973741543757993,-1.7196132500590162
"T-C|ma=EMA,N=100|X3|LS|1h",T-C,"ma=EMA,N=100",X3,LS,1h,-0.960238232835021,-0.050261166245160166,7334,-0.7442562304400929,0.8077268356108624,12664.211034142061,-22.0005184451466,8,-0.6349328932407778,-1.6577186203898753
"T-C|ma=EMA,N=100|X4|L|1h",T-C,"ma=EMA,N=100",X4,L,1h,-0.7364110165199045,-0.03854551429054951,6580,-0.7396285957128823,0.7543261936600385,10127.087733089256,-766.755008945277,8,-0.2866658030314452,-1.6693803308712776
"T-C|ma=EMA,N=100|X4|S|1h",T-C,"ma=EMA,N=100",X4,S,1h,-0.49899643819756434,-0.026118667303991427,6590,-0.6264816082400411,0.8003258371026423,14440.612995632366,587.7202705134032,8,-0.5124895909189223,-0.4719575995345137
"T-C|ma=EMA,N=100|X4|LS|1h",T-C,"ma=EMA,N=100",X4,LS,1h,-0.6544785966944441,-0.03425697543331444,6970,-0.7033123208849758,0.7960707570965594,13215.661150997163,51.86098638352499,9,-0.4118208065747649,-1.1529170947943053
"T-C|ma=EMA,N=200|X1|L|1h",T-C,"ma=EMA,N=200",X1,L,1h,-0.08128631728622365,-0.004254720304686788,4736,-0.4329262281943208,0.6658429943321554,10114.529460114854,-1986.1194354540655,22,0.20786755081719716,-0.7404356147700655
"T-C|ma=EMA,N=200|X1|S|1h",T-C,"ma=EMA,N=200",X1,S,1h,-0.3555871834928261,-0.018612283840662113,4748,-0.6535948048921288,0.8364614539322746,11419.652327287326,428.3991945635167,21,-0.30727836603451064,-0.45510527835956205
"T-C|ma=EMA,N=200|X1|LS|1h",T-C,"ma=EMA,N=200",X1,LS,1h,-0.2155334879114977,-0.011281538369218655,4754,-0.48900063116866943,0.6334001025569773,10175.379088527186,-235.20454347328067,14,-0.02609364591748127,-0.574881388459339
"T-C|ma=EMA,N=200|X2|L|1h",T-C,"ma=EMA,N=200",X2,L,1h,0.1397480523713505,0.00731474737465549,4250,-0.6538452528469223,0.8930815799782503,17787.048506861098,-3470.3378558636905,158,0.3215459939029921,-0.21229427452530933
"T-C|ma=EMA,N=200|X2|S|1h",T-C,"ma=EMA,N=200",X2,S,1h,-0.677724401479247,-0.03547371646573723,4252,-0.970530907462386,0.9878349928943198,15786.881937110114,826.9488578624313,135,-0.6429134865396416,-0.74119573686285
"T-C|ma=EMA,N=200|X2|LS|1h",T-C,"ma=EMA,N=200",X2,LS,1h,0.2542759812587023,0.013309413153090565,4414,-0.3444616595106893,0.7536168797517881,26033.624209876845,-1038.8681888989097,125,0.27636351159603384,0.214740426171633
"T-C|ma=EMA,N=200|X3|L|1h",T-C,"ma=EMA,N=200",X3,L,1h,-0.965842178122689,-0.05055449014760538,4762,-0.6655857235469143,0.668269992802291,7772.6467298315865,-375.3128137017745,3,-0.8021573185095238,-1.2940487845875126
"T-C|ma=EMA,N=200|X3|S|1h",T-C,"ma=EMA,N=200",X3,S,1h,-1.2288804591375302,-0.0643225430316229,4754,-0.7100737251406748,0.7848967720478791,9101.17730808452,321.5916093973878,2,-1.0519136241187514,-1.6618335579813241
"T-C|ma=EMA,N=200|X3|LS|1h",T-C,"ma=EMA,N=200",X3,LS,1h,-1.0767783844288787,-0.05636115657381168,5312,-0.7054559291896064,0.7285761985055548,9899.217305417242,-12.874003621295039,2,-0.6626440338398314,-1.9895412291190444
"T-C|ma=EMA,N=200|X4|L|1h",T-C,"ma=EMA,N=200",X4,L,1h,-0.9195693079960436,-0.04813245742848576,4762,-0.7220193845080487,0.7330862224203596,6723.054095416168,-435.49594231595705,3,-0.8493669287738258,-1.0551355179558264
"T-C|ma=EMA,N=200|X4|S|1h",T-C,"ma=EMA,N=200",X4,S,1h,-0.4777691517630663,-0.02500758035084233,4754,-0.5280486279274107,0.7569537594499712,12065.851250092395,498.83490376493194,5,-0.46613748017176077,-0.5058542127087181
"T-C|ma=EMA,N=200|X4|LS|1h",T-C,"ma=EMA,N=200",X4,LS,1h,-0.8124428833736538,-0.04252520408959414,5102,-0.7027051007895069,0.7768177370588583,9968.443870477668,41.96088916393913,4,-0.5422516816815409,-1.3681659217840398
"M-A|n=2,U=50|X1|L|1h",M-A,"n=2,U=50",X1,L,1h,-5.260520063467729,-0.2753482046484799,43404,-0.9999861813817014,0.9999883541685843,8739.033547502679,-100.85809451441845,28,-5.298260317781574,-5.193325030847456
"M-A|n=2,U=50|X1|S|1h",M-A,"n=2,U=50",X1,S,1h,-5.275036198315866,-0.27610801387278594,43328,-0.9999923429106808,0.9999929403090485,14072.89569730417,121.33990314574004,35,-5.393974634070372,-5.052698375195772
"M-A|n=2,U=50|X1|LS|1h",M-A,"n=2,U=50",X1,LS,1h,-6.0743994859935455,-0.317948600633872,43414,-0.9999828128510668,0.999984219632145,13604.088151356884,142.91070268867082,20,-5.687986566001553,-7.364762814108586
"M-A|n=2,U=50|X2|L|1h",M-A,"n=2,U=50",X2,L,1h,-5.260520063467729,-0.2753482046484799,43404,-0.9999861813817014,0.9999883541685843,8739.033547502679,-100.85809451441845,28,-5.298260317781574,-5.193325030847456
"M-A|n=2,U=50|X2|S|1h",M-A,"n=2,U=50",X2,S,1h,-5.275036198315866,-0.27610801387278594,43328,-0.9999923429106808,0.9999929403090485,14072.89569730417,121.33990314574004,35,-5.393974634070372,-5.052698375195772
"M-A|n=2,U=50|X2|LS|1h",M-A,"n=2,U=50",X2,LS,1h,-6.0743994859935455,-0.317948600633872,43414,-0.9999828128510668,0.999984219632145,13604.088151356884,142.91070268867082,20,-5.687986566001553,-7.364762814108586
"M-A|n=2,U=50|X3|L|1h",M-A,"n=2,U=50",X3,L,1h,-1.308704706862162,-0.06850073511780687,15058,-0.9804819487524493,0.9828923880085811,7000.828654920329,-406.4011772621814,99,-0.9532307987602154,-2.1173916991929147
"M-A|n=2,U=50|X3|S|1h",M-A,"n=2,U=50",X3,S,1h,-2.0952801915565624,-0.10967197767901103,15134,-0.9976859043021773,0.9981709992898805,9884.194074296365,184.6055942057295,94,-1.8992720166035182,-2.5615251146678464
"M-A|n=2,U=50|X3|LS|1h",M-A,"n=2,U=50",X3,LS,1h,-2.763118261332269,-0.14462821989271876,16614,-0.9978161826836867,0.9978234070940223,5187.753319081347,-61.014565785518194,63,-3.425873240041939,-1.3842667179964474
"M-A|n=2,U=50|X4|L|1h",M-A,"n=2,U=50",X4,L,1h,-0.682577961905465,-0.0357277634294192,8750,-0.9321367958701521,0.9430702807306994,6936.313217510756,-837.5895159389415,126,-0.22369476237160554,-1.688964961345174
"M-A|n=2,U=50|X4|S|1h",M-A,"n=2,U=50",X4,S,1h,-1.094641483706325,-0.05729615392315362,8786,-0.9795832583229069,0.9888012372155657,12219.343346165777,365.88327663102547,122,-1.125600365699285,-1.0341050918863852
"M-A|n=2,U=50|X4|LS|1h",M-A,"n=2,U=50",X4,LS,1h,-0.8989286561156947,-0.047052076331282625,9262,-0.8954222488997602,0.9407242137124298,20824.647499456813,117.16991464798186,59,-0.18519401351988488,-2.359742607623765
"M-A|n=2,U=50|X5|L|1h",M-A,"n=2,U=50",X5,L,1h,-6.758515529922553,-0.353756870955894,35184,-0.9999999999932817,0.9999999999958815,7985.471837288626,-137.95848939753546,270,-7.251576985690001,-5.903676259905292
"M-A|n=2,U=50|X5|S|1h",M-A,"n=2,U=50",X5,S,1h,-7.077593054711159,-0.37045815191941683,35300,-0.9999999999948613,0.99999999999541,12724.426227294742,187.35695708605584,301,-7.531493712175067,-6.280599759921622
"M-A|n=2,U=50|X5|LS|1h",M-A,"n=2,U=50",X5,LS,1h,-8.77463706386011,-0.4592854951271135,40652,-0.9999999999993352,0.999999999999443,11741.43805755276,-41.20992758643395,301,-9.543005542466162,-7.437136030525609
"M-A|n=2,U=60|X1|L|1h",M-A,"n=2,U=60",X1,L,1h,-5.11723070783053,-0.2678480969891752,37658,-0.9999612792568593,0.9999663804497544,7974.682037352544,-91.46462740188228,20,-5.166792899022469,-5.0230714165675
"M-A|n=2,U=60|X1|S|1h",M-A,"n=2,U=60",X1,S,1h,-4.856269146798293,-0.2541887445970993,37190,-0.9999648892806958,0.9999678625026572,13417.397636624108,115.71055611034221,27,-4.959194010797418,-4.661869907599735
"M-A|n=2,U=60|X1|LS|1h",M-A,"n=2,U=60",X1,LS,1h,-6.463779502647338,-0.33832968220338905,45836,-0.9999968413212116,0.9999973841783897,11253.615106831992,10.394415968447783,33,-6.593445720622835,-6.208634743154568
"M-A|n=2,U=60|X2|L|1h",M-A,"n=2,U=60",X2,L,1h,-4.062820748864464,-0.21265775731515474,32494,-0.9998543083429952,0.999873462410125,7778.5878694069,-115.01257221873189,25,-3.937798849418957,-4.332864893181671
"M-A|n=2,U=60|X2|S|1h",M-A,"n=2,U=60",X2,S,1h,-4.22145153931298,-0.22096087237316958,32456,-0.9999268399881223,0.9999319938880143,12321.251690617137,128.46423031941418,32,-4.221797039096603,-4.251748301824778
"M-A|n=2,U=60|X2|LS|1h",M-A,"n=2,U=60",X2,LS,1h,-5.274416095904014,-0.276075556229104,36730,-0.999973436484973,0.9999773208437607,9732.623304672434,10.237259257793474,24,-5.223209623899085,-5.385169993275454
"M-A|n=2,U=60|X3|L|1h",M-A,"n=2,U=60",X3,L,1h,-1.4987033507165821,-0.07844571866311702,14984,-0.9871231904425519,0.9888683124457276,5944.240815590102,-316.0904488933274,92,-1.2854635854558767,-1.958647437830903
"M-A|n=2,U=60|X3|S|1h",M-A,"n=2,U=60",X3,S,1h,-2.024770149442515,-0.10598131339647746,14978,-0.9968359585750399,0.997449021932436,8347.671111734162,194.44520740618714,85,-1.972160070253832,-2.1702601720088053
"M-A|n=2,U=60|X3|LS|1h",M-A,"n=2,U=60",X3,LS,1h,-2.746653895997047,-0.14376643562404673,16914,-0.99673769687242,0.9971082019761233,7562.930145726166,-52.31712905025884,45,-2.8278562235627094,-2.595990178545799
"M-A|n=2,U=60|X4|L|1h",M-A,"n=2,U=60",X4,L,1h,-0.7905280902667863,-0.04137813139251918,8712,-0.9440560281211081,0.9530441709202182,5107.504136455722,-603.2690535725251,114,-0.5233040918021742,-1.3727742212640344
"M-A|n=2,U=60|X4|S|1h",M-A,"n=2,U=60",X4,S,1h,-1.1235003902420744,-0.05880669812921425,8724,-0.981763690645903,0.9882035329496451,9046.003539032592,64.52687513087109,105,-1.1563215152147286,-1.059379201193731
"M-A|n=2,U=60|X4|LS|1h",M-A,"n=2,U=60",X4,LS,1h,-1.5016144902872672,-0.07859809467244658,9352,-0.9726608642956075,0.9853090598924313,6655.625058774627,3.513690123763393,51,-1.6303354784384059,-1.2274397969326387
"M-A|n=2,U=60|X5|L|1h",M-A,"n=2,U=60",X5,L,1h,-6.246763404553073,-0.3269705404704168,31894,-0.9999999999317466,0.9999999999555127,7245.631821432866,-120.88427129456936,215,-6.729373706842118,-5.396465213708791
"M-A|n=2,U=60|X5|S|1h",M-A,"n=2,U=60",X5,S,1h,-6.285173124657936,-0.3289809971067047,31566,-0.9999999998315175,0.9999999998459971,15150.67941146216,210.73206718401883,215,-6.728964107913448,-5.52206738862981
"M-A|n=2,U=60|X5|LS|1h",M-A,"n=2,U=60",X5,LS,1h,-7.803338596782377,-0.4084454097627446,41756,-0.9999999999997495,0.9999999999998125,12095.201890392436,-0.8526376612592053,378,-8.456417756777373,-6.6839609554990025
"M-A|n=2,U=70|X1|L|1h",M-A,"n=2,U=70",X1,L,1h,-4.920604175510975,-0.2575561939059739,30692,-0.9998723018601502,0.9998888384453753,7227.241525681946,-74.9503805257856,10,-4.922793995056997,-4.91866162879961
"M-A|n=2,U=70|X1|S|1h",M-A,"n=2,U=70",X1,S,1h,-4.323884801439818,-0.22632247435978373,30112,-0.9997699194059756,0.9998069207270134,16186.994823433699,92.20862679546181,13,-4.360259282347829,-4.257299250541955
"M-A|n=2,U=70|X1|LS|1h",M-A,"n=2,U=70",X1,LS,1h,-6.330176220338553,-0.3313365667936899,45792,-0.9999979370977076,0.9999982346780619,10598.41688923852,11.230897634994848,27,-6.701470178834538,-5.610640837793316
"M-A|n=2,U=70|X2|L|1h",M-A,"n=2,U=70",X2,L,1h,-3.152314257321171,-0.16499966938041039,22892,-0.9990583373827187,0.9992045110520807,7342.421969709421,-145.3057428161934,24,-2.9130860866502037,-3.6728633416023313
"M-A|n=2,U=70|X2|S|1h",M-A,"n=2,U=70",X2,S,1h,-3.358703492091586,-0.17580257566480267,22868,-0.9994774487415071,0.9995565941336856,12725.204009854771,137.84812752020304,25,-3.2846039043138324,-3.544300386636101
"M-A|n=2,U=70|X2|LS|1h",M-A,"n=2,U=70",X2,LS,1h,-3.759761861605224,-0.19679493016064908,28368,-0.9998191740963742,0.9998477007105279,10188.625685960822,6.272202332412096,32,-3.6622988667579888,-3.9878138126806557
"M-A|n=2,U=70|X3|L|1h",M-A,"n=2,U=70",X3,L,1h,-1.8438860125849776,-0.09651340495164572,14264,-0.9936890833659445,0.994853282221762,5918.587911113615,-274.6955151187718,85,-1.5327208968086043,-2.519520052626253
"M-A|n=2,U=70|X3|S|1h",M-A,"n=2,U=70",X3,S,1h,-2.148591402040169,-0.1124624139699472,14238,-0.9972407664141709,0.9976237169771935,7749.224697870195,155.79328758146212,76,-2.2465632050667077,-1.9484909281353522
"M-A|n=2,U=70|X3|LS|1h",M-A,"n=2,U=70",X3,LS,1h,-3.5552741481983583,-0.18609155405335656,16816,-0.9994562005035945,0.9994762565801323,5518.600876402714,-35.02448516343969,51,-3.778353870369948,-3.0991601933505155
"M-A|n=2,U=70|X4|L|1h",M-A,"n=2,U=70",X4,L,1h,-0.7258777231592851,-0.037994176517688626,8504,-0.9323454315133809,0.9475143446665333,6300.347904295553,-709.004687377759,118,-0.508278431676653,-1.2138450465668438
"M-A|n=2,U=70|X4|S|1h",M-A,"n=2,U=70",X4,S,1h,-0.9854345765502227,-0.05158000315139438,8474,-0.9679342364923533,0.9835638362393021,11437.882404478114,247.97910246407153,93,-1.0223509222103355,-0.9108246036340563
"M-A|n=2,U=70|X4|LS|1h",M-A,"n=2,U=70",X4,LS,1h,-1.3355140307313103,-0.06990399926396497,9320,-0.9599738451701101,0.9741361093081351,6359.88243571133,132.59427084648885,41,-1.535149043636947,-0.9177977792094207
"M-A|n=2,U=70|X5|L|1h",M-A,"n=2,U=70",X5,L,1h,-5.723536166588779,-0.2995835751402854,26870,-0.9999999983627335,0.9999999988683109,6710.864333067866,-104.88403349566585,135,-5.91305159789015,-5.394547726261113
"M-A|n=2,U=70|X5|S|1h",M-A,"n=2,U=70",X5,S,1h,-5.386167163919489,-0.2819248744665346,26448,-0.9999999922014227,0.9999999937753189,20724.014231830162,233.31100292854464,122,-5.851095127218525,-4.6270041723551865
"M-A|n=2,U=70|X5|LS|1h",M-A,"n=2,U=70",X5,LS,1h,-7.131172800037554,-0.37326264396642944,40680,-0.9999999999994996,0.9999999999996861,11862.203272735002,7.122412909656871,404,-7.80286810681387,-6.0253629488498435
"M-A|n=2,U=80|X1|L|1h",M-A,"n=2,U=80",X1,L,1h,-4.2037444634010095,-0.22003404166002496,22560,-0.9988207063546027,0.9989797917145145,7090.217950133654,-60.01456066950372,6,-4.378462746795652,-3.8571276792124136
"M-A|n=2,U=80|X1|S|1h",M-A,"n=2,U=80",X1,S,1h,-3.795136082956513,-0.1986465015304757,22506,-0.9984159121311161,0.9987248484219463,14787.574946193936,71.58918838277788,7,-4.042247612612183,-3.316509638921045
"M-A|n=2,U=80|X1|LS|1h",M-A,"n=2,U=80",X1,LS,1h,-5.5714512366324085,-0.29162308607982323,40306,-0.999992398822701,0.9999936204977724,11897.550887679019,16.52477563497924,30,-5.800262045031859,-5.123271224538696
"M-A|n=2,U=80|X2|L|1h",M-A,"n=2,U=80",X2,L,1h,-2.088772399237846,-0.10933134426072454,15044,-0.9917738741459338,0.9930488264343279,5881.579116194032,-179.46011791515411,22,-2.1891592975640592,-1.882951182260805
"M-A|n=2,U=80|X2|S|1h",M-A,"n=2,U=80",X2,S,1h,-2.3421023091267665,-0.12259123777507294,15046,-0.9950062790480609,0.9956800139490305,10816.585277132763,154.74598247617595,28,-2.6508298328708215,-1.701794536266027
"M-A|n=2,U=80|X2|LS|1h",M-A,"n=2,U=80",X2,LS,1h,-2.709841898877236,-0.14183960763096362,19674,-0.9983022267352483,0.9985600961468616,9212.926092378206,31.77592951477972,37,-2.8937016211073208,-2.3391877453564134
"M-A|n=2,U=80|X3|L|1h",M-A,"n=2,U=80",X3,L,1h,-1.69949156885927,-0.08895545433813154,12782,-0.9892050163320955,0.9909566273831446,5331.162998854355,-255.4112170063418,66,-1.6624842308176913,-1.7920353408111525
"M-A|n=2,U=80|X3|S|1h",M-A,"n=2,U=80",X3,S,1h,-2.144142675992739,-0.11222955700611971,12744,-0.9959863037890618,0.9962380758303753,6956.794269330163,158.85279609211042,70,-2.3526715894075307,-1.7145632887271511
"M-A|n=2,U=80|X3|LS|1h",M-A,"n=2,U=80",X3,LS,1h,-2.3128333277963247,-0.12105922927325298,16188,-0.9953774646860184,0.9954720996146211,6483.984773599107,88.09730953314833,47,-2.6071792177566815,-1.7481259982794704
"M-A|n=2,U=80|X4|L|1h",M-A,"n=2,U=80",X4,L,1h,-0.7482617986444817,-0.03916581257709033,7944,-0.9273020634682685,0.9434563899065485,5373.45616738973,-654.4001421199646,95,-0.6210036986652033,-1.0305353750266877
"M-A|n=2,U=80|X4|S|1h",M-A,"n=2,U=80",X4,S,1h,-1.0501298489634563,-0.054966308477352094,7948,-0.9682278128550141,0.9830373424720571,10120.781024730497,215.8507688319767,89,-1.1512674898564959,-0.8397812086690217
"M-A|n=2,U=80|X4|LS|1h",M-A,"n=2,U=80",X4,LS,1h,-1.4360074199949693,-0.07516406366424193,9118,-0.9651103247845846,0.9807453291900684,11405.169519625822,450.65700850690496,41,-1.2091558488178915,-1.9266037030734464
"M-A|n=2,U=80|X5|L|1h",M-A,"n=2,U=80",X5,L,1h,-4.970703523890181,-0.26017851365075967,20446,-0.9999999025266162,0.9999999327704798,6627.562511972821,-93.60865097670539,80,-5.2349597568662265,-4.504845506752918
"M-A|n=2,U=80|X5|S|1h",M-A,"n=2,U=80",X5,S,1h,-4.656737692382888,-0.24374479094207513,20362,-0.9999995201951931,0.999999645550648,20084.679710016553,223.62564366740554,65,-5.161076384917972,-3.858827187381129
"M-A|n=2,U=80|X5|LS|1h",M-A,"n=2,U=80",X5,LS,1h,-6.415908725930905,-0.33582401123075345,35890,-0.9999999999956961,0.9999999999973282,13078.782837002105,8.538844308688216,370,-6.822759452218678,-5.727772392515544
"M-A|n=7,U=50|X1|L|1h",M-A,"n=7,U=50",X1,L,1h,-2.199034517616292,-0.11510272731219982,21312,-0.9937034054828134,0.9949141885293358,8688.24158044651,-186.25012402769008,20,-2.0824770503029186,-2.463208288559879
"M-A|n=7,U=50|X1|S|1h",M-A,"n=7,U=50",X1,S,1h,-2.502488764749114,-0.13098624854829197,21330,-0.9965324064025367,0.996893801576968,15174.84385716499,147.3042968957906,23,-2.5674053937862475,-2.3748017311536094
"M-A|n=7,U=50|X1|LS|1h",M-A,"n=7,U=50",X1,LS,1h,-2.145365910772115,-0.11229358404076668,21332,-0.9897529279156543,0.9923557134395266,14512.5581104567,223.37717281097383,19,-1.9786482318380536,-2.4717045369118127
"M-A|n=7,U=50|X2|L|1h",M-A,"n=7,U=50",X2,L,1h,-2.199034517616292,-0.11510272731219982,21312,-0.9937034054828134,0.9949141885293358,8688.24158044651,-186.25012402769008,20,-2.0824770503029186,-2.463208288559879
"M-A|n=7,U=50|X2|S|1h",M-A,"n=7,U=50",X2,S,1h,-2.502488764749114,-0.13098624854829197,21330,-0.9965324064025367,0.996893801576968,15174.84385716499,147.3042968957906,23,-2.5674053937862475,-2.3748017311536094
"M-A|n=7,U=50|X2|LS|1h",M-A,"n=7,U=50",X2,LS,1h,-2.145365910772115,-0.11229358404076668,21332,-0.9897529279156543,0.9923557134395266,14512.5581104567,223.37717281097383,19,-1.9786482318380536,-2.4717045369118127
"M-A|n=7,U=50|X3|L|1h",M-A,"n=7,U=50",X3,L,1h,-1.4228462002132125,-0.07447517393581803,10848,-0.9683671298874025,0.972515237861678,5882.773126659808,-291.64722859541826,56,-1.276727238901387,-1.7661730687958905
"M-A|n=7,U=50|X3|S|1h",M-A,"n=7,U=50",X3,S,1h,-1.9268646905364628,-0.10085670746211736,10872,-0.9897400213686779,0.9907054099526894,7595.842882492968,232.18863942589783,53,-1.8749898932000173,-2.0553297337007517
"M-A|n=7,U=50|X3|LS|1h",M-A,"n=7,U=50",X3,LS,1h,-2.000647198634459,-0.10471866044283709,12440,-0.9871827320874553,0.9886800780980538,6288.943356448553,70.83552118901363,57,-2.358678955711585,-1.2368561003095446
"M-A|n=7,U=50|X4|L|1h",M-A,"n=7,U=50",X4,L,1h,-0.5575072451317163,-0.02918126291193068,7134,-0.859165820605475,0.8695917881345427,7140.656034160559,-840.0188745264613,89,-0.20307894652118003,-1.3348823250046091
"M-A|n=7,U=50|X4|S|1h",M-A,"n=7,U=50",X4,S,1h,-1.552522912056514,-0.0812627632539802,7220,-0.9892211685893635,0.9921623194172262,5486.257789062084,118.15459439080516,86,-1.8114463898268667,-1.0005783795525565
"M-A|n=7,U=50|X4|LS|1h",M-A,"n=7,U=50",X4,LS,1h,-1.5552026981251794,-0.08140302966755654,7804,-0.9776191677520938,0.9801016916362051,4643.412296556292,133.47699299247273,81,-1.826633716369579,-1.0038426022854552
"M-A|n=7,U=50|X5|L|1h",M-A,"n=7,U=50",X5,L,1h,-2.4066239207985674,-0.1259684532823826,18546,-0.9999925166115781,0.9999966172844634,7375.134568109855,-177.87118910900892,155,-2.583097514269586,-2.1063425464094765
"M-A|n=7,U=50|X5|S|1h",M-A,"n=7,U=50",X5,S,1h,-3.005639198152606,-0.15732234589879415,18510,-0.9999978881088587,0.9999982104446872,17453.274367556416,366.0031421159999,145,-3.331393164315778,-2.4258319929037904
"M-A|n=7,U=50|X5|LS|1h",M-A,"n=7,U=50",X5,LS,1h,-3.0153227308738613,-0.15782920516694318,20210,-0.9999927936142674,0.9999946199786395,12736.445419069643,81.95916044747221,176,-3.2927603819272595,-2.487917402537123
"M-A|n=7,U=60|X1|L|1h",M-A,"n=7,U=60",X1,L,1h,-1.1727568781734845,-0.061384900541821864,10714,-0.91324744883095,0.9319600273485992,9057.510554705379,-349.78974395525694,10,-1.1934056639054913,-1.1324133220464094
"M-A|n=7,U=60|X1|S|1h",M-A,"n=7,U=60",X1,S,1h,-1.3226874091008007,-0.06923262320322279,10734,-0.9368246477808256,0.9553994350648736,14712.585602054587,224.66482001317289,9,-1.3791100372603333,-1.2077539831436972
"M-A|n=7,U=60|X1|LS|1h",M-A,"n=7,U=60",X1,LS,1h,-1.6140937234224195,-0.08448552681420064,19492,-0.9871112715075099,0.9890026259318693,12562.879950888675,-1.9591644159489063,39,-1.7763067415474776,-1.2837977353745513
"M-A|n=7,U=60|X2|L|1h",M-A,"n=7,U=60",X2,L,1h,-0.4457968772649804,-0.02333407501765041,7096,-0.745485615409064,0.7949447286084533,8887.8602413727,-851.0463730516402,21,-0.29748909625318926,-0.7635671719272689
"M-A|n=7,U=60|X2|S|1h",M-A,"n=7,U=60",X2,S,1h,-0.7670687163340301,-0.040150211639979796,7104,-0.8667280370490872,0.9200614821606979,11625.545913028458,480.77428194037014,19,-0.790419370540124,-0.72016587669533
"M-A|n=7,U=60|X2|LS|1h",M-A,"n=7,U=60",X2,LS,1h,-0.7070241287084934,-0.037007334281452774,10270,-0.8832186485579585,0.8963107683785301,11352.798012053148,-142.29244204359554,29,-0.6537096405648729,-0.8231248181153297
"M-A|n=7,U=60|X3|L|1h",M-A,"n=7,U=60",X3,L,1h,-0.8934111040137243,-0.0467632744548517,9398,-0.8825024023963184,0.8958664634298119,6673.661817382722,-392.6519811047169,34,-0.9282722783562295,-0.823970572600654
"M-A|n=7,U=60|X3|S|1h",M-A,"n=7,U=60",X3,S,1h,-1.4311287777235333,-0.07490870385677899,9418,-0.9650401712739018,0.970031285377204,8253.413232450881,40.07314854421863,38,-1.5549723624235947,-1.1773482893737521
"M-A|n=7,U=60|X3|LS|1h",M-A,"n=7,U=60",X3,LS,1h,-1.66838578132142,-0.08732730300529962,13788,-0.9758001283303923,0.9774566605638253,6554.90394350208,-50.98022991237739,32,-1.9846815902661348,-0.9722195177499374
"M-A|n=7,U=60|X4|L|1h",M-A,"n=7,U=60",X4,L,1h,-0.5411164310078825,-0.028323328489616263,6460,-0.8259748274108519,0.8534567156033099,6361.418393827093,-789.4465716805942,63,-0.4239837348362835,-0.7978457537858419
"M-A|n=7,U=60|X4|S|1h",M-A,"n=7,U=60",X4,S,1h,-0.864014668084779,-0.045224594674441655,6430,-0.9275248375801706,0.958848971251578,9068.736087097926,259.04085675674173,55,-0.9115951689175279,-0.7651975438375224
"M-A|n=7,U=60|X4|LS|1h",M-A,"n=7,U=60",X4,LS,1h,-1.1777031710742119,-0.06164380134505975,8322,-0.9536429389425811,0.9619697316046717,4538.2039580257115,-55.74990331454933,34,-1.5080515357752113,-0.4674620978411494
"M-A|n=7,U=60|X5|L|1h",M-A,"n=7,U=60",X5,L,1h,-1.2487992859742454,-0.06536514207924976,10042,-0.9979076492736346,0.9990704847718105,9529.576189119716,-322.4082517841237,80,-1.3016014890530732,-1.166772400100944
"M-A|n=7,U=60|X5|S|1h",M-A,"n=7,U=60",X5,S,1h,-1.411860540001299,-0.07390015819978173,9968,-0.9978418478510869,0.9988792728525459,25988.46405594227,801.2155588061232,71,-1.4329776422564071,-1.3728297455668754
"M-A|n=7,U=60|X5|LS|1h",M-A,"n=7,U=60",X5,LS,1h,-1.7804170670324289,-0.09319128850726774,17578,-0.9999754463746332,0.9999881505505741,12366.371757281693,113.06265179243086,327,-1.9678631536097873,-1.4786519812412127
"M-A|n=7,U=70|X1|L|1h",M-A,"n=7,U=70",X1,L,1h,-0.8588406451481413,-0.04495377393633499,5598,-0.7618851315785267,0.8014864944146185,6464.635216997669,-389.89401180599316,5,-0.871017012241927,-0.8346490515903884
"M-A|n=7,U=70|X1|S|1h",M-A,"n=7,U=70",X1,S,1h,-0.8645867746686338,-0.04525454010166775,5660,-0.8016116093986236,0.8582487614674735,9376.398499664587,141.61287706373585,4,-0.9963856189238735,-0.5806424718689741
"M-A|n=7,U=70|X1|LS|1h",M-A,"n=7,U=70",X1,LS,1h,-1.1882290029004556,-0.0621947485633615,11112,-0.9469199031713019,0.9579922749050729,9878.951245949025,-61.44442278275959,22,-1.2317314224238558,-1.100381729519222
"M-A|n=7,U=70|X2|L|1h",M-A,"n=7,U=70",X2,L,1h,-0.13664900144001055,-0.007152535635176609,3252,-0.502969362485004,0.6355561353747795,5644.485828059298,-1363.3729486790678,21,0.10324681960157571,-0.6356999002518766
"M-A|n=7,U=70|X2|S|1h",M-A,"n=7,U=70",X2,S,1h,-0.4858266591891181,-0.02542932956516671,3250,-0.7586882584537545,0.8478723884219477,5847.456568946236,497.368384029303,25,-0.4884749867794714,-0.4817784371669808
"M-A|n=7,U=70|X2|LS|1h",M-A,"n=7,U=70",X2,LS,1h,-0.47781618611419074,-0.025010042241298533,4914,-0.819442419267439,0.8506190798115124,6380.079016363132,-377.59327003097326,39,-0.2318729338741105,-0.9948689960134063
"M-A|n=7,U=70|X3|L|1h",M-A,"n=7,U=70",X3,L,1h,-1.2458353794863466,-0.0652100041232411,6138,-0.8853277378864773,0.9006112477645635,4587.810130783732,-264.2664332665742,26,-1.320408535577757,-1.0955456702171413
"M-A|n=7,U=70|X3|S|1h",M-A,"n=7,U=70",X3,S,1h,-0.8470054982179336,-0.04433429403327091,6134,-0.8224484921519833,0.88002292227311,9777.300310076429,210.48528435315717,26,-0.8222582864859677,-0.9026451604396732
"M-A|n=7,U=70|X3|LS|1h",M-A,"n=7,U=70",X3,LS,1h,-1.521012179527285,-0.0796134161315662,10816,-0.9671940614516593,0.9698120938466362,7810.488165092724,-33.57650124730196,44,-1.3979193166238084,-1.7671121607487401
"M-A|n=7,U=70|X4|L|1h",M-A,"n=7,U=70",X4,L,1h,-0.33672203869419776,-0.017624837031589072,4624,-0.6301268234699878,0.6907711661978451,7655.973829215586,-971.6733216653041,36,-0.1241657022192731,-0.789071648768323
"M-A|n=7,U=70|X4|S|1h",M-A,"n=7,U=70",X4,S,1h,-0.5216446137963926,-0.027304126995136492,4610,-0.7848196675103707,0.9107199733444407,11698.31728208203,658.895664541726,36,-0.46172356215854865,-0.6612662576786182
"M-A|n=7,U=70|X4|LS|1h",M-A,"n=7,U=70",X4,LS,1h,-1.4148017893133245,-0.07405411022500334,7090,-0.9713251742804871,0.9723599322151562,4842.278079385986,-2.538165534431396,49,-1.297976167176982,-1.7081829979200116
"M-A|n=7,U=70|X5|L|1h",M-A,"n=7,U=70",X5,L,1h,-0.6043266313128236,-0.031631901588748804,5384,-0.9421587407498105,0.9702267378359138,9025.840768523549,-526.8592327819221,38,-0.7023006806033262,-0.45655796945249144
"M-A|n=7,U=70|X5|S|1h",M-A,"n=7,U=70",X5,S,1h,-0.9507417122641638,-0.049764095640344494,5398,-0.9712942925818863,0.983567288845409,16300.67337682388,643.9519316449396,34,-0.9207484878604629,-1.0045013553088096
"M-A|n=7,U=70|X5|LS|1h",M-A,"n=7,U=70",X5,LS,1h,-1.0121735148719115,-0.052979583149617995,10450,-0.9973553340237277,0.9986694141624742,12672.911322647018,79.33530819677807,173,-1.0966440653837501,-0.8805521668957875
"M-A|n=7,U=80|X1|L|1h",M-A,"n=7,U=80",X1,L,1h,-0.04426426315912634,-0.0023168974253315396,2420,-0.1380574774132931,0.43018325366822896,6212.468306400846,-487.1941450048427,1,0.03954139421777302,-0.1956039911932659
"M-A|n=7,U=80|X1|S|1h",M-A,"n=7,U=80",X1,S,1h,-0.5493824864225996,-0.028755993604568188,2414,-0.530379723947823,0.6030191774640752,4660.584206797033,54.257341520941054,5,-0.7569347177996106,-0.08116004204169291
"M-A|n=7,U=80|X1|LS|1h",M-A,"n=7,U=80",X1,LS,1h,-0.42793903960904695,-0.02239935307416562,4818,-0.5893792192933032,0.6850173729347622,8996.054891711832,-225.9525142621957,7,-0.522911688084265,-0.235034291690238
"M-A|n=7,U=80|X2|L|1h",M-A,"n=7,U=80",X2,L,1h,0.38628252501046256,0.020218951446902864,1210,0.4296430874768771,0.5500724494142458,3723.165323638274,-2592.3307995401997,31,0.6177314519455279,-0.09658024554394508
"M-A|n=7,U=80|X2|S|1h",M-A,"n=7,U=80",X2,S,1h,-0.01535278625318437,-0.0008036015603330873,1214,-0.32984788526551934,0.6911711010348209,3341.654625003774,722.0920380135778,21,-0.02480999319506205,0.004734727325809351
"M-A|n=7,U=80|X2|LS|1h",M-A,"n=7,U=80",X2,LS,1h,0.46384014492396664,0.024278502811091583,1790,0.6826263769051064,0.5020819253927975,7551.270810350257,-1928.136991404778,43,0.7338349080552707,-0.11789295158498993
"M-A|n=7,U=80|X3|L|1h",M-A,"n=7,U=80",X3,L,1h,-0.27007387518230797,-0.01413631271370634,2696,-0.3059263870083301,0.42873916162725556,6139.908924831832,-426.8588644026397,5,-0.009104672221971019,-0.77879703222736
"M-A|n=7,U=80|X3|S|1h",M-A,"n=7,U=80",X3,S,1h,-0.6385459723796931,-0.033423023761716124,2704,-0.5964997772548131,0.6906053603818686,5253.35277385536,-92.87168525742266,13,-0.6407029422046919,-0.6367926587367545
"M-A|n=7,U=80|X3|LS|1h",M-A,"n=7,U=80",X3,LS,1h,-0.5887043892315702,-0.030814196065766446,5274,-0.6770088320687391,0.7344392255863329,9181.730078454835,-329.95123887662953,16,-0.40027677718134086,-0.9704180942421081
"M-A|n=7,U=80|X4|L|1h",M-A,"n=7,U=80",X4,L,1h,-0.07738650803216686,-0.004050594958975586,2300,-0.24418480027869993,0.531305419328325,5658.618749511844,-820.3412357829545,16,0.19283877310091235,-0.6316322060294555
"M-A|n=7,U=80|X4|S|1h",M-A,"n=7,U=80",X4,S,1h,-0.4973106932524357,-0.026030431380824844,2304,-0.6192835769749998,0.7227272710236305,4446.268306338654,190.44925906439627,19,-0.271866829684262,-1.0223449894231451
"M-A|n=7,U=80|X4|LS|1h",M-A,"n=7,U=80",X4,LS,1h,-0.28794316350453114,-0.015071634012457695,4164,-0.5816041672893593,0.7425549585363054,7989.627968501323,-341.95285371973534,34,-0.022133121226925692,-0.8706253372250742
"M-A|n=7,U=80|X5|L|1h",M-A,"n=7,U=80",X5,L,1h,-0.22248492683713345,-0.01164539331222891,2360,-0.6000424904584098,0.8072669303492426,11856.440174592326,-787.9240280638521,14,-0.17695850838738356,-0.2950963414679569
"M-A|n=7,U=80|X5|S|1h",M-A,"n=7,U=80",X5,S,1h,-0.2090352606388222,-0.010941405608324002,2308,-0.5474186231212383,0.6986578656127659,10091.97945767807,316.0734397491622,6,-0.45313069772741477,0.2297879364952552
"M-A|n=7,U=80|X5|LS|1h",M-A,"n=7,U=80",X5,LS,1h,-0.2801606240164435,-0.01466427727780089,4644,-0.8071505352171066,0.8981113569555084,15873.627451972005,-125.46849613670763,37,-0.4318091151149982,-0.033771031724156464
"M-A|n=14,U=50|X1|L|1h",M-A,"n=14,U=50",X1,L,1h,-1.1862473659831498,-0.06209102494652092,14288,-0.9430258625589087,0.9539016860874567,10361.2795122583,-464.6475300640661,16,-1.048676740802455,-1.481042795306303
"M-A|n=14,U=50|X1|S|1h",M-A,"n=14,U=50",X1,S,1h,-1.494204046942523,-0.07821021434008273,14282,-0.969828109650034,0.9759083243549402,15679.110318650193,192.91893120987663,19,-1.5244687792283738,-1.435458231419996
"M-A|n=14,U=50|X1|LS|1h",M-A,"n=14,U=50",X1,LS,1h,-0.7098394517613608,-0.037154695025021826,14284,-0.8388251847194365,0.8776501006626356,23718.451723280905,-997.6594057791006,15,-0.2766101696996369,-1.9072786961642938
"M-A|n=14,U=50|X2|L|1h",M-A,"n=14,U=50",X2,L,1h,-1.1862473659831498,-0.06209102494652092,14288,-0.9430258625589087,0.9539016860874567,10361.2795122583,-464.6475300640661,16,-1.048676740802455,-1.481042795306303
"M-A|n=14,U=50|X2|S|1h",M-A,"n=14,U=50",X2,S,1h,-1.494204046942523,-0.07821021434008273,14282,-0.969828109650034,0.9759083243549402,15679.110318650193,192.91893120987663,19,-1.5244687792283738,-1.435458231419996
"M-A|n=14,U=50|X2|LS|1h",M-A,"n=14,U=50",X2,LS,1h,-0.7098394517613608,-0.037154695025021826,14284,-0.8388251847194365,0.8776501006626356,23718.451723280905,-997.6594057791006,15,-0.2766101696996369,-1.9072786961642938
"M-A|n=14,U=50|X3|L|1h",M-A,"n=14,U=50",X3,L,1h,-1.185246785144883,-0.062038652151797484,8066,-0.9084029537068121,0.916157730009007,6102.720688943702,-312.3138670350545,37,-1.150587695258521,-1.2661834982586535
"M-A|n=14,U=50|X3|S|1h",M-A,"n=14,U=50",X3,S,1h,-1.5755624707357891,-0.08246870887184556,8016,-0.951226058238613,0.9648891488429919,8785.69571911113,197.94787251058847,26,-1.5582035853575602,-1.6126781858921961
"M-A|n=14,U=50|X3|LS|1h",M-A,"n=14,U=50",X3,LS,1h,-1.7054291642714434,-0.08926624228627089,9526,-0.9621541785770403,0.9635492194779041,5051.386264738729,30.659441131921227,37,-2.1383842469764387,-0.7616310637612677
"M-A|n=14,U=50|X4|L|1h",M-A,"n=14,U=50",X4,L,1h,-0.49278320274374576,-0.025793451696669998,5744,-0.7771405225689179,0.8147914100720185,7843.9727603185165,-1001.8009060314266,61,-0.17131985619132442,-1.170330854284027
"M-A|n=14,U=50|X4|S|1h",M-A,"n=14,U=50",X4,S,1h,-1.003023159800105,-0.05250063167514017,5818,-0.9262391575132993,0.9643700881925302,10552.984775931265,474.7658346410005,45,-0.8392882718843346,-1.3416127240617572
"M-A|n=14,U=50|X4|LS|1h",M-A,"n=14,U=50",X4,LS,1h,-1.3859649845767754,-0.07254472287998609,6434,-0.9500509760958648,0.9633240186730534,4967.942926885229,99.27985215809423,47,-1.7731167931516123,-0.5582464966468637
"M-A|n=14,U=50|X5|L|1h",M-A,"n=14,U=50",X5,L,1h,-1.1778015956028365,-0.06164895312034493,12686,-0.9988775497503976,0.9995219229768608,9998.377411864385,-332.7810424281179,142,-1.262756026999831,-1.0361395137074458
"M-A|n=14,U=50|X5|S|1h",M-A,"n=14,U=50",X5,S,1h,-1.7520222066015612,-0.0917050335844551,12584,-0.9997733716147549,0.9998503344416186,22159.095314712955,642.6176568956212,127,-1.972149870346873,-1.3802436158750602
"M-A|n=14,U=50|X5|LS|1h",M-A,"n=14,U=50",X5,LS,1h,-1.7327299267644134,-0.0906952295056483,13470,-0.9995096092839704,0.9996922112372573,15571.391626412691,205.84019018150306,158,-2.017560401670589,-1.2575449992571528
"M-A|n=14,U=60|X1|L|1h",M-A,"n=14,U=60",X1,L,1h,-0.5385966246054301,-0.028191435794482304,4610,-0.6915450916198964,0.7469019104015515,6660.968673780567,-674.8692756566306,9,-0.3673700747201832,-0.9000997263696005
"M-A|n=14,U=60|X1|S|1h",M-A,"n=14,U=60",X1,S,1h,-0.43855310666528086,-0.022954918735486572,4558,-0.6610759770039653,0.8068159174884874,9369.103409898276,271.6082455161134,9,-0.4493602033467335,-0.4172697039877096
"M-A|n=14,U=60|X1|LS|1h",M-A,"n=14,U=60",X1,LS,1h,-0.709984730407259,-0.03716229925689229,8920,-0.8924931281552932,0.9097743752924747,10607.918049440506,-241.43419362897563,37,-0.551706555489887,-1.0334385045657204
"M-A|n=14,U=60|X2|L|1h",M-A,"n=14,U=60",X2,L,1h,-0.13123764047455225,-0.0068692920568674334,2814,-0.509828424659549,0.6602407126574266,4683.352033852237,-1321.3727740362385,23,0.1337004016806247,-0.683825486159889
"M-A|n=14,U=60|X2|S|1h",M-A,"n=14,U=60",X2,S,1h,-0.3950748118163833,-0.02067916077175219,2800,-0.7016749425822919,0.8362003634487822,5743.933506463058,647.6607705591206,20,-0.3179900124441638,-0.5613192674820376
"M-A|n=14,U=60|X2|LS|1h",M-A,"n=14,U=60",X2,LS,1h,-0.29595362561780336,-0.01549092076256662,4420,-0.7312450801341415,0.7949412452932874,6924.679642713254,-425.58999977894877,41,-0.08718512552501065,-0.7318234349491956
"M-A|n=14,U=60|X3|L|1h",M-A,"n=14,U=60",X3,L,1h,-1.394058805911913,-0.0729683728511843,5984,-0.9016163466257177,0.9127997334348429,4960.67964903016,-282.9154876487622,24,-1.2782893897466452,-1.6598217136423759
"M-A|n=14,U=60|X3|S|1h",M-A,"n=14,U=60",X3,S,1h,-0.7971673823987953,-0.04172564782561503,5938,-0.7542879362982613,0.8224808834715447,10184.239577781682,327.9696425902584,15,-0.7620256864006216,-0.8729839503386502
"M-A|n=14,U=60|X3|LS|1h",M-A,"n=14,U=60",X3,LS,1h,-1.4211125607015378,-0.07438443109646221,10604,-0.9504200196237114,0.9550321680572481,8917.799473098941,-39.46725520106575,33,-1.1985322997164762,-1.8927440472615205
"M-A|n=14,U=60|X4|L|1h",M-A,"n=14,U=60",X4,L,1h,-0.7208131632021241,-0.037729085333791566,4462,-0.8070384957182235,0.8300062875199066,4805.6190279464445,-608.1334761804598,37,-0.4875997613412075,-1.2287065873403953
"M-A|n=14,U=60|X4|S|1h",M-A,"n=14,U=60",X4,S,1h,-0.5622539455678365,-0.029429716568094146,4390,-0.7518222284316778,0.8858846305439632,10364.298658639666,772.9130779409105,29,-0.5251624098888946,-0.6543754546102413
"M-A|n=14,U=60|X4|LS|1h",M-A,"n=14,U=60",X4,LS,1h,-1.068161701783148,-0.055910138790797335,6998,-0.93055996261083,0.9431473327880456,7669.395917966105,-14.897012239722502,43,-0.9373156371019429,-1.3670470208164622
"M-A|n=14,U=60|X5|L|1h",M-A,"n=14,U=60",X5,L,1h,-0.06492840825139921,-0.003398508213448618,4456,-0.790969382551765,0.8995221336126376,13656.117501096403,-1404.0505310267038,70,0.013328331961398087,-0.1952439180369342
"M-A|n=14,U=60|X5|S|1h",M-A,"n=14,U=60",X5,S,1h,-0.26482666961470236,-0.013861661421623006,4350,-0.8709412033947137,0.9373923245225734,17927.681538253506,1067.8388950396038,61,-0.33298789806761453,-0.1440167929796176
"M-A|n=14,U=60|X5|LS|1h",M-A,"n=14,U=60",X5,LS,1h,-0.07321137630829226,-0.003832058576551458,8258,-0.9313580771115403,0.971626870342962,19012.32409563563,-108.67008683043119,239,-0.13452983822073247,0.0283235114534114
"M-A|n=14,U=70|X1|L|1h",M-A,"n=14,U=70",X1,L,1h,0.3912071299386595,0.020476717049775262,1790,0.37349999117206245,0.2808162674518151,5700.762145508706,-879.1552868644077,1,0.5091083688659861,0.1676760300209167
"M-A|n=14,U=70|X1|S|1h",M-A,"n=14,U=70",X1,S,1h,-0.0772863105634717,-0.004045350383765783,1790,-0.26727641227732835,0.5140331879172798,4140.273259773239,-47.237227092486506,8,-0.14126568485799532,0.0679909137514056
"M-A|n=14,U=70|X1|LS|1h",M-A,"n=14,U=70",X1,LS,1h,0.16971581550314896,0.008883331787625523,3578,-0.030379301445825124,0.4183649322151647,9404.422093757523,-641.1136994252283,12,0.19994429865579116,0.1070746696906275
"M-A|n=14,U=70|X2|L|1h",M-A,"n=14,U=70",X2,L,1h,0.48393829658003745,0.02533048814875494,938,0.732268430067526,0.5204531334903764,3072.102614254631,-2647.8512187057213,33,0.7330233459648706,-0.03135875263171228
"M-A|n=14,U=70|X2|S|1h",M-A,"n=14,U=70",X2,S,1h,0.1612157730028309,0.008438419228855524,938,-0.0737868861016635,0.6184484108496009,2838.9368593713934,711.185790612948,31,0.15919572435484294,0.16635987406456065
"M-A|n=14,U=70|X2|LS|1h",M-A,"n=14,U=70",X2,LS,1h,0.6405407488642368,0.033527435134939186,1480,1.5537223189482638,0.4088029102593328,7016.894194848338,-2196.8585110184067,48,0.8622380370061722,0.1680664658895611
"M-A|n=14,U=70|X3|L|1h",M-A,"n=14,U=70",X3,L,1h,-0.030529571446974314,-0.0015979908041773483,2460,-0.11677984497765903,0.3554954514497448,6178.836251476791,-468.59021225618744,4,0.262982173753835,-0.6380818673223514
"M-A|n=14,U=70|X3|S|1h",M-A,"n=14,U=70",X3,S,1h,-0.4235065918021913,-0.022167348152391544,2484,-0.5564149386360702,0.712400105271392,4452.73261729338,-178.03390864791393,10,-0.5604759526548808,-0.049712010285006346
"M-A|n=14,U=70|X3|LS|1h",M-A,"n=14,U=70",X3,LS,1h,-0.37280656981104116,-0.019513587713789752,4888,-0.6059955190046897,0.6409455510514994,7460.74630445116,-337.51738935346276,17,-0.34347356562519876,-0.4599207145164582
"M-A|n=14,U=70|X4|L|1h",M-A,"n=14,U=70",X4,L,1h,-0.04030869283447086,-0.0021098534117902777,2034,-0.18385387530461783,0.42592553445908854,4956.125851721891,-797.3417308610199,14,0.24282907575054613,-0.6318306241288363
"M-A|n=14,U=70|X4|S|1h",M-A,"n=14,U=70",X4,S,1h,-0.28612636244685363,-0.014976538298840134,2042,-0.4665921137423038,0.6752417049827298,4395.649346365709,153.94942269596402,16,-0.22418770297690202,-0.437668504696774
"M-A|n=14,U=70|X4|LS|1h",M-A,"n=14,U=70",X4,LS,1h,-0.187028574113423,-0.009789522989890238,3884,-0.4911592898309114,0.6768681487012718,8119.215532629712,-449.2277494888024,25,0.010808560467283077,-0.6293037201918631
"M-A|n=14,U=70|X5|L|1h",M-A,"n=14,U=70",X5,L,1h,0.5735726385963641,0.03002216403845279,1762,1.304686256776034,0.6126800654484881,18758.30609283143,-2691.878662958348,26,0.6353192282424299,0.4824453101745735
"M-A|n=14,U=70|X5|S|1h",M-A,"n=14,U=70",X5,S,1h,0.18396745802320394,0.00962929685074559,1744,-0.1337083115632457,0.6656756230032159,9324.932473407545,321.4129358021241,20,0.03434496163176044,0.450375682520361
"M-A|n=14,U=70|X5|LS|1h",M-A,"n=14,U=70",X5,LS,1h,0.5556674744168736,0.02908496491150772,3476,1.0762626339592423,0.6208831421057722,29988.77363416491,-1578.723449452329,69,0.4953726853095271,0.658132486806431
"M-A|n=14,U=80|X1|L|1h",M-A,"n=14,U=80",X1,L,1h,1.0747111781929672,0.05625295405413131,424,0.9259868470773134,0.08054414950668487,1517.2149599196896,-224.91854364908917,1,0.9278296000287768,1.3196845938884492
"M-A|n=14,U=80|X1|S|1h",M-A,"n=14,U=80",X1,S,1h,-0.1021879484494832,-0.005348761681887504,416,-0.11805815693868227,0.2769766128578718,989.3424755433131,-139.79649416656142,3,-0.3455456950971434,0.37887932692474946
"M-A|n=14,U=80|X1|LS|1h",M-A,"n=14,U=80",X1,LS,1h,0.6520079047892798,0.03412765350846315,840,0.6992439106905619,0.26808611745104427,2594.144958515128,-354.950597926762,4,0.3378386456147905,1.2192483383534864
"M-A|n=14,U=80|X2|L|1h",M-A,"n=14,U=80",X2,L,1h,0.7779154401353158,0.04071795511191196,196,2.3146563970981995,0.40615240049228307,1096.8000389113895,-6703.523336525857,55,1.0208145389823593,0.21060610019609588
"M-A|n=14,U=80|X2|S|1h",M-A,"n=14,U=80",X2,S,1h,0.49307748297968923,0.02580885502821383,196,0.703605680664456,0.46271663698733567,936.6384810904798,625.947574496334,26,0.6105601104322372,0.26752258404915136
"M-A|n=14,U=80|X2|LS|1h",M-A,"n=14,U=80",X2,LS,1h,0.9621743271677644,0.05036250605417509,302,4.205816020816608,0.4738315066037172,2548.6907607777434,-8439.060764155895,62,1.1106219120244851,0.632066717418991
"M-A|n=14,U=80|X3|L|1h",M-A,"n=14,U=80",X3,L,1h,1.0824434638333011,0.056657680382176466,528,0.4932929973822535,0.05469319878773682,1764.9073300123064,-114.18951252984102,0,1.2912171745070025,0.7321425802211334
"M-A|n=14,U=80|X3|S|1h",M-A,"n=14,U=80",X3,S,1h,-0.6133666104308875,-0.032105075721759864,482,-0.3412267758883597,0.3949198091385776,1016.723925877571,-243.9947942459398,5,-0.9836205197644544,0.22248724974138714
"M-A|n=14,U=80|X3|LS|1h",M-A,"n=14,U=80",X3,LS,1h,0.05590311444777015,0.00292610274492615,1010,-0.016113962908189894,0.32055467165351925,2539.2417881611145,-343.42735366609315,5,-0.21554729276717605,0.6239672213786897
"M-A|n=14,U=80|X4|L|1h",M-A,"n=14,U=80",X4,L,1h,1.176973622379172,0.061605615021091915,468,0.8791018305474729,0.09786020870839751,1800.2835059047209,-234.66413560223074,1,1.3860355438694523,0.7979139322102632
"M-A|n=14,U=80|X4|S|1h",M-A,"n=14,U=80",X4,S,1h,-0.5651976403802182,-0.029583796596654683,444,-0.3452367115049233,0.41317197634822656,893.9090629525173,-141.75732280727345,8,-0.9639878805226593,0.17616973578087652
"M-A|n=14,U=80|X4|LS|1h",M-A,"n=14,U=80",X4,LS,1h,0.3304301022472925,0.017295502026016325,912,0.23064648289694056,0.2945903068199419,2486.3377175933365,-324.19053244479596,9,0.15371889971439764,0.6578675047033622
"M-A|n=14,U=80|X5|L|1h",M-A,"n=14,U=80",X5,L,1h,1.264951280141645,0.06621057609372522,422,3.6083692801304776,0.16029518898277972,5644.849296272866,-1013.6814333891946,4,1.1604266902257148,1.4419500942843053
"M-A|n=14,U=80|X5|S|1h",M-A,"n=14,U=80",X5,S,1h,0.17972950606231347,0.009407472306833772,412,0.0795384928893128,0.335368759129393,2041.5241876306713,4.692564722402983,6,-0.12109706582666545,0.5791494393480676
"M-A|n=14,U=80|X5|LS|1h",M-A,"n=14,U=80",X5,LS,1h,1.1191156211961297,0.0585771888278462,834,3.9796797262916153,0.2994504952252772,9543.94039284501,-1024.495155908026,10,0.8767244562262703,1.490939768474886
M-B|v=V1|X1|L|1h,M-B,v=V1,X1,L,1h,-0.6379245756219845,-0.03339049836887566,9460,-0.8536615472143366,0.8703027083827338,10685.303760700539,-604.5111610334126,37,-0.47718960594273796,-0.9955699830337622
M-B|v=V1|X1|S|1h,M-B,v=V1,X1,S,1h,-1.0741294509791655,-0.05622250506011875,9484,-0.9281671026686684,0.9597762603913075,13800.878915671403,522.8232567929416,20,-1.1612563650305825,-0.8948493620120175
M-B|v=V1|X1|LS|1h,M-B,v=V1,X1,LS,1h,-0.4719913038287365,-0.02470515396785066,9492,-0.7654647331816928,0.8705020419877428,27181.40552123217,-708.6573038591577,24,0.07946728529481631,-1.622777448356827
M-B|v=V1|X2|L|1h,M-B,v=V1,X2,L,1h,-1.0069013591102236,-0.052703625904689064,8238,-0.9948677632362498,0.9968474464652867,9718.043383080892,-524.7450110636066,134,-0.8309861009950102,-1.3126495572767214
M-B|v=V1|X2|S|1h,M-B,v=V1,X2,S,1h,-1.1654392014802915,-0.06100187583792206,8172,-0.9964020636772908,0.998085257005882,22797.42176960829,1038.2036899176705,128,-1.0725782036595712,-1.3326819528717024
M-B|v=V1|X2|LS|1h,M-B,v=V1,X2,LS,1h,-1.1501630731503203,-0.06020228673667556,9164,-0.9935511907638915,0.9954711042346491,18714.46501978096,238.15596650794353,124,-1.0711612709789922,-1.2865305400815943
M-B|v=V1|X3|L|1h,M-B,v=V1,X3,L,1h,-0.5564516467194914,-0.029126010365770005,9470,-0.8023437740486515,0.8248206353887886,13632.195046809666,-697.9026874988324,33,-0.32544547972099364,-1.063728468985195
M-B|v=V1|X3|S|1h,M-B,v=V1,X3,S,1h,-0.9335277346831851,-0.048863074873462906,9484,-0.8932843376870101,0.942521818114933,16354.173760651138,594.3087648915537,18,-0.8759980737555698,-1.0599795756411052
M-B|v=V1|X3|LS|1h,M-B,v=V1,X3,LS,1h,-0.990577845944004,-0.0518492141754975,10386,-0.9115105002625439,0.930411661584006,14758.406491886852,284.5449106143919,28,-0.7249174386249311,-1.6027814187274148
M-B|v=V1|X4|L|1h,M-B,v=V1,X4,L,1h,-0.6261000029863971,-0.03277157194968845,9460,-0.8497588139399536,0.8668437819969709,10824.854763564608,-615.1671887999642,37,-0.4629693959996659,-0.9886693900571237
M-B|v=V1|X4|S|1h,M-B,v=V1,X4,S,1h,-1.0599166798932027,-0.05547857462084961,9484,-0.9260248099272366,0.9589986903356679,13972.903398456692,528.5260357225923,20,-1.1421332925744037,-0.8908007875299175
M-B|v=V1|X4|LS|1h,M-B,v=V1,X4,LS,1h,-0.554984795724599,-0.029049231875609812,9530,-0.7834560759905311,0.8512650048435805,19000.278576896482,510.4421923304994,23,-0.38644605166487184,-0.9516301658082088
M-B|v=V2|X1|L|1h,M-B,v=V2,X1,L,1h,0.022557467318035013,0.0011807118027306435,4358,-0.3210920247836955,0.6481287721746958,8445.728926830578,-1545.0662596221387,23,0.3025324249993278,-0.5453593848009705
M-B|v=V2|X1|S|1h,M-B,v=V2,X1,S,1h,-0.3210015042137079,-0.0168019866492898,4362,-0.6525208448765731,0.7755013222203013,8595.314539966099,584.8784345148315,17,-0.2591248492527088,-0.4491858913585671
M-B|v=V2|X1|LS|1h,M-B,v=V2,X1,LS,1h,0.6610672945696454,0.03460184364197441,4364,1.5421322255707377,0.4871886119030103,26113.925612043873,-4573.402579960037,17,1.1202319606811004,-0.4119041570145807
M-B|v=V2|X2|L|1h,M-B,v=V2,X2,L,1h,0.29660793084915615,0.01552516866364322,3904,-0.381563352212948,0.8438495932642327,14546.922771487045,-2504.655278639322,140,0.27353186297900045,0.33640029302757984
M-B|v=V2|X2|S|1h,M-B,v=V2,X2,S,1h,0.09834879006113022,0.00514781094757982,3890,-0.6986760003943857,0.8871638448557766,20491.44545831681,1541.0113249627755,121,0.033212769335602854,0.21742870545324317
M-B|v=V2|X2|LS|1h,M-B,v=V2,X2,LS,1h,0.10259035659147518,0.005369824686703873,4274,-0.6320529902092147,0.8039861795039647,16007.11930982459,-300.39604230353945,151,0.12857152113090253,0.06105692872645548
M-B|v=V2|X3|L|1h,M-B,v=V2,X3,L,1h,-0.1591963034992837,-0.008332715363945725,4372,-0.36350767436551845,0.5049149202134371,9786.892101838772,-806.9661526894175,10,0.20368239645320071,-0.9175335639412486
M-B|v=V2|X3|S|1h,M-B,v=V2,X3,S,1h,-0.9262077587334181,-0.0484799298209736,4376,-0.7645861172910431,0.8264174417069576,7278.037156162454,468.4133063967286,9,-0.7320701520341452,-1.3783798710693167
M-B|v=V2|X3|LS|1h,M-B,v=V2,X3,LS,1h,-1.0347424333179416,-0.054160894331781964,5572,-0.8319643269494882,0.8774411368366221,6155.5679171612255,60.44915224159139,15,-1.2740210026622756,-0.5565572716964972
M-B|v=V2|X4|L|1h,M-B,v=V2,X4,L,1h,-0.07255258999807561,-0.003797576125087224,4362,-0.37426844318276375,0.5561547160939023,9218.340014051733,-1249.808359500507,20,0.2806108530449616,-0.7997600238798176
M-B|v=V2|X4|S|1h,M-B,v=V2,X4,S,1h,-0.4036977305006348,-0.02113050496394092,4376,-0.6209217645413274,0.7369642781997023,8649.05605844409,676.3251856256461,9,-0.323825960635278,-0.5778524352157467
M-B|v=V2|X4|LS|1h,M-B,v=V2,X4,LS,1h,-0.427980802274194,-0.022401539031966528,4834,-0.6503070213710054,0.7334158009659688,6305.4371249303895,149.0275234704969,21,-0.653228451718118,-0.0006382451265837302
M-B|v=V3|X1|L|1h,M-B,v=V3,X1,L,1h,-0.6379245756219845,-0.03339049836887566,9460,-0.8536615472143366,0.8703027083827338,10685.303760700539,-604.5111610334126,37,-0.47718960594273796,-0.9955699830337622
M-B|v=V3|X1|S|1h,M-B,v=V3,X1,S,1h,-1.0741294509791655,-0.05622250506011875,9484,-0.9281671026686684,0.9597762603913075,13800.878915671403,522.8232567929416,20,-1.1612563650305825,-0.8948493620120175
M-B|v=V3|X1|LS|1h,M-B,v=V3,X1,LS,1h,-0.4719913038287365,-0.02470515396785066,9492,-0.7654647331816928,0.8705020419877428,27181.40552123217,-708.6573038591577,24,0.07946728529481631,-1.622777448356827
M-B|v=V3|X2|L|1h,M-B,v=V3,X2,L,1h,-1.0069013591102236,-0.052703625904689064,8238,-0.9948677632362498,0.9968474464652867,9718.043383080892,-524.7450110636066,134,-0.8309861009950102,-1.3126495572767214
M-B|v=V3|X2|S|1h,M-B,v=V3,X2,S,1h,-1.1654392014802915,-0.06100187583792206,8172,-0.9964020636772908,0.998085257005882,22797.42176960829,1038.2036899176705,128,-1.0725782036595712,-1.3326819528717024
M-B|v=V3|X2|LS|1h,M-B,v=V3,X2,LS,1h,-1.1501630731503203,-0.06020228673667556,9164,-0.9935511907638915,0.9954711042346491,18714.46501978096,238.15596650794353,124,-1.0711612709789922,-1.2865305400815943
M-B|v=V3|X3|L|1h,M-B,v=V3,X3,L,1h,-0.5564516467194914,-0.029126010365770005,9470,-0.8023437740486515,0.8248206353887886,13632.195046809666,-697.9026874988324,33,-0.32544547972099364,-1.063728468985195
M-B|v=V3|X3|S|1h,M-B,v=V3,X3,S,1h,-0.9335277346831851,-0.048863074873462906,9484,-0.8932843376870101,0.942521818114933,16354.173760651138,594.3087648915537,18,-0.8759980737555698,-1.0599795756411052
M-B|v=V3|X3|LS|1h,M-B,v=V3,X3,LS,1h,-0.990577845944004,-0.0518492141754975,10386,-0.9115105002625439,0.930411661584006,14758.406491886852,284.5449106143919,28,-0.7249174386249311,-1.6027814187274148
M-B|v=V3|X4|L|1h,M-B,v=V3,X4,L,1h,-0.6261000029863971,-0.03277157194968845,9460,-0.8497588139399536,0.8668437819969709,10824.854763564608,-615.1671887999642,37,-0.4629693959996659,-0.9886693900571237
M-B|v=V3|X4|S|1h,M-B,v=V3,X4,S,1h,-1.0599166798932027,-0.05547857462084961,9484,-0.9260248099272366,0.9589986903356679,13972.903398456692,528.5260357225923,20,-1.1421332925744037,-0.8908007875299175
M-B|v=V3|X4|LS|1h,M-B,v=V3,X4,LS,1h,-0.554984795724599,-0.029049231875609812,9530,-0.7834560759905311,0.8512650048435805,19000.278576896482,510.4421923304994,23,-0.38644605166487184,-0.9516301658082088
M-C|v=V1|X1|L|1h,M-C,v=V1,X1,L,1h,-0.44560151352799704,-0.02332384921229604,2312,-0.7349478531122933,0.7678544398995145,3152.864715700127,-419.5245394209812,71,-0.30223912023430133,-0.778886874718924
M-C|v=V1|X1|S|1h,M-C,v=V1,X1,S,1h,-0.8206739948055537,-0.04295604015289036,2312,-0.8999257870002441,0.9661890579082182,4070.94499350959,462.6914013602145,100,-0.91108744474599,-0.6325877065052035
M-C|v=V1|X1|LS|1h,M-C,v=V1,X1,LS,1h,-0.9540844625963002,-0.04993906318945315,3370,-0.9340796024668521,0.9670914218918645,4861.0704945688585,645.1067975375033,103,-0.8190942140843541,-1.249629827271182
M-C|v=V1|X2|L|1h,M-C,v=V1,X2,L,1h,-0.7269602627676784,-0.038050839230507075,3330,-0.7947758945606002,0.8268477668960094,3511.134191177859,-216.36080360521126,39,-0.6748790574415559,-0.8352440080487938
M-C|v=V1|X2|S|1h,M-C,v=V1,X2,S,1h,-1.0048517280214824,-0.052596343310255894,3864,-0.864063493727686,0.921490576723633,5671.286661317919,352.4868809960934,35,-1.1716384261197155,-0.6783629320533588
M-C|v=V1|X2|LS|1h,M-C,v=V1,X2,LS,1h,-0.9458104872635955,-0.049505983527047256,5224,-0.8791175902950743,0.9169924043273283,7340.392626197932,417.09060711549074,33,-0.7411979751072695,-1.3902278563716397
M-C|v=V1|X3|L|1h,M-C,v=V1,X3,L,1h,-0.7475334270314979,-0.039127687864413195,2762,-0.7785180697375826,0.7980973793591885,3113.598775432444,-225.37878532401297,54,-0.7185167070113105,-0.8069256497139289
M-C|v=V1|X3|S|1h,M-C,v=V1,X3,S,1h,-1.240720723579257,-0.0649422907974823,2916,-0.9269548944135109,0.9564713378649414,3650.35765993741,221.8542815369217,76,-1.2880521049142062,-1.145946887290746
M-C|v=V1|X3|LS|1h,M-C,v=V1,X3,LS,1h,-1.51153360367942,-0.07911728479648035,5668,-0.9823266101017148,0.9863317448271497,4080.1001314862924,62.25867005151681,114,-1.5325073609798614,-1.4697319848010335
M-C|v=V1|X4|L|1h,M-C,v=V1,X4,L,1h,-0.8024247698997309,-0.04200083206444668,2946,-0.9224763959811784,0.9482712298629794,6283.526068873685,-713.7748579727627,101,-0.6710267262010632,-1.03828551765482
M-C|v=V1|X4|S|1h,M-C,v=V1,X4,S,1h,-1.0146647433836808,-0.05310998000958789,3216,-0.9663039713095659,0.9891868117017056,11889.621632873102,1284.26248370343,158,-0.9249891384329529,-1.1802702626920523
M-C|v=V1|X4|LS|1h,M-C,v=V1,X4,LS,1h,-1.506388110480571,-0.07884795737310007,4956,-0.9939860631486858,0.9963795886477176,9528.623014376337,172.71340160772232,146,-1.4400683903945264,-1.6312180425285991
M-C|v=V2|X1|L|1h,M-C,v=V2,X1,L,1h,-1.1399927631087197,-0.05966994837908223,3778,-0.9311057566151945,0.9388138635003191,2478.016359726992,-263.4015725120145,71,-1.2524616665245802,-0.9071122648482476
M-C|v=V2|X1|S|1h,M-C,v=V2,X1,S,1h,-1.4504918772837676,-0.07592221480931126,3786,-0.971033012453119,0.9827264434089988,3777.148686393782,120.89488860580035,91,-1.7891765400484538,-0.7306317306191082
M-C|v=V2|X1|LS|1h,M-C,v=V2,X1,LS,1h,-1.5189161540426874,-0.07950370514346648,5266,-0.9803757117854871,0.9860565415510171,3955.8683050102945,105.24549874486522,95,-1.871113352253241,-0.7735053889654822
M-C|v=V2|X2|L|1h,M-C,v=V2,X2,L,1h,-0.9235719474567369,-0.0483419651532088,5146,-0.8925140047848399,0.9037253912703445,3655.4864793883467,-269.6666314256001,45,-1.0476625361328142,-0.6589304745886951
M-C|v=V2|X2|S|1h,M-C,v=V2,X2,S,1h,-1.1840461548287033,-0.06197580828882994,5682,-0.9231484924913168,0.9546121578118306,7153.164656705908,238.04408919799005,45,-1.3250439099736437,-0.9038874953168976
M-C|v=V2|X2|LS|1h,M-C,v=V2,X2,LS,1h,-1.0053918566299234,-0.05262461493374923,7098,-0.9008013304960861,0.9157274822798296,7074.112165403167,155.0675720361528,32,-0.9527758926820057,-1.1408965658410586
M-C|v=V2|X3|L|1h,M-C,v=V2,X3,L,1h,-1.1087375188581468,-0.05803397412436722,3782,-0.9131133546607559,0.9229598001131365,2788.596696343059,-215.03906910402904,69,-1.1256886022935455,-1.0797939386151159
M-C|v=V2|X3|S|1h,M-C,v=V2,X3,S,1h,-1.40680257823394,-0.07363541238092348,3786,-0.9603448157523051,0.9719963052559769,3645.5864455027536,115.10393006616471,89,-1.6563845835835533,-0.8651721356399188
M-C|v=V2|X3|LS|1h,M-C,v=V2,X3,LS,1h,-1.9717925166410006,-0.10320833735942618,7562,-0.9959547201623911,0.9964850492212345,3657.7463792542485,-0.20619424008922577,123,-2.209886965051073,-1.4689326564472347
M-C|v=V2|X4|L|1h,M-C,v=V2,X4,L,1h,-1.6975080552236175,-0.0888516324893631,4596,-0.9944306882477922,0.9953807441202231,3572.3963134229975,-271.9923946410337,135,-1.9315095177092338,-1.2802327741385298
M-C|v=V2|X4|S|1h,M-C,v=V2,X4,S,1h,-1.7418920149063828,-0.091174795117087,4864,-0.9962773005485848,0.9976269860051243,8263.535142936453,492.57166692347846,140,-1.934552395334165,-1.4245375491621604
M-C|v=V2|X4|LS|1h,M-C,v=V2,X4,LS,1h,-1.9996486830568339,-0.1046663957487963,7056,-0.9986982445694161,0.9989169251878143,8394.639900011704,55.354889934157136,152,-1.96761833760512,-2.0579461498252654
M-C|v=V3|X1|L|1h,M-C,v=V3,X1,L,1h,-0.8205561704310563,-0.042949872943262746,11286,-0.886501894406417,0.9061390867661243,8720.249147014152,-475.93040274998606,19,-0.8488968844403044,-0.7633062278275157
M-C|v=V3|X1|S|1h,M-C,v=V3,X1,S,1h,-1.1614282644978577,-0.06079193380106129,11294,-0.9392708357143668,0.9509116494204634,11995.243719262786,311.20219196354844,20,-1.3854615533182661,-0.7031634223130856
M-C|v=V3|X1|LS|1h,M-C,v=V3,X1,LS,1h,-1.0595372941220371,-0.05545871666199777,11300,-0.9080657071697827,0.9326993493428957,11342.897003630484,78.556988020582,14,-1.162571029730944,-0.8636639731982168
M-C|v=V3|X2|L|1h,M-C,v=V3,X2,L,1h,-0.8205561704310563,-0.042949872943262746,11286,-0.886501894406417,0.9061390867661243,8720.249147014152,-475.93040274998606,19,-0.8488968844403044,-0.7633062278275157
M-C|v=V3|X2|S|1h,M-C,v=V3,X2,S,1h,-1.1614282644978577,-0.06079193380106129,11294,-0.9392708357143668,0.9509116494204634,11995.243719262786,311.20219196354844,20,-1.3854615533182661,-0.7031634223130856
M-C|v=V3|X2|LS|1h,M-C,v=V3,X2,LS,1h,-1.0595372941220371,-0.05545871666199777,11300,-0.9080657071697827,0.9326993493428957,11342.897003630484,78.556988020582,14,-1.162571029730944,-0.8636639731982168
M-C|v=V3|X3|L|1h,M-C,v=V3,X3,L,1h,-1.0114133689107994,-0.052939795291547354,5670,-0.882251524172588,0.896058415230779,4776.261786633245,-318.387249437377,59,-0.9048788095113379,-1.2899713451145756
M-C|v=V3|X3|S|1h,M-C,v=V3,X3,S,1h,-1.259656476134848,-0.06593343338546681,5152,-0.9388299046537409,0.9439926489850669,5020.699973129434,247.75133983316687,68,-1.408502355057225,-0.9261811893431584
M-C|v=V3|X3|LS|1h,M-C,v=V3,X3,LS,1h,-2.1400372717623015,-0.11201467032750831,7566,-0.9903675771360981,0.9910180477291083,3558.269100406372,67.72207536329084,73,-2.221451941841147,-1.9814106824804283
M-C|v=V3|X4|L|1h,M-C,v=V3,X4,L,1h,-0.9722531372227824,-0.05089005508357901,9806,-0.9956528382109924,0.9980079471234801,7600.99573331683,-366.39738968910444,132,-1.1781225806687465,-0.6490883061967948
M-C|v=V3|X4|S|1h,M-C,v=V3,X4,S,1h,-1.423437312506232,-0.07450611416732839,9854,-0.9986937511207499,0.9989275805166647,16430.288571080582,625.6994432125946,112,-1.5205477034408508,-1.2609853854613906
M-C|v=V3|X4|LS|1h,M-C,v=V3,X4,LS,1h,-0.9098326518895626,-0.047622817555269134,10784,-0.9859244476922651,0.9903952334684214,14648.31644414782,132.10888019755677,135,-1.4825960978279138,-0.010765542790053595
"R-A|n=10,k=1.9,e=E1|X1|L|1h",R-A,"n=10,k=1.9,e=E1",X1,L,1h,-1.096163337742815,-0.05737581140409256,8252,-0.8496736238913746,0.8789944269466178,7877.395028781435,-189.48210606927543,53,-0.820096156604002,-1.6691888815964548
"R-A|n=10,k=1.9,e=E1|X1|S|1h",R-A,"n=10,k=1.9,e=E1",X1,S,1h,-1.4773620571527266,-0.07732866430408276,7892,-0.9059832188976066,0.9260976611179448,10702.269256313011,128.84927490554006,50,-1.2570362859858277,-1.9243642263914575
"R-A|n=10,k=1.9,e=E1|X1|LS|1h",R-A,"n=10,k=1.9,e=E1",X1,LS,1h,-1.8954451657547122,-0.09921213437139893,15698,-0.9856395592566851,0.9865175061673828,9074.874399584334,-27.997786967395516,93,-1.6163292773891136,-2.49069297746925
"R-A|n=10,k=1.9,e=E1|X2|L|1h",R-A,"n=10,k=1.9,e=E1",X2,L,1h,-1.298305740335761,-0.06795642833279354,6756,-0.9272675422106843,0.9365496368792557,4841.602107392891,-236.46844020916996,76,-0.9704477581383567,-1.9921636119796586
"R-A|n=10,k=1.9,e=E1|X2|S|1h",R-A,"n=10,k=1.9,e=E1",X2,S,1h,-1.3516555933891947,-0.07074888726827752,6696,-0.9249096419192268,0.9481022060497011,8215.292763062238,87.16693487666817,64,-1.238788249586828,-1.5918993932786571
"R-A|n=10,k=1.9,e=E1|X2|LS|1h",R-A,"n=10,k=1.9,e=E1",X2,LS,1h,-1.9261328647540572,-0.10081840194994943,13320,-0.9939194763199581,0.9948496504608982,6505.006060403342,-75.46191613834716,125,-1.6504619655557151,-2.5220895440045195
"R-A|n=10,k=1.9,e=E1|X3|L|1h",R-A,"n=10,k=1.9,e=E1",X3,L,1h,-3.402274442070371,-0.17808318341969046,7684,-0.9996419522390793,0.9996838447338747,4581.513671362873,-110.76281007845407,157,-3.5423241501584797,-3.1435563094221135
"R-A|n=10,k=1.9,e=E1|X3|S|1h",R-A,"n=10,k=1.9,e=E1",X3,S,1h,-2.8968426519098096,-0.15162767439892696,7596,-0.9986740456090716,0.9987368759921172,11201.518566521838,143.6170870315317,142,-2.719112791487448,-3.236083718827477
"R-A|n=10,k=1.9,e=E1|X3|LS|1h",R-A,"n=10,k=1.9,e=E1",X3,LS,1h,-4.696191052505418,-0.24580987419354502,14848,-0.999999296396896,0.9999993424145379,6324.436822591025,-16.630428820825987,264,-4.718964134147909,-4.650072902618132
"R-A|n=10,k=1.9,e=E1|X4|L|1h",R-A,"n=10,k=1.9,e=E1",X4,L,1h,-1.0209542448462008,-0.05343918756225279,8284,-0.8295701698979517,0.8627435279388954,8276.612003797782,-194.55930370082694,52,-0.7674668064957908,-1.551143105743353
"R-A|n=10,k=1.9,e=E1|X4|S|1h",R-A,"n=10,k=1.9,e=E1",X4,S,1h,-1.5262565313573246,-0.07988791805219844,7920,-0.9102963554202419,0.9321514968546265,10829.429552871548,110.26458344199136,49,-1.3201109866519853,-1.9484941924634147
"R-A|n=10,k=1.9,e=E1|X4|LS|1h",R-A,"n=10,k=1.9,e=E1",X4,LS,1h,-1.8789912825809012,-0.09835089876413121,15772,-0.9848591138738412,0.9859859808218672,9510.328646227006,-29.857360371434847,92,-1.6141979426242667,-2.4449160544986674
"R-A|n=10,k=1.9,e=E2|X1|L|1h",R-A,"n=10,k=1.9,e=E2",X1,L,1h,-1.0819911805668736,-0.056634006794032916,8210,-0.8043670375413117,0.8320389389862174,8700.151986643094,-157.90001626755773,43,-0.9751324004892931,-1.2957428555463224
"R-A|n=10,k=1.9,e=E2|X1|S|1h",R-A,"n=10,k=1.9,e=E2",X1,S,1h,-1.6728211250956926,-0.0875594595089362,7852,-0.8988910059489682,0.9353908547357325,11875.734724618958,55.34219292704801,35,-1.5037851770524742,-2.0283256990961536
"R-A|n=10,k=1.9,e=E2|X1|LS|1h",R-A,"n=10,k=1.9,e=E2",X1,LS,1h,-1.980266255529285,-0.10365187312421728,15984,-0.9795654683291218,0.9805173684786979,12436.176460939494,-73.72050121538474,71,-1.771088359597036,-2.428308810010094
"R-A|n=10,k=1.9,e=E2|X2|L|1h",R-A,"n=10,k=1.9,e=E2",X2,L,1h,-1.317293850782154,-0.06895031145803628,6768,-0.9060316092802093,0.9163511026259904,5982.245262614385,-245.74471875344403,64,-0.990810435608471,-1.9795937938128219
"R-A|n=10,k=1.9,e=E2|X2|S|1h",R-A,"n=10,k=1.9,e=E2",X2,S,1h,-1.406953855630928,-0.07364333060177657,6760,-0.9176326490651339,0.9444963159054013,8677.112174630807,9.865916470539888,52,-1.4247008717388938,-1.3790823776047922
"R-A|n=10,k=1.9,e=E2|X2|LS|1h",R-A,"n=10,k=1.9,e=E2",X2,LS,1h,-1.9547288150904443,-0.1023151823994761,13462,-0.9918098973261738,0.9935562352899239,8300.280141748568,-129.98371387989744,108,-1.7355948433529413,-2.4446402991997123
"R-A|n=10,k=1.9,e=E2|X3|L|1h",R-A,"n=10,k=1.9,e=E2",X3,L,1h,-2.918160251482122,-0.15274348855776168,7594,-0.9963171283065669,0.9971706131974731,7070.822654659692,-137.94407986941945,96,-3.317724299844415,-2.171853056337827
"R-A|n=10,k=1.9,e=E2|X3|S|1h",R-A,"n=10,k=1.9,e=E2",X3,S,1h,-3.090344044186898,-0.1617560001761611,7572,-0.9971956758018006,0.9978173059994423,15732.765737166968,146.9756970208997,95,-3.1275352525690288,-3.0181341386064497
"R-A|n=10,k=1.9,e=E2|X3|LS|1h",R-A,"n=10,k=1.9,e=E2",X3,LS,1h,-4.4234278543550465,-0.2315327958821331,14938,-0.9999888923805342,0.9999897902788112,12072.033328842228,-38.53658623792775,191,-4.716145170285081,-3.873649681685856
"R-A|n=10,k=1.9,e=E2|X4|L|1h",R-A,"n=10,k=1.9,e=E2",X4,L,1h,-1.042999091160757,-0.05459306755533914,8236,-0.7915348070814854,0.8210218025276266,8809.256716908509,-159.11638427272874,41,-0.9784069385397782,-1.1748703336973398
"R-A|n=10,k=1.9,e=E2|X4|S|1h",R-A,"n=10,k=1.9,e=E2",X4,S,1h,-1.7204102664731538,-0.0900503890141853,7878,-0.9041072657055919,0.9402462557251501,11850.415403957246,36.65230353244355,33,-1.5859520094226487,-2.0022741418767445
"R-A|n=10,k=1.9,e=E2|X4|LS|1h",R-A,"n=10,k=1.9,e=E2",X4,LS,1h,-1.9958143155543668,-0.10446569578091693,16042,-0.9799594368820143,0.9810859876954607,12520.35050139708,-82.26215849257514,67,-1.8310496951859372,-2.3480914362163174
"R-A|n=20,k=2,e=E1|X1|L|1h",R-A,"n=20,k=2.0,e=E1",X1,L,1h,-1.100469298827395,-0.05760119570823372,4818,-0.8520530874953006,0.8726550328902073,4392.160531279881,-176.19321109339774,68,-0.9535708360005037,-1.4121533052659876
"R-A|n=20,k=2,e=E1|X1|S|1h",R-A,"n=20,k=2.0,e=E1",X1,S,1h,-1.3412486960622887,-0.07020416536619326,4702,-0.8963973644835783,0.9206717982895909,6049.369191328649,205.9504215942299,46,-1.383424065449349,-1.257197456375395
"R-A|n=20,k=2,e=E1|X1|LS|1h",R-A,"n=20,k=2.0,e=E1",X1,LS,1h,-1.7458100062477697,-0.09137987215674531,9444,-0.9830570839017626,0.9844838231786538,5622.590832249343,5.112482546704756,106,-1.6748727190283026,-1.893465923217018
"R-A|n=20,k=2,e=E1|X2|L|1h",R-A,"n=20,k=2.0,e=E1",X2,L,1h,-0.369748106381733,-0.019353500421263034,3824,-0.6700087291599679,0.7092855592088386,4756.581602273302,-343.124288071243,90,-0.2657526757184862,-0.6089854897131708
"R-A|n=20,k=2,e=E1|X2|S|1h",R-A,"n=20,k=2.0,e=E1",X2,S,1h,-0.9244688529957236,-0.04838891133474973,3718,-0.8681450394161503,0.9065573760828501,4892.703526075215,334.4960497093597,75,-0.8788911641919874,-1.0211775477463676
"R-A|n=20,k=2,e=E1|X2|LS|1h",R-A,"n=20,k=2.0,e=E1",X2,LS,1h,-0.9331902842700667,-0.04884541191157149,7520,-0.953539923980407,0.9613570093944857,5222.622701680457,55.06032953345971,140,-0.7911484848132709,-1.254593482352931
"R-A|n=20,k=2,e=E1|X3|L|1h",R-A,"n=20,k=2.0,e=E1",X3,L,1h,-3.13842129201326,-0.16427247834062272,5188,-0.9993848210761132,0.9994346178700646,2808.3117155913137,-111.90948478017614,163,-3.5207418875636876,-2.4037939634044885
"R-A|n=20,k=2,e=E1|X3|S|1h",R-A,"n=20,k=2.0,e=E1",X3,S,1h,-2.3339038406404997,-0.12216211032164155,5162,-0.996218325738434,0.9966583589865267,8608.00289535044,187.99406939638172,135,-2.392528702012331,-2.22056663928523
"R-A|n=20,k=2,e=E1|X3|LS|1h",R-A,"n=20,k=2.0,e=E1",X3,LS,1h,-4.031308626777577,-0.2110083374599687,10262,-0.9999973320056472,0.9999974572032151,4367.94917704713,-15.291903221757964,275,-4.34697871533906,-3.4362028099124076
"R-A|n=20,k=2,e=E1|X4|L|1h",R-A,"n=20,k=2.0,e=E1",X4,L,1h,-1.0783163485819671,-0.05644165729679295,5060,-0.8378847649668031,0.8591016653998428,4895.553308510224,-173.62054297150482,61,-0.9506184692168784,-1.3508145911748681
"R-A|n=20,k=2,e=E1|X4|S|1h",R-A,"n=20,k=2.0,e=E1",X4,S,1h,-1.4419665512047974,-0.07547597884754974,4952,-0.9014410756333229,0.9224823441099876,5678.607281554591,200.96301221045408,35,-1.5410315259480596,-1.2397857070343647
"R-A|n=20,k=2,e=E1|X4|LS|1h",R-A,"n=20,k=2.0,e=E1",X4,LS,1h,-1.78585848805134,-0.09347610550068607,9942,-0.9819048394567452,0.9833253534992134,5651.3922352889085,12.501132841708767,91,-1.7911633296839264,-1.7784739445038007
"R-A|n=20,k=2,e=E2|X1|L|1h",R-A,"n=20,k=2.0,e=E2",X1,L,1h,-0.8283553281095084,-0.04335809951375824,4806,-0.7656977908477455,0.8057426492595395,5452.612528147944,-163.37096998162667,45,-0.8510925315457423,-0.7889040911013782
"R-A|n=20,k=2,e=E2|X1|S|1h",R-A,"n=20,k=2.0,e=E2",X1,S,1h,-1.312557481455315,-0.06870239855684726,4676,-0.8396710576811482,0.8814280826590787,6687.000633408473,218.85143154808753,35,-1.5502560915933208,-0.830042849908373
"R-A|n=20,k=2,e=E2|X1|LS|1h",R-A,"n=20,k=2.0,e=E2",X1,LS,1h,-1.5429809605824658,-0.08076331468700902,9464,-0.9638674816821898,0.9721691655119669,7184.021061732781,1.3598046722517105,77,-1.6932150149608707,-1.2210750090673732
"R-A|n=20,k=2,e=E2|X2|L|1h",R-A,"n=20,k=2.0,e=E2",X2,L,1h,-0.19183954969105926,-0.010041340960723446,3822,-0.487931999611391,0.6004942762086107,6192.992834761637,-403.9954351645361,70,-0.17451355786196626,-0.23183141503350263
"R-A|n=20,k=2,e=E2|X2|S|1h",R-A,"n=20,k=2.0,e=E2",X2,S,1h,-0.9287113108388704,-0.048610971727318084,3740,-0.8449141014838825,0.8941638516681518,4971.864803133225,293.42457278117854,68,-1.0372204412609771,-0.7003327011466713
"R-A|n=20,k=2,e=E2|X2|LS|1h",R-A,"n=20,k=2.0,e=E2",X2,LS,1h,-0.8225898417946577,-0.043056320167502306,7558,-0.9217303188129041,0.9455654446176834,6390.699938175077,37.637782335808716,128,-0.8753356771948019,-0.712201383545144
"R-A|n=20,k=2,e=E2|X3|L|1h",R-A,"n=20,k=2.0,e=E2",X3,L,1h,-2.443999597894753,-0.12792478563389767,5072,-0.9909460989968337,0.9935659271320277,4952.786256968477,-179.46856851622354,90,-3.024308527540039,-1.3378023187078665
"R-A|n=20,k=2,e=E2|X3|S|1h",R-A,"n=20,k=2.0,e=E2",X3,S,1h,-2.1332078091150777,-0.11165719991470899,5022,-0.9850723793163471,0.9892653553187158,11475.294544139851,314.21543078167184,79,-2.1932989892908514,-2.0252902661024446
"R-A|n=20,k=2,e=E2|X3|LS|1h",R-A,"n=20,k=2.0,e=E2",X3,LS,1h,-3.256503055561267,-0.1704531603268895,9998,-0.9998253833266506,0.9998612200812437,8123.358927058488,-50.029159434743555,156,-3.7045133530550842,-2.4563721969453707
"R-A|n=20,k=2,e=E2|X4|L|1h",R-A,"n=20,k=2.0,e=E2",X4,L,1h,-0.949898380180494,-0.04971995362161643,5000,-0.797048158858172,0.8312405816706042,5343.829628170972,-152.12699435861438,37,-1.054918792557891,-0.7138851728896316
"R-A|n=20,k=2,e=E2|X4|S|1h",R-A,"n=20,k=2.0,e=E2",X4,S,1h,-1.384950559114587,-0.07249162542452668,4866,-0.8423155364421577,0.8796188897171878,6652.510150068131,188.0705980669401,28,-1.6503620512360349,-0.8219056311734743
"R-A|n=20,k=2,e=E2|X4|LS|1h",R-A,"n=20,k=2.0,e=E2",X4,LS,1h,-1.6860370376815408,-0.0882512119895656,9848,-0.9695536702968687,0.9759733678087728,6994.795327259432,-12.946738007396625,62,-1.9406212869482478,-1.1206440628994911
"R-A|n=50,k=2.1,e=E1|X1|L|1h",R-A,"n=50,k=2.1,e=E1",X1,L,1h,-0.3510199758439915,-0.018373225266378412,2152,-0.6345739768865,0.6797390509545895,3209.3301546693906,-207.1657790769384,65,-0.18574509581585927,-0.7386465616727453
"R-A|n=50,k=2.1,e=E1|X1|S|1h",R-A,"n=50,k=2.1,e=E1",X1,S,1h,-1.0402331022767564,-0.05444828908018868,2178,-0.8463063207584699,0.8913507111267058,2995.245790055776,313.9503561919485,56,-1.4772028887429607,-0.1778362192168251
"R-A|n=50,k=2.1,e=E1|X1|LS|1h",R-A,"n=50,k=2.1,e=E1",X1,LS,1h,-0.9502404327404302,-0.049737857470881816,4322,-0.9427441891191843,0.9479475107219925,3625.6811197096167,160.45200347314633,115,-1.0820051285646473,-0.6736848773004989
"R-A|n=50,k=2.1,e=E1|X2|L|1h",R-A,"n=50,k=2.1,e=E1",X2,L,1h,-0.42025411875316476,-0.0219971059322475,1560,-0.7523144317096628,0.7885429728294007,1873.9270523545533,-338.8245764751595,89,-0.32947876921263003,-0.6286854586244839
"R-A|n=50,k=2.1,e=E1|X2|S|1h",R-A,"n=50,k=2.1,e=E1",X2,S,1h,-0.7533453553686673,-0.039431898097218636,1574,-0.8485939722204592,0.9068871838199558,2391.9585335066417,614.0392000501624,87,-0.892413328373378,-0.47273568335582916
"R-A|n=50,k=2.1,e=E1|X2|LS|1h",R-A,"n=50,k=2.1,e=E1",X2,LS,1h,-0.8556051674212858,-0.044784421292010594,3128,-0.9598731391772617,0.9715661372599232,2550.741505945715,236.78721342279135,157,-0.8827652360747777,-0.8009394929102646
"R-A|n=50,k=2.1,e=E1|X3|L|1h",R-A,"n=50,k=2.1,e=E1",X3,L,1h,-1.6998016292288427,-0.0889716836396197,2928,-0.9831263008259113,0.9847068348878799,3604.458870561807,-215.47908438471993,132,-1.9300642835335713,-1.2608595345722664
"R-A|n=50,k=2.1,e=E1|X3|S|1h",R-A,"n=50,k=2.1,e=E1",X3,S,1h,-1.7896900104729774,-0.09367665655022865,2932,-0.9837222886456898,0.9880807616135954,6400.426975394958,335.1456607684311,122,-1.9611849838698654,-1.4606008294207378
"R-A|n=50,k=2.1,e=E1|X3|LS|1h",R-A,"n=50,k=2.1,e=E1",X3,LS,1h,-2.6158328123261194,-0.13691894714679279,5882,-0.9997675840306562,0.999785337474691,4709.955387666736,-21.193815308829656,238,-2.8943022060080583,-2.1130222343489593
"R-A|n=50,k=2.1,e=E1|X4|L|1h",R-A,"n=50,k=2.1,e=E1",X4,L,1h,-0.4949164461906941,-0.025905110761954155,2614,-0.6037065680895342,0.6465069828824707,4309.370709593808,-170.19160278448265,39,-0.3221753313493652,-0.8958168113911565
"R-A|n=50,k=2.1,e=E1|X4|S|1h",R-A,"n=50,k=2.1,e=E1",X4,S,1h,-1.343915233422405,-0.07034373831066978,2628,-0.8439006096431707,0.8611038617047997,2734.508721724811,188.17982777248702,26,-1.9353761616726226,-0.11218479011212544
"R-A|n=50,k=2.1,e=E1|X4|LS|1h",R-A,"n=50,k=2.1,e=E1",X4,LS,1h,-1.2809661761914766,-0.06704883406475295,5234,-0.9381103476659154,0.9424576594754414,3774.983383946077,80.8247130107768,64,-1.5467040238658856,-0.7176076556102418
"R-A|n=50,k=2.1,e=E2|X1|L|1h",R-A,"n=50,k=2.1,e=E2",X1,L,1h,-0.2133273835096442,-0.011166065587252484,2152,-0.49800417035916844,0.6169681024523702,3841.615114904522,-199.6047606857647,53,-0.1137655901283353,-0.4616967675487499
"R-A|n=50,k=2.1,e=E2|X1|S|1h",R-A,"n=50,k=2.1,e=E2",X1,S,1h,-0.7896728838869786,-0.041333367844724876,2170,-0.7221513601479839,0.8127517491902289,3719.870526335043,394.15318683175826,41,-1.1247035826674572,-0.10715726492391663
"R-A|n=50,k=2.1,e=E2|X1|LS|1h",R-A,"n=50,k=2.1,e=E2",X1,LS,1h,-0.6721363407836018,-0.035181224000838555,4320,-0.8619222378623606,0.8955629502893467,5170.459363574024,223.76395061230022,94,-0.7815922493985403,-0.4327711850674423
"R-A|n=50,k=2.1,e=E2|X2|L|1h",R-A,"n=50,k=2.1,e=E2",X2,L,1h,-0.37123463232622766,-0.019431308745352985,1562,-0.7135174072491373,0.7873614768525077,2120.7849470057035,-330.73020244054237,77,-0.32223040295143707,-0.4836593458464807
"R-A|n=50,k=2.1,e=E2|X2|S|1h",R-A,"n=50,k=2.1,e=E2",X2,S,1h,-0.6180520979856069,-0.03235032534927375,1574,-0.7797889508171156,0.871762961520249,2772.642448142352,727.7920443607973,79,-0.6702124408849874,-0.5138088135455045
"R-A|n=50,k=2.1,e=E2|X2|LS|1h",R-A,"n=50,k=2.1,e=E2",X2,LS,1h,-0.6983935152260972,-0.036555587325121194,3134,-0.9300784916178892,0.9612382680964797,3333.555500364385,308.88775860272256,145,-0.7102507519044572,-0.6755187844403242
"R-A|n=50,k=2.1,e=E2|X3|L|1h",R-A,"n=50,k=2.1,e=E2",X3,L,1h,-1.1429393979185962,-0.059824182294144886,2742,-0.9037290729454188,0.920858853083935,5743.501509870971,-284.798654962655,84,-1.3597180085581986,-0.7423422828143813
"R-A|n=50,k=2.1,e=E2|X3|S|1h",R-A,"n=50,k=2.1,e=E2",X3,S,1h,-0.9413705375116275,-0.0492735859355194,2728,-0.8516481853022105,0.9046955160852538,10818.672950424854,685.1999099140121,59,-1.0402058350303365,-0.7573040758051449
"R-A|n=50,k=2.1,e=E2|X3|LS|1h",R-A,"n=50,k=2.1,e=E2",X3,LS,1h,-1.5223861700516712,-0.0796853340825538,5454,-0.9860272203899257,0.990038198423632,9547.5664196963,40.587311975030296,140,-1.7940604166906418,-1.0395548102158827
"R-A|n=50,k=2.1,e=E2|X4|L|1h",R-A,"n=50,k=2.1,e=E2",X4,L,1h,-0.17546799178030156,-0.009184414454667283,2566,-0.32878380134680596,0.4390057064150674,5492.255789475104,-203.08873752296205,30,-0.14715681589020518,-0.2440286323363261
"R-A|n=50,k=2.1,e=E2|X4|S|1h",R-A,"n=50,k=2.1,e=E2",X4,S,1h,-0.747349309824944,-0.03911805072936611,2560,-0.6010779167123674,0.6870452472796982,4492.9314331965015,382.2423536270746,17,-1.0348602747255427,-0.11444002808719207
"R-A|n=50,k=2.1,e=E2|X4|LS|1h",R-A,"n=50,k=2.1,e=E2",X4,LS,1h,-0.622537386600392,-0.032585096085343754,5126,-0.7319746387200787,0.7940593993449576,7471.224677431174,198.91038553525584,48,-0.7878605109423297,-0.2571155362443707
"R-B|lb=20,th=1.5|X1|L|1h",R-B,"lb=20,th=1.5",X1,L,1h,-1.3721153260125059,-0.07181979861876157,6358,-0.9271769439578994,0.9352703367281215,4557.982293722902,-201.4361762770045,78,-1.1333481163541697,-1.8764528395483646
"R-B|lb=20,th=1.5|X1|S|1h",R-B,"lb=20,th=1.5",X1,S,1h,-1.5224855894829148,-0.07969053793342211,6334,-0.9441518306171659,0.9579404370986322,6361.640638231283,149.5928795015996,64,-1.6875471899659378,-1.1918940905789215
"R-B|lb=20,th=1.5|X1|LS|1h",R-B,"lb=20,th=1.5",X1,LS,1h,-2.153570856487989,-0.11272305052789096,12466,-0.9954599682803785,0.9959237067355177,5270.279894820049,-23.01643442924313,120,-2.1908205657025106,-2.079957358581423
"R-B|lb=20,th=1.5|X2|L|1h",R-B,"lb=20,th=1.5",X2,L,1h,-1.4914717350012854,-0.07806719859668046,7344,-0.9440258926423729,0.946262157621976,4560.044697524472,-159.64730813711145,67,-1.252036046674542,-1.9703524777839632
"R-B|lb=20,th=1.5|X2|S|1h",R-B,"lb=20,th=1.5",X2,S,1h,-1.6276447605109734,-0.08519482051300627,7336,-0.9438738824603872,0.9620664497265519,9051.968127909533,141.48352070716007,56,-1.4667352974723207,-1.9391056621307317
"R-B|lb=20,th=1.5|X2|LS|1h",R-B,"lb=20,th=1.5",X2,LS,1h,-2.198088275129789,-0.1150531987167991,13646,-0.9934059920903976,0.9946085172052818,7957.119760957988,-26.929104581852116,97,-1.843264588062068,-2.927623915289051
"R-B|lb=20,th=1.5|X3|L|1h",R-B,"lb=20,th=1.5",X3,L,1h,-3.382355198430009,-0.1770405625555636,6384,-0.999255519023626,0.9993216356640906,2864.8191309733643,-123.61073094936775,126,-3.6244387757517473,-2.902798982770813
"R-B|lb=20,th=1.5|X3|S|1h",R-B,"lb=20,th=1.5",X3,S,1h,-2.8067869036879203,-0.14691394110031716,6470,-0.9974224079970797,0.997926343297894,6208.033418333558,156.35985053333806,122,-3.0118097548569702,-2.4372294820294393
"R-B|lb=20,th=1.5|X3|LS|1h",R-B,"lb=20,th=1.5",X3,LS,1h,-4.719685703170783,-0.24703964041466026,12628,-0.9999981918794216,0.9999983218446131,4079.2397791753574,-20.188437520289867,214,-5.102177042154202,-4.021259389074441
"R-B|lb=20,th=1.5|X4|L|1h",R-B,"lb=20,th=1.5",X4,L,1h,-1.4589589355363923,-0.07636540089365013,6762,-0.9340005073252756,0.941051497058249,4669.80469654889,-186.91726441740877,73,-1.222619288113389,-1.9668150265047313
"R-B|lb=20,th=1.5|X4|S|1h",R-B,"lb=20,th=1.5",X4,S,1h,-1.627139540056263,-0.08516837606578853,6814,-0.9480604827055672,0.959691306659314,6442.310908279656,160.78111905457234,50,-1.7728228666379744,-1.333114470408584
"R-B|lb=20,th=1.5|X4|LS|1h",R-B,"lb=20,th=1.5",X4,LS,1h,-2.3090151695178975,-0.12085937773493653,13344,-0.9962183150167839,0.9965720518322175,5137.452650829437,-20.073329551076032,108,-2.352118057915318,-2.2243333906742624
"R-B|lb=20,th=1.5|X5|L|1h",R-B,"lb=20,th=1.5",X5,L,1h,-1.4043559649964443,-0.07350735079114037,6396,-0.9304062961572857,0.9381407858937227,4445.528815683534,-200.39226712832686,77,-1.1634137327847482,-1.908563588498746
"R-B|lb=20,th=1.5|X5|S|1h",R-B,"lb=20,th=1.5",X5,S,1h,-1.5845157066661322,-0.08293734265889914,6362,-0.9488160093793714,0.9608616321554181,6187.029268994172,136.39794875408353,62,-1.764992472767467,-1.2187654067482407
"R-B|lb=20,th=1.5|X5|LS|1h",R-B,"lb=20,th=1.5",X5,LS,1h,-2.237774383773411,-0.11713046458265772,12532,-0.9961171989148798,0.9964603165020772,5013.237705275474,-26.438667593181417,119,-2.2910379637427747,-2.1315884532973555
"R-B|lb=20,th=2|X1|L|1h",R-B,"lb=20,th=2.0",X1,L,1h,-1.100469298827395,-0.05760119570823372,4818,-0.8520530874953006,0.8726550328902073,4392.160531279881,-176.19321109339774,68,-0.9535708360005037,-1.4121533052659876
"R-B|lb=20,th=2|X1|S|1h",R-B,"lb=20,th=2.0",X1,S,1h,-1.3412486960622887,-0.07020416536619326,4702,-0.8963973644835783,0.9206717982895909,6049.369191328649,205.9504215942299,46,-1.383424065449349,-1.257197456375395
"R-B|lb=20,th=2|X1|LS|1h",R-B,"lb=20,th=2.0",X1,LS,1h,-1.7458100062477697,-0.09137987215674531,9444,-0.9830570839017626,0.9844838231786538,5622.590832249343,5.112482546704756,106,-1.6748727190283026,-1.893465923217018
"R-B|lb=20,th=2|X2|L|1h",R-B,"lb=20,th=2.0",X2,L,1h,-1.170287138201118,-0.061255628443410474,5366,-0.86238485454483,0.8726895091568989,4713.682318745928,-147.807360018331,55,-0.8847490652774928,-1.79141919541022
"R-B|lb=20,th=2|X2|S|1h",R-B,"lb=20,th=2.0",X2,S,1h,-1.3725268001375053,-0.07184133615881673,5220,-0.8797400320581933,0.9224863439803401,8344.473094889687,192.1307332380464,37,-1.1656660836608574,-1.776194113263688
"R-B|lb=20,th=2|X2|LS|1h",R-B,"lb=20,th=2.0",X2,LS,1h,-1.7443661189268356,-0.09130429564021515,10118,-0.9742428655774615,0.9803307896087639,8177.04212104886,15.714713510861358,79,-1.3000237274895703,-2.666650495654583
"R-B|lb=20,th=2|X3|L|1h",R-B,"lb=20,th=2.0",X3,L,1h,-2.742763330887124,-0.14356279413895387,4754,-0.9948663084008023,0.9954324044957047,2867.229566952726,-132.84507115529823,93,-3.03692696211047,-2.185840241205065
"R-B|lb=20,th=2|X3|S|1h",R-B,"lb=20,th=2.0",X3,S,1h,-2.186293663504826,-0.11443584052858247,4802,-0.9844386422651409,0.9865678301188765,6470.591746816603,189.92015005234742,82,-2.4029041306529186,-1.760883186683785
"R-B|lb=20,th=2|X3|LS|1h",R-B,"lb=20,th=2.0",X3,LS,1h,-3.579858403058782,-0.1873783527646566,9470,-0.9998998047128174,0.9999051756861825,4020.8309169618665,-21.043684498731267,158,-4.017138396871308,-2.750494890777984
"R-B|lb=20,th=2|X4|L|1h",R-B,"lb=20,th=2.0",X4,L,1h,-1.0783163485819671,-0.05644165729679295,5060,-0.8378847649668031,0.8591016653998428,4895.553308510224,-173.62054297150482,61,-0.9506184692168784,-1.3508145911748681
"R-B|lb=20,th=2|X4|S|1h",R-B,"lb=20,th=2.0",X4,S,1h,-1.4419665512047974,-0.07547597884754974,4952,-0.9014410756333229,0.9224823441099876,5678.607281554591,200.96301221045408,35,-1.5410315259480596,-1.2397857070343647
"R-B|lb=20,th=2|X4|LS|1h",R-B,"lb=20,th=2.0",X4,LS,1h,-1.78585848805134,-0.09347610550068607,9942,-0.9819048394567452,0.9833253534992134,5651.3922352889085,12.501132841708767,91,-1.7911633296839264,-1.7784739445038007
"R-B|lb=20,th=2|X5|L|1h",R-B,"lb=20,th=2.0",X5,L,1h,-1.1045549915293014,-0.05781505063828672,4840,-0.8523833154379319,0.8729392758377698,4323.853472600542,-176.60504514231133,67,-0.9728706239001357,-1.3815813292950814
"R-B|lb=20,th=2|X5|S|1h",R-B,"lb=20,th=2.0",X5,S,1h,-1.3494255484623328,-0.07063216138196048,4726,-0.8943186087354718,0.9184019600349014,5863.059898912982,197.09473909788548,44,-1.440542547242499,-1.1638039501775579
"R-B|lb=20,th=2|X5|LS|1h",R-B,"lb=20,th=2.0",X5,LS,1h,-1.7589688033408877,-0.09206863507585017,9490,-0.9827764153205137,0.9840946033722328,5389.502592333893,0.03807729706994455,103,-1.7374800632555572,-1.8067044125179847
"R-B|lb=20,th=2.5|X1|L|1h",R-B,"lb=20,th=2.5",X1,L,1h,-0.8722667764716285,-0.045656529768590096,3146,-0.7291880254973123,0.765366811141992,4042.7168093898626,-183.62654585109436,54,-0.7469455136882532,-1.1239291419026567
"R-B|lb=20,th=2.5|X1|S|1h",R-B,"lb=20,th=2.5",X1,S,1h,-1.5132960968683373,-0.07920953790632852,3102,-0.8679253491861592,0.8898719135068507,3931.064356533079,172.887928381711,32,-1.6130889162862292,-1.3254212220354524
"R-B|lb=20,th=2.5|X1|LS|1h",R-B,"lb=20,th=2.5",X1,LS,1h,-1.703746288539286,-0.08917815654457512,6204,-0.9641064340618108,0.9674839770784383,4408.424118977933,-1.081535882432497,81,-1.6938710867694313,-1.7212091107735965
"R-B|lb=20,th=2.5|X2|L|1h",R-B,"lb=20,th=2.5",X2,L,1h,-0.9600924039843999,-0.050253533214258274,3376,-0.7336156546987262,0.7527909091953222,4232.549578317641,-134.22093688716146,43,-0.6899222840327873,-1.505506969673564
"R-B|lb=20,th=2.5|X2|S|1h",R-B,"lb=20,th=2.5",X2,S,1h,-1.6632454687838019,-0.08705824675012165,3324,-0.8648914620528014,0.8991237768911904,4940.889526707299,140.3365057516195,28,-1.5050751714370367,-1.9610912158875116
"R-B|lb=20,th=2.5|X2|LS|1h",R-B,"lb=20,th=2.5",X2,LS,1h,-1.896545976591983,-0.09926975344404634,6542,-0.96256495643031,0.9692924362635968,5509.010596704043,-3.7651866021937703,65,-1.553362363230448,-2.560711725253926
"R-B|lb=20,th=2.5|X3|L|1h",R-B,"lb=20,th=2.5",X3,L,1h,-2.1634554859186013,-0.11324043567888312,3064,-0.9681974374988827,0.973519045107921,3348.166981798181,-159.34349663703955,55,-2.2841821336750683,-1.9332148241849236
"R-B|lb=20,th=2.5|X3|S|1h",R-B,"lb=20,th=2.5",X3,S,1h,-1.8432957801523624,-0.09648251077413378,3114,-0.94063700411144,0.9497035387967225,5759.605229895291,184.2241081228815,42,-2.0919835158829736,-1.376006888854298
"R-B|lb=20,th=2.5|X3|LS|1h",R-B,"lb=20,th=2.5",X3,LS,1h,-2.917671365613339,-0.15271789910184796,6150,-0.9980735598940959,0.9982150789485653,4151.466263397373,-29.102591325519427,88,-3.256925599594303,-2.2986200909885195
"R-B|lb=20,th=2.5|X4|L|1h",R-B,"lb=20,th=2.5",X4,L,1h,-0.7944269928608899,-0.041582209281479474,3252,-0.6818552126607625,0.7219091420140042,4388.247476767541,-171.25015430590025,43,-0.8256707406269863,-0.7328813334625998
"R-B|lb=20,th=2.5|X4|S|1h",R-B,"lb=20,th=2.5",X4,S,1h,-1.6948695531360867,-0.08871352697812132,3210,-0.8800690071709036,0.8970670141791977,3492.2844620148485,152.25831980268532,25,-1.9236216045562775,-1.248748575142045
"R-B|lb=20,th=2.5|X4|LS|1h",R-B,"lb=20,th=2.5",X4,LS,1h,-1.7528738410199245,-0.09174961016724235,6424,-0.9610532107122056,0.9639946299601355,4207.649927367677,3.406959042642888,65,-1.9511327819647004,-1.369270571921399
"R-B|lb=20,th=2.5|X5|L|1h",R-B,"lb=20,th=2.5",X5,L,1h,-0.8737573142827186,-0.04573454808337508,3156,-0.7278024016916158,0.7657730689660704,3981.2114032149993,-180.780923870592,53,-0.7523191269683623,-1.1140263889218005
"R-B|lb=20,th=2.5|X5|S|1h",R-B,"lb=20,th=2.5",X5,S,1h,-1.498657346621361,-0.07844331069871945,3116,-0.8602552921855752,0.8827712658384631,3858.1571625021884,167.90207164444294,30,-1.6726868053357662,-1.1592387727884732
"R-B|lb=20,th=2.5|X5|LS|1h",R-B,"lb=20,th=2.5",X5,LS,1h,-1.6927901358773645,-0.0886046853042951,6228,-0.961847563965826,0.9652285204408088,4236.949765561012,0.16518109540376724,78,-1.743026207944452,-1.5946401171693505
"R-B|lb=20,th=3|X1|L|1h",R-B,"lb=20,th=3.0",X1,L,1h,-0.7981922038519843,-0.041779289432113315,1558,-0.5100165465339777,0.5568891371132544,2975.6940397255357,-106.10112899697951,23,-0.5537590201478508,-1.2782511689148803
"R-B|lb=20,th=3|X1|S|1h",R-B,"lb=20,th=3.0",X1,S,1h,-1.625214397334096,-0.08506760949027027,1562,-0.8071608324245478,0.821360248498586,2064.829957890246,109.95611357010367,21,-1.8488474915755493,-1.2313631024192058
"R-B|lb=20,th=3|X1|LS|1h",R-B,"lb=20,th=3.0",X1,LS,1h,-1.750989141994634,-0.0916509605115704,3100,-0.9032066387371543,0.911048360961787,3252.1575669671956,25.34183988435452,44,-1.7331436898417676,-1.7828735324824714
"R-B|lb=20,th=3|X2|L|1h",R-B,"lb=20,th=3.0",X2,L,1h,-1.1414293348729054,-0.059745141981871475,1598,-0.6287902328503718,0.6450600309366901,2549.9468582987593,-59.13815468370606,21,-0.8659733653088186,-1.726620469136314
"R-B|lb=20,th=3|X2|S|1h",R-B,"lb=20,th=3.0",X2,S,1h,-1.4993822762707225,-0.07848125525078652,1620,-0.7571286921161076,0.7958329004694487,2580.6412398158923,88.44581921248603,16,-1.401741587532357,-1.684525491646525
"R-B|lb=20,th=3|X2|LS|1h",R-B,"lb=20,th=3.0",X2,LS,1h,-1.8644107936695826,-0.09758772109420666,3174,-0.9056787723038714,0.9184788686442437,3458.2240018071166,18.085714993186663,37,-1.5768452783242677,-2.437206058324026
"R-B|lb=20,th=3|X3|L|1h",R-B,"lb=20,th=3.0",X3,L,1h,-2.282290824110021,-0.11946056156473187,1518,-0.9217889433531407,0.9289102986205275,2790.4510677002418,-128.1645993404254,22,-2.1304058020264502,-2.5898625978932097
"R-B|lb=20,th=3|X3|S|1h",R-B,"lb=20,th=3.0",X3,S,1h,-1.6060723203835496,-0.08406566738987241,1578,-0.8406907703526038,0.8527137514826293,3990.2896587006576,156.03505764985465,20,-1.8519620266401686,-1.087030779318837
"R-B|lb=20,th=3|X3|LS|1h",R-B,"lb=20,th=3.0",X3,LS,1h,-2.7931988459749766,-0.14620270965346804,3082,-0.9872276366453826,0.9880938837565741,3580.022988794404,-20.104529545948672,40,-2.8606927365322314,-2.658678487323893
"R-B|lb=20,th=3|X4|L|1h",R-B,"lb=20,th=3.0",X4,L,1h,-0.7708305285619526,-0.0403471138912185,1586,-0.49322072528491634,0.536242814951769,3038.5016176335766,-96.9031616660517,18,-0.4720573182454421,-1.353802082597381
"R-B|lb=20,th=3|X4|S|1h",R-B,"lb=20,th=3.0",X4,S,1h,-1.7584803591290743,-0.09204306873731878,1594,-0.8132991888241192,0.8209787849040531,1928.4084734100938,108.13393133269867,15,-2.0405107499087656,-1.2051359802967547
"R-B|lb=20,th=3|X4|LS|1h",R-B,"lb=20,th=3.0",X4,LS,1h,-1.824665183273503,-0.09550734076428082,3160,-0.9029528841135717,0.9079358109234715,3017.999317639843,34.71577266374507,33,-1.824847000553944,-1.82325294864358
"R-B|lb=20,th=3|X5|L|1h",R-B,"lb=20,th=3.0",X5,L,1h,-0.7404490305700911,-0.03875687360591182,1566,-0.48453325940062264,0.5338436214515,3038.6692570264736,-106.67099740690776,22,-0.4717492459723434,-1.2657290522941242
"R-B|lb=20,th=3|X5|S|1h",R-B,"lb=20,th=3.0",X5,S,1h,-1.5656943555124057,-0.081952188113966,1570,-0.7858591962515845,0.7963166280826698,2100.4713821069427,113.75843369345223,19,-1.8043547037500058,-1.1089150834691985
"R-B|lb=20,th=3|X5|LS|1h",R-B,"lb=20,th=3.0",X5,LS,1h,-1.6621332702495308,-0.08700003161817092,3116,-0.8869749742539965,0.8933511227504829,3314.959422554051,31.206627543230187,41,-1.6469012746552238,-1.6902172843593126
"R-B|lb=50,th=1.5|X1|L|1h",R-B,"lb=50,th=1.5",X1,L,1h,-0.6650472656435066,-0.03481016484910201,2870,-0.8218485206937399,0.8406493850414954,2947.7361644710586,-207.32703542966408,81,-0.5446862956787971,-0.9513934475273371
"R-B|lb=50,th=1.5|X1|S|1h",R-B,"lb=50,th=1.5",X1,S,1h,-1.0625021256142568,-0.055613903034945435,2888,-0.8807777518397245,0.9163251751187509,3851.762957399924,354.33076235235745,64,-1.404073928193786,-0.3695263591608874
"R-B|lb=50,th=1.5|X1|LS|1h",R-B,"lb=50,th=1.5",X1,LS,1h,-1.2056261481865942,-0.06310535676611574,5726,-0.9766640907891839,0.9789299168887446,3827.295841793136,99.91240190776097,137,-1.3296560979142271,-0.9444602220967516
"R-B|lb=50,th=1.5|X2|L|1h",R-B,"lb=50,th=1.5",X2,L,1h,-0.9375879791327842,-0.04907559778111134,3432,-0.8681978448939576,0.8877401642498274,3607.4308444693283,-181.48375739984576,74,-0.7210907967068735,-1.4392994539603108
"R-B|lb=50,th=1.5|X2|S|1h",R-B,"lb=50,th=1.5",X2,S,1h,-1.072621334566049,-0.05614356663925114,3440,-0.8594445251437715,0.8948289298453265,4538.066218999382,315.8500421052736,55,-1.2931986215060487,-0.6227338482381106
"R-B|lb=50,th=1.5|X2|LS|1h",R-B,"lb=50,th=1.5",X2,LS,1h,-1.375395082631726,-0.07199146892623892,6590,-0.9741645250157668,0.9825965309942036,5714.676751629006,93.43753112015065,115,-1.3387534348997499,-1.4583859671276822
"R-B|lb=50,th=1.5|X3|L|1h",R-B,"lb=50,th=1.5",X3,L,1h,-2.223515973322566,-0.11638414526984946,3728,-0.9945398363563638,0.9952413115151152,2780.980153088816,-187.80948934723722,134,-2.2430699746702736,-2.1845350220322213
"R-B|lb=50,th=1.5|X3|S|1h",R-B,"lb=50,th=1.5",X3,S,1h,-2.1086500721377757,-0.11037178921284918,3708,-0.9898019702051013,0.9914721090344274,5015.401036029398,258.34570960536934,112,-2.244435904301194,-1.8521392903562004
"R-B|lb=50,th=1.5|X3|LS|1h",R-B,"lb=50,th=1.5",X3,LS,1h,-3.2638778803938577,-0.17083917630111856,7360,-0.9999461823186258,0.9999494127456642,3650.1598243526964,-32.45388245142538,222,-3.4283513235357987,-2.959357995908836
"R-B|lb=50,th=1.5|X4|L|1h",R-B,"lb=50,th=1.5",X4,L,1h,-1.008271063561509,-0.052775319512357186,3920,-0.8906949758012591,0.9003149866446232,3028.7352718106595,-123.45535251545074,73,-0.9942101997030894,-1.0724432077664399
"R-B|lb=50,th=1.5|X4|S|1h",R-B,"lb=50,th=1.5",X4,S,1h,-1.3524004191688248,-0.07078787323139955,3964,-0.8926800639510637,0.9109131008372958,4004.42518336599,199.196069043867,42,-1.7532325177776769,-0.49833022095248775
"R-B|lb=50,th=1.5|X4|LS|1h",R-B,"lb=50,th=1.5",X4,LS,1h,-1.659298937940661,-0.08685167588466765,7850,-0.9872222242905575,0.9882014014377503,3540.4749498580304,32.240777394552495,106,-1.8970907560502877,-1.1335271572773373
"R-B|lb=50,th=1.5|X5|L|1h",R-B,"lb=50,th=1.5",X5,L,1h,-0.7991497507322496,-0.04182940972652656,3196,-0.8566359374180798,0.8720450693126622,2958.6654242600985,-181.14315503623206,79,-0.6853945261836648,-1.0877917646704105
"R-B|lb=50,th=1.5|X5|S|1h",R-B,"lb=50,th=1.5",X5,S,1h,-1.1264842072995136,-0.05896287825206389,3242,-0.8788319251402245,0.9076993204421544,3933.8784558976186,306.1478215810044,55,-1.5120526832855057,-0.3359859806348834
"R-B|lb=50,th=1.5|X5|LS|1h",R-B,"lb=50,th=1.5",X5,LS,1h,-1.352289824538088,-0.0707820844438558,6410,-0.9812897186817896,0.9828348398159302,3725.9850196000443,67.2581662967326,127,-1.5109802741050302,-1.012836506002725
"R-B|lb=50,th=2|X1|L|1h",R-B,"lb=50,th=2.0",X1,L,1h,-0.3685999598981912,-0.019293403687650673,2264,-0.6524065714367517,0.6950665963963163,3256.102511471559,-218.41546441152076,72,-0.24538790213871622,-0.6594140702458565
"R-B|lb=50,th=2|X1|S|1h",R-B,"lb=50,th=2.0",X1,S,1h,-0.9433677584490386,-0.049378125257253304,2308,-0.827382066563525,0.8815614846807979,3407.034059438026,369.9628503380858,57,-1.289416136639956,-0.25184958891402603
"R-B|lb=50,th=2|X1|LS|1h",R-B,"lb=50,th=2.0",X1,LS,1h,-0.8970683389685647,-0.046954702881441365,4562,-0.9381025778586707,0.944303781146032,4007.3927639721524,171.6738421488456,120,-1.0103975238614245,-0.6578162444134041
"R-B|lb=50,th=2|X2|L|1h",R-B,"lb=50,th=2.0",X2,L,1h,-0.7457849303073889,-0.039036167363016266,2552,-0.7852026577261753,0.819734740209545,3240.7107970261322,-171.93569564952963,62,-0.5243163639670709,-1.2670693632903618
"R-B|lb=50,th=2|X2|S|1h",R-B,"lb=50,th=2.0",X2,S,1h,-0.9261396747176466,-0.04847636614071352,2590,-0.7911451508101117,0.8474085000446114,3918.1821262629055,323.0537996731435,45,-1.153570081030142,-0.47089962271297947
"R-B|lb=50,th=2|X2|LS|1h",R-B,"lb=50,th=2.0",X2,LS,1h,-1.1744427389319245,-0.06147314252693423,4970,-0.9481132722697775,0.9643026656874303,4884.822844166263,134.57497827039745,96,-1.1240800357086191,-1.2838151810162537
"R-B|lb=50,th=2|X3|L|1h",R-B,"lb=50,th=2.0",X3,L,1h,-1.8143462661771803,-0.09496722395793677,2852,-0.9760105741798558,0.9785748744652947,3041.499245331636,-201.94943652540064,99,-1.9744031110771916,-1.516050835161642
"R-B|lb=50,th=2|X3|S|1h",R-B,"lb=50,th=2.0",X3,S,1h,-1.5421450455706245,-0.08071956089556402,2868,-0.9537835418538761,0.9616419924492475,6117.17920310871,413.6912352127299,89,-1.6317641828576948,-1.3758038138578041
"R-B|lb=50,th=2|X3|LS|1h",R-B,"lb=50,th=2.0",X3,LS,1h,-2.5321395930701587,-0.132538243835077,5700,-0.9990581983170023,0.9991246861467737,4169.916629644442,-4.626189282037523,181,-2.7247670175233534,-2.185678502143618
"R-B|lb=50,th=2|X4|L|1h",R-B,"lb=50,th=2.0",X4,L,1h,-0.48524493237104616,-0.025398880591867595,2788,-0.6118495216072178,0.6618498817014797,4408.684304996799,-180.05922785995236,48,-0.39523352633733355,-0.6944317427504115
"R-B|lb=50,th=2|X4|S|1h",R-B,"lb=50,th=2.0",X4,S,1h,-1.3212342040839,-0.0691565589761954,2818,-0.8488069026144043,0.8671683028884449,2966.9034842859046,201.84675043274964,28,-1.803392694407348,-0.30086088678779027
"R-B|lb=50,th=2|X4|LS|1h",R-B,"lb=50,th=2.0",X4,LS,1h,-1.2590376497808764,-0.065901042533707,5594,-0.9410695174158441,0.9458806844483097,3972.862020377519,76.961453921507,72,-1.5199290632574038,-0.7010051479451329
"R-B|lb=50,th=2|X5|L|1h",R-B,"lb=50,th=2.0",X5,L,1h,-0.3008073109009879,-0.015744974261560903,2484,-0.590342993322795,0.6418873937723295,4170.284684774669,-242.52595113147117,66,-0.10841569820810823,-0.7714258955273345
"R-B|lb=50,th=2|X5|S|1h",R-B,"lb=50,th=2.0",X5,S,1h,-1.0116934707777856,-0.05295445649334163,2530,-0.8242722774885812,0.8735580218581289,3321.6120414829356,293.8491369056782,41,-1.4956035905401748,-0.0071093414309582395
"R-B|lb=50,th=2|X5|LS|1h",R-B,"lb=50,th=2.0",X5,LS,1h,-0.8922697794381392,-0.046703534796221566,5004,-0.928231136334425,0.9344450512441482,4448.063815307218,157.5132792275129,101,-1.0388390237609022,-0.5728489451670181
"R-B|lb=50,th=2.5|X1|L|1h",R-B,"lb=50,th=2.5",X1,L,1h,-0.2958977772445714,-0.015487997525107884,1698,-0.5615840105235237,0.6288190618117417,2827.5359822449423,-148.94533292886626,54,-0.16576449035988947,-0.6392972030869073
"R-B|lb=50,th=2.5|X1|S|1h",R-B,"lb=50,th=2.5",X1,S,1h,-1.1116825088399231,-0.05818812194519225,1700,-0.8271512270161268,0.8726111311467782,2571.0075747409296,311.7606521546935,44,-1.3672021378965458,-0.6105804693862082
"R-B|lb=50,th=2.5|X1|LS|1h",R-B,"lb=50,th=2.5",X1,LS,1h,-0.9251376188253351,-0.04842391613813268,3396,-0.9214336761206637,0.9342658050269261,3490.621405627318,202.10180713772615,95,-0.9540481450079112,-0.8691875338186869
"R-B|lb=50,th=2.5|X2|L|1h",R-B,"lb=50,th=2.5",X2,L,1h,-0.7150152890927416,-0.037425610732889844,1820,-0.7053140986356319,0.7558785817572982,2776.7595044993036,-113.29784878967857,48,-0.4478703204767237,-1.3299907898700176
"R-B|lb=50,th=2.5|X2|S|1h",R-B,"lb=50,th=2.5",X2,S,1h,-1.1332250835703317,-0.059315711842000574,1836,-0.7912853061961024,0.8472829067526497,2940.010647383528,273.3718625430949,36,-1.251974032441997,-0.8994687745349766
"R-B|lb=50,th=2.5|X2|LS|1h",R-B,"lb=50,th=2.5",X2,LS,1h,-1.303021742451608,-0.06820327516543559,3582,-0.9329873427693813,0.9510516257045531,4122.151409553752,170.06296917755662,79,-1.145668943116629,-1.6263416303013976
"R-B|lb=50,th=2.5|X3|L|1h",R-B,"lb=50,th=2.5",X3,L,1h,-1.6187907712553664,-0.08473138153433213,1994,-0.9406228705094397,0.950029964375151,3006.6317384062504,-198.10711887236965,68,-1.6668014391264316,-1.5277999361052552
"R-B|lb=50,th=2.5|X3|S|1h",R-B,"lb=50,th=2.5",X3,S,1h,-1.740172077093304,-0.0910847694574137,2044,-0.9461359845111071,0.9545484768893147,3928.9952412627927,322.3590078775488,55,-1.8327808230278868,-1.5620159157713527
"R-B|lb=50,th=2.5|X3|LS|1h",R-B,"lb=50,th=2.5",X3,LS,1h,-2.443657153409477,-0.12790686127032241,4032,-0.9970756180979168,0.9974043509821462,3442.0624359409885,22.20945240466446,118,-2.5429675010438055,-2.2574414214754204
"R-B|lb=50,th=2.5|X4|L|1h",R-B,"lb=50,th=2.5",X4,L,1h,-0.08424540588723912,-0.004409606080970339,1924,-0.2220535616602758,0.36424996938925647,4525.444136480065,-174.63276418920654,28,0.0017381117110563226,-0.2595429779400394
"R-B|lb=50,th=2.5|X4|S|1h",R-B,"lb=50,th=2.5",X4,S,1h,-1.3762764510868457,-0.07203760185964152,1932,-0.791645339946134,0.8168334495437486,2497.412824887077,247.62080085363533,21,-1.675380267333635,-0.7544676073775596
"R-B|lb=50,th=2.5|X4|LS|1h",R-B,"lb=50,th=2.5",X4,LS,1h,-0.9701074092070238,-0.050777742546097,3854,-0.8351048083759115,0.8531533321655556,4533.105414518258,150.96496997579723,48,-1.1258440311710418,-0.6561143889762757
"R-B|lb=50,th=2.5|X5|L|1h",R-B,"lb=50,th=2.5",X5,L,1h,-0.2636198300947559,-0.013798492554076282,1806,-0.45869391476211263,0.5402737898551225,3636.5297989020382,-151.99389547512934,46,0.005735496868704501,-0.902019042933231
"R-B|lb=50,th=2.5|X5|S|1h",R-B,"lb=50,th=2.5",X5,S,1h,-1.1803219176412363,-0.061780872805097906,1812,-0.8100385170216547,0.8436042855528064,2511.1607127772445,252.3696394912894,32,-1.583293870334354,-0.3532369897214687
"R-B|lb=50,th=2.5|X5|LS|1h",R-B,"lb=50,th=2.5",X5,LS,1h,-0.9687245407862506,-0.050705359904774275,3616,-0.895148652389791,0.904762653375902,3957.700100683676,217.85983899210018,78,-1.0145282402937168,-0.8746322900786749
"R-B|lb=50,th=3|X1|L|1h",R-B,"lb=50,th=3.0",X1,L,1h,-0.5143159585226129,-0.026920527646065173,1082,-0.5629204888087342,0.6035463021180643,1785.0292050693283,-113.7077508810841,35,-0.43673052060082224,-0.6789415928340654
"R-B|lb=50,th=3|X1|S|1h",R-B,"lb=50,th=3.0",X1,S,1h,-1.1049174190034876,-0.05783402095930603,1126,-0.7561394812103741,0.8036312362699319,1704.4527232016794,221.27110942396965,27,-1.4930250413841497,-0.3503390171431764
"R-B|lb=50,th=3|X1|LS|1h",R-B,"lb=50,th=3.0",X1,LS,1h,-1.1183243141643808,-0.05853576992479308,2208,-0.8914981925994332,0.8985225577896753,2225.0204965047233,97.53846666286579,61,-1.309606603330959,-0.7332596237651033
"R-B|lb=50,th=3|X2|L|1h",R-B,"lb=50,th=3.0",X2,L,1h,-0.7417082775928792,-0.038822785607529595,1134,-0.6277908081380705,0.673364936889267,1941.1963142522102,-83.85688707477526,30,-0.4342283335249729,-1.3991283178840193
"R-B|lb=50,th=3|X2|S|1h",R-B,"lb=50,th=3.0",X2,S,1h,-1.0898806667933443,-0.057046961376821,1188,-0.7049939563362835,0.7671597254535736,1963.1269557732776,188.44814721258885,19,-1.3403280487008793,-0.5948338204531751
"R-B|lb=50,th=3|X2|LS|1h",R-B,"lb=50,th=3.0",X2,LS,1h,-1.2772373332844509,-0.06685365750664114,2296,-0.8789080235175493,0.8877622278561891,2869.7182056614333,100.06162124414091,46,-1.1972002964707986,-1.4372523181962895
"R-B|lb=50,th=3|X3|L|1h",R-B,"lb=50,th=3.0",X3,L,1h,-1.6356082616676393,-0.08561164921430364,1230,-0.8946632584691553,0.9070045706291912,2408.816368375553,-147.62103836202047,43,-1.7558260771192047,-1.404539561898906
"R-B|lb=50,th=3|X3|S|1h",R-B,"lb=50,th=3.0",X3,S,1h,-1.5440233502606984,-0.08081787585643382,1302,-0.8676899015108676,0.8783636565968695,3107.8754362348022,264.0727962316784,36,-1.859229614780452,-0.9086131945059934
"R-B|lb=50,th=3|X3|LS|1h",R-B,"lb=50,th=3.0",X3,LS,1h,-2.2669672036243336,-0.11865848661044165,2532,-0.9856963590526993,0.9866576436608935,2879.710515131711,29.93121583398919,77,-2.5779090368517825,-1.6624572270129037
"R-B|lb=50,th=3|X4|L|1h",R-B,"lb=50,th=3.0",X4,L,1h,-0.418202432384031,-0.021889715759521814,1162,-0.36089217328526113,0.41168927640308217,2469.1832996400417,-78.2264908498282,15,-0.3300735800774845,-0.6136358959558231
"R-B|lb=50,th=3|X4|S|1h",R-B,"lb=50,th=3.0",X4,S,1h,-1.295900092698763,-0.06783051098054081,1212,-0.6852419160337332,0.6937653257304719,1808.4024051718,195.40706316720414,12,-1.7004304538401358,-0.4996556376326173
"R-B|lb=50,th=3|X4|LS|1h",R-B,"lb=50,th=3.0",X4,LS,1h,-1.2012841690626024,-0.06287808719162728,2374,-0.7978355930505677,0.8044676007261061,2965.1596147964774,121.99819646367072,27,-1.407036535798296,-0.7815870244373737
"R-B|lb=50,th=3|X5|L|1h",R-B,"lb=50,th=3.0",X5,L,1h,-0.6604319694915901,-0.03456858920752685,1118,-0.5719810303998171,0.6126331259547317,1762.0172524336667,-108.69850324406035,29,-0.5868876266180101,-0.8094841421165031
"R-B|lb=50,th=3|X5|S|1h",R-B,"lb=50,th=3.0",X5,S,1h,-1.0656310776947544,-0.05577767987210252,1192,-0.7003166396297786,0.7525463175875692,1865.6736677922106,208.23211365301546,20,-1.5186062314426634,-0.1734624151028913
"R-B|lb=50,th=3|X5|LS|1h",R-B,"lb=50,th=3.0",X5,LS,1h,-1.2139053359568084,-0.06353870925997039,2310,-0.8713510978456713,0.8749379565177248,2263.252115882099,78.19927909233314,50,-1.470449331465705,-0.7045747959279766
"R-C|n=2,t=5,filt=0|X1|L|1h",R-C,"n=2,t=5,filt=0",X1,L,1h,-0.9877388376959554,-0.051700613692151544,7402,-0.7034039237495233,0.7473265362509005,11029.7475180693,-82.16159537630429,22,-0.7778278293816325,-1.3866079407271104
"R-C|n=2,t=5,filt=0|X1|S|1h",R-C,"n=2,t=5,filt=0",X1,S,1h,-1.774692593905279,-0.09289165588937023,7298,-0.8440274250840463,0.867196553357178,10289.23876961824,47.604748474073126,14,-1.2977429849350388,-2.6777032131501364
"R-C|n=2,t=5,filt=0|X1|LS|1h",R-C,"n=2,t=5,filt=0",X1,LS,1h,-1.9991268918900036,-0.10463908395086478,14660,-0.9557984872798524,0.9569185151703502,12754.487394154638,-5.115297619242064,38,-1.5263725630988403,-2.919671137820068
"R-C|n=2,t=5,filt=0|X2|L|1h",R-C,"n=2,t=5,filt=0",X2,L,1h,-1.4113498495426695,-0.0738734274394732,7504,-0.7876948079810041,0.8026334304392835,9270.449032523644,-55.25018915924271,21,-1.2680078647853021,-1.689508982565285
"R-C|n=2,t=5,filt=0|X2|S|1h",R-C,"n=2,t=5,filt=0",X2,S,1h,-1.6948932151373681,-0.08871476550387403,7402,-0.8100928912836282,0.8408208551888077,11559.278388101358,46.24888709535419,13,-1.1079982900101102,-2.823281784846632
"R-C|n=2,t=5,filt=0|X2|LS|1h",R-C,"n=2,t=5,filt=0",X2,LS,1h,-2.2774630957853805,-0.11920786671504355,14880,-0.9607806827244971,0.9610153494274752,12142.462666005991,-3.9595946970060396,33,-1.7667990285124728,-3.2932866643325838
"R-C|n=2,t=5,filt=0|X3|L|1h",R-C,"n=2,t=5,filt=0",X3,L,1h,-0.5286077764305351,-0.027668595585096142,3970,-0.8036215190539532,0.847511394959949,3495.1461604228916,-393.92581994485425,95,-0.5716037702513712,-0.4376017877469251
"R-C|n=2,t=5,filt=0|X3|S|1h",R-C,"n=2,t=5,filt=0",X3,S,1h,-0.8777079118145609,-0.045941331809044285,3972,-0.8949624608927441,0.9353719201522941,4798.519329586099,261.26480465681317,88,-1.1687977642593037,-0.28971307484643766
"R-C|n=2,t=5,filt=0|X3|LS|1h",R-C,"n=2,t=5,filt=0",X3,LS,1h,-0.9695581681931704,-0.050748993957505144,6210,-0.950922112731984,0.9620220051147376,4280.481941366479,57.59377892988808,124,-1.0842231525678099,-0.7264586513000862
"R-C|n=2,t=5,filt=0|X4|L|1h",R-C,"n=2,t=5,filt=0",X4,L,1h,-0.9877388376959554,-0.051700613692151544,7402,-0.7034039237495233,0.7473265362509005,11029.7475180693,-82.16159537630429,22,-0.7778278293816325,-1.3866079407271104
"R-C|n=2,t=5,filt=0|X4|S|1h",R-C,"n=2,t=5,filt=0",X4,S,1h,-1.774692593905279,-0.09289165588937023,7298,-0.8440274250840463,0.867196553357178,10289.23876961824,47.604748474073126,14,-1.2977429849350388,-2.6777032131501364
"R-C|n=2,t=5,filt=0|X4|LS|1h",R-C,"n=2,t=5,filt=0",X4,LS,1h,-1.9991268918900036,-0.10463908395086478,14660,-0.9557984872798524,0.9569185151703502,12754.487394154638,-5.115297619242064,38,-1.5263725630988403,-2.919671137820068
"R-C|n=2,t=5,filt=1|X1|L|1h",R-C,"n=2,t=5,filt=1",X1,L,1h,-0.9291722141309586,-0.04863509650822604,2448,-0.35576861916198943,0.3675992208269514,5025.0645040537165,-106.31144796006848,2,-0.7483621051513875,-1.3595790929269462
"R-C|n=2,t=5,filt=1|X1|S|1h",R-C,"n=2,t=5,filt=1",X1,S,1h,-0.964649826763014,-0.05049207962502669,2688,-0.391356832434123,0.4636443359097894,6123.806775278173,-43.44801736157176,2,-0.4838791403214183,-1.8537865280953862
"R-C|n=2,t=5,filt=1|X1|LS|1h",R-C,"n=2,t=5,filt=1",X1,LS,1h,-1.359351633407607,-0.07115171641376239,5134,-0.6102175936474821,0.6322379044335171,9007.445930256667,-126.9460845837581,4,-0.8904342126371136,-2.322314024913475
"R-C|n=2,t=5,filt=1|X2|L|1h",R-C,"n=2,t=5,filt=1",X2,L,1h,-1.2552013793537653,-0.06570024296219948,2472,-0.4225171991533234,0.42532373262050005,4851.903276009257,-88.992916025714,2,-1.0091915329693266,-1.8174013281021761
"R-C|n=2,t=5,filt=1|X2|S|1h",R-C,"n=2,t=5,filt=1",X2,S,1h,-0.6009716323097654,-0.0314562929149021,2710,-0.24951520641328384,0.3650719461620473,7142.221273238136,-46.74667045250058,1,0.24650163773468148,-2.1676384861658065
"R-C|n=2,t=5,filt=1|X2|LS|1h",R-C,"n=2,t=5,filt=1",X2,LS,1h,-1.3142123213486012,-0.06878901683566753,5180,-0.5691704983159527,0.6021282333929946,10074.20690871956,-126.14927100942066,3,-0.5599682726172835,-2.8589113279057328
"R-C|n=2,t=5,filt=1|X3|L|1h",R-C,"n=2,t=5,filt=1",X3,L,1h,-0.4992525917623604,-0.02613207499435853,1834,-0.5568537447822908,0.6122027787003834,2657.170940214669,-405.21723325268727,22,-0.5648703001715162,-0.3420813462519686
"R-C|n=2,t=5,filt=1|X3|S|1h",R-C,"n=2,t=5,filt=1",X3,S,1h,-0.5916616024138515,-0.03096898367814696,2020,-0.6365068571419851,0.7578037902716028,3702.7003727709075,-3.2344055374330125,30,-0.7948486861428044,-0.1776949318538366
"R-C|n=2,t=5,filt=1|X3|LS|1h",R-C,"n=2,t=5,filt=1",X3,LS,1h,-0.6868100909398879,-0.03594928318742975,3562,-0.761696375077733,0.8161104546285087,4207.107126760275,-181.58120832835064,45,-0.9643823392380116,-0.07761340415444488
"R-C|n=2,t=5,filt=1|X4|L|1h",R-C,"n=2,t=5,filt=1",X4,L,1h,-0.9291722141309586,-0.04863509650822604,2448,-0.35576861916198943,0.3675992208269514,5025.0645040537165,-106.31144796006848,2,-0.7483621051513875,-1.3595790929269462
"R-C|n=2,t=5,filt=1|X4|S|1h",R-C,"n=2,t=5,filt=1",X4,S,1h,-0.964649826763014,-0.05049207962502669,2688,-0.391356832434123,0.4636443359097894,6123.806775278173,-43.44801736157176,2,-0.4838791403214183,-1.8537865280953862
"R-C|n=2,t=5,filt=1|X4|LS|1h",R-C,"n=2,t=5,filt=1",X4,LS,1h,-1.359351633407607,-0.07115171641376239,5134,-0.6102175936474821,0.6322379044335171,9007.445930256667,-126.9460845837581,4,-0.8904342126371136,-2.322314024913475
"R-C|n=2,t=10,filt=0|X1|L|1h",R-C,"n=2,t=10,filt=0",X1,L,1h,-2.068638812651923,-0.10827750417406319,12712,-0.9522252902496566,0.9579691614151575,8153.406794389714,-111.59878045403389,48,-1.9944227731259838,-2.2037520711875103
"R-C|n=2,t=10,filt=0|X1|S|1h",R-C,"n=2,t=10,filt=0",X1,S,1h,-2.161548262917952,-0.11314060706445772,12738,-0.9483218937554844,0.953735445574178,13567.883369713969,61.01085124639722,27,-1.6827751908729158,-3.134242763326801
"R-C|n=2,t=10,filt=0|X1|LS|1h",R-C,"n=2,t=10,filt=0",X1,LS,1h,-3.1412009032251347,-0.16441796984100224,25106,-0.9975342610475855,0.9975756830260852,10003.83570948847,-29.8605751680667,69,-2.750631149359334,-3.924129306477002
"R-C|n=2,t=10,filt=0|X2|L|1h",R-C,"n=2,t=10,filt=0",X2,L,1h,-2.4874239655205446,-0.1301977209177668,13108,-0.966270173331911,0.9669237727989398,7468.314581901965,-82.39176372137521,43,-2.435666071267744,-2.581364288648828
"R-C|n=2,t=10,filt=0|X2|S|1h",R-C,"n=2,t=10,filt=0",X2,S,1h,-2.247281246874498,-0.11762807654024761,13166,-0.9429417304961811,0.948315859014514,15231.977701763966,45.924474692548955,21,-1.669861327428142,-3.4069827022457964
"R-C|n=2,t=10,filt=0|X2|LS|1h",R-C,"n=2,t=10,filt=0",X2,LS,1h,-3.570180012405659,-0.1868717626446548,26026,-0.9982466345830465,0.9982548186401652,9695.428720330505,-23.670102471508724,58,-3.136781134816131,-4.425093848617285
"R-C|n=2,t=10,filt=0|X3|L|1h",R-C,"n=2,t=10,filt=0",X3,L,1h,-0.6617036644012175,-0.03463515276132036,7608,-0.844585535861972,0.8730786657929596,7534.33194845475,-475.82041377346076,100,-0.4368668076760339,-1.157052985819664
"R-C|n=2,t=10,filt=0|X3|S|1h",R-C,"n=2,t=10,filt=0",X3,S,1h,-1.0285816256563278,-0.053838422920525396,7602,-0.9249615292497497,0.9544278851055512,10151.102640898824,167.83885631726747,89,-1.0342581462589517,-1.0217506853941138
"R-C|n=2,t=10,filt=0|X3|LS|1h",R-C,"n=2,t=10,filt=0",X3,LS,1h,-1.3803098578911535,-0.0722487200207328,11904,-0.9818431169698788,0.9879683555099323,8895.333919402303,-97.24645909273127,133,-1.2059556174418022,-1.7666682274765562
"R-C|n=2,t=10,filt=0|X4|L|1h",R-C,"n=2,t=10,filt=0",X4,L,1h,-2.068638812651923,-0.10827750417406319,12712,-0.9522252902496566,0.9579691614151575,8153.406794389714,-111.59878045403389,48,-1.9944227731259838,-2.2037520711875103
"R-C|n=2,t=10,filt=0|X4|S|1h",R-C,"n=2,t=10,filt=0",X4,S,1h,-2.161548262917952,-0.11314060706445772,12738,-0.9483218937554844,0.953735445574178,13567.883369713969,61.01085124639722,27,-1.6827751908729158,-3.134242763326801
"R-C|n=2,t=10,filt=0|X4|LS|1h",R-C,"n=2,t=10,filt=0",X4,LS,1h,-3.1412009032251347,-0.16441796984100224,25106,-0.9975342610475855,0.9975756830260852,10003.83570948847,-29.8605751680667,69,-2.750631149359334,-3.924129306477002
"R-C|n=2,t=10,filt=1|X1|L|1h",R-C,"n=2,t=10,filt=1",X1,L,1h,-1.3515562683808982,-0.07074368835973213,5024,-0.5947062456061899,0.6059505242877694,8588.429908971495,-203.66545310633998,5,-0.9840531988443224,-2.2171621318523433
"R-C|n=2,t=10,filt=1|X1|S|1h",R-C,"n=2,t=10,filt=1",X1,S,1h,-1.467707402291003,-0.07682331657218497,5418,-0.6743042821038709,0.6942407128856567,9266.908667863008,4.484554860683237,8,-1.0736987717066258,-2.2182342991095614
"R-C|n=2,t=10,filt=1|X1|LS|1h",R-C,"n=2,t=10,filt=1",X1,LS,1h,-2.016644848816541,-0.10555601572389024,10436,-0.8691146411549937,0.8720376404887201,11953.122934870937,-137.92302838526916,12,-1.4759566673805455,-3.148921000830871
"R-C|n=2,t=10,filt=1|X2|L|1h",R-C,"n=2,t=10,filt=1",X2,L,1h,-1.6975669842454826,-0.088854716975341,5144,-0.6520471904029952,0.6560082910835392,8079.794704428908,-162.21486100833928,4,-1.309296614020915,-2.555017543315898
"R-C|n=2,t=10,filt=1|X2|S|1h",R-C,"n=2,t=10,filt=1",X2,S,1h,-1.31161632427132,-0.0686531361383452,5566,-0.6046946426915077,0.6359186507940267,10726.118149311631,0.6441373015701206,6,-0.6959012028782982,-2.4372122984597637
"R-C|n=2,t=10,filt=1|X2|LS|1h",R-C,"n=2,t=10,filt=1",X2,LS,1h,-2.12036515288318,-0.11098498456457122,10706,-0.862846442132851,0.8636542676713614,12719.848805065674,-129.44772559603442,11,-1.4109265697554938,-3.540661081806807
"R-C|n=2,t=10,filt=1|X3|L|1h",R-C,"n=2,t=10,filt=1",X3,L,1h,-0.6077631909505753,-0.03181177934132952,3658,-0.545727312085668,0.5638144333316697,6020.50189021786,-558.8387007457127,20,-0.30158179714168315,-1.3406725662910117
"R-C|n=2,t=10,filt=1|X3|S|1h",R-C,"n=2,t=10,filt=1",X3,S,1h,-0.4140773209776073,-0.02167379756017462,3944,-0.5583887305891353,0.7031903056386126,7323.467671343709,115.46923736291983,36,-0.4916011888062585,-0.23135099692645233
"R-C|n=2,t=10,filt=1|X3|LS|1h",R-C,"n=2,t=10,filt=1",X3,LS,1h,-0.7618978305946162,-0.039879555110280816,7182,-0.8000685177101662,0.8409865436492361,8733.227962207111,-286.99701180392555,52,-0.6281759551260296,-1.1059829625888276
"R-C|n=2,t=10,filt=1|X4|L|1h",R-C,"n=2,t=10,filt=1",X4,L,1h,-1.3515562683808982,-0.07074368835973213,5024,-0.5947062456061899,0.6059505242877694,8588.429908971495,-203.66545310633998,5,-0.9840531988443224,-2.2171621318523433
"R-C|n=2,t=10,filt=1|X4|S|1h",R-C,"n=2,t=10,filt=1",X4,S,1h,-1.467707402291003,-0.07682331657218497,5418,-0.6743042821038709,0.6942407128856567,9266.908667863008,4.484554860683237,8,-1.0736987717066258,-2.2182342991095614
"R-C|n=2,t=10,filt=1|X4|LS|1h",R-C,"n=2,t=10,filt=1",X4,LS,1h,-2.016644848816541,-0.10555601572389024,10436,-0.8691146411549937,0.8720376404887201,11953.122934870937,-137.92302838526916,12,-1.4759566673805455,-3.148921000830871
"R-C|n=2,t=20,filt=0|X1|L|1h",R-C,"n=2,t=20,filt=0",X1,L,1h,-3.0274055033508276,-0.15846164638350907,20926,-0.9953605940855186,0.9955857544640329,6769.667414570221,-97.35511656947592,76,-2.801692132593311,-3.457308905970927
"R-C|n=2,t=20,filt=0|X1|S|1h",R-C,"n=2,t=20,filt=0",X1,S,1h,-3.067789503014708,-0.16057544153490408,21052,-0.9954367373896317,0.9955050999573982,13560.735445317463,-18.484323550018004,52,-2.7458738718716833,-3.7444717351809107
"R-C|n=2,t=20,filt=0|X1|LS|1h",R-C,"n=2,t=20,filt=0",X1,LS,1h,-4.520563504303011,-0.23661710817404444,38598,-0.9999534746830052,0.9999535181992065,7936.198640616293,-18.97274723184975,109,-4.154462753088578,-5.26607442701194
"R-C|n=2,t=20,filt=0|X2|L|1h",R-C,"n=2,t=20,filt=0",X2,L,1h,-3.744786878052106,-0.19601110369743938,22392,-0.9979144839926506,0.9979499337590731,5982.861072134635,-72.30904605048529,70,-3.4898638269387106,-4.228640370357333
"R-C|n=2,t=20,filt=0|X2|S|1h",R-C,"n=2,t=20,filt=0",X2,S,1h,-3.6277238006558776,-0.18988374218131782,22474,-0.9968709727034619,0.996880247611561,13000.427978722679,-18.758172275130164,44,-3.3635344885907035,-4.163211394134854
"R-C|n=2,t=20,filt=0|X2|LS|1h",R-C,"n=2,t=20,filt=0",X2,LS,1h,-5.590868938565948,-0.2926394550511973,42066,-0.9999889297217344,0.9999889297217344,6993.044046749336,-8.559479771251087,102,-5.256374656281315,-6.243655255010496
"R-C|n=2,t=20,filt=0|X3|L|1h",R-C,"n=2,t=20,filt=0",X3,L,1h,-1.4982110824452253,-0.07841995216416099,15008,-0.965481285146153,0.9691996170678265,8429.660652249422,-283.49519005403795,102,-1.0644077961211413,-2.404128729617844
"R-C|n=2,t=20,filt=0|X3|S|1h",R-C,"n=2,t=20,filt=0",X3,S,1h,-1.7389413688752617,-0.09102035124510853,15020,-0.9821822190447214,0.984964635631157,13195.093461183998,60.81332465502676,85,-1.4712914981203329,-2.3429578951791776
"R-C|n=2,t=20,filt=0|X3|LS|1h",R-C,"n=2,t=20,filt=0",X3,LS,1h,-2.491343190633221,-0.13040286253596592,23510,-0.9979511950914934,0.9980034590593069,9336.011392588664,-44.54901630333177,113,-2.0475928404973622,-3.420132399820421
"R-C|n=2,t=20,filt=0|X4|L|1h",R-C,"n=2,t=20,filt=0",X4,L,1h,-3.0274055033508276,-0.15846164638350907,20926,-0.9953605940855186,0.9955857544640329,6769.667414570221,-97.35511656947592,76,-2.801692132593311,-3.457308905970927
"R-C|n=2,t=20,filt=0|X4|S|1h",R-C,"n=2,t=20,filt=0",X4,S,1h,-3.0684797145349325,-0.16061156885703737,21056,-0.9953811589272867,0.9954503541200243,13562.981494445366,-18.473191810860243,52,-2.7458738718716833,-3.7531726886796104
"R-C|n=2,t=20,filt=0|X4|LS|1h",R-C,"n=2,t=20,filt=0",X4,LS,1h,-4.5219675282590535,-0.2366905981466927,38602,-0.9999529080258129,0.9999529520720217,7936.291241810713,-18.972838638763168,109,-4.154462753088578,-5.27450668761908
"R-C|n=2,t=20,filt=1|X1|L|1h",R-C,"n=2,t=20,filt=1",X1,L,1h,-1.8421977091937192,-0.09642503511328823,9416,-0.8057262188732007,0.8121755570796536,12619.013761242286,-283.8155922991606,6,-1.463337447786092,-2.643847216273756
"R-C|n=2,t=20,filt=1|X1|S|1h",R-C,"n=2,t=20,filt=1",X1,S,1h,-2.3306918501008567,-0.1219939870528833,9918,-0.925576282000028,0.925576282000028,9944.793181970634,-21.45736454516406,22,-2.053888395417894,-2.890230932126676
"R-C|n=2,t=20,filt=1|X1|LS|1h",R-C,"n=2,t=20,filt=1",X1,LS,1h,-3.0378138008016498,-0.15900644157142857,19264,-0.985854688209002,0.9862828178331732,11673.05259943509,-126.8959847022127,30,-2.610257623926916,-3.9324881440976815
"R-C|n=2,t=20,filt=1|X2|L|1h",R-C,"n=2,t=20,filt=1",X2,L,1h,-2.3368325594237986,-0.12231540646901333,10008,-0.8540760460630786,0.8558242300674018,11716.996549410509,-214.52804717412724,7,-1.9013109874249015,-3.214725611023125
"R-C|n=2,t=20,filt=1|X2|S|1h",R-C,"n=2,t=20,filt=1",X2,S,1h,-2.6684141539813773,-0.1396711803572179,10518,-0.9310054195895859,0.9310054195895859,9831.052705462058,-17.466057105025687,16,-2.461835765747067,-3.05000074068549
"R-C|n=2,t=20,filt=1|X2|LS|1h",R-C,"n=2,t=20,filt=1",X2,LS,1h,-3.6197735111015814,-0.18946760500689402,20470,-0.9903107057276068,0.990402799952294,10498.371454069147,-89.04049796220355,26,-3.1823300475741325,-4.465419542628389
"R-C|n=2,t=20,filt=1|X3|L|1h",R-C,"n=2,t=20,filt=1",X3,L,1h,-0.7940533081237935,-0.04156264972838916,7296,-0.6147752925547085,0.6490091251355112,13509.525503502746,-621.4313014991112,13,-0.0737207340983709,-2.4365833486856943
"R-C|n=2,t=20,filt=1|X3|S|1h",R-C,"n=2,t=20,filt=1",X3,S,1h,-1.1716659647442744,-0.061327799523189515,7700,-0.8563122708333837,0.85998118381155,9333.221056923105,14.15230913993791,39,-0.9722512686845372,-1.6529741893020287
"R-C|n=2,t=20,filt=1|X3|LS|1h",R-C,"n=2,t=20,filt=1",X3,LS,1h,-1.416807863831284,-0.0741591129643232,14398,-0.9390295499204481,0.942278767074559,11678.649414864418,-216.07952719475387,50,-0.9732568716839447,-2.477898498568613
"R-C|n=2,t=20,filt=1|X4|L|1h",R-C,"n=2,t=20,filt=1",X4,L,1h,-1.8421977091937192,-0.09642503511328823,9416,-0.8057262188732007,0.8121755570796536,12619.013761242286,-283.8155922991606,6,-1.463337447786092,-2.643847216273756
"R-C|n=2,t=20,filt=1|X4|S|1h",R-C,"n=2,t=20,filt=1",X4,S,1h,-2.329544867774627,-0.1219339512540496,9918,-0.9252056561382151,0.9252056561382151,9948.452688256742,-21.488450829353383,22,-2.053888395417894,-2.889567019038502
"R-C|n=2,t=20,filt=1|X4|LS|1h",R-C,"n=2,t=20,filt=1",X4,LS,1h,-3.0368098981263087,-0.158953894903806,19264,-0.9857845637435017,0.9862148157925089,11674.883787386281,-126.91667223576783,30,-2.610257623926916,-3.932161146759451
"R-C|n=2,t=30,filt=0|X1|L|1h",R-C,"n=2,t=30,filt=0",X1,L,1h,-3.666317154450055,-0.1919038106442038,27168,-0.9992296530899578,0.9992719708024941,6366.466924070982,-102.72731772584534,101,-3.4297912046841175,-4.150546250093582
"R-C|n=2,t=30,filt=0|X1|S|1h",R-C,"n=2,t=30,filt=0",X1,S,1h,-3.6958374592251673,-0.1934489740163486,27768,-0.9992986495821586,0.9993219991626536,13096.807224306953,24.560759806928445,71,-3.5274222404665965,-4.063162435223263
"R-C|n=2,t=30,filt=0|X1|LS|1h",R-C,"n=2,t=30,filt=0",X1,LS,1h,-5.487837097721935,-0.28724652202257095,45782,-0.9999964922767414,0.9999965189472185,7626.982443379192,-17.943603127274258,134,-5.0852634392019995,-6.346754708025335
"R-C|n=2,t=30,filt=0|X2|L|1h",R-C,"n=2,t=30,filt=0",X2,L,1h,-4.474946967544565,-0.2342294295135358,29894,-0.9997207326944639,0.9997291244924781,5798.314117957246,-80.13421090116029,95,-4.154567298988957,-5.118018079585407
"R-C|n=2,t=30,filt=0|X2|S|1h",R-C,"n=2,t=30,filt=0",X2,S,1h,-4.44868072226749,-0.23285459140007148,30572,-0.9996433737712389,0.9996489450891101,13337.666785361598,26.760909242083354,62,-4.30309901729067,-4.747268272378589
"R-C|n=2,t=30,filt=0|X2|LS|1h",R-C,"n=2,t=30,filt=0",X2,LS,1h,-6.7717585941664575,-0.35445004461925983,51910,-0.999999469175947,0.999999469175947,6895.080118336081,-7.668958657005441,127,-6.404403954230325,-7.515582268471634
"R-C|n=2,t=30,filt=0|X3|L|1h",R-C,"n=2,t=30,filt=0",X3,L,1h,-2.3746639796997875,-0.12429559350881504,22748,-0.994777456131096,0.9951345820973688,7516.341449404407,-172.11468299450274,109,-2.041471337897511,-3.1112732862118446
"R-C|n=2,t=30,filt=0|X3|S|1h",R-C,"n=2,t=30,filt=0",X3,S,1h,-2.7069175122787166,-0.1416865382405069,22838,-0.9973411152420175,0.9974613292661098,12390.977320776301,50.33391534138439,90,-2.6797897011780543,-2.779542065779713
"R-C|n=2,t=30,filt=0|X3|LS|1h",R-C,"n=2,t=30,filt=0",X3,LS,1h,-3.88769389747064,-0.20349119896441187,35178,-0.9999134481309387,0.9999162983178611,7781.97693778619,-25.275255329402373,129,-3.547492401639364,-4.634577173038929
"R-C|n=2,t=30,filt=0|X4|L|1h",R-C,"n=2,t=30,filt=0",X4,L,1h,-3.666317154450055,-0.1919038106442038,27168,-0.9992296530899578,0.9992719708024941,6366.466924070982,-102.72731772584534,101,-3.4297912046841175,-4.150546250093582
"R-C|n=2,t=30,filt=0|X4|S|1h",R-C,"n=2,t=30,filt=0",X4,S,1h,-3.6964529263290293,-0.1934811890369215,27774,-0.9992893810166287,0.9993130391691462,13097.541998907362,24.566174253833303,71,-3.526848953105898,-4.070157463294911
"R-C|n=2,t=30,filt=0|X4|LS|1h",R-C,"n=2,t=30,filt=0",X4,LS,1h,-5.489997194841569,-0.2873595866733244,45786,-0.9999964498305004,0.9999964768237114,7626.995347436827,-17.94377949825216,134,-5.085018203162809,-6.359270579415989
"R-C|n=2,t=30,filt=1|X1|L|1h",R-C,"n=2,t=30,filt=1",X1,L,1h,-2.4840280812061137,-0.1300199722089146,13002,-0.9216255262933974,0.9255333368200261,11152.639591491112,-233.5057923983646,10,-2.2523690901869853,-2.986540051554422
"R-C|n=2,t=30,filt=1|X1|S|1h",R-C,"n=2,t=30,filt=1",X1,S,1h,-2.70726683424101,-0.14170482258768194,13718,-0.9712852588597609,0.9714397984831307,10625.383605118337,3.61116926185397,27,-2.52464511770128,-3.0857072047909484
"R-C|n=2,t=30,filt=1|X1|LS|1h",R-C,"n=2,t=30,filt=1",X1,LS,1h,-3.7791023504233965,-0.19780725761285106,26382,-0.9977683477867472,0.9978725759529169,10024.787034510404,-71.13311540490916,43,-3.49796765580826,-4.374988328957062
"R-C|n=2,t=30,filt=1|X2|L|1h",R-C,"n=2,t=30,filt=1",X2,L,1h,-3.154694367097326,-0.16512425001993342,14192,-0.9513455685055441,0.9525542996333964,10587.487883591903,-179.3356133741936,10,-2.8296678089800262,-3.8139709699088717
"R-C|n=2,t=30,filt=1|X2|S|1h",R-C,"n=2,t=30,filt=1",X2,S,1h,-3.19782541185953,-0.1673818320834181,15064,-0.9777676256518163,0.9778035121070452,10842.072499864493,7.092817930761828,25,-3.075807572504744,-3.4294658557107423
"R-C|n=2,t=30,filt=1|X2|LS|1h",R-C,"n=2,t=30,filt=1",X2,LS,1h,-4.5878600854027765,-0.24013957221965943,28968,-0.9989327721860481,0.9989555469263921,9613.035678923748,-47.426098171208224,41,-4.289394632865509,-5.172652519922734
"R-C|n=2,t=30,filt=1|X3|L|1h",R-C,"n=2,t=30,filt=1",X3,L,1h,-1.5499919809904223,-0.08113028826733829,11238,-0.8406351818880264,0.8507748586424054,12814.585836885046,-392.25047923378474,17,-1.1607407299174883,-2.419595534462937
"R-C|n=2,t=30,filt=1|X3|S|1h",R-C,"n=2,t=30,filt=1",X3,S,1h,-1.9975059374053081,-0.10455423931539283,11676,-0.9524044443082788,0.9536724434007242,10108.348762435753,36.18652044705209,42,-1.8994749221855611,-2.205162506837458
"R-C|n=2,t=30,filt=1|X3|LS|1h",R-C,"n=2,t=30,filt=1",X3,LS,1h,-2.5981101189571043,-0.13599129897858545,22186,-0.9916803714839407,0.9922533504157088,10187.166049135376,-103.73486616459793,58,-2.339125097157768,-3.180074495429231
"R-C|n=2,t=30,filt=1|X4|L|1h",R-C,"n=2,t=30,filt=1",X4,L,1h,-2.4840280812061137,-0.1300199722089146,13002,-0.9216255262933974,0.9255333368200261,11152.639591491112,-233.5057923983646,10,-2.2523690901869853,-2.986540051554422
"R-C|n=2,t=30,filt=1|X4|S|1h",R-C,"n=2,t=30,filt=1",X4,S,1h,-2.7060120693682297,-0.14163914519251802,13718,-0.9711339226022837,0.9712892767009823,10627.800455436254,3.5602289961669222,27,-2.5243078809500497,-3.0842098557418978
"R-C|n=2,t=30,filt=1|X4|LS|1h",R-C,"n=2,t=30,filt=1",X4,LS,1h,-3.7774400045227776,-0.1977202464516507,26384,-0.9977543377370852,0.9978592202354021,10025.776392885378,-71.14794108284286,43,-3.496599315379154,-4.37435513676263
"R-C|n=7,t=5,filt=0|X1|L|1h",R-C,"n=7,t=5,filt=0",X1,L,1h,0.5433362081434363,0.028439516935173024,58,0.04080455565248964,0.02468625615934361,160.42253863692247,-0.22839668816151115,0,1.0829662480688882,-1.1161739584620025
"R-C|n=7,t=5,filt=0|X1|S|1h",R-C,"n=7,t=5,filt=0",X1,S,1h,-0.5433582739433959,-0.02844067191193002,62,-0.07962115206429354,0.08421918869396372,162.58072766715097,6.951460401953256,1,-0.28220331176707714,-0.8713734275447542
"R-C|n=7,t=5,filt=0|X1|LS|1h",R-C,"n=7,t=5,filt=0",X1,LS,1h,-0.2409554248861747,-0.012612183366331317,120,-0.04206550214232796,0.10682638838767644,327.4664180757343,7.058452592521943,1,0.4197587615292963,-1.1204242477858455
"R-C|n=7,t=5,filt=0|X2|L|1h",R-C,"n=7,t=5,filt=0",X2,L,1h,0.3381639047003111,0.017700307747666004,58,0.05056602501460361,0.05629141047482422,162.03087911663752,-1.9296409333094389,1,0.5835169219668817,-0.24077416633449103
"R-C|n=7,t=5,filt=0|X2|S|1h",R-C,"n=7,t=5,filt=0",X2,S,1h,-0.9808636775006159,-0.05134075136036347,60,-0.24109543090561925,0.2554773081270769,150.45039996833222,23.190624570482942,2,-0.7338451727494176,-1.3411699108503832
"R-C|n=7,t=5,filt=0|X2|LS|1h",R-C,"n=7,t=5,filt=0",X2,LS,1h,-0.689765071783331,-0.03610395395385515,118,-0.2027206434810963,0.2440360789032734,311.0657976756451,22.16202837646371,3,-0.1307289801391105,-1.350005508886972
"R-C|n=7,t=5,filt=0|X3|L|1h",R-C,"n=7,t=5,filt=0",X3,L,1h,-0.18901553829645656,-0.009893525448563206,28,-0.5758939359903463,0.7398723251519486,40.224440336699885,-741.6991110450691,69,-0.0614625653765028,-0.41006850537247136
"R-C|n=7,t=5,filt=0|X3|S|1h",R-C,"n=7,t=5,filt=0",X3,S,1h,-0.5541192702334128,-0.029003928200839958,16,-2.825425264461014,2.7623573799599943,74.62499505913397,4377.1397342352375,53,-0.6849413501493152,0.0
"R-C|n=7,t=5,filt=0|X3|LS|1h",R-C,"n=7,t=5,filt=0",X3,LS,1h,0.41510599369456747,0.021727640751031903,50,-0.868033053930849,1.0191848590539683,48.99497235995537,315.7569733150408,136,0.5261806907210825,-0.7776137204332983
"R-C|n=7,t=5,filt=0|X4|L|1h",R-C,"n=7,t=5,filt=0",X4,L,1h,0.5433362081434363,0.028439516935173024,58,0.04080455565248964,0.02468625615934361,160.42253863692247,-0.22839668816151115,0,1.0829662480688882,-1.1161739584620025
"R-C|n=7,t=5,filt=0|X4|S|1h",R-C,"n=7,t=5,filt=0",X4,S,1h,-0.5433582739433959,-0.02844067191193002,62,-0.07962115206429354,0.08421918869396372,162.58072766715097,6.951460401953256,1,-0.28220331176707714,-0.8713734275447542
"R-C|n=7,t=5,filt=0|X4|LS|1h",R-C,"n=7,t=5,filt=0",X4,LS,1h,-0.2409554248861747,-0.012612183366331317,120,-0.04206550214232796,0.10682638838767644,327.4664180757343,7.058452592521943,1,0.4197587615292963,-1.1204242477858455
"R-C|n=7,t=5,filt=1|X1|L|1h",R-C,"n=7,t=5,filt=1",X1,L,1h,0.0,0.0,0,0.0,0.0,0.0,0.0,0,0.0,0.0
"R-C|n=7,t=5,filt=1|X1|S|1h",R-C,"n=7,t=5,filt=1",X1,S,1h,0.0,0.0,0,0.0,0.0,0.0,0.0,0,0.0,0.0
"R-C|n=7,t=5,filt=1|X1|LS|1h",R-C,"n=7,t=5,filt=1",X1,LS,1h,0.0,0.0,0,0.0,0.0,0.0,0.0,0,0.0,0.0
"R-C|n=7,t=5,filt=1|X2|L|1h",R-C,"n=7,t=5,filt=1",X2,L,1h,0.0,0.0,0,0.0,0.0,0.0,0.0,0,0.0,0.0
"R-C|n=7,t=5,filt=1|X2|S|1h",R-C,"n=7,t=5,filt=1",X2,S,1h,0.0,0.0,0,0.0,0.0,0.0,0.0,0,0.0,0.0
"R-C|n=7,t=5,filt=1|X2|LS|1h",R-C,"n=7,t=5,filt=1",X2,LS,1h,0.0,0.0,0,0.0,0.0,0.0,0.0,0,0.0,0.0
"R-C|n=7,t=5,filt=1|X3|L|1h",R-C,"n=7,t=5,filt=1",X3,L,1h,0.0,0.0,0,0.0,0.0,0.0,0.0,0,0.0,0.0
"R-C|n=7,t=5,filt=1|X3|S|1h",R-C,"n=7,t=5,filt=1",X3,S,1h,0.0,0.0,0,0.0,0.0,0.0,0.0,0,0.0,0.0
"R-C|n=7,t=5,filt=1|X3|LS|1h",R-C,"n=7,t=5,filt=1",X3,LS,1h,0.0,0.0,0,0.0,0.0,0.0,0.0,0,0.0,0.0
"R-C|n=7,t=5,filt=1|X4|L|1h",R-C,"n=7,t=5,filt=1",X4,L,1h,0.0,0.0,0,0.0,0.0,0.0,0.0,0,0.0,0.0
"R-C|n=7,t=5,filt=1|X4|S|1h",R-C,"n=7,t=5,filt=1",X4,S,1h,0.0,0.0,0,0.0,0.0,0.0,0.0,0,0.0,0.0
"R-C|n=7,t=5,filt=1|X4|LS|1h",R-C,"n=7,t=5,filt=1",X4,LS,1h,0.0,0.0,0,0.0,0.0,0.0,0.0,0,0.0,0.0
"R-C|n=7,t=10,filt=0|X1|L|1h",R-C,"n=7,t=10,filt=0",X1,L,1h,-0.29033166700212326,-0.015196653999440706,416,-0.0875276051359517,0.22983427798315237,1121.5478781511147,10.98903461395261,1,0.31739090675931,-1.2873322033741736
"R-C|n=7,t=10,filt=0|X1|S|1h",R-C,"n=7,t=10,filt=0",X1,S,1h,-1.0764734898727786,-0.056345197663358645,442,-0.2749408111418159,0.2976504414714809,1025.3506961900196,16.089425239443212,2,-1.0445843355087587,-1.1435997924528296
"R-C|n=7,t=10,filt=0|X1|LS|1h",R-C,"n=7,t=10,filt=0",X1,LS,1h,-0.9710426562258435,-0.050826695612415144,858,-0.3384035055243876,0.4160400831903369,2060.2617831838957,22.7782075146713,3,-0.49822436260510466,-1.7171124231980142
"R-C|n=7,t=10,filt=0|X2|L|1h",R-C,"n=7,t=10,filt=0",X2,L,1h,-0.7543416717470888,-0.03948404767991206,378,-0.3000314219374012,0.3372182982765517,880.492439789915,44.348579447771804,9,-0.37276724879792766,-1.5669510334393724
"R-C|n=7,t=10,filt=0|X2|S|1h",R-C,"n=7,t=10,filt=0",X2,S,1h,-1.061033491481185,-0.0555370312110672,408,-0.38977889128309884,0.43054299233503757,943.8669011959822,49.90115879124528,5,-0.7074890595392866,-1.5502807993600258
"R-C|n=7,t=10,filt=0|X2|LS|1h",R-C,"n=7,t=10,filt=0",X2,LS,1h,-1.284919247090524,-0.06725574725237861,786,-0.5728643982276493,0.6024566373916574,1618.8543975374448,79.220421494631,14,-0.7318706310819673,-2.18150044491864
"R-C|n=7,t=10,filt=0|X3|L|1h",R-C,"n=7,t=10,filt=0",X3,L,1h,-0.42079495993952737,-0.022025414853773927,192,-0.6956858185126739,0.7800442053898169,226.14459161339875,-302.87205958669466,64,-0.32788078656704567,-0.591335754093111
"R-C|n=7,t=10,filt=0|X3|S|1h",R-C,"n=7,t=10,filt=0",X3,S,1h,-0.47819377458620355,-0.025029806125213112,94,-1.4452041602357615,1.523287153699885,273.3447706820619,1804.892107704305,104,-0.5910570740367627,0.0
"R-C|n=7,t=10,filt=0|X3|LS|1h",R-C,"n=7,t=10,filt=0",X3,LS,1h,-0.9427482144767605,-0.04934569684363461,310,-0.9978578327160379,1.1232661387751897,222.5938754331046,661.6732084968804,190,-0.9887887769489205,-0.9540444354862716
"R-C|n=7,t=10,filt=0|X4|L|1h",R-C,"n=7,t=10,filt=0",X4,L,1h,-0.29033166700212326,-0.015196653999440706,416,-0.0875276051359517,0.22983427798315237,1121.5478781511147,10.98903461395261,1,0.31739090675931,-1.2873322033741736
"R-C|n=7,t=10,filt=0|X4|S|1h",R-C,"n=7,t=10,filt=0",X4,S,1h,-1.0764734898727786,-0.056345197663358645,442,-0.2749408111418159,0.2976504414714809,1025.3506961900196,16.089425239443212,2,-1.0445843355087587,-1.1435997924528296
"R-C|n=7,t=10,filt=0|X4|LS|1h",R-C,"n=7,t=10,filt=0",X4,LS,1h,-0.9710426562258435,-0.050826695612415144,858,-0.3384035055243876,0.4160400831903369,2060.2617831838957,22.7782075146713,3,-0.49822436260510466,-1.7171124231980142
"R-C|n=7,t=10,filt=1|X1|L|1h",R-C,"n=7,t=10,filt=1",X1,L,1h,-0.2285197441558186,-0.011961270087535064,24,-0.007242842949836459,0.01958078840264954,64.09957948146507,-1.4611193272881393,0,-0.24650024273283927,-0.23323199298962505
"R-C|n=7,t=10,filt=1|X1|S|1h",R-C,"n=7,t=10,filt=1",X1,S,1h,-0.08960088963105559,-0.004689924911825992,22,-0.0040601621956302125,0.02201960051965457,58.21571828226377,0.761629586911721,0,-0.27025343947030633,0.4828558127536811
"R-C|n=7,t=10,filt=1|X1|LS|1h",R-C,"n=7,t=10,filt=1",X1,LS,1h,-0.2067436464514508,-0.01082145703962227,46,-0.011273598028333831,0.041169227783818374,121.96379250121905,-0.6955340946653803,0,-0.36437959719120383,0.33219212539735543
"R-C|n=7,t=10,filt=1|X2|L|1h",R-C,"n=7,t=10,filt=1",X2,L,1h,0.03485048875802478,0.0018241579529911477,24,0.0011193196603627165,0.018952017100839935,64.5376310038623,-4.375695875505845,0,0.29633996756788517,-0.6767744688146584
"R-C|n=7,t=10,filt=1|X2|S|1h",R-C,"n=7,t=10,filt=1",X2,S,1h,-0.315647480147536,-0.016521744221453992,22,-0.028310035502911668,0.05208981558521364,58.67063410684509,4.350566875797968,0,-0.06931675778198056,-0.6985966282831974
"R-C|n=7,t=10,filt=1|X2|LS|1h",R-C,"n=7,t=10,filt=1",X2,LS,1h,-0.27915264983796195,-0.014611517497963843,46,-0.02722240382187302,0.06591872453894154,123.48294617783982,-0.013054994429378297,0,0.06770551754125108,-0.8534398079131812
"R-C|n=7,t=10,filt=1|X3|L|1h",R-C,"n=7,t=10,filt=1",X3,L,1h,0.3725501756055623,0.019500167427713638,24,0.18853196316829934,0.22237934111495805,70.60041369247597,89.49618271416547,2,0.470593406046717,0.04662712041573825
"R-C|n=7,t=10,filt=1|X3|S|1h",R-C,"n=7,t=10,filt=1",X3,S,1h,-0.2475749216720129,-0.01295866366365299,22,-0.13500119441109404,0.24282644510432705,57.63910747379272,259.189225126511,1,-0.12599356240982715,-0.436303908817679
"R-C|n=7,t=10,filt=1|X3|LS|1h",R-C,"n=7,t=10,filt=1",X3,LS,1h,0.10225715187676343,0.005352383954823875,44,0.019888456021764256,0.2436393425564819,127.5303620359063,395.2978182335011,3,0.3150688475415386,-0.37074943941138283
"R-C|n=7,t=10,filt=1|X4|L|1h",R-C,"n=7,t=10,filt=1",X4,L,1h,-0.2285197441558186,-0.011961270087535064,24,-0.007242842949836459,0.01958078840264954,64.09957948146507,-1.4611193272881393,0,-0.24650024273283927,-0.23323199298962505
"R-C|n=7,t=10,filt=1|X4|S|1h",R-C,"n=7,t=10,filt=1",X4,S,1h,-0.08960088963105559,-0.004689924911825992,22,-0.0040601621956302125,0.02201960051965457,58.21571828226377,0.761629586911721,0,-0.27025343947030633,0.4828558127536811
"R-C|n=7,t=10,filt=1|X4|LS|1h",R-C,"n=7,t=10,filt=1",X4,LS,1h,-0.2067436464514508,-0.01082145703962227,46,-0.011273598028333831,0.041169227783818374,121.96379250121905,-0.6955340946653803,0,-0.36437959719120383,0.33219212539735543
"R-C|n=7,t=20,filt=0|X1|L|1h",R-C,"n=7,t=20,filt=0",X1,L,1h,-0.34892175401220926,-0.018263399316212823,3070,-0.28408556150861275,0.3509491414941329,7017.765854483687,-26.43333770062275,16,-0.14614700096904856,-0.7155371813893681
"R-C|n=7,t=20,filt=0|X1|S|1h",R-C,"n=7,t=20,filt=0",X1,S,1h,-1.2431802515062638,-0.06507102837300971,3122,-0.630032602763883,0.651444729628889,5435.59112249613,80.70883942513267,8,-1.1000864538409791,-1.5026323751220378
"R-C|n=7,t=20,filt=0|X1|LS|1h",R-C,"n=7,t=20,filt=0",X1,LS,1h,-1.1253123091007933,-0.058901538296858826,6188,-0.7387268976031326,0.7431321811585065,9392.546793596657,47.71423042050174,24,-0.887536158789663,-1.5568673053855797
"R-C|n=7,t=20,filt=0|X2|L|1h",R-C,"n=7,t=20,filt=0",X2,L,1h,-0.6156761312159119,-0.03222596156461997,2396,-0.5467440526501303,0.5956660392490334,4215.36785027246,-76.52875042266713,36,-0.33174122507938836,-1.2217035650139791
"R-C|n=7,t=20,filt=0|X2|S|1h",R-C,"n=7,t=20,filt=0",X2,S,1h,-1.2240939582978887,-0.06407200612712624,2416,-0.7450800961041621,0.7782399723376014,3524.752198923712,149.00873705254966,20,-1.3258687518071726,-1.0459422964342706
"R-C|n=7,t=20,filt=0|X2|LS|1h",R-C,"n=7,t=20,filt=0",X2,LS,1h,-1.3030961335723905,-0.06820716897466017,4800,-0.887234389792991,0.8947743790970986,4962.442976824081,58.305246451602684,56,-1.1468560300321688,-1.6051377441596881
"R-C|n=7,t=20,filt=0|X3|L|1h",R-C,"n=7,t=20,filt=0",X3,L,1h,-0.29945218457138917,-0.01567404370765652,1212,-0.6836606698035472,0.7423057500841104,1422.0656142320986,-420.5205465488566,85,-0.2746946404685588,-0.35587562419387175
"R-C|n=7,t=20,filt=0|X3|S|1h",R-C,"n=7,t=20,filt=0",X3,S,1h,-0.7554598160379714,-0.039542574026987624,1202,-0.9079090532915849,0.9555458914955866,1857.1560301324353,498.23661404154996,100,-0.9737046437708958,-0.23258175562577135
"R-C|n=7,t=20,filt=0|X3|LS|1h",R-C,"n=7,t=20,filt=0",X3,LS,1h,-0.8656901876507752,-0.045312295376802696,2042,-0.96451706667438,0.9674005951063518,1728.0761747694999,267.8290717033172,146,-0.934513975899798,-0.718456024780534
"R-C|n=7,t=20,filt=0|X4|L|1h",R-C,"n=7,t=20,filt=0",X4,L,1h,-0.34892175401220926,-0.018263399316212823,3070,-0.28408556150861275,0.3509491414941329,7017.765854483687,-26.43333770062275,16,-0.14614700096904856,-0.7155371813893681
"R-C|n=7,t=20,filt=0|X4|S|1h",R-C,"n=7,t=20,filt=0",X4,S,1h,-1.2431802515062638,-0.06507102837300971,3122,-0.630032602763883,0.651444729628889,5435.59112249613,80.70883942513267,8,-1.1000864538409791,-1.5026323751220378
"R-C|n=7,t=20,filt=0|X4|LS|1h",R-C,"n=7,t=20,filt=0",X4,LS,1h,-1.1253123091007933,-0.058901538296858826,6188,-0.7387268976031326,0.7431321811585065,9392.546793596657,47.71423042050174,24,-0.887536158789663,-1.5568673053855797
"R-C|n=7,t=20,filt=1|X1|L|1h",R-C,"n=7,t=20,filt=1",X1,L,1h,-0.7370684724492261,-0.03857992710669508,492,-0.16016369280158782,0.17710686667709397,1150.4344562830665,-26.778115687934065,0,-0.7575539179094309,-0.6976116597644598
"R-C|n=7,t=20,filt=1|X1|S|1h",R-C,"n=7,t=20,filt=1",X1,S,1h,0.06571912916407172,0.0034398964376271333,526,0.009800040630163043,0.09497858793318836,1428.6662024885613,15.257454376737291,1,0.18854779608026073,-0.20126656082575062
"R-C|n=7,t=20,filt=1|X1|LS|1h",R-C,"n=7,t=20,filt=1",X1,LS,1h,-0.449631454673715,-0.02353478597252598,1018,-0.1519332628683554,0.17413280507137752,2435.0118390487182,-14.131426964732707,1,-0.37546544098284834,-0.6167356730787684
"R-C|n=7,t=20,filt=1|X2|L|1h",R-C,"n=7,t=20,filt=1",X2,L,1h,-0.5726860541334915,-0.02997575808672636,458,-0.1642849639936832,0.18837792588047064,1081.5967887966565,-62.33287590300819,1,-0.5097674799636007,-0.7141543242772356
"R-C|n=7,t=20,filt=1|X2|S|1h",R-C,"n=7,t=20,filt=1",X2,S,1h,0.37219610009020987,0.019481634268199745,512,0.13557447715151194,0.12854954217756398,1548.936216334739,49.68582780828648,2,0.7582559468208121,-0.36508155048517993
"R-C|n=7,t=20,filt=1|X2|LS|1h",R-C,"n=7,t=20,filt=1",X2,LS,1h,-0.05633913521956852,-0.002948925115196702,970,-0.05098333493946705,0.1872175387667021,2609.445156639934,-25.56111021612363,3,0.2694255822757117,-0.7098841814453871
"R-C|n=7,t=20,filt=1|X3|L|1h",R-C,"n=7,t=20,filt=1",X3,L,1h,-0.4715928463685612,-0.024684297751171633,430,-0.5089314370442645,0.6062993711996061,771.5205062649678,-207.1300762447859,14,-0.33792621380234467,-0.7196293161841938
"R-C|n=7,t=20,filt=1|X3|S|1h",R-C,"n=7,t=20,filt=1",X3,S,1h,-0.6730274720029804,-0.035227867940677525,468,-0.7139538872191623,0.8353506945360207,896.0436056279872,174.81931916168958,41,-0.9396568083039039,-0.016709963009028824
"R-C|n=7,t=20,filt=1|X3|LS|1h",R-C,"n=7,t=20,filt=1",X3,LS,1h,-0.7564986484843413,-0.039596949002386916,820,-0.8189331561518752,0.8806021881675122,1207.2825035341812,170.7585565876277,50,-0.8890022010054813,-0.4698937594402696
"R-C|n=7,t=20,filt=1|X4|L|1h",R-C,"n=7,t=20,filt=1",X4,L,1h,-0.7370684724492261,-0.03857992710669508,492,-0.16016369280158782,0.17710686667709397,1150.4344562830665,-26.778115687934065,0,-0.7575539179094309,-0.6976116597644598
"R-C|n=7,t=20,filt=1|X4|S|1h",R-C,"n=7,t=20,filt=1",X4,S,1h,0.06571912916407172,0.0034398964376271333,526,0.009800040630163043,0.09497858793318836,1428.6662024885613,15.257454376737291,1,0.18854779608026073,-0.20126656082575062
"R-C|n=7,t=20,filt=1|X4|LS|1h",R-C,"n=7,t=20,filt=1",X4,LS,1h,-0.449631454673715,-0.02353478597252598,1018,-0.1519332628683554,0.17413280507137752,2435.0118390487182,-14.131426964732707,1,-0.37546544098284834,-0.6167356730787684
"R-C|n=7,t=30,filt=0|X1|L|1h",R-C,"n=7,t=30,filt=0",X1,L,1h,-1.6497579319156377,-0.08635227680476018,8686,-0.8891545322005787,0.9044640462402407,7451.7088574342715,-62.43619433802666,44,-1.494173207033337,-1.937548512541312
"R-C|n=7,t=30,filt=0|X1|S|1h",R-C,"n=7,t=30,filt=0",X1,S,1h,-1.983398951336486,-0.10381584591698599,8772,-0.9149785967732016,0.9360881636077555,11639.606054633605,35.64434529255349,24,-1.6261114588318246,-2.740155781738461
"R-C|n=7,t=30,filt=0|X1|LS|1h",R-C,"n=7,t=30,filt=0",X1,LS,1h,-2.6044851852690467,-0.1363249852001624,17416,-0.9906436886284331,0.9908720387955383,9698.155701781878,-7.7563789188200305,66,-2.2735698141886984,-3.2744411527612542
"R-C|n=7,t=30,filt=0|X2|L|1h",R-C,"n=7,t=30,filt=0",X2,L,1h,-1.0079994366179177,-0.0527611019083276,5658,-0.8329836159239319,0.853206839055174,5683.829778631837,-151.12058177849804,59,-0.7276374857724351,-1.605153917820434
"R-C|n=7,t=30,filt=0|X2|S|1h",R-C,"n=7,t=30,filt=0",X2,S,1h,-1.1946108529021016,-0.06252878985948589,5602,-0.8569736252090492,0.8973855365712812,8706.525064905318,202.4928094900353,40,-1.1014649340891622,-1.3799751356919967
"R-C|n=7,t=30,filt=0|X2|LS|1h",R-C,"n=7,t=30,filt=0",X2,LS,1h,-1.5650436606198612,-0.0819181291866595,11174,-0.9749646370763814,0.9767702336915669,7692.168570794456,-12.735107172634603,90,-1.3693591511699994,-1.9797336499406617
"R-C|n=7,t=30,filt=0|X3|L|1h",R-C,"n=7,t=30,filt=0",X3,L,1h,-0.37918194560077106,-0.019847290134174463,3246,-0.7334522824325138,0.793263859846526,3560.009066747684,-429.6804011488346,102,-0.3538291160811938,-0.4368816614969833
"R-C|n=7,t=30,filt=0|X3|S|1h",R-C,"n=7,t=30,filt=0",X3,S,1h,-0.6744443913888719,-0.03530203289097327,3254,-0.8465684733216265,0.9140829943320106,5215.3799089047425,467.0643409020193,99,-0.852604108888092,-0.30403493825783573
"R-C|n=7,t=30,filt=0|X3|LS|1h",R-C,"n=7,t=30,filt=0",X3,LS,1h,-0.6419951085470241,-0.03360355979994134,5678,-0.915250068234816,0.9344274081035456,4919.307802442726,98.03955802996809,147,-0.8668097953952063,-0.1690450607341323
"R-C|n=7,t=30,filt=0|X4|L|1h",R-C,"n=7,t=30,filt=0",X4,L,1h,-1.6497579319156377,-0.08635227680476018,8686,-0.8891545322005787,0.9044640462402407,7451.7088574342715,-62.43619433802666,44,-1.494173207033337,-1.937548512541312
"R-C|n=7,t=30,filt=0|X4|S|1h",R-C,"n=7,t=30,filt=0",X4,S,1h,-1.983398951336486,-0.10381584591698599,8772,-0.9149785967732016,0.9360881636077555,11639.606054633605,35.64434529255349,24,-1.6261114588318246,-2.740155781738461
"R-C|n=7,t=30,filt=0|X4|LS|1h",R-C,"n=7,t=30,filt=0",X4,LS,1h,-2.6044851852690467,-0.1363249852001624,17416,-0.9906436886284331,0.9908720387955383,9698.155701781878,-7.7563789188200305,66,-2.2735698141886984,-3.2744411527612542
"R-C|n=7,t=30,filt=1|X1|L|1h",R-C,"n=7,t=30,filt=1",X1,L,1h,-1.2388404462952671,-0.06484387258632797,2316,-0.4530736954818,0.4675446344539288,4273.927650335104,-82.94531366812359,2,-1.1483754517073874,-1.463544035539238
"R-C|n=7,t=30,filt=1|X1|S|1h",R-C,"n=7,t=30,filt=1",X1,S,1h,-0.6863612807447094,-0.03592579138814387,2610,-0.3532226449086511,0.4651912446805244,6191.920304981565,11.010828893282945,4,-0.3589565812454311,-1.3744117100713058
"R-C|n=7,t=30,filt=1|X1|LS|1h",R-C,"n=7,t=30,filt=1",X1,LS,1h,-1.3145811357031312,-0.0688083214612831,4926,-0.6462627856794853,0.659624735023801,8261.935862748116,-76.91898867018828,6,-1.0090635484371502,-1.9915676678354228
"R-C|n=7,t=30,filt=1|X2|L|1h",R-C,"n=7,t=30,filt=1",X2,L,1h,-0.5391734537666718,-0.028221628412706458,1882,-0.30884102986262973,0.34156004596967127,3931.1241627872237,-189.00373903820486,6,-0.4430469707705365,-0.7669424327165373
"R-C|n=7,t=30,filt=1|X2|S|1h",R-C,"n=7,t=30,filt=1",X2,S,1h,0.26486998671655215,0.013863928742359553,2122,0.15193860418095362,0.25874805476746443,6850.649706145812,132.38570518082432,7,0.40460729130724693,-0.021011871665850168
"R-C|n=7,t=30,filt=1|X2|LS|1h",R-C,"n=7,t=30,filt=1",X2,LS,1h,-0.12628714019717216,-0.006610171029470411,4004,-0.20313067025811438,0.3766094775838055,10104.051339702726,-117.65180863986676,13,0.03244772817035928,-0.46542426855474456
"R-C|n=7,t=30,filt=1|X3|L|1h",R-C,"n=7,t=30,filt=1",X3,L,1h,-0.5989535806215346,-0.03135066326183775,1474,-0.6027407959082457,0.6516855557348593,2076.7573692322994,-320.38798404029933,25,-0.5773024342496391,-0.6969617930717643
"R-C|n=7,t=30,filt=1|X3|S|1h",R-C,"n=7,t=30,filt=1",X3,S,1h,0.0666919226783634,0.00349081477733922,1636,-0.09938436857739996,0.5935691036057199,5066.809513187817,446.3931066802965,36,0.016136918615394864,0.17408241986838377
"R-C|n=7,t=30,filt=1|X3|LS|1h",R-C,"n=7,t=30,filt=1",X3,LS,1h,-0.21582667554424814,-0.011296884511297572,2904,-0.5049637807232624,0.7148985094517986,5879.308594049994,-82.685619191294,53,-0.26618122680896894,-0.10067377423810209
"R-C|n=7,t=30,filt=1|X4|L|1h",R-C,"n=7,t=30,filt=1",X4,L,1h,-1.2388404462952671,-0.06484387258632797,2316,-0.4530736954818,0.4675446344539288,4273.927650335104,-82.94531366812359,2,-1.1483754517073874,-1.463544035539238
"R-C|n=7,t=30,filt=1|X4|S|1h",R-C,"n=7,t=30,filt=1",X4,S,1h,-0.6863612807447094,-0.03592579138814387,2610,-0.3532226449086511,0.4651912446805244,6191.920304981565,11.010828893282945,4,-0.3589565812454311,-1.3744117100713058
"R-C|n=7,t=30,filt=1|X4|LS|1h",R-C,"n=7,t=30,filt=1",X4,LS,1h,-1.3145811357031312,-0.0688083214612831,4926,-0.6462627856794853,0.659624735023801,8261.935862748116,-76.91898867018828,6,-1.0090635484371502,-1.9915676678354228
"R-C|n=14,t=5,filt=0|X1|L|1h",R-C,"n=14,t=5,filt=0",X1,L,1h,0.0,0.0,0,0.0,0.0,0.0,0.0,0,0.0,0.0
"R-C|n=14,t=5,filt=0|X1|S|1h",R-C,"n=14,t=5,filt=0",X1,S,1h,-0.4650987207017886,-0.024344379678142042,2,-0.005585979477836234,0.005585979477836234,5.373992832575702,0.3385721071746398,0,0.0,-0.791364224230154
"R-C|n=14,t=5,filt=0|X1|LS|1h",R-C,"n=14,t=5,filt=0",X1,LS,1h,-0.4650987207017886,-0.024344379678142042,2,-0.005585979477836234,0.005585979477836234,5.373992832575702,0.3385721071746398,0,0.0,-0.791364224230154
"R-C|n=14,t=5,filt=0|X2|L|1h",R-C,"n=14,t=5,filt=0",X2,L,1h,0.0,0.0,0,0.0,0.0,0.0,0.0,0,0.0,0.0
"R-C|n=14,t=5,filt=0|X2|S|1h",R-C,"n=14,t=5,filt=0",X2,S,1h,-0.4382510079340212,-0.022939106165194026,2,-0.03254884053001039,0.04493536959054878,5.591420737426943,2.712270554332924,0,0.0,-0.7456358910592695
"R-C|n=14,t=5,filt=0|X2|LS|1h",R-C,"n=14,t=5,filt=0",X2,LS,1h,-0.4382510079340212,-0.022939106165194026,2,-0.03254884053001039,0.04493536959054878,5.591420737426943,2.712270554332924,0,0.0,-0.7456358910592695
"R-C|n=14,t=5,filt=0|X3|L|1h",R-C,"n=14,t=5,filt=0",X3,L,1h,0.0,0.0,0,0.0,0.0,0.0,0.0,0,0.0,0.0
"R-C|n=14,t=5,filt=0|X3|S|1h",R-C,"n=14,t=5,filt=0",X3,S,1h,-0.4801407993650271,-0.02513171805992433,2,-0.03698466276946988,0.04493536959054878,5.628039541092431,4.164171545265411,0,0.0,-0.8169884870427792
"R-C|n=14,t=5,filt=0|X3|LS|1h",R-C,"n=14,t=5,filt=0",X3,LS,1h,-0.4801407993650271,-0.02513171805992433,2,-0.03698466276946988,0.04493536959054878,5.628039541092431,4.164171545265411,0,0.0,-0.8169884870427792
"R-C|n=14,t=5,filt=0|X4|L|1h",R-C,"n=14,t=5,filt=0",X4,L,1h,0.0,0.0,0,0.0,0.0,0.0,0.0,0,0.0,0.0
"R-C|n=14,t=5,filt=0|X4|S|1h",R-C,"n=14,t=5,filt=0",X4,S,1h,-0.4650987207017886,-0.024344379678142042,2,-0.005585979477836234,0.005585979477836234,5.373992832575702,0.3385721071746398,0,0.0,-0.791364224230154
"R-C|n=14,t=5,filt=0|X4|LS|1h",R-C,"n=14,t=5,filt=0",X4,LS,1h,-0.4650987207017886,-0.024344379678142042,2,-0.005585979477836234,0.005585979477836234,5.373992832575702,0.3385721071746398,0,0.0,-0.791364224230154
"R-C|n=14,t=5,filt=1|X1|L|1h",R-C,"n=14,t=5,filt=1",X1,L,1h,0.0,0.0,0,0.0,0.0,0.0,0.0,0,0.0,0.0
"R-C|n=14,t=5,filt=1|X1|S|1h",R-C,"n=14,t=5,filt=1",X1,S,1h,0.0,0.0,0,0.0,0.0,0.0,0.0,0,0.0,0.0
"R-C|n=14,t=5,filt=1|X1|LS|1h",R-C,"n=14,t=5,filt=1",X1,LS,1h,0.0,0.0,0,0.0,0.0,0.0,0.0,0,0.0,0.0
"R-C|n=14,t=5,filt=1|X2|L|1h",R-C,"n=14,t=5,filt=1",X2,L,1h,0.0,0.0,0,0.0,0.0,0.0,0.0,0,0.0,0.0
"R-C|n=14,t=5,filt=1|X2|S|1h",R-C,"n=14,t=5,filt=1",X2,S,1h,0.0,0.0,0,0.0,0.0,0.0,0.0,0,0.0,0.0
"R-C|n=14,t=5,filt=1|X2|LS|1h",R-C,"n=14,t=5,filt=1",X2,LS,1h,0.0,0.0,0,0.0,0.0,0.0,0.0,0,0.0,0.0
"R-C|n=14,t=5,filt=1|X3|L|1h",R-C,"n=14,t=5,filt=1",X3,L,1h,0.0,0.0,0,0.0,0.0,0.0,0.0,0,0.0,0.0
"R-C|n=14,t=5,filt=1|X3|S|1h",R-C,"n=14,t=5,filt=1",X3,S,1h,0.0,0.0,0,0.0,0.0,0.0,0.0,0,0.0,0.0
"R-C|n=14,t=5,filt=1|X3|LS|1h",R-C,"n=14,t=5,filt=1",X3,LS,1h,0.0,0.0,0,0.0,0.0,0.0,0.0,0,0.0,0.0
"R-C|n=14,t=5,filt=1|X4|L|1h",R-C,"n=14,t=5,filt=1",X4,L,1h,0.0,0.0,0,0.0,0.0,0.0,0.0,0,0.0,0.0
"R-C|n=14,t=5,filt=1|X4|S|1h",R-C,"n=14,t=5,filt=1",X4,S,1h,0.0,0.0,0,0.0,0.0,0.0,0.0,0,0.0,0.0
"R-C|n=14,t=5,filt=1|X4|LS|1h",R-C,"n=14,t=5,filt=1",X4,LS,1h,0.0,0.0,0,0.0,0.0,0.0,0.0,0,0.0,0.0
"R-C|n=14,t=10,filt=0|X1|L|1h",R-C,"n=14,t=10,filt=0",X1,L,1h,0.7577224187106496,0.03966100406360726,22,0.04857834026804819,0.007185067379620547,60.383121493897804,-0.6434645633185248,0,0.8504514144777717,1.0689769354506966
"R-C|n=14,t=10,filt=0|X1|S|1h",R-C,"n=14,t=10,filt=0",X1,S,1h,-0.3709711860516074,-0.01941751933710763,32,-0.039038510935622384,0.05649472483578177,85.47677427630522,3.072673047983675,0,0.13790350644967558,-0.8583473420625191
"R-C|n=14,t=10,filt=0|X1|LS|1h",R-C,"n=14,t=10,filt=0",X1,LS,1h,0.07538804392480736,0.0039459905667526,54,0.007643403264637305,0.05011308663174319,148.4793975413172,2.5394826415941942,0,0.7318339020990962,-0.7651675274108054
"R-C|n=14,t=10,filt=0|X2|L|1h",R-C,"n=14,t=10,filt=0",X2,L,1h,0.8070585063762119,0.04224337291672359,20,0.12356415161629819,0.024984439542446668,57.43191695991163,3.3243074953101,0,1.0621532202351311,0.36086020919160783
"R-C|n=14,t=10,filt=0|X2|S|1h",R-C,"n=14,t=10,filt=0",X2,S,1h,-0.7230035052222015,-0.037843733074987874,30,-0.19579122935142246,0.22248243596253625,77.25947042630338,16.122066922365907,1,-0.3758892275543802,-1.117695051146354
"R-C|n=14,t=10,filt=0|X2|LS|1h",R-C,"n=14,t=10,filt=0",X2,LS,1h,-0.27769759147171125,-0.014535356262197778,50,-0.09641985488384452,0.19343813431882984,137.08439565676372,21.180720742660686,1,0.41388960198351116,-0.9325887469361303
"R-C|n=14,t=10,filt=0|X3|L|1h",R-C,"n=14,t=10,filt=0",X3,L,1h,0.7666622489995019,0.04012893616731544,12,1.1588623293644869,0.28956278937349034,53.32937547622299,-2399.1340837657735,8,1.2376676853893802,-0.8938312188493857
"R-C|n=14,t=10,filt=0|X3|S|1h",R-C,"n=14,t=10,filt=0",X3,S,1h,-0.1289047749748058,-0.006747184295792167,10,-0.21050282675670728,1.4093039150557767,30.75954450824388,2645.5904404140497,406,-0.15405576384119932,-0.18179269116260696
"R-C|n=14,t=10,filt=0|X3|LS|1h",R-C,"n=14,t=10,filt=0",X3,LS,1h,0.6495691567267475,0.03400000360075315,24,0.2565801664512888,0.940587758107723,76.03483074819809,850.4864912765821,236,0.288417002512296,1.0317487238371579
"R-C|n=14,t=10,filt=0|X4|L|1h",R-C,"n=14,t=10,filt=0",X4,L,1h,0.7577224187106496,0.03966100406360726,22,0.04857834026804819,0.007185067379620547,60.383121493897804,-0.6434645633185248,0,0.8504514144777717,1.0689769354506966
"R-C|n=14,t=10,filt=0|X4|S|1h",R-C,"n=14,t=10,filt=0",X4,S,1h,-0.3709711860516074,-0.01941751933710763,32,-0.039038510935622384,0.05649472483578177,85.47677427630522,3.072673047983675,0,0.13790350644967558,-0.8583473420625191
"R-C|n=14,t=10,filt=0|X4|LS|1h",R-C,"n=14,t=10,filt=0",X4,LS,1h,0.07538804392480736,0.0039459905667526,54,0.007643403264637305,0.05011308663174319,148.4793975413172,2.5394826415941942,0,0.7318339020990962,-0.7651675274108054
"R-C|n=14,t=10,filt=1|X1|L|1h",R-C,"n=14,t=10,filt=1",X1,L,1h,0.0,0.0,0,0.0,0.0,0.0,0.0,0,0.0,0.0
"R-C|n=14,t=10,filt=1|X1|S|1h",R-C,"n=14,t=10,filt=1",X1,S,1h,0.0,0.0,0,0.0,0.0,0.0,0.0,0,0.0,0.0
"R-C|n=14,t=10,filt=1|X1|LS|1h",R-C,"n=14,t=10,filt=1",X1,LS,1h,0.0,0.0,0,0.0,0.0,0.0,0.0,0,0.0,0.0
"R-C|n=14,t=10,filt=1|X2|L|1h",R-C,"n=14,t=10,filt=1",X2,L,1h,0.0,0.0,0,0.0,0.0,0.0,0.0,0,0.0,0.0
"R-C|n=14,t=10,filt=1|X2|S|1h",R-C,"n=14,t=10,filt=1",X2,S,1h,0.0,0.0,0,0.0,0.0,0.0,0.0,0,0.0,0.0
"R-C|n=14,t=10,filt=1|X2|LS|1h",R-C,"n=14,t=10,filt=1",X2,LS,1h,0.0,0.0,0,0.0,0.0,0.0,0.0,0,0.0,0.0
"R-C|n=14,t=10,filt=1|X3|L|1h",R-C,"n=14,t=10,filt=1",X3,L,1h,0.0,0.0,0,0.0,0.0,0.0,0.0,0,0.0,0.0
"R-C|n=14,t=10,filt=1|X3|S|1h",R-C,"n=14,t=10,filt=1",X3,S,1h,0.0,0.0,0,0.0,0.0,0.0,0.0,0,0.0,0.0
"R-C|n=14,t=10,filt=1|X3|LS|1h",R-C,"n=14,t=10,filt=1",X3,LS,1h,0.0,0.0,0,0.0,0.0,0.0,0.0,0,0.0,0.0
"R-C|n=14,t=10,filt=1|X4|L|1h",R-C,"n=14,t=10,filt=1",X4,L,1h,0.0,0.0,0,0.0,0.0,0.0,0.0,0,0.0,0.0
"R-C|n=14,t=10,filt=1|X4|S|1h",R-C,"n=14,t=10,filt=1",X4,S,1h,0.0,0.0,0,0.0,0.0,0.0,0.0,0,0.0,0.0
"R-C|n=14,t=10,filt=1|X4|LS|1h",R-C,"n=14,t=10,filt=1",X4,LS,1h,0.0,0.0,0,0.0,0.0,0.0,0.0,0,0.0,0.0
"R-C|n=14,t=20,filt=0|X1|L|1h",R-C,"n=14,t=20,filt=0",X1,L,1h,0.30217625414395943,0.015816628025764858,540,0.10614603832272906,0.17860393218913573,1573.025870671677,20.75093787870916,3,0.6792201686797477,-0.4435959074528492
"R-C|n=14,t=20,filt=0|X1|S|1h",R-C,"n=14,t=20,filt=0",X1,S,1h,-1.287255268306457,-0.06737802019118838,612,-0.360741591280623,0.37816489364826855,1318.3341099245345,32.39510357283254,3,-1.4522654333660354,-1.0424958867676326
"R-C|n=14,t=20,filt=0|X1|LS|1h",R-C,"n=14,t=20,filt=0",X1,LS,1h,-0.6219575594508829,-0.03255474654524172,1152,-0.2928868437305697,0.4082465125555318,2757.5063129486116,48.62328726867532,6,-0.37971726139487916,-1.0544998232939273
"R-C|n=14,t=20,filt=0|X2|L|1h",R-C,"n=14,t=20,filt=0",X2,L,1h,-0.3250772659121189,-0.017015321766862324,408,-0.24880277203620427,0.33248080624679777,983.6718645576801,140.33933598310185,15,-0.11659502474240173,-0.7275619004635208
"R-C|n=14,t=20,filt=0|X2|S|1h",R-C,"n=14,t=20,filt=0",X2,S,1h,-1.3728024771686553,-0.07185576575411799,424,-0.6218941175867303,0.6381389162379212,775.0147734412292,46.87167797506156,10,-1.2621696206959763,-1.5603542814941602
"R-C|n=14,t=20,filt=0|X2|LS|1h",R-C,"n=14,t=20,filt=0",X2,LS,1h,-1.1796660173187357,-0.06174654141313476,832,-0.7158652452514039,0.7290692793809953,1437.5782618391136,156.2373904981335,25,-0.9116993003828234,-1.6469895735086204
"R-C|n=14,t=20,filt=0|X3|L|1h",R-C,"n=14,t=20,filt=0",X3,L,1h,-0.46828371977377586,-0.02451109014891262,192,-0.7247906586670024,0.8003360561607539,204.66099015201837,-237.20556730417928,68,-0.5404389088475021,-0.33155525505919986
"R-C|n=14,t=20,filt=0|X3|S|1h",R-C,"n=14,t=20,filt=0",X3,S,1h,-0.08652688871276884,-0.004529024349956436,86,-1.579060261334502,1.7190292092504318,248.26885865646813,1857.8126625984753,92,-0.10693185448776096,0.0
"R-C|n=14,t=20,filt=0|X3|LS|1h",R-C,"n=14,t=20,filt=0",X3,LS,1h,0.0351602693718671,0.0018403726113951227,152,-1.1795802159130988,1.337304072334076,186.62775086840782,707.6361620164172,114,0.04345164683351066,0.0
"R-C|n=14,t=20,filt=0|X4|L|1h",R-C,"n=14,t=20,filt=0",X4,L,1h,0.30217625414395943,0.015816628025764858,540,0.10614603832272906,0.17860393218913573,1573.025870671677,20.75093787870916,3,0.6792201686797477,-0.4435959074528492
"R-C|n=14,t=20,filt=0|X4|S|1h",R-C,"n=14,t=20,filt=0",X4,S,1h,-1.287255268306457,-0.06737802019118838,612,-0.360741591280623,0.37816489364826855,1318.3341099245345,32.39510357283254,3,-1.4522654333660354,-1.0424958867676326
"R-C|n=14,t=20,filt=0|X4|LS|1h",R-C,"n=14,t=20,filt=0",X4,LS,1h,-0.6219575594508829,-0.03255474654524172,1152,-0.2928868437305697,0.4082465125555318,2757.5063129486116,48.62328726867532,6,-0.37971726139487916,-1.0544998232939273
"R-C|n=14,t=20,filt=1|X1|L|1h",R-C,"n=14,t=20,filt=1",X1,L,1h,-0.6192349488125463,-0.032412238591241316,8,-0.010651098789012381,0.011652292216513205,21.14236535782007,-0.45590325642462304,0,-0.7037662390253526,-0.7799572637865062
"R-C|n=14,t=20,filt=1|X1|S|1h",R-C,"n=14,t=20,filt=1",X1,S,1h,-0.13933391762510938,-0.007293070571319647,18,-0.006265125005771921,0.023755938449866565,47.71244599602959,0.9195018397016496,0,-0.29046437871050523,0.4098694356317783
"R-C|n=14,t=20,filt=1|X1|LS|1h",R-C,"n=14,t=20,filt=1",X1,LS,1h,-0.3570557692817814,-0.018689153134093636,26,-0.016849493329422538,0.0341540103916238,68.42363573939242,0.46449666897908454,0,-0.5389880199470649,0.300576395024833
"R-C|n=14,t=20,filt=1|X2|L|1h",R-C,"n=14,t=20,filt=1",X2,L,1h,-0.40268140696238436,-0.021077308158639743,8,-0.013630415356924108,0.024111003985934798,21.23549745991823,-2.487674999563722,0,-0.03519765815432906,-0.8712075062043836
"R-C|n=14,t=20,filt=1|X2|S|1h",R-C,"n=14,t=20,filt=1",X2,S,1h,-0.6000574275525934,-0.031408441250897146,18,-0.06896514069862969,0.09191149170444535,46.93028516526964,7.859648337064483,0,-0.6776719892196448,-0.4464322779020007
"R-C|n=14,t=20,filt=1|X2|LS|1h",R-C,"n=14,t=20,filt=1",X2,LS,1h,-0.688503061376827,-0.03603789731012295,26,-0.08165553254268176,0.10428911525336249,66.78183925275668,5.456636023737558,0,-0.6679404887314343,-0.7269902013732858
"R-C|n=14,t=20,filt=1|X3|L|1h",R-C,"n=14,t=20,filt=1",X3,L,1h,0.36243577290334833,0.018970755394008647,8,0.05944740024681483,0.07508989888828965,22.59811138893441,-56.63234935666357,0,0.8689296770939178,-0.3401577780071855
"R-C|n=14,t=20,filt=1|X3|S|1h",R-C,"n=14,t=20,filt=1",X3,S,1h,-0.416753469678501,-0.02181387358522027,18,-0.20481859944794567,0.30497181200375256,44.77963264862363,292.96447865446856,1,-0.5748640950011511,-0.14519647824461243
"R-C|n=14,t=20,filt=1|X3|LS|1h",R-C,"n=14,t=20,filt=1",X3,LS,1h,-0.2769462079414224,-0.01449602705071843,26,-0.15754713246050744,0.2636541931291231,64.4220932641793,249.05617592903826,1,-0.28912480543797864,-0.25735479434838854
"R-C|n=14,t=20,filt=1|X4|L|1h",R-C,"n=14,t=20,filt=1",X4,L,1h,-0.6192349488125463,-0.032412238591241316,8,-0.010651098789012381,0.011652292216513205,21.14236535782007,-0.45590325642462304,0,-0.7037662390253526,-0.7799572637865062
"R-C|n=14,t=20,filt=1|X4|S|1h",R-C,"n=14,t=20,filt=1",X4,S,1h,-0.13933391762510938,-0.007293070571319647,18,-0.006265125005771921,0.023755938449866565,47.71244599602959,0.9195018397016496,0,-0.29046437871050523,0.4098694356317783
"R-C|n=14,t=20,filt=1|X4|LS|1h",R-C,"n=14,t=20,filt=1",X4,LS,1h,-0.3570557692817814,-0.018689153134093636,26,-0.016849493329422538,0.0341540103916238,68.42363573939242,0.46449666897908454,0,-0.5389880199470649,0.300576395024833
"R-C|n=14,t=30,filt=0|X1|L|1h",R-C,"n=14,t=30,filt=0",X1,L,1h,-0.564550121705515,-0.029549903920188324,3586,-0.42730594298193925,0.4864799084587066,7298.524686898541,-21.42033889199943,21,-0.3266741299254599,-1.0089704557398576
"R-C|n=14,t=30,filt=0|X1|S|1h",R-C,"n=14,t=30,filt=0",X1,S,1h,-1.9648096294500716,-0.10284283633897809,3750,-0.8010005526773595,0.8102243593181397,5087.06619506854,32.90255170649007,14,-1.9206041211795175,-2.0475702620385756
"R-C|n=14,t=30,filt=0|X1|LS|1h",R-C,"n=14,t=30,filt=0",X1,LS,1h,-1.7543551333890335,-0.09182714455347656,7336,-0.8860406229772785,0.8887867415928095,8253.612522811834,5.260000116119846,35,-1.5532408592557196,-2.133190147542978
"R-C|n=14,t=30,filt=0|X2|L|1h",R-C,"n=14,t=30,filt=0",X2,L,1h,-0.4687491250873649,-0.024535450576395928,1784,-0.5803493444984558,0.6584585625417645,3149.699432566914,-49.79161385174416,48,-0.3254788154465214,-0.8009015166452588
"R-C|n=14,t=30,filt=0|X2|S|1h",R-C,"n=14,t=30,filt=0",X2,S,1h,-1.1677286938498486,-0.06112171334560345,1790,-0.7876624307318317,0.8107264672274934,2518.287344675549,229.55441720702166,32,-1.2679768958144604,-0.9819045750504249
"R-C|n=14,t=30,filt=0|X2|LS|1h",R-C,"n=14,t=30,filt=0",X2,LS,1h,-1.115012366059594,-0.0583624146379508,3570,-0.9103083201051276,0.9208290247300367,3697.6559623857715,182.4048965256407,80,-1.0386433115559766,-1.2749595269774723
"R-C|n=14,t=30,filt=0|X3|L|1h",R-C,"n=14,t=30,filt=0",X3,L,1h,-0.3784609714259953,-0.019809552621109724,936,-0.7438920593202412,0.8055199599273195,1035.179032202739,-407.60054499570043,95,-0.3824668188213633,-0.3720697924418021
"R-C|n=14,t=30,filt=0|X3|S|1h",R-C,"n=14,t=30,filt=0",X3,S,1h,-0.7481099093728573,-0.03915786232925503,934,-0.9204278632416386,0.9580420723748557,1427.399963463475,673.8057163010839,107,-0.97121987013162,-0.19751458988673656
"R-C|n=14,t=30,filt=0|X3|LS|1h",R-C,"n=14,t=30,filt=0",X3,LS,1h,-0.9316918682188373,-0.04876698123085083,1668,-0.9765740212359103,0.9814016203904791,1322.8734507976858,287.05656639607776,171,-1.0967420539428094,-0.5623433733109163
"R-C|n=14,t=30,filt=0|X4|L|1h",R-C,"n=14,t=30,filt=0",X4,L,1h,-0.564550121705515,-0.029549903920188324,3586,-0.42730594298193925,0.4864799084587066,7298.524686898541,-21.42033889199943,21,-0.3266741299254599,-1.0089704557398576
"R-C|n=14,t=30,filt=0|X4|S|1h",R-C,"n=14,t=30,filt=0",X4,S,1h,-1.9648096294500716,-0.10284283633897809,3750,-0.8010005526773595,0.8102243593181397,5087.06619506854,32.90255170649007,14,-1.9206041211795175,-2.0475702620385756
"R-C|n=14,t=30,filt=0|X4|LS|1h",R-C,"n=14,t=30,filt=0",X4,LS,1h,-1.7543551333890335,-0.09182714455347656,7336,-0.8860406229772785,0.8887867415928095,8253.612522811834,5.260000116119846,35,-1.5532408592557196,-2.133190147542978
"R-C|n=14,t=30,filt=1|X1|L|1h",R-C,"n=14,t=30,filt=1",X1,L,1h,-0.3796608994574745,-0.019872359724816005,306,-0.06819635683372238,0.09776453440838873,786.4528268087367,-16.91159166112916,0,-0.12313382929819937,-1.0011956827613533
"R-C|n=14,t=30,filt=1|X1|S|1h",R-C,"n=14,t=30,filt=1",X1,S,1h,-0.2970122196371605,-0.015546330105970866,318,-0.05919831040467782,0.08772479478599571,817.2601845117003,8.018025685897369,1,-0.31109021087654876,-0.2681490666552791
"R-C|n=14,t=30,filt=1|X1|LS|1h",R-C,"n=14,t=30,filt=1",X1,LS,1h,-0.475799469147032,-0.024904482450728085,624,-0.12335755813809102,0.13958768406266464,1539.8603514126512,-8.688486440271307,1,-0.3102806206068189,-0.8522658690753413
"R-C|n=14,t=30,filt=1|X2|L|1h",R-C,"n=14,t=30,filt=1",X2,L,1h,-0.21878694306970162,-0.0114518319953065,272,-0.09192531434160978,0.1630784849839324,668.6521423093403,-68.22094023391735,2,-0.2780665761837607,-0.06389379202023811
"R-C|n=14,t=30,filt=1|X2|S|1h",R-C,"n=14,t=30,filt=1",X2,S,1h,-0.05245998662291567,-0.002745881197719666,274,-0.04334077854286866,0.1703593145845026,739.5747345771873,42.29225144686163,5,-0.07192790965727736,-0.006748175492061141
"R-C|n=14,t=30,filt=1|X2|LS|1h",R-C,"n=14,t=30,filt=1",X2,LS,1h,-0.18131926713792293,-0.009490684204651446,546,-0.13128197819311627,0.21780968641315024,1355.9413433858203,-30.506754530320578,7,-0.23695775470201041,-0.04413806397287294
"R-C|n=14,t=30,filt=1|X3|L|1h",R-C,"n=14,t=30,filt=1",X3,L,1h,-0.28918327599397686,-0.015136544466825575,270,-0.34887913807307114,0.47495762000803277,486.74047521499705,-181.43538440149936,12,-0.5197476710278425,0.4267714282642955
"R-C|n=14,t=30,filt=1|X3|S|1h",R-C,"n=14,t=30,filt=1",X3,S,1h,-0.26513539281359866,-0.013877820732399099,264,-0.4331077966908442,0.678318519868364,619.0324158449746,440.98265743793064,28,-0.43694866187218123,0.3427565157975742
"R-C|n=14,t=30,filt=1|X3|LS|1h",R-C,"n=14,t=30,filt=1",X3,LS,1h,-0.38511619955339554,-0.02015790318232738,498,-0.605909022804997,0.750619174812931,762.739804341885,228.60972344425954,37,-0.6254310311135926,0.40864638567043887
"R-C|n=14,t=30,filt=1|X4|L|1h",R-C,"n=14,t=30,filt=1",X4,L,1h,-0.3796608994574745,-0.019872359724816005,306,-0.06819635683372238,0.09776453440838873,786.4528268087367,-16.91159166112916,0,-0.12313382929819937,-1.0011956827613533
"R-C|n=14,t=30,filt=1|X4|S|1h",R-C,"n=14,t=30,filt=1",X4,S,1h,-0.2970122196371605,-0.015546330105970866,318,-0.05919831040467782,0.08772479478599571,817.2601845117003,8.018025685897369,1,-0.31109021087654876,-0.2681490666552791
"R-C|n=14,t=30,filt=1|X4|LS|1h",R-C,"n=14,t=30,filt=1",X4,LS,1h,-0.475799469147032,-0.024904482450728085,624,-0.12335755813809102,0.13958768406266464,1539.8603514126512,-8.688486440271307,1,-0.3102806206068189,-0.8522658690753413
"V-A|m=0.5,ref=open|X1|L|1h",V-A,"m=0.5,ref=open",X1,L,1h,-12.347357544842,-0.6462902319745071,23212,-1.0,1.0,2740.4322278749764,-60.00480259677606,1370,-11.198143697180848,-15.096105066350573
"V-A|m=0.5,ref=open|X1|S|1h",V-A,"m=0.5,ref=open",X1,S,1h,-11.66399424317874,-0.6105213619834288,22912,-1.0,1.0,5662.515926135442,107.5925927055415,1418,-11.722999063088043,-11.546580751420231
"V-A|m=0.5,ref=open|X1|LS|1h",V-A,"m=0.5,ref=open",X1,LS,1h,-9.675670430036543,-0.5064477370179867,30316,-1.0,1.0,7310.264861198713,-1.6543561421984545,1372,-9.792511079742317,-9.452106071476182
"V-A|m=0.5,ref=open|X2|L|1h",V-A,"m=0.5,ref=open",X2,L,1h,-0.28565276692051506,-0.014951749176028404,242,-0.8485357643546717,0.9335620541889421,453.9401601812442,-683.7247507170166,167,-0.3490400561765664,-0.1434671986601976
"V-A|m=0.5,ref=open|X2|S|1h",V-A,"m=0.5,ref=open",X2,S,1h,0.18275865361750016,0.009566025136377809,144,-0.3465523823414467,0.9237196486917201,890.0512272582865,3982.1996182084645,130,0.16109718491204256,0.21889854368075148
"V-A|m=0.5,ref=open|X2|LS|1h",V-A,"m=0.5,ref=open",X2,LS,1h,-0.4783396443516769,-0.02503744129769625,202,-0.9943782598314043,0.9986333801939776,891.6830497761458,2441.9504643515074,156,-0.12735964918839526,-0.8185221547889502
"V-A|m=0.5,ref=open|X3|L|1h",V-A,"m=0.5,ref=open",X3,L,1h,-0.21172143865647855,-0.011082006591801731,164,-0.682614073376022,0.8226659145004642,263.3617803521619,-1117.5639340623866,105,-0.24602378154045856,-0.15158056385802948
"V-A|m=0.5,ref=open|X3|S|1h",V-A,"m=0.5,ref=open",X3,S,1h,0.09299841693175263,0.004867759618509811,112,-0.2601438557463741,0.8437311638855227,461.9588017847069,3018.753624383847,64,0.1680348206472366,-0.014841390945248428
"V-A|m=0.5,ref=open|X3|LS|1h",V-A,"m=0.5,ref=open",X3,LS,1h,-0.5738990529738595,-0.03003924934783864,116,-0.964700896111479,0.9871212897746469,491.07151406269213,561.8134678135648,128,0.2626106198632282,-1.2357143371102322
"V-A|m=0.5,ref=open|X4|L|1h",V-A,"m=0.5,ref=open",X4,L,1h,-1.7366517770920142,-0.09090050853387675,16462,-0.9949650124287875,0.9957645691344102,4971.1451678882695,-263.1775386312125,123,-1.5092929038286187,-2.2339904987072896
"V-A|m=0.5,ref=open|X4|S|1h",V-A,"m=0.5,ref=open",X4,S,1h,-2.151676820481164,-0.11262391215226901,16598,-0.9983947693981432,0.9987729576110688,11880.478797993548,231.89065942490794,101,-2.149289586014367,-2.173064943423045
"V-A|m=0.5,ref=open|X4|LS|1h",V-A,"m=0.5,ref=open",X4,LS,1h,-2.2231160429338233,-0.11636321195656557,18288,-0.9923448958791969,0.9937800055651873,9067.570298601755,5.7863378717407015,36,-2.424196468828928,-1.806728840498425
"V-A|m=0.5,ref=open|X5|L|1h",V-A,"m=0.5,ref=open",X5,L,1h,-0.4448062597481091,-0.023282223727003677,9190,-0.8808033357681047,0.9089322381713422,8212.593573742817,-1030.5638089078286,132,-0.1612271826898708,-1.0552157556321426
"V-A|m=0.5,ref=open|X5|S|1h",V-A,"m=0.5,ref=open",X5,S,1h,-1.0544395522456107,-0.05519188865706662,9248,-0.9801381445439763,0.9887448035318497,11596.31485438637,216.9350478661434,110,-1.0135407422306135,-1.1452002454225485
"V-A|m=0.5,ref=open|X5|LS|1h",V-A,"m=0.5,ref=open",X5,LS,1h,-0.22202955475301703,-0.01162155804797828,9764,-0.6090734575593305,0.7583905649556749,22165.38217489023,-301.85204243837865,46,0.2640758686035707,-1.4316893892682523
"V-A|m=0.5,ref=prevclose|X1|L|1h",V-A,"m=0.5,ref=prevclose",X1,L,1h,-12.347357544842,-0.6462902319745071,23212,-1.0,1.0,2740.4322278749764,-60.00480259677606,1370,-11.198143697180848,-15.096105066350573
"V-A|m=0.5,ref=prevclose|X1|S|1h",V-A,"m=0.5,ref=prevclose",X1,S,1h,-11.66399424317874,-0.6105213619834288,22912,-1.0,1.0,5662.515926135442,107.5925927055415,1418,-11.722999063088043,-11.546580751420231
"V-A|m=0.5,ref=prevclose|X1|LS|1h",V-A,"m=0.5,ref=prevclose",X1,LS,1h,-9.675670430036543,-0.5064477370179867,30316,-1.0,1.0,7310.264861198713,-1.6543561421984545,1372,-9.792511079742317,-9.452106071476182
"V-A|m=0.5,ref=prevclose|X2|L|1h",V-A,"m=0.5,ref=prevclose",X2,L,1h,-0.28565276692051506,-0.014951749176028404,242,-0.8485357643546717,0.9335620541889421,453.9401601812442,-683.7247507170166,167,-0.3490400561765664,-0.1434671986601976
"V-A|m=0.5,ref=prevclose|X2|S|1h",V-A,"m=0.5,ref=prevclose",X2,S,1h,0.18275865361750016,0.009566025136377809,144,-0.3465523823414467,0.9237196486917201,890.0512272582865,3982.1996182084645,130,0.16109718491204256,0.21889854368075148
"V-A|m=0.5,ref=prevclose|X2|LS|1h",V-A,"m=0.5,ref=prevclose",X2,LS,1h,-0.4783396443516769,-0.02503744129769625,202,-0.9943782598314043,0.9986333801939776,891.6830497761458,2441.9504643515074,156,-0.12735964918839526,-0.8185221547889502
"V-A|m=0.5,ref=prevclose|X3|L|1h",V-A,"m=0.5,ref=prevclose",X3,L,1h,-0.21172143865647855,-0.011082006591801731,164,-0.682614073376022,0.8226659145004642,263.3617803521619,-1117.5639340623866,105,-0.24602378154045856,-0.15158056385802948
"V-A|m=0.5,ref=prevclose|X3|S|1h",V-A,"m=0.5,ref=prevclose",X3,S,1h,0.09299841693175263,0.004867759618509811,112,-0.2601438557463741,0.8437311638855227,461.9588017847069,3018.753624383847,64,0.1680348206472366,-0.014841390945248428
"V-A|m=0.5,ref=prevclose|X3|LS|1h",V-A,"m=0.5,ref=prevclose",X3,LS,1h,-0.5738990529738595,-0.03003924934783864,116,-0.964700896111479,0.9871212897746469,491.07151406269213,561.8134678135648,128,0.2626106198632282,-1.2357143371102322
"V-A|m=0.5,ref=prevclose|X4|L|1h",V-A,"m=0.5,ref=prevclose",X4,L,1h,-1.7366517770920142,-0.09090050853387675,16462,-0.9949650124287875,0.9957645691344102,4971.1451678882695,-263.1775386312125,123,-1.5092929038286187,-2.2339904987072896
"V-A|m=0.5,ref=prevclose|X4|S|1h",V-A,"m=0.5,ref=prevclose",X4,S,1h,-2.151676820481164,-0.11262391215226901,16598,-0.9983947693981432,0.9987729576110688,11880.478797993548,231.89065942490794,101,-2.149289586014367,-2.173064943423045
"V-A|m=0.5,ref=prevclose|X4|LS|1h",V-A,"m=0.5,ref=prevclose",X4,LS,1h,-2.2231160429338233,-0.11636321195656557,18288,-0.9923448958791969,0.9937800055651873,9067.570298601755,5.7863378717407015,36,-2.424196468828928,-1.806728840498425
"V-A|m=0.5,ref=prevclose|X5|L|1h",V-A,"m=0.5,ref=prevclose",X5,L,1h,-0.4448062597481091,-0.023282223727003677,9190,-0.8808033357681047,0.9089322381713422,8212.593573742817,-1030.5638089078286,132,-0.1612271826898708,-1.0552157556321426
"V-A|m=0.5,ref=prevclose|X5|S|1h",V-A,"m=0.5,ref=prevclose",X5,S,1h,-1.0544395522456107,-0.05519188865706662,9248,-0.9801381445439763,0.9887448035318497,11596.31485438637,216.9350478661434,110,-1.0135407422306135,-1.1452002454225485
"V-A|m=0.5,ref=prevclose|X5|LS|1h",V-A,"m=0.5,ref=prevclose",X5,LS,1h,-0.22202955475301703,-0.01162155804797828,9764,-0.6090734575593305,0.7583905649556749,22165.38217489023,-301.85204243837865,46,0.2640758686035707,-1.4316893892682523
"V-A|m=1,ref=open|X1|L|1h",V-A,"m=1.0,ref=open",X1,L,1h,-2.1682787753251396,-0.11349289818497893,10802,-0.9999993165135707,0.9999996566544573,5680.925788986744,-203.0331936338466,403,-1.9833001421938992,-2.488673132918867
"V-A|m=1,ref=open|X1|S|1h",V-A,"m=1.0,ref=open",X1,S,1h,-2.4913619311205637,-0.13040384345790554,10634,-0.9999998593097533,0.9999999389892177,26388.66656546758,725.9482040986451,448,-2.4630487561379955,-2.542138339240748
"V-A|m=1,ref=open|X1|LS|1h",V-A,"m=1.0,ref=open",X1,LS,1h,-1.5238269527732897,-0.07976074809692876,14526,-0.9999958650473842,0.9999976920903471,21514.511817246952,337.4678744395262,556,-1.644834594498896,-1.3192675974751928
"V-A|m=1,ref=open|X2|L|1h",V-A,"m=1.0,ref=open",X2,L,1h,-0.12139757536918258,-0.006354239509267866,328,-0.8866490110909265,0.9733003475061948,560.2583882398596,-646.8405519253446,284,-0.2956353300786732,0.18723726455952888
"V-A|m=1,ref=open|X2|S|1h",V-A,"m=1.0,ref=open",X2,S,1h,0.042096081173561825,0.0022034095933541778,176,-0.651197068486067,0.9585255591365812,916.2262610065286,4019.445419459101,152,0.12901152382989425,-0.06447217957532096
"V-A|m=1,ref=open|X2|LS|1h",V-A,"m=1.0,ref=open",X2,LS,1h,-0.6366859237356006,-0.03332566436596617,180,-1.0033745116542356,1.0013546431413605,814.4930211186211,2438.9812122522044,170,-0.19005277772553966,-1.0882152826843328
"V-A|m=1,ref=open|X3|L|1h",V-A,"m=1.0,ref=open",X3,L,1h,0.0923000728754742,0.00483120661998433,150,-0.43527830657598265,0.7894415095817197,281.7551645114416,-2060.1790127969643,138,0.19011038713540213,-0.07965117119530389
"V-A|m=1,ref=open|X3|S|1h",V-A,"m=1.0,ref=open",X3,S,1h,0.15076234129488933,0.007891261605945554,106,-0.18738644589720366,0.8388702936992807,465.4830589298691,3029.78538360211,69,0.17358583704462452,0.12251037793459868
"V-A|m=1,ref=open|X3|LS|1h",V-A,"m=1.0,ref=open",X3,LS,1h,-0.07273475155927692,-0.0038071108969781387,90,-0.2889289372511119,0.7226581233194405,416.80485528455426,1112.8578688689727,23,0.01627533581164269,-0.2592859267817397
"V-A|m=1,ref=open|X4|L|1h",V-A,"m=1.0,ref=open",X4,L,1h,-1.0855428784729746,-0.056819911159019604,10980,-0.946588055633931,0.9534710173848465,6274.0899611533405,-333.0286818081867,64,-0.9648170569184319,-1.3403460190408762
"V-A|m=1,ref=open|X4|S|1h",V-A,"m=1.0,ref=open",X4,S,1h,-1.5888335247166363,-0.08316334758500171,11278,-0.98315072976038,0.9904320444218627,13072.923270862697,153.00568874707645,58,-1.647698920714433,-1.4701133161937718
"V-A|m=1,ref=open|X4|LS|1h",V-A,"m=1.0,ref=open",X4,LS,1h,-0.8914303869592928,-0.046659598985834515,14164,-0.9003231606240862,0.9109574107294058,10532.786832185397,60.88356335456305,32,-1.252260382622282,-0.08563769673622594
"V-A|m=1,ref=open|X5|L|1h",V-A,"m=1.0,ref=open",X5,L,1h,-0.07998372632190952,-0.004186539577479601,7198,-0.5537699169200383,0.7034285671999063,14179.939119289877,-1671.4288234945534,77,0.32653893855252586,-0.9233681731323264
"V-A|m=1,ref=open|X5|S|1h",V-A,"m=1.0,ref=open",X5,S,1h,-0.4732467364009531,-0.024770866312000376,7396,-0.8361053501352027,0.954163280181157,20999.54901882884,897.2931601357983,67,-0.34144091533836946,-0.7665054301172161
"V-A|m=1,ref=open|X5|LS|1h",V-A,"m=1.0,ref=open",X5,LS,1h,-0.6057129650316189,-0.03170446561205989,8620,-0.8317989248803637,0.8983269473308967,11301.911407965785,215.0200623546336,42,-0.6675586173899175,-0.47236615837261153
"V-A|m=1,ref=prevclose|X1|L|1h",V-A,"m=1.0,ref=prevclose",X1,L,1h,-2.1682787753251396,-0.11349289818497893,10802,-0.9999993165135707,0.9999996566544573,5680.925788986744,-203.0331936338466,403,-1.9833001421938992,-2.488673132918867
"V-A|m=1,ref=prevclose|X1|S|1h",V-A,"m=1.0,ref=prevclose",X1,S,1h,-2.4913619311205637,-0.13040384345790554,10634,-0.9999998593097533,0.9999999389892177,26388.66656546758,725.9482040986451,448,-2.4630487561379955,-2.542138339240748
"V-A|m=1,ref=prevclose|X1|LS|1h",V-A,"m=1.0,ref=prevclose",X1,LS,1h,-1.5238269527732897,-0.07976074809692876,14526,-0.9999958650473842,0.9999976920903471,21514.511817246952,337.4678744395262,556,-1.644834594498896,-1.3192675974751928
"V-A|m=1,ref=prevclose|X2|L|1h",V-A,"m=1.0,ref=prevclose",X2,L,1h,-0.12139757536918258,-0.006354239509267866,328,-0.8866490110909265,0.9733003475061948,560.2583882398596,-646.8405519253446,284,-0.2956353300786732,0.18723726455952888
"V-A|m=1,ref=prevclose|X2|S|1h",V-A,"m=1.0,ref=prevclose",X2,S,1h,0.042096081173561825,0.0022034095933541778,176,-0.651197068486067,0.9585255591365812,916.2262610065286,4019.445419459101,152,0.12901152382989425,-0.06447217957532096
"V-A|m=1,ref=prevclose|X2|LS|1h",V-A,"m=1.0,ref=prevclose",X2,LS,1h,-0.6366859237356006,-0.03332566436596617,180,-1.0033745116542356,1.0013546431413605,814.4930211186211,2438.9812122522044,170,-0.19005277772553966,-1.0882152826843328
"V-A|m=1,ref=prevclose|X3|L|1h",V-A,"m=1.0,ref=prevclose",X3,L,1h,0.0923000728754742,0.00483120661998433,150,-0.43527830657598265,0.7894415095817197,281.7551645114416,-2060.1790127969643,138,0.19011038713540213,-0.07965117119530389
"V-A|m=1,ref=prevclose|X3|S|1h",V-A,"m=1.0,ref=prevclose",X3,S,1h,0.15076234129488933,0.007891261605945554,106,-0.18738644589720366,0.8388702936992807,465.4830589298691,3029.78538360211,69,0.17358583704462452,0.12251037793459868
"V-A|m=1,ref=prevclose|X3|LS|1h",V-A,"m=1.0,ref=prevclose",X3,LS,1h,-0.07273475155927692,-0.0038071108969781387,90,-0.2889289372511119,0.7226581233194405,416.80485528455426,1112.8578688689727,23,0.01627533581164269,-0.2592859267817397
"V-A|m=1,ref=prevclose|X4|L|1h",V-A,"m=1.0,ref=prevclose",X4,L,1h,-1.0855428784729746,-0.056819911159019604,10980,-0.946588055633931,0.9534710173848465,6274.0899611533405,-333.0286818081867,64,-0.9648170569184319,-1.3403460190408762
"V-A|m=1,ref=prevclose|X4|S|1h",V-A,"m=1.0,ref=prevclose",X4,S,1h,-1.5888335247166363,-0.08316334758500171,11278,-0.98315072976038,0.9904320444218627,13072.923270862697,153.00568874707645,58,-1.647698920714433,-1.4701133161937718
"V-A|m=1,ref=prevclose|X4|LS|1h",V-A,"m=1.0,ref=prevclose",X4,LS,1h,-0.8914303869592928,-0.046659598985834515,14164,-0.9003231606240862,0.9109574107294058,10532.786832185397,60.88356335456305,32,-1.252260382622282,-0.08563769673622594
"V-A|m=1,ref=prevclose|X5|L|1h",V-A,"m=1.0,ref=prevclose",X5,L,1h,-0.07998372632190952,-0.004186539577479601,7198,-0.5537699169200383,0.7034285671999063,14179.939119289877,-1671.4288234945534,77,0.32653893855252586,-0.9233681731323264
"V-A|m=1,ref=prevclose|X5|S|1h",V-A,"m=1.0,ref=prevclose",X5,S,1h,-0.4732467364009531,-0.024770866312000376,7396,-0.8361053501352027,0.954163280181157,20999.54901882884,897.2931601357983,67,-0.34144091533836946,-0.7665054301172161
"V-A|m=1,ref=prevclose|X5|LS|1h",V-A,"m=1.0,ref=prevclose",X5,LS,1h,-0.6057129650316189,-0.03170446561205989,8620,-0.8317989248803637,0.8983269473308967,11301.911407965785,215.0200623546336,42,-0.6675586173899175,-0.47236615837261153
"V-A|m=1.5,ref=open|X1|L|1h",V-A,"m=1.5,ref=open",X1,L,1h,-0.24813738212579453,-0.012988104189355016,4446,-0.9150225875568875,0.9672636649409632,6207.861490937654,-504.19412589922143,124,-0.5343265779416696,0.19372936999150336
"V-A|m=1.5,ref=open|X1|S|1h",V-A,"m=1.5,ref=open",X1,S,1h,-0.5016080606636577,-0.02625536587154416,4352,-0.9674641894087553,0.9889166998358128,17971.23708734013,1240.602382410254,161,-0.6030543966678128,-0.3032427220526238
"V-A|m=1.5,ref=open|X1|LS|1h",V-A,"m=1.5,ref=open",X1,LS,1h,0.12258652676023324,0.006416472069355149,6168,-0.7749716282123739,0.944926702192608,28898.30307779323,643.5756079706695,245,-0.03242447518424856,0.38333031578423465
"V-A|m=1.5,ref=open|X2|L|1h",V-A,"m=1.5,ref=open",X2,L,1h,0.42005681168757886,0.021986778408425126,256,-0.06340547763282611,0.9387418060874738,610.1963331210641,-3993.5727055412212,254,0.6046717768731033,-0.009977960640925886
"V-A|m=1.5,ref=open|X2|S|1h",V-A,"m=1.5,ref=open",X2,S,1h,-0.1730737106586451,-0.00905909205301917,126,-0.72509642647359,0.923914767116765,992.9736374452975,3235.6402301238027,102,0.20626810839220885,-0.855195397146139
"V-A|m=1.5,ref=open|X2|LS|1h",V-A,"m=1.5,ref=open",X2,LS,1h,-0.6176067138300337,-0.032327012877096786,316,-0.9986965396270966,0.9994611873547172,874.2652636039244,919.3480737823621,227,-0.5637669968842824,-0.7913012479593198
"V-A|m=1.5,ref=open|X3|L|1h",V-A,"m=1.5,ref=open",X3,L,1h,0.22727580626060878,0.01189615940227813,174,-0.2838382982471209,0.8403991407665592,336.8200453105041,-2756.6725072500035,172,0.36570206324927496,-0.03662728841648614
"V-A|m=1.5,ref=open|X3|S|1h",V-A,"m=1.5,ref=open",X3,S,1h,0.008183760689146512,0.0004283576121452658,130,-0.429747573085432,0.8631551671951002,586.9993435379985,2393.7832078694914,75,-0.05564067413350526,0.09577867889947402
"V-A|m=1.5,ref=open|X3|LS|1h",V-A,"m=1.5,ref=open",X3,LS,1h,-0.6152926962142977,-0.032205891659359644,124,-0.8962207992760446,0.9350500097594437,555.3339891047037,-527.3879807188536,88,0.08339529310668234,-1.2850970761758274
"V-A|m=1.5,ref=open|X4|L|1h",V-A,"m=1.5,ref=open",X4,L,1h,-0.8402800526716223,-0.043982268124369193,6480,-0.8345741290735051,0.8507607174125169,5350.657545265639,-279.2754975391889,31,-0.9379935353195702,-0.6380644830085823
"V-A|m=1.5,ref=open|X4|S|1h",V-A,"m=1.5,ref=open",X4,S,1h,-1.2966064428041644,-0.06786748303482994,7080,-0.9343949199749431,0.9607309162004966,9217.642385932064,129.254810691034,31,-1.3233390727464809,-1.2462516024990171
"V-A|m=1.5,ref=open|X4|LS|1h",V-A,"m=1.5,ref=open",X4,LS,1h,-0.8606603720588609,-0.04504902279610018,9992,-0.8680784540593786,0.8764535841519995,12079.25670064306,21.864432426434643,32,-0.9028311147727144,-0.7765230439078558
"V-A|m=1.5,ref=open|X5|L|1h",V-A,"m=1.5,ref=open",X5,L,1h,0.37564846798510787,0.01966233946277695,4874,0.3979643564839648,0.49534492685827647,15269.303202236242,-1761.8137926188388,45,0.5981683769043822,-0.06576739943858606
"V-A|m=1.5,ref=open|X5|S|1h",V-A,"m=1.5,ref=open",X5,S,1h,-0.3350479677205484,-0.017537212152016875,5234,-0.6912019123776296,0.9224616093873644,17998.72035010974,576.3778155975839,42,-0.16364678710711025,-0.7065727671590577
"V-A|m=1.5,ref=open|X5|LS|1h",V-A,"m=1.5,ref=open",X5,LS,1h,0.43571836465066366,0.02280654155700435,6786,0.5774909682924148,0.7073443242099252,37775.00698005962,-644.1752122549996,35,0.698339294070512,-0.14680903266526005
"V-A|m=1.5,ref=prevclose|X1|L|1h",V-A,"m=1.5,ref=prevclose",X1,L,1h,-0.24813738212579453,-0.012988104189355016,4446,-0.9150225875568875,0.9672636649409632,6207.861490937654,-504.19412589922143,124,-0.5343265779416696,0.19372936999150336
"V-A|m=1.5,ref=prevclose|X1|S|1h",V-A,"m=1.5,ref=prevclose",X1,S,1h,-0.5016080606636577,-0.02625536587154416,4352,-0.9674641894087553,0.9889166998358128,17971.23708734013,1240.602382410254,161,-0.6030543966678128,-0.3032427220526238
"V-A|m=1.5,ref=prevclose|X1|LS|1h",V-A,"m=1.5,ref=prevclose",X1,LS,1h,0.12258652676023324,0.006416472069355149,6168,-0.7749716282123739,0.944926702192608,28898.30307779323,643.5756079706695,245,-0.03242447518424856,0.38333031578423465
"V-A|m=1.5,ref=prevclose|X2|L|1h",V-A,"m=1.5,ref=prevclose",X2,L,1h,0.42005681168757886,0.021986778408425126,256,-0.06340547763282611,0.9387418060874738,610.1963331210641,-3993.5727055412212,254,0.6046717768731033,-0.009977960640925886
"V-A|m=1.5,ref=prevclose|X2|S|1h",V-A,"m=1.5,ref=prevclose",X2,S,1h,-0.1730737106586451,-0.00905909205301917,126,-0.72509642647359,0.923914767116765,992.9736374452975,3235.6402301238027,102,0.20626810839220885,-0.855195397146139
"V-A|m=1.5,ref=prevclose|X2|LS|1h",V-A,"m=1.5,ref=prevclose",X2,LS,1h,-0.6176067138300337,-0.032327012877096786,316,-0.9986965396270966,0.9994611873547172,874.2652636039244,919.3480737823621,227,-0.5637669968842824,-0.7913012479593198
"V-A|m=1.5,ref=prevclose|X3|L|1h",V-A,"m=1.5,ref=prevclose",X3,L,1h,0.22727580626060878,0.01189615940227813,174,-0.2838382982471209,0.8403991407665592,336.8200453105041,-2756.6725072500035,172,0.36570206324927496,-0.03662728841648614
"V-A|m=1.5,ref=prevclose|X3|S|1h",V-A,"m=1.5,ref=prevclose",X3,S,1h,0.008183760689146512,0.0004283576121452658,130,-0.429747573085432,0.8631551671951002,586.9993435379985,2393.7832078694914,75,-0.05564067413350526,0.09577867889947402
"V-A|m=1.5,ref=prevclose|X3|LS|1h",V-A,"m=1.5,ref=prevclose",X3,LS,1h,-0.6152926962142977,-0.032205891659359644,124,-0.8962207992760446,0.9350500097594437,555.3339891047037,-527.3879807188536,88,0.08339529310668234,-1.2850970761758274
"V-A|m=1.5,ref=prevclose|X4|L|1h",V-A,"m=1.5,ref=prevclose",X4,L,1h,-0.8402800526716223,-0.043982268124369193,6480,-0.8345741290735051,0.8507607174125169,5350.657545265639,-279.2754975391889,31,-0.9379935353195702,-0.6380644830085823
"V-A|m=1.5,ref=prevclose|X4|S|1h",V-A,"m=1.5,ref=prevclose",X4,S,1h,-1.2966064428041644,-0.06786748303482994,7080,-0.9343949199749431,0.9607309162004966,9217.642385932064,129.254810691034,31,-1.3233390727464809,-1.2462516024990171
"V-A|m=1.5,ref=prevclose|X4|LS|1h",V-A,"m=1.5,ref=prevclose",X4,LS,1h,-0.8606603720588609,-0.04504902279610018,9992,-0.8680784540593786,0.8764535841519995,12079.25670064306,21.864432426434643,32,-0.9028311147727144,-0.7765230439078558
"V-A|m=1.5,ref=prevclose|X5|L|1h",V-A,"m=1.5,ref=prevclose",X5,L,1h,0.37564846798510787,0.01966233946277695,4874,0.3979643564839648,0.49534492685827647,15269.303202236242,-1761.8137926188388,45,0.5981683769043822,-0.06576739943858606
"V-A|m=1.5,ref=prevclose|X5|S|1h",V-A,"m=1.5,ref=prevclose",X5,S,1h,-0.3350479677205484,-0.017537212152016875,5234,-0.6912019123776296,0.9224616093873644,17998.72035010974,576.3778155975839,42,-0.16364678710711025,-0.7065727671590577
"V-A|m=1.5,ref=prevclose|X5|LS|1h",V-A,"m=1.5,ref=prevclose",X5,LS,1h,0.43571836465066366,0.02280654155700435,6786,0.5774909682924148,0.7073443242099252,37775.00698005962,-644.1752122549996,35,0.698339294070512,-0.14680903266526005
"V-A|m=2,ref=open|X1|L|1h",V-A,"m=2.0,ref=open",X1,L,1h,0.23475115737622898,0.012287437162645836,2192,-0.21547059724556106,0.739356668535539,6925.197756168843,-1380.9661545082406,76,0.0864873468774673,0.4702172928084156
"V-A|m=2,ref=open|X1|S|1h",V-A,"m=2.0,ref=open",X1,S,1h,-0.302394474032156,-0.015828050176751565,2158,-0.8440950925937353,0.9538527118565661,8900.739874180643,1322.9148232907858,87,-0.4372109887314025,-0.05092962325219286
"V-A|m=2,ref=open|X1|LS|1h",V-A,"m=2.0,ref=open",X1,LS,1h,0.7135060222703518,0.037346612096848794,2952,2.6535685906467674,0.5444147149355236,38086.50631854225,751.0857983775823,116,0.7944690345658855,0.5917896762001429
"V-A|m=2,ref=open|X2|L|1h",V-A,"m=2.0,ref=open",X2,L,1h,-17.283274300747415,-0.9046479229699845,4234,-1.0,1.0,698.5596458100525,0.0,428,-17.765376054332783,-16.396987928839064
"V-A|m=2,ref=open|X2|S|1h",V-A,"m=2.0,ref=open",X2,S,1h,-17.945655643218558,-0.9393185470226663,4650,-1.0,1.0,732.1240298628319,0.0,518,-18.604799806298708,-16.759233093312087
"V-A|m=2,ref=open|X2|LS|1h",V-A,"m=2.0,ref=open",X2,LS,1h,-28.763466813715283,-1.505548662692829,7504,-1.0,1.0,708.1896572774051,0.0,914,-30.11332989711398,-26.469589834406342
"V-A|m=2,ref=open|X3|L|1h",V-A,"m=2.0,ref=open",X3,L,1h,0.39750089796765975,0.02080614792473648,168,-0.0760773302365898,0.8181329127128675,361.4916074899693,-4442.995165989221,269,0.6650984741318575,-0.026906670257579705
"V-A|m=2,ref=open|X3|S|1h",V-A,"m=2.0,ref=open",X3,S,1h,-0.09765722854034886,-0.005111612963187837,154,-0.5949472807665414,0.9178286740121745,607.073738798921,2148.541477782992,76,-0.29670286123451317,0.18447747306391235
"V-A|m=2,ref=open|X3|LS|1h",V-A,"m=2.0,ref=open",X3,LS,1h,0.19454021128080673,0.01018270004901288,130,-0.7480482269591113,0.9736756174861466,551.7616561073727,-1035.2860143219084,207,0.20014813709284188,0.24877277625262073
"V-A|m=2,ref=open|X4|L|1h",V-A,"m=2.0,ref=open",X4,L,1h,-0.5336095592465819,-0.027930400863248096,3722,-0.6014742531575326,0.6298858793661816,5138.361662851177,-256.97406063774696,20,-0.5516411915971584,-0.4981577626642493
"V-A|m=2,ref=open|X4|S|1h",V-A,"m=2.0,ref=open",X4,S,1h,-0.8486458697537832,-0.04442015500365088,4162,-0.7404091678130962,0.8539463376759958,8427.970955056291,152.94267328581375,12,-0.8718461977335401,-0.8021484341687833
"V-A|m=2,ref=open|X4|LS|1h",V-A,"m=2.0,ref=open",X4,LS,1h,-0.6420992888523152,-0.03360901284634655,6584,-0.7363478603480877,0.8224309559234926,12381.791918015917,-14.63488330366433,20,-0.422635740656381,-1.044769270288231
"V-A|m=2,ref=open|X5|L|1h",V-A,"m=2.0,ref=open",X5,L,1h,0.05133134677278687,0.002686805487965061,3144,-0.19130104967341288,0.5245249892587982,6485.596675258446,-655.3145719574978,30,0.13891477474608996,-0.1377066051460356
"V-A|m=2,ref=open|X5|S|1h",V-A,"m=2.0,ref=open",X5,S,1h,-0.014721316691829028,-0.0007705489328529939,3402,-0.2592388237367219,0.7001211145947805,10221.652829963068,572.8064721277484,18,0.005578552938704717,-0.0563783494360178
"V-A|m=2,ref=open|X5|LS|1h",V-A,"m=2.0,ref=open",X5,LS,1h,0.4828937344740663,0.025275813269265292,5022,0.7109616843089939,0.44134148052107447,24815.009503147085,-191.12323592201992,27,0.9066909655388864,-0.3628438488128747
"V-A|m=2,ref=prevclose|X1|L|1h",V-A,"m=2.0,ref=prevclose",X1,L,1h,0.23475115737622898,0.012287437162645836,2192,-0.21547059724556106,0.739356668535539,6925.197756168843,-1380.9661545082406,76,0.0864873468774673,0.4702172928084156
"V-A|m=2,ref=prevclose|X1|S|1h",V-A,"m=2.0,ref=prevclose",X1,S,1h,-0.302394474032156,-0.015828050176751565,2158,-0.8440950925937353,0.9538527118565661,8900.739874180643,1322.9148232907858,87,-0.4372109887314025,-0.05092962325219286
"V-A|m=2,ref=prevclose|X1|LS|1h",V-A,"m=2.0,ref=prevclose",X1,LS,1h,0.7135060222703518,0.037346612096848794,2952,2.6535685906467674,0.5444147149355236,38086.50631854225,751.0857983775823,116,0.7944690345658855,0.5917896762001429
"V-A|m=2,ref=prevclose|X2|L|1h",V-A,"m=2.0,ref=prevclose",X2,L,1h,-17.283274300747415,-0.9046479229699845,4234,-1.0,1.0,698.5596458100525,0.0,428,-17.765376054332783,-16.396987928839064
"V-A|m=2,ref=prevclose|X2|S|1h",V-A,"m=2.0,ref=prevclose",X2,S,1h,-17.945655643218558,-0.9393185470226663,4650,-1.0,1.0,732.1240298628319,0.0,518,-18.604799806298708,-16.759233093312087
"V-A|m=2,ref=prevclose|X2|LS|1h",V-A,"m=2.0,ref=prevclose",X2,LS,1h,-28.763466813715283,-1.505548662692829,7504,-1.0,1.0,708.1896572774051,0.0,914,-30.11332989711398,-26.469589834406342
"V-A|m=2,ref=prevclose|X3|L|1h",V-A,"m=2.0,ref=prevclose",X3,L,1h,0.39750089796765975,0.02080614792473648,168,-0.0760773302365898,0.8181329127128675,361.4916074899693,-4442.995165989221,269,0.6650984741318575,-0.026906670257579705
"V-A|m=2,ref=prevclose|X3|S|1h",V-A,"m=2.0,ref=prevclose",X3,S,1h,-0.09765722854034886,-0.005111612963187837,154,-0.5949472807665414,0.9178286740121745,607.073738798921,2148.541477782992,76,-0.29670286123451317,0.18447747306391235
"V-A|m=2,ref=prevclose|X3|LS|1h",V-A,"m=2.0,ref=prevclose",X3,LS,1h,0.19454021128080673,0.01018270004901288,130,-0.7480482269591113,0.9736756174861466,551.7616561073727,-1035.2860143219084,207,0.20014813709284188,0.24877277625262073
"V-A|m=2,ref=prevclose|X4|L|1h",V-A,"m=2.0,ref=prevclose",X4,L,1h,-0.5336095592465819,-0.027930400863248096,3722,-0.6014742531575326,0.6298858793661816,5138.361662851177,-256.97406063774696,20,-0.5516411915971584,-0.4981577626642493
"V-A|m=2,ref=prevclose|X4|S|1h",V-A,"m=2.0,ref=prevclose",X4,S,1h,-0.8486458697537832,-0.04442015500365088,4162,-0.7404091678130962,0.8539463376759958,8427.970955056291,152.94267328581375,12,-0.8718461977335401,-0.8021484341687833
"V-A|m=2,ref=prevclose|X4|LS|1h",V-A,"m=2.0,ref=prevclose",X4,LS,1h,-0.6420992888523152,-0.03360901284634655,6584,-0.7363478603480877,0.8224309559234926,12381.791918015917,-14.63488330366433,20,-0.422635740656381,-1.044769270288231
"V-A|m=2,ref=prevclose|X5|L|1h",V-A,"m=2.0,ref=prevclose",X5,L,1h,0.05133134677278687,0.002686805487965061,3144,-0.19130104967341288,0.5245249892587982,6485.596675258446,-655.3145719574978,30,0.13891477474608996,-0.1377066051460356
"V-A|m=2,ref=prevclose|X5|S|1h",V-A,"m=2.0,ref=prevclose",X5,S,1h,-0.014721316691829028,-0.0007705489328529939,3402,-0.2592388237367219,0.7001211145947805,10221.652829963068,572.8064721277484,18,0.005578552938704717,-0.0563783494360178
"V-A|m=2,ref=prevclose|X5|LS|1h",V-A,"m=2.0,ref=prevclose",X5,LS,1h,0.4828937344740663,0.025275813269265292,5022,0.7109616843089939,0.44134148052107447,24815.009503147085,-191.12323592201992,27,0.9066909655388864,-0.3628438488128747
"V-A|m=3,ref=open|X1|L|1h",V-A,"m=3.0,ref=open",X1,L,1h,0.8181747376853029,0.04282522305634604,700,2.9034311326881004,0.39461849296380647,4850.273241935938,-3411.0947637924514,40,0.6880514226656089,1.0334145359743985
"V-A|m=3,ref=open|X1|S|1h",V-A,"m=3.0,ref=open",X1,S,1h,0.2373931436541613,0.012425725044748322,662,0.047039441712194874,0.7292188560811061,2900.9268955245434,1390.7898562970813,33,-0.1676766217126508,0.9407107421457969
"V-A|m=3,ref=open|X1|LS|1h",V-A,"m=3.0,ref=open",X1,LS,1h,0.8393379963850142,0.04393295864468547,948,3.448897071345196,0.5047120451445479,7493.776390908879,-653.1092071299969,44,0.6873394586216149,1.0866227724295532
"V-A|m=3,ref=open|X2|L|1h",V-A,"m=3.0,ref=open",X2,L,1h,-9.571444100670673,-0.5009922816026005,1394,-0.9999999999187669,0.9999999999187669,554.5537109665389,0.0,202,-9.922442429510623,-8.89752934341563
"V-A|m=3,ref=open|X2|S|1h",V-A,"m=3.0,ref=open",X2,S,1h,-9.499637341964092,-0.49723374407153165,1594,-0.999999999996349,0.999999999996349,499.60720263616304,0.0,247,-10.066002974528246,-8.41333727510621
"V-A|m=3,ref=open|X2|LS|1h",V-A,"m=3.0,ref=open",X2,LS,1h,-13.931198804127394,-0.7291922724440455,2754,-1.0,1.0,487.6977435317028,0.0,438,-14.622436448277075,-12.659111586169018
"V-A|m=3,ref=open|X3|L|1h",V-A,"m=3.0,ref=open",X3,L,1h,-9.390797230753414,-0.49153679227702685,1456,-0.9999998968489556,0.9999998968489556,587.7725609333345,-1.2419246079006964e-06,95,-9.698432083778155,-8.79357848571788
"V-A|m=3,ref=open|X3|S|1h",V-A,"m=3.0,ref=open",X3,S,1h,-9.369364051055847,-0.4904149283779387,1682,-0.999999989849807,0.999999989849807,519.0723470207118,7.559048068717187e-08,151,-9.864120899966741,-8.40605977778743
"V-A|m=3,ref=open|X3|LS|1h",V-A,"m=3.0,ref=open",X3,LS,1h,-13.578990237154168,-0.7107568334745451,2984,-0.9999999999999942,0.9999999999999942,498.430479884148,-1.479456877906048e-13,270,-14.167199562030659,-12.477319421172615
"V-A|m=3,ref=open|X4|L|1h",V-A,"m=3.0,ref=open",X4,L,1h,0.30982939220894223,0.016217211580374636,1322,0.21341614855116897,0.287554015697733,3451.903002130077,-147.97667122422,5,0.14987335156662912,0.6237803658619115
"V-A|m=3,ref=open|X4|S|1h",V-A,"m=3.0,ref=open",X4,S,1h,-0.5436046180269477,-0.028453566150581977,1530,-0.4034183743853531,0.5957906481046221,3894.958982098589,60.19535531916459,11,-0.41684629700516873,-0.8013070282667683
"V-A|m=3,ref=open|X4|LS|1h",V-A,"m=3.0,ref=open",X4,LS,1h,-0.08124275642761307,-0.004252440225138253,2634,-0.20547388884574203,0.473638587470097,6578.936094400877,-12.200723666512989,17,-0.11983274092384692,-0.010325977001187195
"V-A|m=3,ref=open|X5|L|1h",V-A,"m=3.0,ref=open",X5,L,1h,0.34661574981412324,0.018142697539925652,1232,0.2924904883483783,0.46824348767155666,3140.20029086659,-246.03034106763317,12,0.15281474106965234,0.7672971866160713
"V-A|m=3,ref=open|X5|S|1h",V-A,"m=3.0,ref=open",X5,S,1h,-0.6405350022653001,-0.033527134344203485,1430,-0.5413213259316741,0.7515737530193037,3770.658356135999,212.15613796859483,17,-0.38066973688801586,-1.210764330212024
"V-A|m=3,ref=open|X5|LS|1h",V-A,"m=3.0,ref=open",X5,LS,1h,0.07383832412741692,0.0038648745252260184,2340,-0.08552355973474701,0.6206421013143104,7118.686766255798,1.3478838496517147,26,0.15603397048209547,-0.07776530658818187
"V-A|m=3,ref=prevclose|X1|L|1h",V-A,"m=3.0,ref=prevclose",X1,L,1h,0.8181747376853029,0.04282522305634604,700,2.9034311326881004,0.39461849296380647,4850.273241935938,-3411.0947637924514,40,0.6880514226656089,1.0334145359743985
"V-A|m=3,ref=prevclose|X1|S|1h",V-A,"m=3.0,ref=prevclose",X1,S,1h,0.2373931436541613,0.012425725044748322,662,0.047039441712194874,0.7292188560811061,2900.9268955245434,1390.7898562970813,33,-0.1676766217126508,0.9407107421457969
"V-A|m=3,ref=prevclose|X1|LS|1h",V-A,"m=3.0,ref=prevclose",X1,LS,1h,0.8393379963850142,0.04393295864468547,948,3.448897071345196,0.5047120451445479,7493.776390908879,-653.1092071299969,44,0.6873394586216149,1.0866227724295532
"V-A|m=3,ref=prevclose|X2|L|1h",V-A,"m=3.0,ref=prevclose",X2,L,1h,-9.571444100670673,-0.5009922816026005,1394,-0.9999999999187669,0.9999999999187669,554.5537109665389,0.0,202,-9.922442429510623,-8.89752934341563
"V-A|m=3,ref=prevclose|X2|S|1h",V-A,"m=3.0,ref=prevclose",X2,S,1h,-9.499637341964092,-0.49723374407153165,1594,-0.999999999996349,0.999999999996349,499.60720263616304,0.0,247,-10.066002974528246,-8.41333727510621
"V-A|m=3,ref=prevclose|X2|LS|1h",V-A,"m=3.0,ref=prevclose",X2,LS,1h,-13.931198804127394,-0.7291922724440455,2754,-1.0,1.0,487.6977435317028,0.0,438,-14.622436448277075,-12.659111586169018
"V-A|m=3,ref=prevclose|X3|L|1h",V-A,"m=3.0,ref=prevclose",X3,L,1h,-9.390797230753414,-0.49153679227702685,1456,-0.9999998968489556,0.9999998968489556,587.7725609333345,-1.2419246079006964e-06,95,-9.698432083778155,-8.79357848571788
"V-A|m=3,ref=prevclose|X3|S|1h",V-A,"m=3.0,ref=prevclose",X3,S,1h,-9.369364051055847,-0.4904149283779387,1682,-0.999999989849807,0.999999989849807,519.0723470207118,7.559048068717187e-08,151,-9.864120899966741,-8.40605977778743
"V-A|m=3,ref=prevclose|X3|LS|1h",V-A,"m=3.0,ref=prevclose",X3,LS,1h,-13.578990237154168,-0.7107568334745451,2984,-0.9999999999999942,0.9999999999999942,498.430479884148,-1.479456877906048e-13,270,-14.167199562030659,-12.477319421172615
"V-A|m=3,ref=prevclose|X4|L|1h",V-A,"m=3.0,ref=prevclose",X4,L,1h,0.30982939220894223,0.016217211580374636,1322,0.21341614855116897,0.287554015697733,3451.903002130077,-147.97667122422,5,0.14987335156662912,0.6237803658619115
"V-A|m=3,ref=prevclose|X4|S|1h",V-A,"m=3.0,ref=prevclose",X4,S,1h,-0.5436046180269477,-0.028453566150581977,1530,-0.4034183743853531,0.5957906481046221,3894.958982098589,60.19535531916459,11,-0.41684629700516873,-0.8013070282667683
"V-A|m=3,ref=prevclose|X4|LS|1h",V-A,"m=3.0,ref=prevclose",X4,LS,1h,-0.08124275642761307,-0.004252440225138253,2634,-0.20547388884574203,0.473638587470097,6578.936094400877,-12.200723666512989,17,-0.11983274092384692,-0.010325977001187195
"V-A|m=3,ref=prevclose|X5|L|1h",V-A,"m=3.0,ref=prevclose",X5,L,1h,0.34661574981412324,0.018142697539925652,1232,0.2924904883483783,0.46824348767155666,3140.20029086659,-246.03034106763317,12,0.15281474106965234,0.7672971866160713
"V-A|m=3,ref=prevclose|X5|S|1h",V-A,"m=3.0,ref=prevclose",X5,S,1h,-0.6405350022653001,-0.033527134344203485,1430,-0.5413213259316741,0.7515737530193037,3770.658356135999,212.15613796859483,17,-0.38066973688801586,-1.210764330212024
"V-A|m=3,ref=prevclose|X5|LS|1h",V-A,"m=3.0,ref=prevclose",X5,LS,1h,0.07383832412741692,0.0038648745252260184,2340,-0.08552355973474701,0.6206421013143104,7118.686766255798,1.3478838496517147,26,0.15603397048209547,-0.07776530658818187
"V-B|p=10,m=1.5,u=U1|X1|L|1h",V-B,"p=10,m=1.5,u=U1",X1,L,1h,-0.29700716477373734,-0.015546065522326754,3804,-0.473836081129966,0.5796017864206059,7226.5504297769785,-705.735780325191,8,-0.12825751083571305,-0.6360682745133031
"V-B|p=10,m=1.5,u=U1|X1|S|1h",V-B,"p=10,m=1.5,u=U1",X1,S,1h,-0.1921893897001068,-0.010059652423704912,3752,-0.42605944865569734,0.7232073732994128,9931.656980748696,283.4705437584257,4,-0.19386718195468772,-0.18989414042419991
"V-B|p=10,m=1.5,u=U1|X1|LS|1h",V-B,"p=10,m=1.5,u=U1",X1,LS,1h,-0.30445333087758,-0.015935815669359914,7478,-0.6707302861710349,0.8045616694113713,15176.778270322133,-365.5247943683747,29,-0.15758459628265722,-0.6084701274161467
"V-B|p=10,m=1.5,u=U1|X2|L|1h",V-B,"p=10,m=1.5,u=U1",X2,L,1h,-0.0584619921585903,-0.003060040525808765,2940,-0.7050499796506087,0.8460900756219818,8356.41585935144,-1374.9034678076396,52,-0.02155495063801531,-0.11924370564517198
"V-B|p=10,m=1.5,u=U1|X2|S|1h",V-B,"p=10,m=1.5,u=U1",X2,S,1h,-0.12500769663747008,-0.006543201892795206,2794,-0.7230673856646924,0.9008837071675835,10329.375852483054,983.922786640444,50,-0.3337469180431256,0.21148877901146454
"V-B|p=10,m=1.5,u=U1|X2|LS|1h",V-B,"p=10,m=1.5,u=U1",X2,LS,1h,-0.0475992036755527,-0.002491456190002831,5398,-0.8680624342208442,0.9511508244035703,12270.260821258724,-247.28035952496887,210,-0.21871191263320142,0.22041899039239501
"V-B|p=10,m=1.5,u=U1|X3|L|1h",V-B,"p=10,m=1.5,u=U1",X3,L,1h,-0.13570978091840794,-0.007103374586217162,3732,-0.7438079609763293,0.8762250885159195,12451.86017525098,-1187.1300645268454,50,-0.09068274998187349,-0.20668147829619365
"V-B|p=10,m=1.5,u=U1|X3|S|1h",V-B,"p=10,m=1.5,u=U1",X3,S,1h,-0.06387607372830559,-0.0033434265070531413,3678,-0.6416234705620234,0.8740029595620542,18508.770773397577,872.7440292750836,31,-0.2548772124671859,0.26420832930916605
"V-B|p=10,m=1.5,u=U1|X3|LS|1h",V-B,"p=10,m=1.5,u=U1",X3,LS,1h,-0.052471085196358284,-0.002746462123604315,7172,-0.8599169791987519,0.9505026064664917,20117.37864468025,-225.7040018004713,151,-0.1986896153343586,0.1793286078084774
"V-B|p=10,m=1.5,u=U2|X1|L|1h",V-B,"p=10,m=1.5,u=U2",X1,L,1h,-0.9487724718656505,-0.0496610208869532,3752,-0.8378079315911628,0.8599580365182409,3578.56644960253,-154.2494273855041,66,-0.8013299889171027,-1.301953382375388
"V-B|p=10,m=1.5,u=U2|X1|S|1h",V-B,"p=10,m=1.5,u=U2",X1,S,1h,-1.0984643899303523,-0.057496253980301115,3804,-0.8398872403214905,0.8703394411185102,5185.6721739394325,264.0767186409227,48,-1.2061990094844048,-0.8861725668283267
"V-B|p=10,m=1.5,u=U2|X1|LS|1h",V-B,"p=10,m=1.5,u=U2",X1,LS,1h,-1.4126178838622467,-0.07393979938922642,7508,-0.9713083839397,0.9731706423455435,4721.028200959947,24.038393303608803,105,-1.391427362130725,-1.4626858056925605
"V-B|p=10,m=1.5,u=U2|X2|L|1h",V-B,"p=10,m=1.5,u=U2",X2,L,1h,-3.1933915509336983,-0.16714975319561626,11716,-0.9409424606062228,0.941071803121855,9542.640178743975,-30.209195680969863,28,-2.6726315121913737,-4.20214777238412
"V-B|p=10,m=1.5,u=U2|X2|S|1h",V-B,"p=10,m=1.5,u=U2",X2,S,1h,-4.034718969376936,-0.21118684295004203,11904,-0.9706389210130156,0.9706389210130156,8725.08513626537,3.2203866609532374,16,-3.9951961102596787,-4.110166863316499
"V-B|p=10,m=1.5,u=U2|X2|LS|1h",V-B,"p=10,m=1.5,u=U2",X2,LS,1h,-5.226338961630937,-0.27355908400829293,23606,-0.9982604763898756,0.9982621612149084,8952.567889046899,-18.087569650735485,44,-4.782202180687124,-6.054321740627334
"V-B|p=10,m=1.5,u=U2|X3|L|1h",V-B,"p=10,m=1.5,u=U2",X3,L,1h,-2.580175700129235,-0.13505256859335954,4478,-0.9973796144594995,0.997773798037413,2822.4743037253247,-128.55558485028754,147,-2.5415303175594968,-2.6514436479285663
"V-B|p=10,m=1.5,u=U2|X3|S|1h",V-B,"p=10,m=1.5,u=U2",X3,S,1h,-2.0478249146606067,-0.10718805496096244,4656,-0.9916467111689362,0.9933299704805009,8130.663621871684,193.47680441116438,139,-2.076348492222798,-1.9960157538447758
"V-B|p=10,m=1.5,u=U2|X3|LS|1h",V-B,"p=10,m=1.5,u=U2",X3,LS,1h,-3.364228103496179,-0.17609174704202055,9090,-0.9999789741358022,0.9999798227288241,4185.592062746106,-34.85994066504808,269,-3.4097816663950296,-3.2926516042868195
"V-B|p=10,m=2,u=U1|X1|L|1h",V-B,"p=10,m=2.0,u=U1",X1,L,1h,0.3484721275121576,0.01823986478957707,2390,0.31237013473979247,0.30504182647964884,7364.327935254062,-862.8055159647536,2,0.3534743394576388,0.33870717320949095
"V-B|p=10,m=2,u=U1|X1|S|1h",V-B,"p=10,m=2.0,u=U1",X1,S,1h,0.2226249687509289,0.011652723441013497,2326,0.12236420184713581,0.47120687523644333,6792.681946575764,73.74873132649279,6,0.08259504385690622,0.5527283922816245
"V-B|p=10,m=2,u=U1|X1|LS|1h",V-B,"p=10,m=2.0,u=U1",X1,LS,1h,0.3818067344870108,0.019984677863655143,4704,0.43348232884597926,0.3915251758266136,15552.048949134185,-720.8999417514823,15,0.31796253507863714,0.5150094540947167
"V-B|p=10,m=2,u=U1|X2|L|1h",V-B,"p=10,m=2.0,u=U1",X2,L,1h,0.25765060190063677,0.013486048870456088,1808,0.049247888577745424,0.601244754501569,8317.005617289678,-2188.2373891593925,22,0.36059007255940095,0.09093159663112631
"V-B|p=10,m=2,u=U1|X2|S|1h",V-B,"p=10,m=2.0,u=U1",X2,S,1h,0.34343950997250744,0.01797644554822707,1688,0.3054914170869849,0.588252978407607,7008.683050469646,745.527064100329,16,0.03804881249204155,0.8396305133632639
"V-B|p=10,m=2,u=U1|X2|LS|1h",V-B,"p=10,m=2.0,u=U1",X2,LS,1h,0.3995207547680837,0.02091187206169132,3412,0.29494087379437195,0.5837262303258668,13245.494934538048,-965.0506866361957,74,0.2579023001775196,0.6304024147579396
"V-B|p=10,m=2,u=U1|X3|L|1h",V-B,"p=10,m=2.0,u=U1",X3,L,1h,0.39732188097527,0.020796777747099784,2364,0.45507029286638945,0.6206593476327178,19140.02986657173,-2152.907764116095,27,0.3791372061204531,0.4309574549948585
"V-B|p=10,m=2,u=U1|X3|S|1h",V-B,"p=10,m=2.0,u=U1",X3,S,1h,0.4238498463290152,0.022185314915479242,2278,0.5623677094208805,0.6110360719002146,15657.507654026067,501.00110279794626,14,0.1477462167560871,0.9241074305894184
"V-B|p=10,m=2,u=U1|X3|LS|1h",V-B,"p=10,m=2.0,u=U1",X3,LS,1h,0.6280671950305535,0.03287453948731251,4588,1.6806444106223815,0.5767593600832643,39903.394779842456,-1570.6712749020194,77,0.39362662488621103,1.0102360623449658
"V-B|p=10,m=2,u=U2|X1|L|1h",V-B,"p=10,m=2.0,u=U2",X1,L,1h,-1.056487049487692,-0.0552990595608609,2314,-0.8057668839749424,0.828636948781333,2815.699976751199,-102.8371659009708,54,-0.828789070232962,-1.580134832582682
"V-B|p=10,m=2,u=U2|X1|S|1h",V-B,"p=10,m=2.0,u=U2",X1,S,1h,-1.379079104868502,-0.07218429946324721,2386,-0.8458150656822596,0.8665606554072445,3000.5166497095515,192.93696001294285,30,-1.3865816758082796,-1.364481830863227
"V-B|p=10,m=2,u=U2|X1|LS|1h",V-B,"p=10,m=2.0,u=U2",X1,LS,1h,-1.7238751900014018,-0.09023175140064837,4684,-0.9696319981494721,0.9716591632655182,3340.0555153877262,44.23696634375069,79,-1.558871086790137,-2.0573177046483075
"V-B|p=10,m=2,u=U2|X2|L|1h",V-B,"p=10,m=2.0,u=U2",X2,L,1h,-2.382947266699263,-0.12472916056613564,6448,-0.7851300070243742,0.7856078664089593,8515.276069307516,-6.2932917526778835,17,-2.168892057538681,-2.8049650717572856
"V-B|p=10,m=2,u=U2|X2|S|1h",V-B,"p=10,m=2.0,u=U2",X2,S,1h,-2.977628618767078,-0.1558562051651944,6796,-0.855477112168957,0.8556547513140811,8440.810933163486,9.481850601113573,9,-2.774636220121565,-3.330709012731564
"V-B|p=10,m=2,u=U2|X2|LS|1h",V-B,"p=10,m=2.0,u=U2",X2,LS,1h,-3.8290841646656055,-0.2004234253397343,13240,-0.9689482895833206,0.9689482895833206,10128.462621973793,-5.390343347143527,27,-3.5145793543547192,-4.400946356017673
"V-B|p=10,m=2,u=U2|X3|L|1h",V-B,"p=10,m=2.0,u=U2",X3,L,1h,-2.255769669833075,-0.11807238090440594,2868,-0.9863115892909844,0.9878698560966546,3209.8100885745425,-142.29093141562862,105,-2.040993789754018,-2.644690353292428
"V-B|p=10,m=2,u=U2|X3|S|1h",V-B,"p=10,m=2.0,u=U2",X3,S,1h,-2.0401972217666167,-0.10678880326747386,3036,-0.9783627084042088,0.981977108048389,5430.375431228828,162.79673746746332,84,-2.014013229713181,-2.0872564030874527
"V-B|p=10,m=2,u=U2|X3|LS|1h",V-B,"p=10,m=2.0,u=U2",X3,LS,1h,-3.1139482575327295,-0.16299150117007424,5886,-0.9997278053916343,0.999745140951471,3888.478098110776,-29.39442214807815,180,-3.004931614938824,-3.3092414388046834
"V-B|p=10,m=2.5,u=U1|X1|L|1h",V-B,"p=10,m=2.5,u=U1",X1,L,1h,0.7637711445863314,0.03997760884605949,1478,0.9651065134363439,0.21150775741350714,5771.502579127103,-714.7606496950053,1,0.7732212447083366,0.7462324178779448
"V-B|p=10,m=2.5,u=U1|X1|S|1h",V-B,"p=10,m=2.5,u=U1",X1,S,1h,0.2924817597036642,0.015309194995018023,1378,0.2259176666167988,0.3444077659223599,4289.933993970317,11.294907656656072,7,0.1768560425386305,0.5588941283729901
"V-B|p=10,m=2.5,u=U1|X1|LS|1h",V-B,"p=10,m=2.5,u=U1",X1,LS,1h,0.7131526409928739,0.037328115275406054,2852,1.3567784098868665,0.2204327612929966,12780.275762266088,-758.8740513460924,9,0.6569392065378228,0.826789033092042
"V-B|p=10,m=2.5,u=U1|X2|L|1h",V-B,"p=10,m=2.5,u=U1",X2,L,1h,0.8948878438251683,0.04684057054932682,1072,2.8782969184170892,0.4237411771543922,10319.26689884131,-4229.677196328474,15,1.1631529582250617,0.3773287847484916
"V-B|p=10,m=2.5,u=U1|X2|S|1h",V-B,"p=10,m=2.5,u=U1",X2,S,1h,0.46645229675816885,0.024415229087037516,984,0.6024720441806746,0.45445910178967763,3874.3409044838395,535.5373543566741,6,0.14601598918525427,0.9645010569035808
"V-B|p=10,m=2.5,u=U1|X2|LS|1h",V-B,"p=10,m=2.5,u=U1",X2,LS,1h,1.0519684801854574,0.05506254683399376,2028,6.041551271435642,0.42786314447397755,24513.208145579636,-3694.166852912445,32,1.113808397578355,0.9430132329878578
"V-B|p=10,m=2.5,u=U1|X3|L|1h",V-B,"p=10,m=2.5,u=U1",X3,L,1h,0.8076892771976284,0.04227638897048371,1452,2.4709346864280954,0.41028011143769727,19570.986104979413,-2351.5595172468556,17,0.8398934397105635,0.76206944226916
"V-B|p=10,m=2.5,u=U1|X3|S|1h",V-B,"p=10,m=2.5,u=U1",X3,S,1h,0.4668678172778044,0.024436978425067955,1350,0.6737125007916847,0.49633066431478723,9168.471500801536,234.77489318627022,7,0.15726861375554382,0.9685690773105939
"V-B|p=10,m=2.5,u=U1|X3|LS|1h",V-B,"p=10,m=2.5,u=U1",X3,LS,1h,0.9057531319252854,0.04740928572107042,2794,4.6332323638804,0.4187396548734482,40895.347473076414,-2146.302938411003,29,0.7408309404276048,1.1759207486930772
"V-B|p=10,m=2.5,u=U2|X1|L|1h",V-B,"p=10,m=2.5,u=U2",X1,L,1h,-0.9915330356053695,-0.051899211087434456,1362,-0.693817338969291,0.7323081882593342,1988.5564117860663,-41.900854511515554,36,-0.7807370806065347,-1.434591429224323
"V-B|p=10,m=2.5,u=U2|X1|S|1h",V-B,"p=10,m=2.5,u=U2",X1,S,1h,-1.5038841052367338,-0.0787168917484085,1476,-0.8163733144656992,0.8338089512036825,1916.3773262131053,125.78837625068425,24,-1.5288406097487062,-1.4608893343603067
"V-B|p=10,m=2.5,u=U2|X1|LS|1h",V-B,"p=10,m=2.5,u=U2",X1,LS,1h,-1.7943486293434012,-0.09392049980652965,2828,-0.9455191866905339,0.9496872552199045,2288.0264574548646,50.74677168231304,60,-1.6587821524045556,-2.0499074737340988
"V-B|p=10,m=2.5,u=U2|X2|L|1h",V-B,"p=10,m=2.5,u=U2",X2,L,1h,-1.5353636742850614,-0.08036460769968101,3080,-0.49002961794403366,0.49195619778859623,6132.2338127183475,-5.161597403164934,7,-1.3681932588782975,-1.8184761004069159
"V-B|p=10,m=2.5,u=U2|X2|S|1h",V-B,"p=10,m=2.5,u=U2",X2,S,1h,-2.6454764849614483,-0.13847056788786918,3502,-0.7297714784523952,0.7304355417485628,5436.643895168937,31.39060619545516,6,-2.440296197741777,-2.9991494930023004
"V-B|p=10,m=2.5,u=U2|X2|LS|1h",V-B,"p=10,m=2.5,u=U2",X2,LS,1h,-3.0111357184578162,-0.15761004692066916,6582,-0.8621914576239482,0.8625301102368041,8282.378883781783,17.371335167583858,13,-2.7269704226973674,-3.4907297392362704
"V-B|p=10,m=2.5,u=U2|X3|L|1h",V-B,"p=10,m=2.5,u=U2",X3,L,1h,-1.7617458359357983,-0.09221399160524907,1674,-0.9212266395307896,0.9314892282085002,2813.6996692563657,-116.56942898886923,60,-1.6504919838187047,-1.9589221750467276
"V-B|p=10,m=2.5,u=U2|X3|S|1h",V-B,"p=10,m=2.5,u=U2",X3,S,1h,-2.4682136511672845,-0.12919220710846935,1846,-0.9735737039317698,0.976542524070448,2979.827667419571,127.66037001218858,51,-2.329556955004082,-2.716686082615197
"V-B|p=10,m=2.5,u=U2|X3|LS|1h",V-B,"p=10,m=2.5,u=U2",X3,LS,1h,-3.071211866505955,-0.16075457622721587,3520,-0.9980601767674102,0.9981911267220235,2667.8002278889185,3.021341375024304,111,-2.9480061600904692,-3.290884301064744
"V-B|p=20,m=1.5,u=U1|X1|L|1h",V-B,"p=20,m=1.5,u=U1",X1,L,1h,-0.33844480209407446,-0.017715010589234904,3762,-0.5059758604047415,0.6011964476650595,6728.245958714697,-656.9803753579342,8,-0.21946170312481403,-0.5790416470009849
"V-B|p=20,m=1.5,u=U1|X1|S|1h",V-B,"p=20,m=1.5,u=U1",X1,S,1h,-0.1887767976937862,-0.009881029194290078,3794,-0.42514167456089946,0.748262752354731,10287.548228141728,327.98284496594715,6,-0.1751094227041055,-0.21993247874641916
"V-B|p=20,m=1.5,u=U1|X1|LS|1h",V-B,"p=20,m=1.5,u=U1",X1,LS,1h,-0.3006711816237164,-0.015737848929532023,7452,-0.669083738219162,0.8062550859816664,14929.719627969787,-336.99222382115875,30,-0.1819174559997865,-0.5478485530951736
"V-B|p=20,m=1.5,u=U1|X2|L|1h",V-B,"p=20,m=1.5,u=U1",X2,L,1h,-0.09785370238364229,-0.005121896874162139,2886,-0.7217982032204331,0.8510073457238341,7687.727957362274,-1293.8124285423169,61,-0.07005518806669557,-0.14478324924771901
"V-B|p=20,m=1.5,u=U1|X2|S|1h",V-B,"p=20,m=1.5,u=U1",X2,S,1h,-0.14006273523023258,-0.007331218628292286,2794,-0.7339658311540918,0.9177726043215979,9874.489133386369,980.3647940644565,47,-0.3497132049847416,0.21231823143946868
"V-B|p=20,m=1.5,u=U1|X2|LS|1h",V-B,"p=20,m=1.5,u=U1",X2,LS,1h,-0.1152742316598424,-0.006033729050896771,5324,-0.890725973404943,0.9544382757705845,10364.062570692882,-141.2780616236386,211,-0.28762310131874147,0.16956837755606027
"V-B|p=20,m=1.5,u=U1|X3|L|1h",V-B,"p=20,m=1.5,u=U1",X3,L,1h,-0.006242368599046937,-0.0003267405058367125,3702,-0.6393960539718837,0.8531059792525174,14727.261963621122,-1483.1506345275468,60,0.0253963798470634,-0.05498169285784101
"V-B|p=20,m=1.5,u=U1|X3|S|1h",V-B,"p=20,m=1.5,u=U1",X3,S,1h,-0.05538990370445767,-0.0028992400668881443,3712,-0.6494488901057323,0.89998289210011,19303.59075718203,948.7463948399436,39,-0.19703732132283833,0.2025452475091153
"V-B|p=20,m=1.5,u=U1|X3|LS|1h",V-B,"p=20,m=1.5,u=U1",X3,LS,1h,0.06896626116451779,0.003609859094511302,7130,-0.7829642008098917,0.9248495400975708,23994.582261001244,-283.7304838487488,181,-0.05364066113773473,0.27027000839655224
"V-B|p=20,m=1.5,u=U2|X1|L|1h",V-B,"p=20,m=1.5,u=U2",X1,L,1h,-1.0071515433198734,-0.05271672114472757,3782,-0.8547259845372545,0.8720296322314897,3341.5343825880004,-152.20132940844536,69,-0.8713845248304118,-1.332376421039994
"V-B|p=20,m=1.5,u=U2|X1|S|1h",V-B,"p=20,m=1.5,u=U2",X1,S,1h,-1.0394777016757812,-0.05440874960561974,3762,-0.826367558686296,0.8582944437098413,5406.107397828511,278.29480585023396,48,-1.1083075284818515,-0.903155474347189
"V-B|p=20,m=1.5,u=U2|X1|LS|1h",V-B,"p=20,m=1.5,u=U2",X1,LS,1h,-1.4467238157336417,-0.07572498545359843,7468,-0.9736787639368296,0.9751781793101717,4465.513820504413,21.471505575449147,106,-1.405302987903575,-1.5412987229914452
"V-B|p=20,m=1.5,u=U2|X2|L|1h",V-B,"p=20,m=1.5,u=U2",X2,L,1h,-2.697105036662812,-0.14117292979278712,11332,-0.9348890023580725,0.9349048975797175,9994.973725607158,-34.12421793440649,30,-2.1354006858782175,-3.842540063261177
"V-B|p=20,m=1.5,u=U2|X2|S|1h",V-B,"p=20,m=1.5,u=U2",X2,S,1h,-3.836326062080656,-0.20080248357493247,11290,-0.9665965868878111,0.9666165002020981,9144.806216703299,9.889299986664547,15,-3.6878348983103506,-4.103453446628575
"V-B|p=20,m=1.5,u=U2|X2|LS|1h",V-B,"p=20,m=1.5,u=U2",X2,LS,1h,-4.643526693633551,-0.24305329566340392,22602,-0.997809228815905,0.9978101762808664,9982.19889544873,-16.039912372967986,46,-4.062760661219967,-5.775707131198253
"V-B|p=20,m=1.5,u=U2|X3|L|1h",V-B,"p=20,m=1.5,u=U2",X3,L,1h,-2.8104546891114115,-0.14710592176367546,4606,-0.998965356315158,0.9990890756875254,2338.731293785979,-102.53713845382377,171,-2.923428419308359,-2.6007910538561254
"V-B|p=20,m=1.5,u=U2|X3|S|1h",V-B,"p=20,m=1.5,u=U2",X3,S,1h,-2.179019639439185,-0.11405510070763715,4750,-0.9957570760508764,0.9965613597549423,7421.668462557276,165.90300812344967,164,-2.114962969430216,-2.2951578288974734
"V-B|p=20,m=1.5,u=U2|X3|LS|1h",V-B,"p=20,m=1.5,u=U2",X3,LS,1h,-3.6452449099812423,-0.19080083895843925,9252,-0.9999959173762528,0.9999960338593217,3418.5152779418054,-22.383605255321722,313,-3.73344600419849,-3.4857217633047437
"V-B|p=20,m=2,u=U1|X1|L|1h",V-B,"p=20,m=2.0,u=U1",X1,L,1h,0.4931391823504434,0.025812084520879977,2450,0.5726619024098472,0.2978684167969632,8890.81307394881,-1047.9435365965135,3,0.6096860540050211,0.27158884208263406
"V-B|p=20,m=2,u=U1|X1|S|1h",V-B,"p=20,m=2.0,u=U1",X1,S,1h,-0.005344490468782683,-0.0002797434165416242,2510,-0.19225622004502507,0.5914905429126005,6419.8333979257295,134.26149163292985,8,-0.11910568353403107,0.2532358732882834
"V-B|p=20,m=2,u=U1|X1|LS|1h",V-B,"p=20,m=2.0,u=U1",X1,LS,1h,0.2975194537208143,0.015572879951344617,4936,0.21982388521189833,0.4809777447278645,16243.772448104944,-655.6333460408092,19,0.30799822410868377,0.2764140321836179
"V-B|p=20,m=2,u=U1|X2|L|1h",V-B,"p=20,m=2.0,u=U1",X2,L,1h,0.23769903140214801,0.012441735941240671,1844,-0.009153198163575182,0.647952935329621,8050.191311361995,-2174.9836166505743,25,0.28355122715565845,0.1674246146771411
"V-B|p=20,m=2,u=U1|X2|S|1h",V-B,"p=20,m=2.0,u=U1",X2,S,1h,0.27986442545799206,0.014648773536667868,1744,0.11695507825482032,0.6478732423929927,7125.046154590986,891.8003661929897,21,0.04224394734139821,0.6826344951002278
"V-B|p=20,m=2,u=U1|X2|LS|1h",V-B,"p=20,m=2.0,u=U1",X2,LS,1h,0.4501238852289383,0.023560560965807806,3460,0.4934410344034028,0.6188514741006698,15026.406504404551,-965.9550963817719,90,0.2995177561658033,0.6978883865223943
"V-B|p=20,m=2,u=U1|X3|L|1h",V-B,"p=20,m=2.0,u=U1",X3,L,1h,0.6367709278003182,0.03333011368206523,2418,1.7584612074654897,0.5820966581956875,30767.067114033223,-3613.3863186461936,31,0.7093915259213306,0.5402473976375254
"V-B|p=20,m=2,u=U1|X3|S|1h",V-B,"p=20,m=2.0,u=U1",X3,S,1h,0.2504478026966124,0.013109037129156077,2460,-0.01717053380487199,0.6682430609691241,14555.214397588039,586.0088149091248,22,0.00968067930106484,0.6950924518311618
"V-B|p=20,m=2,u=U1|X3|LS|1h",V-B,"p=20,m=2.0,u=U1",X3,LS,1h,0.6905259126683813,0.036143778185907145,4788,2.3264911722637365,0.5801508133691106,52138.913866588184,-1954.6945137842702,102,0.5121758428223676,0.9855605749577863
"V-B|p=20,m=2,u=U2|X1|L|1h",V-B,"p=20,m=2.0,u=U2",X1,L,1h,-0.8663172516922203,-0.04534511740883154,2502,-0.7765311977441649,0.8047922808648579,3108.3382223861454,-126.41792727950235,54,-0.6642994756926507,-1.3600174308955713
"V-B|p=20,m=2,u=U2|X1|S|1h",V-B,"p=20,m=2.0,u=U2",X1,S,1h,-1.5156096091263385,-0.07933063267243287,2450,-0.874864992588477,0.8884130511970559,2676.864781144011,171.124351670706,32,-1.6183526927779046,-1.324810105636097
"V-B|p=20,m=2,u=U2|X1|LS|1h",V-B,"p=20,m=2.0,u=U2",X1,LS,1h,-1.6485974429138623,-0.08629153403421698,4930,-0.9709863790432932,0.9725769632284172,3206.130561112253,26.62021813453063,80,-1.5533759235902251,-1.8512367414104771
"V-B|p=20,m=2,u=U2|X2|L|1h",V-B,"p=20,m=2.0,u=U2",X2,L,1h,-2.1725118063444895,-0.11371446515503834,6692,-0.7778886118674311,0.7793290138812351,8967.366656710414,-13.497709893626064,19,-1.8752644894665949,-2.7592735954518646
"V-B|p=20,m=2,u=U2|X2|S|1h",V-B,"p=20,m=2.0,u=U2",X2,S,1h,-3.3126693137645935,-0.1733930366454895,6836,-0.9028673592773074,0.9028673592773074,7091.549603555969,9.210603711444096,10,-3.3170635678178324,-3.323841535548412
"V-B|p=20,m=2,u=U2|X2|LS|1h",V-B,"p=20,m=2.0,u=U2",X2,LS,1h,-3.950794777382596,-0.20679404997265288,13516,-0.978527882063544,0.978527882063544,9038.947755192052,-10.854623294497673,30,-3.6989613814092515,-4.40880580082263
"V-B|p=20,m=2,u=U2|X3|L|1h",V-B,"p=20,m=2.0,u=U2",X3,L,1h,-2.275715829549522,-0.11911641062034531,3158,-0.9916513111506574,0.9928612397513613,3211.1348965837656,-146.42836017586527,116,-2.1652485457372666,-2.47263566038669
"V-B|p=20,m=2,u=U2|X3|S|1h",V-B,"p=20,m=2.0,u=U2",X3,S,1h,-2.3116691501664564,-0.12099829343109125,3206,-0.9915674801542865,0.9921709257369457,3951.766058774431,112.49615999972403,112,-2.41006535047553,-2.1292268452686267
"V-B|p=20,m=2,u=U2|X3|LS|1h",V-B,"p=20,m=2.0,u=U2",X3,LS,1h,-3.333078681125263,-0.17446131175764013,6324,-0.9999365574822097,0.9999398040220181,3062.198229713202,-30.232280608520114,219,-3.4014784264715168,-3.2173382076001404
"V-B|p=20,m=2.5,u=U1|X1|L|1h",V-B,"p=20,m=2.5,u=U1",X1,L,1h,0.886880472718079,0.046421445589875994,1652,1.2931808258915893,0.20106173785000736,7234.210792533362,-935.6507712359668,1,1.0062454390966993,0.6696403610715114
"V-B|p=20,m=2.5,u=U1|X1|S|1h",V-B,"p=20,m=2.5,u=U1",X1,S,1h,0.31465349641481694,0.016469716735016925,1630,0.27047367590594007,0.38058354076946266,5112.802429709256,8.013217287070324,7,0.2080305940245054,0.583491574421504
"V-B|p=20,m=2.5,u=U1|X1|LS|1h",V-B,"p=20,m=2.5,u=U1",X1,LS,1h,0.8006857661462864,0.04190980844784398,3270,1.8572530270476535,0.2213194403217006,16701.11368373296,-987.970340375134,11,0.8182762691430038,0.7659917350610901
"V-B|p=20,m=2.5,u=U1|X2|L|1h",V-B,"p=20,m=2.5,u=U1",X2,L,1h,0.950076341971429,0.04972926856748467,1166,3.9796967643810346,0.4136673807426312,11643.762539379233,-4650.928522967756,15,1.1443809420500786,0.6496322108454422
"V-B|p=20,m=2.5,u=U1|X2|S|1h",V-B,"p=20,m=2.5,u=U1",X2,S,1h,0.35636570899062825,0.018653033727651723,1104,0.36448253020928867,0.5708655104307064,4648.004022062032,755.3524640400914,8,0.14082350662794202,0.7464949815873198
"V-B|p=20,m=2.5,u=U1|X2|LS|1h",V-B,"p=20,m=2.5,u=U1",X2,LS,1h,0.9404361464066259,0.04922467766977807,2230,5.112699150675887,0.42323689454684377,22604.62646607422,-2715.3239216003867,37,0.9587649398572259,0.915027971526053
"V-B|p=20,m=2.5,u=U1|X3|L|1h",V-B,"p=20,m=2.5,u=U1",X3,L,1h,0.9809293193831049,0.051344187213525336,1630,4.926584021427013,0.45148664258667937,31633.97002909502,-3908.9574712048893,23,1.0815437589357328,0.8480982430719364
"V-B|p=20,m=2.5,u=U1|X3|S|1h",V-B,"p=20,m=2.5,u=U1",X3,S,1h,0.4179257208427563,0.021875232015485815,1608,0.5539807124760023,0.577481042080718,11748.855754623592,410.1058860448815,11,0.15920998023663147,0.8928610690277684
"V-B|p=20,m=2.5,u=U1|X3|LS|1h",V-B,"p=20,m=2.5,u=U1",X3,LS,1h,1.0041912039580458,0.05256176990063097,3222,8.104754626000668,0.42240424026507717,66988.442198923,-3313.8913419599457,51,0.8922210048889848,1.1923532175170728
"V-B|p=20,m=2.5,u=U2|X1|L|1h",V-B,"p=20,m=2.5,u=U2",X1,L,1h,-0.9638929930872232,-0.05045246513989361,1620,-0.7179983804027659,0.7532985900573205,2341.7898987437475,-60.740644704771995,42,-0.748131659944504,-1.432171199471493
"V-B|p=20,m=2.5,u=U2|X1|S|1h",V-B,"p=20,m=2.5,u=U2",X1,S,1h,-1.684680065071381,-0.08818018479691987,1648,-0.8595247327987687,0.8706873949691523,1886.4423848595195,121.56778572152514,27,-1.8211944653871182,-1.4447696078177072
"V-B|p=20,m=2.5,u=U2|X1|LS|1h",V-B,"p=20,m=2.5,u=U2",X1,LS,1h,-1.8837014004434274,-0.09859743760087777,3252,-0.9613999106607793,0.9645922909647621,2348.904344654153,42.35798242092573,67,-1.8112064067061149,-2.022557566501185
"V-B|p=20,m=2.5,u=U2|X2|L|1h",V-B,"p=20,m=2.5,u=U2",X2,L,1h,-1.2858138990337045,-0.06730257547532387,3884,-0.4837854744942376,0.48834922076865594,7832.40355350365,-13.152202926738296,8,-1.0558122970149348,-1.7144935085879598
"V-B|p=20,m=2.5,u=U2|X2|S|1h",V-B,"p=20,m=2.5,u=U2",X2,S,1h,-2.6568927285102064,-0.1390681213858228,3936,-0.7806607511499656,0.7807748257722236,5576.1752010446535,23.077979435862666,7,-2.512068732888937,-2.9109089343144774
"V-B|p=20,m=2.5,u=U2|X2|LS|1h",V-B,"p=20,m=2.5,u=U2",X2,LS,1h,-2.85068893951762,-0.14921187868068492,7816,-0.886758156044106,0.8868473546061206,9182.58872096488,2.8104978015519038,16,-2.5637484818904666,-3.3595631444406586
"V-B|p=20,m=2.5,u=U2|X3|L|1h",V-B,"p=20,m=2.5,u=U2",X3,L,1h,-2.061731302495084,-0.10791594856790075,2046,-0.9699269505722257,0.9739236672766288,2925.6951125592645,-120.82398360514428,81,-2.0973783232486656,-2.0054801844543353
"V-B|p=20,m=2.5,u=U2|X3|S|1h",V-B,"p=20,m=2.5,u=U2",X3,S,1h,-2.5970615662063286,-0.13593641521920005,2200,-0.9875160460946447,0.9884529985292402,2766.4575081990574,81.59332669789579,70,-2.727941325812279,-2.3558731056861766
"V-B|p=20,m=2.5,u=U2|X3|LS|1h",V-B,"p=20,m=2.5,u=U2",X3,LS,1h,-3.3215238876574236,-0.1738565062254745,4244,-0.9996470704328514,0.99967786673362,2396.3122934405947,-24.220614581315605,149,-3.518108293394039,-2.988405628982947
"V-C|sq=S1,d=D1|X1|L|1h",V-C,"sq=S1,d=D1",X1,L,1h,-0.2329445707448586,-0.012192876096536744,1008,-0.5569099888237088,0.7641319267579143,10410.862694417312,-580.824813295434,19,-0.44272737190006173,0.2694168075141436
"V-C|sq=S1,d=D1|X1|S|1h",V-C,"sq=S1,d=D1",X1,S,1h,-1.013149568681582,-0.05303067214098967,994,-0.9059994277659777,0.9136483957552876,3495.782094512751,185.9929487569684,26,-1.272953844002269,-0.5003824174465199
"V-C|sq=S1,d=D1|X1|LS|1h",V-C,"sq=S1,d=D1",X1,LS,1h,-0.7501101122106049,-0.03926255773078602,1818,-0.9244991999771224,0.9414577336061392,6848.004452205116,88.7604893427002,59,-0.9542875586702296,-0.3161689321348956
"V-C|sq=S1,d=D1|X2|L|1h",V-C,"sq=S1,d=D1",X2,L,1h,-0.5817723002751971,-0.030451353946437533,1112,-0.24617210972157832,0.25856420844761263,2611.4373462900403,-137.7497546001176,0,-0.3640384139059777,-1.360351173699871
"V-C|sq=S1,d=D1|X2|S|1h",V-C,"sq=S1,d=D1",X2,S,1h,-0.6801663135472582,-0.03560153198506311,1076,-0.2643318824170502,0.297619408354577,2464.12416895014,66.27614000026792,0,-0.5878868425099324,-0.9910098881388444
"V-C|sq=S1,d=D1|X2|LS|1h",V-C,"sq=S1,d=D1",X2,LS,1h,-0.9130868199268882,-0.0477931484951556,2170,-0.44952339067576863,0.4775844328289236,4341.8439412998105,-49.72184148857219,0,-0.6974433389669346,-1.6265690513719273
"V-C|sq=S1,d=D1|X3|L|1h",V-C,"sq=S1,d=D1",X3,L,1h,-0.9884405329671402,-0.0517373421012822,1074,-0.3712021663062327,0.399028011744997,2123.5062754250453,-82.73599481441092,0,-1.2192264453551276,-0.3818510955394949
"V-C|sq=S1,d=D1|X3|S|1h",V-C,"sq=S1,d=D1",X3,S,1h,-0.9168197560678397,-0.047988539302923156,1024,-0.3346744020715521,0.34385195923157486,2218.7616983542443,95.58561761861951,1,-0.8786687861038058,-1.0451633694638849
"V-C|sq=S1,d=D1|X3|LS|1h",V-C,"sq=S1,d=D1",X3,LS,1h,-1.3385490009674053,-0.07006285686655711,1896,-0.5475790186149623,0.551626388138039,3186.0970193779226,15.25512543367736,1,-1.4077756591562731,-1.2137391494787508
"V-C|sq=S1,d=D2|X1|L|1h",V-C,"sq=S1,d=D2",X1,L,1h,-0.4058312326335468,-0.021242177569467263,942,-0.6826505995544977,0.8032598965017478,9363.875822949392,-482.69879050829564,24,-0.4740922333118092,-0.2507310320690935
"V-C|sq=S1,d=D2|X1|S|1h",V-C,"sq=S1,d=D2",X1,S,1h,-0.9147707763921321,-0.047881290805006506,856,-0.8799147013983525,0.8909816184653057,3466.682032669082,149.86723977758794,18,-1.2554728426513366,-0.29897882308261053
"V-C|sq=S1,d=D2|X1|LS|1h",V-C,"sq=S1,d=D2",X1,LS,1h,-0.830070283230881,-0.043447864367427744,1688,-0.9432833415522957,0.9524444811190391,6675.459282266443,17.04079477808637,60,-1.0041499608738058,-0.46240208587102555
"V-C|sq=S1,d=D2|X2|L|1h",V-C,"sq=S1,d=D2",X2,L,1h,-0.3423524060210666,-0.017919543926774417,990,-0.16139952286916304,0.1960181682298333,2467.5582023604907,-180.39921929807971,0,-0.06062237207668328,-1.3257125290729295
"V-C|sq=S1,d=D2|X2|S|1h",V-C,"sq=S1,d=D2",X2,S,1h,-0.4381946051251745,-0.02293615390724886,894,-0.19676149289824596,0.2188714614298497,2155.9927632606036,61.09982523276184,0,-0.2982064996197177,-0.8803255995383749
"V-C|sq=S1,d=D2|X2|LS|1h",V-C,"sq=S1,d=D2",X2,LS,1h,-0.6008664577810737,-0.031450787828465665,1850,-0.34402095524093734,0.3662244929392009,4072.171331317117,-88.8690101903319,0,-0.330994819693179,-1.4705271688280936
"V-C|sq=S1,d=D2|X3|L|1h",V-C,"sq=S1,d=D2",X3,L,1h,-0.590976412199586,-0.030933119183179834,976,-0.24447813036511745,0.2738902766741176,2212.2924061242406,-113.6584861379797,0,-0.7603995506411686,-0.13123212162204675
"V-C|sq=S1,d=D2|X3|S|1h",V-C,"sq=S1,d=D2",X3,S,1h,-0.6226401337104762,-0.032590474114883264,884,-0.23226735938540366,0.24502665362812448,2152.1926273005647,70.14864570683483,0,-0.4060560517999814,-1.1489867621422187
"V-C|sq=S1,d=D2|X3|LS|1h",V-C,"sq=S1,d=D2",X3,LS,1h,-0.8106251277557872,-0.04243005841201273,1748,-0.3915299781289655,0.3972553447818019,3637.739885156694,-44.49090260327494,0,-0.797174849046848,-0.8691566570134933
"V-C|sq=S2,d=D1|X1|L|1h",V-C,"sq=S2,d=D1",X1,L,1h,0.15287426522903388,0.008001804756927763,2808,-0.4896606292096658,0.8043925884598693,22703.157787019867,-2208.7582160922093,70,0.3302672667307926,-0.18037403290297416
"V-C|sq=S2,d=D1|X1|S|1h",V-C,"sq=S2,d=D1",X1,S,1h,-0.3719522925242783,-0.019468872796948037,2766,-0.9087622381269975,0.9526503314102731,13416.236605780321,774.0922531324327,76,-0.4415548735200299,-0.2343820091592645
"V-C|sq=S2,d=D1|X1|LS|1h",V-C,"sq=S2,d=D1",X1,LS,1h,0.05988797624302116,0.003134679944111167,5030,-0.8404221324189526,0.914748638088786,21333.27512257002,-116.5731281137974,209,0.03372145099089838,0.10815409702078163
"V-C|sq=S2,d=D1|X2|L|1h",V-C,"sq=S2,d=D1",X2,L,1h,0.08260940484793891,0.00432397387283512,3094,-0.029517112835938275,0.41218691041718125,8534.089794004327,-766.5841484779083,3,0.42939773040849083,-0.7261461889046269
"V-C|sq=S2,d=D1|X2|S|1h",V-C,"sq=S2,d=D1",X2,S,1h,-0.7426209411007031,-0.03887055659885661,3088,-0.5823523719337297,0.6428579207894265,5033.023725498026,179.5506444673222,1,-1.2041944139262013,0.20071604734717238
"V-C|sq=S2,d=D1|X2|LS|1h",V-C,"sq=S2,d=D1",X2,LS,1h,-0.5249674107726215,-0.02747805013786336,6154,-0.6304668167137738,0.6782687470006104,9374.147161329654,-179.59762174532182,7,-0.5770631155386403,-0.4149896462158333
"V-C|sq=S2,d=D1|X3|L|1h",V-C,"sq=S2,d=D1",X3,L,1h,-0.9976203789478969,-0.05221783720048437,3110,-0.658715227791205,0.6909245429999455,4037.167358804334,-224.55621970440396,5,-0.9751970784443318,-1.0460394897567553
"V-C|sq=S2,d=D1|X3|S|1h",V-C,"sq=S2,d=D1",X3,S,1h,-0.6045042842602512,-0.031641200369009026,3058,-0.4929454340175543,0.5705298578351543,5754.189366241619,220.57375370620719,7,-1.0321569605879624,0.2641394075577045
"V-C|sq=S2,d=D1|X3|LS|1h",V-C,"sq=S2,d=D1",X3,LS,1h,-1.1809942379148006,-0.0618160636565805,5646,-0.8139168952551437,0.8268713616793125,5215.04624669087,-18.419742560935596,10,-1.4831330375070848,-0.5644689784662902
"V-C|sq=S2,d=D2|X1|L|1h",V-C,"sq=S2,d=D2",X1,L,1h,0.38437431630642355,0.020119071238403976,2558,0.20465502720239326,0.7639417169380538,47880.90382708243,-4817.855217152515,77,0.7074127433649653,-0.22353321751910055
"V-C|sq=S2,d=D2|X1|S|1h",V-C,"sq=S2,d=D2",X1,S,1h,-1.120503181882831,-0.058649817073592715,2578,-0.9860860476426264,0.9903623956607822,6600.767924173228,331.34631320071105,62,-1.7085671276003451,-0.19149679407891712
"V-C|sq=S2,d=D2|X1|LS|1h",V-C,"sq=S2,d=D2",X1,LS,1h,-0.28894954799819755,-0.01512431058438858,4752,-0.9563816461288266,0.9729939429407413,13667.642823814085,-82.06238988852041,199,-0.40024253420044303,-0.09266507265579041
"V-C|sq=S2,d=D2|X2|L|1h",V-C,"sq=S2,d=D2",X2,L,1h,0.05394314819347754,0.0028235134224295216,2752,-0.050404607428896964,0.4560438736671557,7753.459303538369,-788.8492939030534,2,0.4979495050816307,-0.9705119779006403
"V-C|sq=S2,d=D2|X2|S|1h",V-C,"sq=S2,d=D2",X2,S,1h,-0.8662640618334123,-0.045342333324377614,2762,-0.6130497043813197,0.6694929134819383,4391.0671724963,158.93259133378595,2,-1.3371237365057471,0.06256377556736993
"V-C|sq=S2,d=D2|X2|LS|1h",V-C,"sq=S2,d=D2",X2,LS,1h,-0.5743530071961142,-0.030063010397807535,5436,-0.6307157077988191,0.6775441963301301,8437.653039725796,-202.71313868692633,4,-0.56150752704816,-0.6031076229507695
"V-C|sq=S2,d=D2|X3|L|1h",V-C,"sq=S2,d=D2",X3,L,1h,-0.742288174230715,-0.03885313878481689,2738,-0.5308063500723763,0.5801188260268055,4634.394459192447,-298.913593672548,5,-0.6256582751172759,-0.9974693644575664
"V-C|sq=S2,d=D2|X3|S|1h",V-C,"sq=S2,d=D2",X3,S,1h,-0.8480258683662782,-0.04438770264782496,2764,-0.5858688008866366,0.6644054999293532,4389.573036174942,159.798261189226,8,-1.4441083785618758,0.39199236760356393
"V-C|sq=S2,d=D2|X3|LS|1h",V-C,"sq=S2,d=D2",X3,LS,1h,-1.3713797356327817,-0.07178129605856409,5176,-0.8384191109020828,0.8437464098552316,4707.078058865325,-24.460322878939195,11,-1.6753463991921675,-0.7091721054920824
"V-C|sq=S3,d=D1|X1|L|1h",V-C,"sq=S3,d=D1",X1,L,1h,0.12126761702269191,0.006347437178518518,3164,-0.6176640905623387,0.8618235318364978,24240.501402633545,-2653.099814871338,79,0.3354348536872476,-0.28851503212599694
"V-C|sq=S3,d=D1|X1|S|1h",V-C,"sq=S3,d=D1",X1,S,1h,-0.6420759608945964,-0.03360779180523303,3086,-0.9680209147430399,0.9714978522278708,7750.378037352871,468.85441985449745,82,-0.8717252286978161,-0.2226850764735162
"V-C|sq=S3,d=D1|X1|LS|1h",V-C,"sq=S3,d=D1",X1,LS,1h,-0.2532526756472226,-0.013255850889373635,5606,-0.969081082902771,0.9843785017825639,12912.210888691116,-55.123509074231904,271,-0.42935884720566575,0.06118851671870581
"V-C|sq=S3,d=D1|X2|L|1h",V-C,"sq=S3,d=D1",X2,L,1h,-0.16745662301766426,-0.00876508024836165,3414,-0.30957561739367356,0.5379494642087372,7934.2245379468295,-740.6958206114806,4,0.18060944067533324,-0.9086317036585135
"V-C|sq=S3,d=D1|X2|S|1h",V-C,"sq=S3,d=D1",X2,S,1h,-0.7919135113966909,-0.041450647648744586,3362,-0.6882149093373026,0.7409934802583781,5311.516993580284,143.20316064376016,3,-1.0956966576115044,-0.12812801426011322
"V-C|sq=S3,d=D1|X2|LS|1h",V-C,"sq=S3,d=D1",X2,LS,1h,-0.6592104097903118,-0.034504649850474724,6748,-0.775833786926046,0.810984456168427,9241.589076473836,-203.43927579929456,12,-0.6399420533415088,-0.70182769983774
"V-C|sq=S3,d=D1|X3|L|1h",V-C,"sq=S3,d=D1",X3,L,1h,-0.48914620956394683,-0.025603082773009576,3542,-0.48619197179617224,0.5394628949557452,6339.528740738253,-418.1835309016648,9,-0.3376576301453764,-0.8038760260224542
"V-C|sq=S3,d=D1|X3|S|1h",V-C,"sq=S3,d=D1",X3,S,1h,-0.5625423796884743,-0.02944481389997746,3496,-0.5332185942789973,0.6439809497184764,6002.2719297008625,175.2757533305904,11,-0.9844656650380301,0.4069880541203619
"V-C|sq=S3,d=D1|X3|LS|1h",V-C,"sq=S3,d=D1",X3,LS,1h,-0.6408145753701034,-0.03354176786932017,6504,-0.6908900260027019,0.7297380836705545,7811.5820528677,-89.55376730193568,17,-0.9547729217258119,0.03109720120977299
"V-C|sq=S3,d=D2|X1|L|1h",V-C,"sq=S3,d=D2",X1,L,1h,-0.1162296717514462,-0.006083739070951493,2918,-0.8171732006860818,0.9223721079019652,20415.613622858305,-2134.864283523924,75,0.21027176549553758,-0.72025764308618
"V-C|sq=S3,d=D2|X1|S|1h",V-C,"sq=S3,d=D2",X1,S,1h,-1.3399393499878236,-0.07013563106036079,2750,-0.9945124253440799,0.9959096681791676,6873.477855232729,360.0095559996619,83,-1.4616334777166806,-1.1384482819696948
"V-C|sq=S3,d=D2|X1|LS|1h",V-C,"sq=S3,d=D2",X1,LS,1h,-0.7115777831054851,-0.037245683446112135,5198,-0.9951203784664935,0.997184552737256,9680.197670320384,-21.884285023331557,236,-0.6213143378032363,-0.8720173846329555
"V-C|sq=S3,d=D2|X2|L|1h",V-C,"sq=S3,d=D2",X2,L,1h,-0.25947569301839674,-0.013581578505650335,3070,-0.3704527018819723,0.6360036932485013,7093.73587947909,-727.4572607271106,4,0.19568578074604084,-1.2834191086507774
"V-C|sq=S3,d=D2|X2|S|1h",V-C,"sq=S3,d=D2",X2,S,1h,-0.837211081977143,-0.043821630856447316,2864,-0.6866508938454243,0.7439841006477772,4333.825047060669,121.45119828195752,2,-1.2067115559786885,-0.03671968594012269
"V-C|sq=S3,d=D2|X2|LS|1h",V-C,"sq=S3,d=D2",X2,LS,1h,-0.695546835503582,-0.0364065852984495,5810,-0.7712307707976616,0.8112991016033094,7914.037781569303,-214.72140034755745,7,-0.6329625912514004,-0.8352268706912518
"V-C|sq=S3,d=D2|X3|L|1h",V-C,"sq=S3,d=D2",X3,L,1h,-0.437559189614983,-0.022902894739366953,3166,-0.43136850099621504,0.482587376168928,6363.698068288816,-457.0595897571121,7,-0.08969945298450233,-1.2191884129484685
"V-C|sq=S3,d=D2|X3|S|1h",V-C,"sq=S3,d=D2",X3,S,1h,-0.47969037071748477,-0.025108141546969966,2942,-0.4684139968781005,0.6558394317275481,6047.564182982523,155.05205357255886,4,-0.6837776481805565,-0.01875880819127821
"V-C|sq=S3,d=D2|X3|LS|1h",V-C,"sq=S3,d=D2",X3,LS,1h,-0.5327223177790812,-0.0278839605223277,5802,-0.6188343924490953,0.6464355327617136,9607.239104175915,-162.75433242214035,12,-0.45125965277673075,-0.7345682316220135
"V-C|sq=S4,d=D1|X1|L|1h",V-C,"sq=S4,d=D1",X1,L,1h,-0.4185908203577845,-0.021910044915192706,2026,-0.8502410925726449,0.8878875097537932,9812.799857694139,-695.1076714319445,47,-0.31881378070295807,-0.6161792904402117
"V-C|sq=S4,d=D1|X1|S|1h",V-C,"sq=S4,d=D1",X1,S,1h,-0.22041721723054616,-0.011537164444923172,2000,-0.7571503505030421,0.8222931301417368,10088.21476373823,567.8798677724565,42,-0.5643021386790673,0.3498618468393483
"V-C|sq=S4,d=D1|X1|LS|1h",V-C,"sq=S4,d=D1",X1,LS,1h,-0.4526032267530102,-0.023690335632404854,3638,-0.9470449215354311,0.9518339060972985,9237.833117360224,56.403231743888405,147,-0.6392173898627287,-0.0995265672084439
"V-C|sq=S4,d=D1|X2|L|1h",V-C,"sq=S4,d=D1",X2,L,1h,-0.514813584250543,-0.02694657456711467,2246,-0.38970541859903773,0.4035405904525502,4797.985082862705,-349.83074611411905,2,-0.16979652514899005,-1.3365202275488721
"V-C|sq=S4,d=D1|X2|S|1h",V-C,"sq=S4,d=D1",X2,S,1h,-0.49776842570805924,-0.026054390192566775,2258,-0.3848697702241137,0.5037553315524493,4294.243998397513,130.7887744426729,0,-1.1134857866411774,0.6241077101322017
"V-C|sq=S4,d=D1|X2|LS|1h",V-C,"sq=S4,d=D1",X2,LS,1h,-0.7310375321775545,-0.03826425326530452,4462,-0.625257383393939,0.6434544235281616,6870.088093453353,-104.56343723347143,3,-0.8613934666159552,-0.46398854462533007
"V-C|sq=S4,d=D1|X3|L|1h",V-C,"sq=S4,d=D1",X3,L,1h,-1.5689557540138912,-0.08212289751364374,2234,-0.7391912011077991,0.7544255944724232,2550.1082962603905,-108.78332001126437,5,-1.7758354783998127,-1.1289343049701932
"V-C|sq=S4,d=D1|X3|S|1h",V-C,"sq=S4,d=D1",X3,S,1h,-0.43464613458757007,-0.02275041847044999,2226,-0.33281272110916393,0.49261201870140914,5533.513380413649,206.5551674198332,4,-0.47084947695612384,-0.3694288897580594
"V-C|sq=S4,d=D1|X3|LS|1h",V-C,"sq=S4,d=D1",X3,LS,1h,-1.5229931513174542,-0.07971710493406128,4158,-0.8132285777659887,0.8171394349856822,4509.384180390819,33.71121700166057,7,-1.794857079010752,-0.937889233183419
"V-C|sq=S4,d=D2|X1|L|1h",V-C,"sq=S4,d=D2",X1,L,1h,-0.3049776762916627,-0.015963261162703052,1892,-0.8066402371121613,0.8896945522632577,13198.364615576009,-894.4350840843099,55,-0.06061068583415963,-0.8504244492328388
"V-C|sq=S4,d=D2|X1|S|1h",V-C,"sq=S4,d=D2",X1,S,1h,-0.5090803176299791,-0.026646481676735556,1864,-0.8858104872570741,0.9072671573834404,7192.96842039201,374.31382136484683,40,-0.9823022955967676,0.2573856215036907
"V-C|sq=S4,d=D2|X1|LS|1h",V-C,"sq=S4,d=D2",X1,LS,1h,-0.5381293214980639,-0.028166976031932685,3488,-0.9652438529785485,0.97247651521868,8398.887948303682,43.927352295566685,143,-0.6943812172261725,-0.23983000786757017
"V-C|sq=S4,d=D2|X2|L|1h",V-C,"sq=S4,d=D2",X2,L,1h,-0.4210152862113186,-0.02203694725791699,2042,-0.3412652894543112,0.38895502847034746,4558.8777704870645,-404.09517370536577,2,-0.022809946308146527,-1.4372750592598025
"V-C|sq=S4,d=D2|X2|S|1h",V-C,"sq=S4,d=D2",X2,S,1h,-0.47276698730619243,-0.024745755096696503,2022,-0.36721501202496043,0.48904496339629744,3908.3422470634723,128.62958720152866,0,-1.0724511926737876,0.63999854496697
"V-C|sq=S4,d=D2|X2|LS|1h",V-C,"sq=S4,d=D2",X2,LS,1h,-0.5850918019411584,-0.030625104604741753,3978,-0.5514690969648377,0.5712936157150139,6627.9305949265245,-142.5892360123803,2,-0.660889990353445,-0.4248505993084261
"V-C|sq=S4,d=D2|X3|L|1h",V-C,"sq=S4,d=D2",X3,L,1h,-1.1248575198991573,-0.05887773354207163,2026,-0.619224662359545,0.6528948405142758,2895.5001181937246,-138.01394056543387,5,-1.2544691609166583,-0.8379665011553875
"V-C|sq=S4,d=D2|X3|S|1h",V-C,"sq=S4,d=D2",X3,S,1h,-0.1126018719999355,-0.005893851353320739,2012,-0.130944595526446,0.34564732505758966,5127.131389221467,172.75692657882368,4,-0.47084333185465593,0.4949441216866928
"V-C|sq=S4,d=D2|X3|LS|1h",V-C,"sq=S4,d=D2",X3,LS,1h,-1.029055434409715,-0.05386322320415094,3812,-0.6772277623758809,0.7083843509338907,5171.096050553739,10.130209062079958,9,-1.3583257923298668,-0.3058549987681721
"V-C|sq=S5,d=D1|X1|L|1h",V-C,"sq=S5,d=D1",X1,L,1h,-0.4287564620461431,-0.02244213892000943,1580,-0.8055336381531651,0.8311908589589374,10836.438929780867,-820.2480125393776,38,-0.28276132818660094,-0.7031663553761461
"V-C|sq=S5,d=D1|X1|S|1h",V-C,"sq=S5,d=D1",X1,S,1h,-0.13891852307952682,-0.007271327827072507,1636,-0.6595571190975057,0.7824770812894531,13687.49925618976,686.2035345387172,40,-0.11745906483107213,-0.17635018319402052
"V-C|sq=S5,d=D1|X1|LS|1h",V-C,"sq=S5,d=D1",X1,LS,1h,-0.2244051083484388,-0.011745900206102175,2978,-0.8565617458513288,0.8806741222848229,17796.294776930885,-4.867326792107497,108,-0.18914573705649848,-0.2877800145294885
"V-C|sq=S5,d=D1|X2|L|1h",V-C,"sq=S5,d=D1",X2,L,1h,-0.16409550313578544,-0.008589151193074754,1746,-0.15666046357343077,0.3630580595315097,4750.984354552665,-340.61526271286783,0,0.3132072878394218,-1.3937827210129055
"V-C|sq=S5,d=D1|X2|S|1h",V-C,"sq=S5,d=D1",X2,S,1h,-0.4526204757726243,-0.023691238487355583,1834,-0.3169058793690255,0.41689945713065935,4161.355183342228,117.62757689322324,0,-0.5432354667688958,-0.2764968120322705
"V-C|sq=S5,d=D1|X2|LS|1h",V-C,"sq=S5,d=D1",X2,LS,1h,-0.4114776419884478,-0.021537724142776497,3542,-0.40398720813431976,0.45069218211788586,8162.744615655982,-133.21463680957146,0,-0.13064784715819808,-1.016031642660393
"V-C|sq=S5,d=D1|X3|L|1h",V-C,"sq=S5,d=D1",X3,L,1h,-1.1338327747088834,-0.05934751984994698,1734,-0.5589991314480685,0.5644862142089438,2968.576202047504,-161.58401571377473,2,-1.0147568965419083,-1.392986866553873
"V-C|sq=S5,d=D1|X3|S|1h",V-C,"sq=S5,d=D1",X3,S,1h,-0.0692760042470609,-0.0036260717884372923,1784,-0.09378764548841723,0.32914542334036445,5378.338947782373,201.08336221162756,0,0.25669002764448007,-0.6525937272392337
"V-C|sq=S5,d=D1|X3|LS|1h",V-C,"sq=S5,d=D1",X3,LS,1h,-0.9224481301485337,-0.04828314186683535,3302,-0.5962833782787684,0.6011635367003487,6275.930921772976,-15.775282767290642,1,-0.6984007223711067,-1.3839880610791195
"V-C|sq=S5,d=D2|X1|L|1h",V-C,"sq=S5,d=D2",X1,L,1h,-0.16052665660838156,-0.008402349228225133,1488,-0.6119807823540675,0.7197044128131358,14705.20354980342,-1078.6833791123581,38,0.08980477141246677,-0.6762865614002092
"V-C|sq=S5,d=D2|X1|S|1h",V-C,"sq=S5,d=D2",X1,S,1h,-0.28449717595876356,-0.014891262780617427,1520,-0.7607495149726813,0.8259852033599552,9232.850801271252,407.7823587628412,33,-0.5469969642863234,0.14190527942958092
"V-C|sq=S5,d=D2|X1|LS|1h",V-C,"sq=S5,d=D2",X1,LS,1h,-0.4062401184332647,-0.02126357963038524,2826,-0.9213755783374984,0.9383923884275428,12768.809872347882,-8.422242514535062,110,-0.44170460866661926,-0.34345928120601904
"V-C|sq=S5,d=D2|X2|L|1h",V-C,"sq=S5,d=D2",X2,L,1h,0.1631823920035571,0.008541356772015578,1584,0.06601245381831422,0.3349785505822337,4979.3322643399715,-426.347412519745,0,0.7313975437968626,-1.291128820717544
"V-C|sq=S5,d=D2|X2|S|1h",V-C,"sq=S5,d=D2",X2,S,1h,-0.06474428737675267,-0.0033888708864047937,1632,-0.09222115953614862,0.32661811753033576,4068.2920108132876,133.58287547048553,0,-0.35440986857868256,0.5200291039226218
"V-C|sq=S5,d=D2|X2|LS|1h",V-C,"sq=S5,d=D2",X2,LS,1h,0.035709615882805676,0.0018691267219567945,3164,-0.06338231282395934,0.3194582583031359,9045.248440543475,-170.9106185349733,0,0.25469469290235347,-0.44635481222733536
"V-C|sq=S5,d=D2|X3|L|1h",V-C,"sq=S5,d=D2",X3,L,1h,-0.4738080997961478,-0.024800249415031513,1592,-0.30569755799266185,0.3176721270029178,3495.6137375057433,-205.91920465545343,2,-0.400631610375812,-0.6251882891587869
"V-C|sq=S5,d=D2|X3|S|1h",V-C,"sq=S5,d=D2",X3,S,1h,0.3316025335933016,0.017356869887425904,1610,0.18863636500255443,0.25801692975471935,4597.837413869029,168.42639732541426,2,-0.015467917991611445,0.9514030898906434
"V-C|sq=S5,d=D2|X3|LS|1h",V-C,"sq=S5,d=D2",X3,LS,1h,-0.30838094154849344,-0.016141396207737586,3048,-0.29737150474380647,0.31263963763597047,6599.538408215986,-29.59248088650185,2,-0.5326271260266607,0.13544797611169915
"V-C|sq=S6,d=D1|X1|L|1h",V-C,"sq=S6,d=D1",X1,L,1h,-0.35117087944287345,-0.01838112392174439,2356,-0.8685799846224881,0.9204663854414689,15393.769113294247,-1296.6665724032691,69,-0.0033159400280251858,-1.1051878779707407
"V-C|sq=S6,d=D1|X1|S|1h",V-C,"sq=S6,d=D1",X1,S,1h,-0.6025245204017292,-0.031537574792546035,2362,-0.9404478045104754,0.9564368496588765,8240.14069098382,447.78267074434586,64,-0.9444332866048422,-0.019542150415880637
"V-C|sq=S6,d=D1|X1|LS|1h",V-C,"sq=S6,d=D1",X1,LS,1h,-0.5374173209211643,-0.028129708218447957,4360,-0.9817556024088397,0.9829761341256956,12637.877759163131,75.47141404190732,202,-0.5616651358213312,-0.49218726817790526
"V-C|sq=S6,d=D1|X2|L|1h",V-C,"sq=S6,d=D1",X2,L,1h,-0.15460692180294283,-0.008092496146969478,2590,-0.22141186504702448,0.4503031042172755,7225.8353339112955,-564.0295246231038,3,0.36796068046848773,-1.4061430731876132
"V-C|sq=S6,d=D1|X2|S|1h",V-C,"sq=S6,d=D1",X2,S,1h,-0.68589777874433,-0.035901530584627174,2618,-0.5242161496722562,0.5943253645616597,4634.989253205001,79.9477460572933,0,-1.142047014453719,0.1804087770916327
"V-C|sq=S6,d=D1|X2|LS|1h",V-C,"sq=S6,d=D1",X2,LS,1h,-0.5964666889430392,-0.031220493402096244,5166,-0.6304441627920626,0.642962448649363,9103.459706893618,-176.14991410253518,3,-0.5231421802132367,-0.749748890401052
"V-C|sq=S6,d=D1|X3|L|1h",V-C,"sq=S6,d=D1",X3,L,1h,-0.9763706570193229,-0.05110557591990382,2622,-0.6310691815471823,0.6392164848555246,3811.8063415019687,-210.04893736242627,4,-1.0605662481511833,-0.7932075702819992
"V-C|sq=S6,d=D1|X3|S|1h",V-C,"sq=S6,d=D1",X3,S,1h,-0.2745573102617702,-0.014370986431303412,2606,-0.2764081701145831,0.4403451034878514,6536.916967993402,127.1975856532459,4,-0.2660478887544614,-0.29001309899052885
"V-C|sq=S6,d=D1|X3|LS|1h",V-C,"sq=S6,d=D1",X3,LS,1h,-0.8755288357955636,-0.04582727375729571,4916,-0.701768299329131,0.713048922437238,7190.695356072777,-77.78814117333587,6,-1.0765363307967177,-0.4608680122650591
"V-C|sq=S6,d=D2|X1|L|1h",V-C,"sq=S6,d=D2",X1,L,1h,-0.1272724408154448,-0.006661744020925094,2230,-0.737980988229985,0.8556472158657032,21407.511307699147,-1925.021790265653,59,0.31879301510229485,-1.2283501098852245
"V-C|sq=S6,d=D2|X1|S|1h",V-C,"sq=S6,d=D2",X1,S,1h,-0.8208854851706165,-0.04296711006453748,2182,-0.9610433417740498,0.9655475854325765,6040.328040409988,313.7655562398943,55,-1.1412193943666527,-0.29339191845916057
"V-C|sq=S6,d=D2|X1|LS|1h",V-C,"sq=S6,d=D2",X1,LS,1h,-0.6829333799742784,-0.03574636686139297,4102,-0.9876127810210802,0.9876958127412581,7014.71563915459,-4.898681739981935,176,-0.5790802149506924,-0.8797458155162763
"V-C|sq=S6,d=D2|X2|L|1h",V-C,"sq=S6,d=D2",X2,L,1h,-0.13600833586277666,-0.007119001666226181,2356,-0.20382779090753456,0.42286539642039034,6427.602500639131,-556.7701566491628,2,0.33660402193036154,-1.3340918453634791
"V-C|sq=S6,d=D2|X2|S|1h",V-C,"sq=S6,d=D2",X2,S,1h,-0.6845755774656934,-0.035832323406655396,2358,-0.5136058213242083,0.5864275516545958,4390.232696658844,161.32066065305003,0,-1.028710003395285,-0.005112096850178142
"V-C|sq=S6,d=D2|X2|LS|1h",V-C,"sq=S6,d=D2",X2,LS,1h,-0.529140640693978,-0.027696486975394084,4616,-0.5830043015919268,0.6142600806440109,8863.898665208058,-143.87020695425812,2,-0.4013969381533937,-0.8121418162204823
"V-C|sq=S6,d=D2|X3|L|1h",V-C,"sq=S6,d=D2",X3,L,1h,-0.6451951544124339,-0.03377105785587548,2364,-0.47263933872082153,0.48057881869276164,4131.396722111953,-253.27788922787425,5,-0.6164639009932412,-0.7447046808370291
"V-C|sq=S6,d=D2|X3|S|1h",V-C,"sq=S6,d=D2",X3,S,1h,-0.40224397881124263,-0.021054412122767544,2358,-0.35461324328524135,0.45001031247455914,4710.271315926404,157.9308812464138,7,-0.6905203782076782,0.14103354323503792
"V-C|sq=S6,d=D2|X3|LS|1h",V-C,"sq=S6,d=D2",X3,LS,1h,-0.8697731448405441,-0.045526007123606375,4496,-0.6838913225743035,0.6838913225743035,5627.778892835424,-46.81912422679069,9,-1.115596234903137,-0.3363428896071347
"V-C|sq=S7,d=D1|X1|L|1h",V-C,"sq=S7,d=D1",X1,L,1h,0.3208955440052621,0.016796440438495482,2246,-0.014864423963707685,0.7423434852740877,25669.631325641585,-2336.851934261394,61,0.2605072279156363,0.4176917987505168
"V-C|sq=S7,d=D1|X1|S|1h",V-C,"sq=S7,d=D1",X1,S,1h,-0.431330212703391,-0.022576855186488016,2364,-0.8998116714840465,0.9574634884170974,11849.281506493055,682.9610603404542,70,-0.621632034460433,-0.12738589573678122
"V-C|sq=S7,d=D1|X1|LS|1h",V-C,"sq=S7,d=D1",X1,LS,1h,0.03868197589243748,0.002024707155515971,4266,-0.8303887730721505,0.928414336796781,21847.02254430368,-56.88811382457207,179,-0.09229240529908864,0.23829588724960163
"V-C|sq=S7,d=D1|X2|L|1h",V-C,"sq=S7,d=D1",X2,L,1h,0.14515284939736106,0.007597647380671327,2462,0.04547161231590535,0.40587933745816873,7218.635335092648,-655.2412785623059,1,0.4862052235736206,-0.5359662969183935
"V-C|sq=S7,d=D1|X2|S|1h",V-C,"sq=S7,d=D1",X2,S,1h,-0.5452559264220996,-0.028539999582341633,2622,-0.4341596027959347,0.5323381408515055,5267.6551583487535,166.49725502338438,0,-0.7470377044662352,-0.16249740998183243
"V-C|sq=S7,d=D1|X2|LS|1h",V-C,"sq=S7,d=D1",X2,LS,1h,-0.2679486638845484,-0.014025074070325706,5040,-0.4074040257074153,0.5297245386385065,10819.543433801387,-241.80285636819804,1,-0.16271836672941645,-0.4669301012776988
"V-C|sq=S7,d=D1|X3|L|1h",V-C,"sq=S7,d=D1",X3,L,1h,-0.9780179704538942,-0.0511918002458697,2510,-0.6082348957223671,0.6430940021527483,3602.0831832634053,-231.5935997432589,5,-1.1891061395522406,-0.5654043778224629
"V-C|sq=S7,d=D1|X3|S|1h",V-C,"sq=S7,d=D1",X3,S,1h,-0.413624887259999,-0.02165011609705636,2610,-0.3421352870558185,0.56844743749382,6935.452836194517,243.203417225799,3,-0.2394508965957834,-0.7259097022337861
"V-C|sq=S7,d=D1|X3|LS|1h",V-C,"sq=S7,d=D1",X3,LS,1h,-0.8956095173742673,-0.046878344669316716,4816,-0.6800865871947062,0.7086272386767085,7424.808570580032,-75.84343445807887,6,-1.103757483498023,-0.5175734567412308
"V-C|sq=S7,d=D2|X1|L|1h",V-C,"sq=S7,d=D2",X1,L,1h,0.2177979620487382,0.011400066362770505,2158,-0.2516478153773186,0.7472438342226599,25544.00329398963,-2208.3043477209962,53,0.37774453800357904,-0.0947968801937572
"V-C|sq=S7,d=D2|X1|S|1h",V-C,"sq=S7,d=D2",X1,S,1h,-0.5051224232313457,-0.026439316015602506,2208,-0.9066836902332249,0.9381623297349687,8420.702753367397,414.62250217385355,58,-0.8842096244401723,0.07911257685420027
"V-C|sq=S7,d=D2|X1|LS|1h",V-C,"sq=S7,d=D2",X1,LS,1h,-0.03144938698154247,-0.001646136149693656,4078,-0.8425184609362735,0.9190939336310254,20155.62627161642,-127.22434008453757,167,-0.08267152984654878,0.05881540292219661
"V-C|sq=S7,d=D2|X2|L|1h",V-C,"sq=S7,d=D2",X2,L,1h,0.22809014076637443,0.011938783618408973,2278,0.13162445911418152,0.32549336540627793,6490.9395507997015,-660.433623347317,1,0.4708682233072599,-0.2607341753359999
"V-C|sq=S7,d=D2|X2|S|1h",V-C,"sq=S7,d=D2",X2,S,1h,-0.26597608919454835,-0.013921824792141504,2324,-0.26319475216059995,0.4638349865379312,5189.795730608585,187.10713627232008,0,-0.558028161566418,0.28776062929398266
"V-C|sq=S7,d=D2|X2|LS|1h",V-C,"sq=S7,d=D2",X2,LS,1h,0.0019837499350503717,0.00010383421724421473,4502,-0.14644464962081316,0.33761549546449054,10609.728332457493,-298.3536418741784,0,0.00480302593483661,-0.00362819538611313
"V-C|sq=S7,d=D2|X3|L|1h",V-C,"sq=S7,d=D2",X3,L,1h,-0.4661098509713774,-0.02439730465533783,2320,-0.37093574313414646,0.4889168714370584,3985.4322642500683,-277.82526305242106,4,-0.7338931884471143,0.08296448250979223
"V-C|sq=S7,d=D2|X3|S|1h",V-C,"sq=S7,d=D2",X3,S,1h,0.08522629293529757,0.004460948055601608,2328,0.0026161789728922358,0.4324642414166632,6168.225004589392,207.21208709463264,3,-0.13277735909820618,0.4448357888709309
"V-C|sq=S7,d=D2|X3|LS|1h",V-C,"sq=S7,d=D2",X3,LS,1h,-0.36725059793194176,-0.01922277485431384,4438,-0.40369953010959836,0.5146218146804524,7428.090092310175,-118.48242428109114,6,-0.7343460168926704,0.31894018046244016
"Q-A|g=G1,a=A1|X1|L|1h",Q-A,"g=G1,a=A1",X1,L,1h,-0.22876975955616902,-0.011974356491691002,3760,-0.8407321427796648,0.9257981239313164,8858.484340869738,-838.5010664470927,57,-0.2819526252232956,-0.1514209296778081
"Q-A|g=G1,a=A1|X1|S|1h",Q-A,"g=G1,a=A1",X1,S,1h,-0.019275525746400766,-0.0010089271296169747,3672,-0.6409248472803815,0.8811646739261142,19499.248752041545,1136.650757196467,43,-0.11205993011329733,0.1445536154060171
"Q-A|g=G1,a=A1|X1|LS|1h",Q-A,"g=G1,a=A1",X1,LS,1h,-0.13797253813003946,-0.007221812711775309,6920,-0.9153864290396531,0.966585308194252,15927.753119113804,-76.80211741834954,161,-0.28501756867795236,0.09162525960567254
"Q-A|g=G1,a=A2|X1|L|1h",Q-A,"g=G1,a=A2",X1,L,1h,0.658533652911024,0.03446922677643505,1200,0.9904118522209351,0.39232482624521436,4999.488518227995,-1901.7472977227646,7,1.0050269422104177,-0.10208352039114812
"Q-A|g=G1,a=A2|X1|S|1h",Q-A,"g=G1,a=A2",X1,S,1h,0.3243637163985964,0.016977972878329296,1228,0.28579502820245484,0.49694089406763897,4281.029088622669,286.50450065775186,8,0.369389932278257,0.22543938862488858
"Q-A|g=G1,a=A2|X1|LS|1h",Q-A,"g=G1,a=A2",X1,LS,1h,0.3955382264273162,0.020703417001096198,1598,0.41202943261480485,0.32116309883863936,4601.324805956975,-543.611387504865,5,0.4176035887196315,0.35070428720365876
"Q-A|g=G1,a=A3|X1|L|1h",Q-A,"g=G1,a=A3",X1,L,1h,-0.30512636238628577,-0.015971043748591273,4066,-0.5140523699496208,0.6051076749549354,7595.8859739400805,-808.8397335902602,5,-0.13867881992723824,-0.6574063672977983
"Q-A|g=G1,a=A3|X1|S|1h",Q-A,"g=G1,a=A3",X1,S,1h,-0.36660619317065013,-0.019189045167524732,4144,-0.5926449314536735,0.7662630260788932,9122.995000341247,262.3034249438995,8,-0.38440673342757203,-0.33035152421813696
"Q-A|g=G1,a=A3|X1|LS|1h",Q-A,"g=G1,a=A3",X1,LS,1h,-0.4526092155916563,-0.023690649102546445,7906,-0.7785563440827369,0.8463740496298431,13252.527762527405,-363.92348621665377,27,-0.27629368202500315,-0.814750844598829
"Q-A|g=G1,a=A4|X1|L|1h",Q-A,"g=G1,a=A4",X1,L,1h,-0.9602221400060187,-0.05026032390799197,4646,-0.810246531053529,0.8383869531683549,4907.850062262333,-189.10552011147712,66,-0.7974001374502759,-1.3056839268287372
"Q-A|g=G1,a=A4|X1|S|1h",Q-A,"g=G1,a=A4",X1,S,1h,-1.4191855938621138,-0.07428356904228296,4390,-0.8997581921822315,0.921649663710534,5624.061968074895,226.9276433296955,44,-1.4641750623657535,-1.3291398552689873
"Q-A|g=G1,a=A4|X1|LS|1h",Q-A,"g=G1,a=A4",X1,LS,1h,-1.7334532044535618,-0.0907330875901659,8958,-0.9805018820749463,0.982121921610042,5700.933335719297,21.057559087828427,102,-1.6630890212307932,-1.8803995973189362
"Q-A|g=G1,a=A5|X2|L|1h",Q-A,"g=G1,a=A5",X2,L,1h,0.44261414963450973,0.02316748343956269,298,-0.1053061836013387,0.9689518623895038,576.7550245110026,-3872.5938643193203,284,0.6044017343004751,0.03032968257748847
"Q-A|g=G1,a=A5|X2|S|1h",Q-A,"g=G1,a=A5",X2,S,1h,-0.14664782381757285,-0.007675897918191255,144,-0.7270969808397477,0.9265038725373202,1019.5173374243494,3343.432583154847,116,0.18442719481309103,-0.6567021398721197
"Q-A|g=G1,a=A5|X2|LS|1h",Q-A,"g=G1,a=A5",X2,LS,1h,0.4989031377589365,0.026113783735834832,258,-1.002403116568507,1.0755581553794658,934.9602611461918,68.05298941681919,365,-0.17133733621061684,0.8694768715083472
"Q-A|g=G2,a=A1|X1|L|1h",Q-A,"g=G2,a=A1",X1,L,1h,-0.0584239683848047,-0.003058050270526111,3074,-0.5969804109303607,0.7965873878364286,13374.241516429056,-1437.1200426000198,35,0.046235720840058316,-0.24860637571506206
"Q-A|g=G2,a=A1|X1|S|1h",Q-A,"g=G2,a=A1",X1,S,1h,0.14184624178669947,0.007424571628067412,3032,-0.3113677719294461,0.785316491363648,17920.12012438511,1012.1849068545436,32,0.004154200034949615,0.38711035533837657
"Q-A|g=G2,a=A1|X1|LS|1h",Q-A,"g=G2,a=A1",X1,LS,1h,0.17931578952221583,0.009385817393407936,5764,-0.5275816296039055,0.8130622126799085,29064.680156006998,-456.38795034632756,114,0.17188524168816274,0.19265390056681686
"Q-A|g=G2,a=A2|X1|L|1h",Q-A,"g=G2,a=A2",X1,L,1h,0.5550489300065717,0.029052588817354077,800,0.5776155374300775,0.31212136062328344,2818.896803486385,-1133.938709131946,7,0.8777844824866582,-0.1267003881848557
"Q-A|g=G2,a=A2|X1|S|1h",Q-A,"g=G2,a=A2",X1,S,1h,0.4149517185028535,0.021719565618431375,832,0.39335206994975636,0.36710517606192994,3156.605855818134,171.52140957034422,6,0.6088323160955282,-0.04855654401674508
"Q-A|g=G2,a=A2|X1|LS|1h",Q-A,"g=G2,a=A2",X1,LS,1h,0.3769395278002154,0.019729916622049166,1226,0.3576594528955428,0.3277505478590068,3833.1657389499055,-553.5888126269268,5,0.5481724771144784,-0.00045875248445639784
"Q-A|g=G2,a=A3|X1|L|1h",Q-A,"g=G2,a=A3",X1,L,1h,0.033958956117182394,0.0017774930017924544,3314,-0.13504070178051586,0.4018044132857834,7850.224339356769,-841.3847857014362,5,0.046781566936984514,0.0077116098003449035
"Q-A|g=G2,a=A3|X1|S|1h",Q-A,"g=G2,a=A3",X1,S,1h,-0.181845405075249,-0.009518223522949319,3476,-0.4029542061492467,0.675613784933825,9059.130212516198,293.17521113584615,5,-0.04695401780157717,-0.48543298868616946
"Q-A|g=G2,a=A3|X1|LS|1h",Q-A,"g=G2,a=A3",X1,LS,1h,-0.12240670665686264,-0.006407059854968467,6534,-0.4778186438819054,0.6556485571811175,14639.178738363487,-443.1246484676514,18,0.030038614802662744,-0.44420582416957166
"Q-A|g=G2,a=A4|X1|L|1h",Q-A,"g=G2,a=A4",X1,L,1h,-1.1311302899455697,-0.059206065332391596,4146,-0.8409734466937444,0.8638316372115907,4001.8823845463726,-149.13705387203044,63,-1.0626808129385241,-1.2741514439887416
"Q-A|g=G2,a=A4|X1|S|1h",Q-A,"g=G2,a=A4",X1,S,1h,-1.6191280391551652,-0.08474903494303977,3934,-0.9116091851810206,0.9258871519779946,4583.038948882297,191.53258151842417,36,-1.7561864202773023,-1.34896756473349
"Q-A|g=G2,a=A4|X1|LS|1h",Q-A,"g=G2,a=A4",X1,LS,1h,-1.9585978096982763,-0.10251769483288728,7998,-0.9849347248404533,0.9860585673793194,4527.437105488435,21.07968673525891,94,-2.0275707482416063,-1.8210459250104611
"Q-A|g=G2,a=A5|X2|L|1h",Q-A,"g=G2,a=A5",X2,L,1h,0.28835787376853467,0.015093340939770012,248,-0.7554468261759015,0.9241083205719373,607.455561420811,-2660.501683193812,370,0.3911374364979697,0.15649852700422107
"Q-A|g=G2,a=A5|X2|S|1h",Q-A,"g=G2,a=A5",X2,S,1h,-0.026189529806351954,-0.001370822642203406,142,-0.6180487643087668,0.8908925240790685,1002.8025334236752,3538.6959889128216,125,0.23923507149583872,-0.440950273438526
"Q-A|g=G2,a=A5|X2|LS|1h",Q-A,"g=G2,a=A5",X2,LS,1h,-0.5926413347917674,-0.0310202652145807,242,-0.9712895193095181,0.9911910696270285,897.0215192893521,1408.0991882067538,151,-0.387022867167284,-0.8563670299408563
"Q-A|g=G3,a=A1|X1|L|1h",Q-A,"g=G3,a=A1",X1,L,1h,-0.13183143957992013,-0.006900372922563656,2468,-0.571022565682617,0.7623282210132819,9665.199699584853,-945.949743699065,18,-0.14314253602371935,-0.1118014784476421
"Q-A|g=G3,a=A1|X1|S|1h",Q-A,"g=G3,a=A1",X1,S,1h,0.19271971885963096,0.010087411120599124,2488,-0.0938389748333962,0.6839813114949915,17250.5064297027,965.6413008937801,18,0.14871928586079836,0.2667106300107423
"Q-A|g=G3,a=A1|X1|LS|1h",Q-A,"g=G3,a=A1",X1,LS,1h,0.13343611424544322,0.006984365433354579,4760,-0.45482018252485623,0.7817206942017393,24677.998342686948,-345.0156922134331,70,0.12494730168691875,0.14821577405586203
"Q-A|g=G3,a=A2|X1|L|1h",Q-A,"g=G3,a=A2",X1,L,1h,0.5921466813409815,0.030994373869627383,530,0.5372547509598216,0.2338165581036361,1698.2425986039896,-745.0789069626983,4,0.7654340937315155,0.2520283275895249
"Q-A|g=G3,a=A2|X1|S|1h",Q-A,"g=G3,a=A2",X1,S,1h,0.5040068843848821,0.02638092604372073,554,0.4489396784650135,0.21984224196724889,2153.9523336911398,-26.891949060320723,4,0.6852626278949054,0.05105240587520024
"Q-A|g=G3,a=A2|X1|LS|1h",Q-A,"g=G3,a=A2",X1,LS,1h,0.7257310089506931,0.03798649714503253,876,0.9375728894218169,0.24849808909170024,3509.2529888753925,-721.8403366215751,3,0.873124198328126,0.3960264775148701
"Q-A|g=G3,a=A3|X1|L|1h",Q-A,"g=G3,a=A3",X1,L,1h,0.2373712421863207,0.01242457866952756,2606,0.14561378103738143,0.37757950411387786,8040.5077138924635,-864.2746596187819,3,0.40651885124092957,-0.12192870921260184
"Q-A|g=G3,a=A3|X1|S|1h",Q-A,"g=G3,a=A3",X1,S,1h,0.1152105116617804,0.006030393793763466,2816,-0.03594228837263658,0.6209616318309656,9682.056137109923,276.2435277755535,4,0.251909957332883,-0.19487514978364462
"Q-A|g=G3,a=A3|X1|LS|1h",Q-A,"g=G3,a=A3",X1,LS,1h,0.1804762364990447,0.009446557964264909,5204,-0.0021314546004181922,0.5720089289484007,18418.406842946024,-564.7068436883042,12,0.411678505744117,-0.3146750261954924
"Q-A|g=G3,a=A4|X1|L|1h",Q-A,"g=G3,a=A4",X1,L,1h,-1.1828263937802328,-0.061911963077568626,3614,-0.8363390823763103,0.8573709299161207,3444.8313856898267,-126.7363011908691,58,-1.1551711826272664,-1.2421235590617978
"Q-A|g=G3,a=A4|X1|S|1h",Q-A,"g=G3,a=A4",X1,S,1h,-1.743428217733381,-0.09125520364804715,3302,-0.9082781657934215,0.9195619021195526,3717.663784134544,176.4339627909037,29,-1.8541726332187054,-1.5303085903392126
"Q-A|g=G3,a=A4|X1|LS|1h",Q-A,"g=G3,a=A4",X1,LS,1h,-2.0956413978798167,-0.10969088408206926,6834,-0.9845789999641422,0.9852178299938525,3622.93156668267,21.09055581887581,84,-2.160773268985075,-1.966318201706119
"Q-A|g=G3,a=A5|X2|L|1h",Q-A,"g=G3,a=A5",X2,L,1h,0.4340446663822804,0.022718936185717388,198,-0.31685304747079424,0.89862012715636,544.5550295859886,-4150.138382400368,353,0.5827326987824886,0.19195828577629168
"Q-A|g=G3,a=A5|X2|S|1h",Q-A,"g=G3,a=A5",X2,S,1h,-0.1591567988925919,-0.008330647598326224,194,-0.8665393629880678,0.9802951559638277,800.7444605062033,2641.77802095184,165,-0.14183965806605364,-0.18818278765256324
"Q-A|g=G3,a=A5|X2|LS|1h",Q-A,"g=G3,a=A5",X2,LS,1h,0.3651838142473876,0.01911459445198236,212,-1.607457349676319,1.24161032329858,1467.8623583695903,-361.722944712335,204,0.2286245417371872,0.5958560432080239
"Q-A|g=G4,a=A1|X1|L|1h",Q-A,"g=G4,a=A1",X1,L,1h,0.1850453138978228,0.00968571440573358,1520,0.0180263351972747,0.5155824689880217,7806.499693718107,-756.2919273183514,9,0.07364050404101141,0.3621451432282817
"Q-A|g=G4,a=A1|X1|S|1h",Q-A,"g=G4,a=A1",X1,S,1h,0.43867580886934343,0.02296134126238266,1576,0.5677619628159374,0.44060053746361727,10701.281887082963,603.0816943349089,7,0.26594588282460546,0.7474588912831897
"Q-A|g=G4,a=A1|X1|LS|1h",Q-A,"g=G4,a=A1",X1,LS,1h,0.5410866298157054,0.028321768623925544,3012,1.0451424892325858,0.5336717374120905,21261.963247619606,-438.1200863328841,22,0.40967630438794883,0.7602116192984064
"Q-A|g=G4,a=A2|X1|L|1h",Q-A,"g=G4,a=A2",X1,L,1h,0.39225818962884557,0.020531732028366625,282,0.22299601591318519,0.2902197674808322,843.5797789425052,-398.8983156402149,2,0.8505065517449476,-0.5232191926500401
"Q-A|g=G4,a=A2|X1|S|1h",Q-A,"g=G4,a=A2",X1,S,1h,0.6742743835521209,0.03529313427409494,258,0.4611566182477853,0.16758977968437427,1030.821077358238,-76.99958582854403,1,0.9698602224545021,-0.2686304720791362
"Q-A|g=G4,a=A2|X1|LS|1h",Q-A,"g=G4,a=A2",X1,LS,1h,0.6751057480778639,0.03533664988221162,482,0.6111269194356874,0.32628511655002956,2059.412252609893,-574.5149490049721,3,1.246757148042218,-0.8317370672210923
"Q-A|g=G4,a=A3|X1|L|1h",Q-A,"g=G4,a=A3",X1,L,1h,0.5395517000596805,0.028241426728545637,1498,0.5045343954084489,0.29518682299561605,5321.151403552564,-510.692263595875,2,0.9033587957709932,-0.15893569683089181
"Q-A|g=G4,a=A3|X1|S|1h",Q-A,"g=G4,a=A3",X1,S,1h,0.5045094791894583,0.02640723305812921,1730,0.5562993655536439,0.380965497306626,6951.901374855577,114.47921104402151,5,0.6719996987006744,0.1258544901803052
"Q-A|g=G4,a=A3|X1|LS|1h",Q-A,"g=G4,a=A3",X1,LS,1h,0.6615728979590609,0.034628308132910686,3122,1.0674460984764211,0.35275763700284735,15229.222756777534,-451.1541316207443,11,1.0494832831652503,-0.1411639524339762
"Q-A|g=G4,a=A4|X1|L|1h",Q-A,"g=G4,a=A4",X1,L,1h,-1.0408514646696405,-0.054480655647115246,2568,-0.7528031019270591,0.7984014879239576,3345.025528981567,-83.1716368560332,43,-0.9461981844356955,-1.2411849886884445
"Q-A|g=G4,a=A4|X1|S|1h",Q-A,"g=G4,a=A4",X1,S,1h,-1.7730650907226333,-0.09280646847938138,2256,-0.8724784771891839,0.8854496028379544,2589.0631087416914,120.2500406123981,21,-2.003202086198773,-1.3819788373513715
"Q-A|g=G4,a=A4|X1|LS|1h",Q-A,"g=G4,a=A4",X1,LS,1h,-1.9779521151869912,-0.10353074548267852,4750,-0.966572492902799,0.9716609820830556,3399.870941843396,35.229490851452475,63,-2.048134526677977,-1.8415898005317837
"Q-A|g=G4,a=A5|X2|L|1h",Q-A,"g=G4,a=A5",X2,L,1h,0.5181601378169516,0.027121741186603456,158,0.46549849456332915,0.8423935645826813,584.635069055159,-6533.451882346236,255,0.7707851957927314,-0.002554777783275855
"Q-A|g=G4,a=A5|X2|S|1h",Q-A,"g=G4,a=A5",X2,S,1h,0.1380848678129858,0.007227692316102417,194,-0.6287431562385091,0.9669487557497299,1019.5407819775149,3658.348538033523,204,0.016108506663275818,0.30810825251070495
"Q-A|g=G4,a=A5|X2|LS|1h",Q-A,"g=G4,a=A5",X2,LS,1h,-0.1630949947961685,-0.008536782193104102,222,-0.9302954909141836,0.9875880678875707,886.8762818566012,1560.4850775520608,257,-0.05674830083479836,-0.3302103003391493
"Q-A|g=G5,a=A1|X1|L|1h",Q-A,"g=G5,a=A1",X1,L,1h,-0.13818099525788405,-0.007232723856530139,2936,-0.6579214096558318,0.7920602966263357,10112.31775555274,-1027.0641497958136,36,-0.1621918529718899,-0.09541900948335366
"Q-A|g=G5,a=A1|X1|S|1h",Q-A,"g=G5,a=A1",X1,S,1h,0.02254792499846082,0.0011802123348964302,2914,-0.47835154593653684,0.8087369366062782,16067.912560763836,950.7351754480326,31,-0.06750936362404589,0.18142852487988087
"Q-A|g=G5,a=A1|X1|LS|1h",Q-A,"g=G5,a=A1",X1,LS,1h,0.07851436777338502,0.004109629835963586,5546,-0.6490114253729339,0.8623031470620184,23249.535686412095,-304.4788099717386,111,0.013630815495807618,0.1922667826397306
"Q-A|g=G5,a=A2|X1|L|1h",Q-A,"g=G5,a=A2",X1,L,1h,0.7654890903527932,0.04006753023724736,664,0.8896233785629146,0.2637593435575061,2593.0179162260565,-1039.6601791626845,5,0.989178908891384,0.29175939640491094
"Q-A|g=G5,a=A2|X1|S|1h",Q-A,"g=G5,a=A2",X1,S,1h,0.3802296932819285,0.019902131754290085,708,0.31506196536609643,0.3348121417174865,2533.295996796182,46.415266601409854,4,0.510233499833607,0.07928175652930912
"Q-A|g=G5,a=A2|X1|LS|1h",Q-A,"g=G5,a=A2",X1,LS,1h,0.24285500909500762,0.012711612148119092,1086,0.15277071406484888,0.31277014705973716,3068.2963461467325,-495.7549466656704,4,0.37772230415113406,-0.06865814530406764
"Q-A|g=G5,a=A3|X1|L|1h",Q-A,"g=G5,a=A3",X1,L,1h,0.028884849646473424,0.0015119021305385668,3124,-0.13559339402820225,0.4030760778687632,7404.802798452803,-767.9345624075687,4,-0.0027637921757236975,0.09385515255783403
"Q-A|g=G5,a=A3|X1|S|1h",Q-A,"g=G5,a=A3",X1,S,1h,-0.14079671472472988,-0.007369636870903341,3280,-0.35478860112775024,0.6830013219201897,8723.471938236728,252.78050116751024,5,-0.07250472642653386,-0.2955287805246544
"Q-A|g=G5,a=A3|X1|LS|1h",Q-A,"g=G5,a=A3",X1,LS,1h,-0.1293056994061959,-0.006768169639646213,6154,-0.4712109987317017,0.6732592063166036,13571.620985314483,-395.86236222129986,19,-0.05899019316441858,-0.2783306941664793
"Q-A|g=G5,a=A4|X1|L|1h",Q-A,"g=G5,a=A4",X1,L,1h,-1.167263759765431,-0.06109737758338228,4004,-0.8437423568368371,0.8668112846566131,3739.495287360148,-139.67804298840906,60,-1.1420802050127232,-1.2200773304636958
"Q-A|g=G5,a=A4|X1|S|1h",Q-A,"g=G5,a=A4",X1,S,1h,-1.5963427850910334,-0.08355640023709353,3732,-0.904474003437049,0.9177794888357806,4342.98270689552,201.61728270124487,35,-1.6869384486898107,-1.4195992421667702
"Q-A|g=G5,a=A4|X1|LS|1h",Q-A,"g=G5,a=A4",X1,LS,1h,-1.9753525046917773,-0.10339467565041736,7642,-0.9843444071164231,0.9852748982576924,4133.599112756638,20.282371470234033,91,-2.0459777492446074,-1.8350245115159682
"Q-A|g=G5,a=A5|X2|L|1h",Q-A,"g=G5,a=A5",X2,L,1h,0.2931590410871777,0.01534464552286362,244,-0.7447919654040245,0.9207462714312878,616.0802621347823,-2765.375410290711,369,0.4005501042513249,0.1569841381605007
"Q-A|g=G5,a=A5|X2|S|1h",Q-A,"g=G5,a=A5",X2,S,1h,-0.20862778109973182,-0.010920077154451409,192,-0.9094364652242348,0.9869449418391029,761.1848960632233,2746.333184558008,173,-0.13204459315627093,-0.31324957345146814
"Q-A|g=G5,a=A5|X2|LS|1h",Q-A,"g=G5,a=A5",X2,LS,1h,-0.7615712466901025,-0.039862460927445276,288,-0.9948178093209318,0.9986196335786484,870.9846253302173,1348.753954947212,182,-0.4025552038111004,-1.1718026859204884
"Q-A|g=G6,a=A1|X1|L|1h",Q-A,"g=G6,a=A1",X1,L,1h,-0.0806696824343377,-0.00422244416138879,2248,-0.49647196286217987,0.7255281922991264,9852.383355949143,-1029.598873641254,14,-0.03901783198000639,-0.15470148194953076
"Q-A|g=G6,a=A1|X1|S|1h",Q-A,"g=G6,a=A1",X1,S,1h,0.15959200672171017,0.008353427417232129,2232,-0.12332799512284709,0.685761442219459,14764.16852673804,852.2818494889398,16,0.08379054630420055,0.2936050444814504
"Q-A|g=G6,a=A1|X1|LS|1h",Q-A,"g=G6,a=A1",X1,LS,1h,0.15774156789171798,0.008256571022141354,4322,-0.37145297675970246,0.7570671680267694,24935.44018421043,-422.2336568606416,63,0.18549287228689187,0.10941881453498706
"Q-A|g=G6,a=A2|X1|L|1h",Q-A,"g=G6,a=A2",X1,L,1h,0.40909754034685697,0.02141314392903601,414,0.2755253680062302,0.23064954141726213,1234.1202988692082,-519.0850754429457,2,0.6762926613491411,-0.0899556839045873
"Q-A|g=G6,a=A2|X1|S|1h",Q-A,"g=G6,a=A2",X1,S,1h,0.5385498163175522,0.028188985736717225,394,0.43073941404590066,0.17729632534410167,1547.5493904254863,-58.590070336366786,1,0.7229992499331116,0.03528938606093466
"Q-A|g=G6,a=A2|X1|LS|1h",Q-A,"g=G6,a=A2",X1,LS,1h,0.6111734125903967,0.03199027850009126,686,0.6389530394952525,0.2328257832843258,2799.186755890314,-655.1978421406443,2,0.9181898097082486,-0.1432918236354176
"Q-A|g=G6,a=A3|X1|L|1h",Q-A,"g=G6,a=A3",X1,L,1h,0.15433772486923633,0.008078405735470487,2342,0.04060953662292599,0.37141873966305794,6633.454017364505,-682.5747613186836,3,0.2983138139231836,-0.13786827227378262
"Q-A|g=G6,a=A3|X1|S|1h",Q-A,"g=G6,a=A3",X1,S,1h,0.17922172812046128,0.009380893994620866,2494,0.06312786700213668,0.5413488184979128,8589.205246134015,225.62457910952085,4,0.2639598086986134,-0.007370522435625372
"Q-A|g=G6,a=A3|X1|LS|1h",Q-A,"g=G6,a=A3",X1,LS,1h,0.21987085267214623,0.011508566416890976,4640,0.08286127150818445,0.4920916580232957,15923.676853508552,-479.68895416461174,13,0.39030717002455806,-0.13602519212193298
"Q-A|g=G6,a=A4|X1|L|1h",Q-A,"g=G6,a=A4",X1,L,1h,-1.1464712407288742,-0.06000904739591765,3358,-0.8202665880899273,0.8405581780751569,3452.0325721302415,-119.0458777901891,53,-1.0892834580356194,-1.2696611997392353
"Q-A|g=G6,a=A4|X1|S|1h",Q-A,"g=G6,a=A4",X1,S,1h,-1.5782476123864717,-0.08260925560939662,3092,-0.8818925641301069,0.898295885311916,3607.2721824331525,174.02129680155016,29,-1.7087901833652026,-1.3286118790628862
"Q-A|g=G6,a=A4|X1|LS|1h",Q-A,"g=G6,a=A4",X1,LS,1h,-1.9216041331113276,-0.10058135730186983,6344,-0.9775198253489208,0.9783672595081341,3638.3684390533476,30.350357498466742,80,-2.0043379867803606,-1.756252758926162
"Q-A|g=G6,a=A5|X2|L|1h",Q-A,"g=G6,a=A5",X2,L,1h,0.3236565675854417,0.016940959017765652,186,-0.41800724626692576,0.887014920347751,573.8110319188428,-3052.876072282195,306,0.48422614613241444,0.024096236331310885
"Q-A|g=G6,a=A5|X2|S|1h",Q-A,"g=G6,a=A5",X2,S,1h,-0.2249031909976898,-0.011771971043506683,192,-0.9228298046320598,0.9886564970947722,835.8424345500472,2663.2799663305295,171,-0.18115981873970685,-0.29011298455551104
"Q-A|g=G6,a=A5|X2|LS|1h",Q-A,"g=G6,a=A5",X2,LS,1h,-0.02622464288847479,-0.0013726605449213027,176,-0.7100120118340005,0.9278903755074484,1121.2251231956739,1424.0553292677666,163,-0.018492468189046925,-0.036672712636731115
"Q-B|K=2,S=20|X1|L|1h",Q-B,"K=2,S=20",X1,L,1h,-1.630363602535896,-0.08533713120876509,2416,-0.9928910741715259,0.9943309000751842,3609.9047264033384,-244.06689380417487,103,-1.8158036110358202,-1.2821337858505553
"Q-B|K=2,S=20|X1|S|1h",Q-B,"K=2,S=20",X1,S,1h,-1.3643040446964674,-0.07141093746807192,2848,-0.9901592700630014,0.9919780586889823,7478.300172424194,423.94252933970796,110,-1.4984038786247857,-1.1077002574961416
"Q-B|K=2,S=20|X1|LS|1h",Q-B,"K=2,S=20",X1,LS,1h,-1.7682158052250172,-0.09255264527568918,3744,-0.9965943442362748,0.9971555630844626,4280.776124928761,17.237378391047187,128,-2.3721314545095433,-0.626902979650124
"Q-B|K=2,S=20|X2|L|1h",Q-B,"K=2,S=20",X2,L,1h,-2.4080005707418555,-0.12604051043371756,2918,-0.9948766278993828,0.9950379337202184,3970.187750942272,-137.71041712780243,58,-2.532341136980828,-2.1676202500096524
"Q-B|K=2,S=20|X2|S|1h",Q-B,"K=2,S=20",X2,S,1h,-2.6285036828011132,-0.13758217081945817,3382,-0.9977006511602108,0.9978675351682346,5449.065518450951,180.6981219567516,65,-2.8861939489338395,-2.123086086245274
"Q-B|K=2,S=20|X2|LS|1h",Q-B,"K=2,S=20",X2,LS,1h,-3.6293864070880306,-0.18997076697936194,4954,-0.9999092284374467,0.9999092284374467,3511.455793407333,12.274094687665674,109,-4.140047176696674,-2.6111306466722404
"Q-B|K=2,S=20|X3|L|1h",Q-B,"K=2,S=20",X3,L,1h,-0.9588488176625629,-0.05018844093119273,2786,-0.9965854091050577,0.9987571109639237,2781.3011005841204,-221.53480178268572,158,-1.8489804383584099,-0.022760998335587194
"Q-B|K=2,S=20|X3|S|1h",Q-B,"K=2,S=20",X3,S,1h,-0.9950273382975825,-0.052082111249622025,3086,-0.9959386480632372,0.9990977519267453,8240.81438947063,370.28796332035387,175,-1.2030113665607285,-0.6394942878341094
"Q-B|K=2,S=20|X3|LS|1h",Q-B,"K=2,S=20",X3,LS,1h,-1.3503414444852422,-0.07068010157086008,4428,-0.9996921102887889,0.9999038280446337,3971.054970355259,46.156177641092356,229,-2.1203439882298363,-0.43980694159569517
"Q-B|K=2,S=50|X1|L|1h",Q-B,"K=2,S=50",X1,L,1h,-1.63795990588189,-0.08573473989821963,2418,-0.9930392720321312,0.9944490822732668,3608.1636502501538,-244.01375320687802,103,-1.8158869366205734,-1.3039821328239418
"Q-B|K=2,S=50|X1|S|1h",Q-B,"K=2,S=50",X1,S,1h,-1.3642407116919257,-0.07140762246710526,2848,-0.9901527786416171,0.9919727670285359,7478.32276672269,423.9437811231501,110,-1.4984038786247857,-1.1074538455008047
"Q-B|K=2,S=50|X1|LS|1h",Q-B,"K=2,S=50",X1,LS,1h,-1.778926955520842,-0.09311329250601857,3746,-0.9966812918818588,0.9972281826062159,4281.24587916378,17.209802970643565,129,-2.3645088418135525,-0.6751731374686187
"Q-B|K=2,S=50|X2|L|1h",Q-B,"K=2,S=50",X2,L,1h,-2.4098884117474193,-0.12613932454815344,2922,-0.9948906757721913,0.9950515393054846,3973.240847362192,-137.8575651388358,58,-2.520062526311297,-2.1968181300285856
"Q-B|K=2,S=50|X2|S|1h",Q-B,"K=2,S=50",X2,S,1h,-2.6288936163632255,-0.1376025808749212,3382,-0.9977012391524752,0.9978680804847188,5449.053141136937,180.69810551479296,65,-2.8861939489338395,-2.1241232937189136
"Q-B|K=2,S=50|X2|LS|1h",Q-B,"K=2,S=50",X2,LS,1h,-3.628268486707828,-0.18991225235230702,4960,-0.9999081782171589,0.9999081782171589,3511.6475994582424,12.274482872859759,109,-4.129977761856073,-2.6262212253821113
"Q-B|K=2,S=50|X3|L|1h",Q-B,"K=2,S=50",X3,L,1h,-0.9545174358088575,-0.049961726043182476,2784,-0.9965101061747793,0.9987297011835703,2782.8054902197164,-221.70838093788356,158,-1.8416394328770676,-0.02276099833558869
"Q-B|K=2,S=50|X3|S|1h",Q-B,"K=2,S=50",X3,S,1h,-0.9949424255976436,-0.052077666715774046,3086,-0.9959359689990843,0.9990971567602817,8240.82498669589,370.2883080221751,175,-1.2030113665607285,-0.6392173831701411
"Q-B|K=2,S=50|X3|LS|1h",Q-B,"K=2,S=50",X3,LS,1h,-1.3463920209839535,-0.07047337929675863,4426,-0.9996851127327299,0.9999016422988147,3971.2409600317806,46.15347809409649,229,-2.1139053084302457,-0.4396422942767096
"Q-B|K=3,S=20|X1|L|1h",Q-B,"K=3,S=20",X1,L,1h,-1.2788988345348176,-0.06694062445682669,1734,-0.9614531994987142,0.9673518721809758,2982.4659940075135,-247.1156058375554,59,-1.6782910540104483,-0.5595050775271634
"Q-B|K=3,S=20|X1|S|1h",Q-B,"K=3,S=20",X1,S,1h,-1.4612199990885772,-0.07648375036902116,2018,-0.980267819838106,0.9816267990294133,5229.362935266516,452.0295005235839,68,-1.5470544983169001,-1.3037866468627883
"Q-B|K=3,S=20|X1|LS|1h",Q-B,"K=3,S=20",X1,LS,1h,-2.0973532515647646,-0.10978048659913683,2804,-0.9965494697304388,0.9969602838584575,3010.0867646854686,20.863732707871048,86,-2.6490707878350808,-1.0619625350951762
"Q-B|K=3,S=20|X2|L|1h",Q-B,"K=3,S=20",X2,L,1h,-1.662745252773544,-0.08703206424749849,2026,-0.9510868446382443,0.9545167644840923,4062.359286259385,-205.08742704610572,30,-2.113647516432208,-0.8271243581901623
"Q-B|K=3,S=20|X2|S|1h",Q-B,"K=3,S=20",X2,S,1h,-1.8288065104271316,-0.09572410773462899,2364,-0.966471296054071,0.9688309988170043,6627.070463793532,336.5369670781138,19,-1.6669033762944003,-2.1177131808881122
"Q-B|K=3,S=20|X2|LS|1h",Q-B,"K=3,S=20",X2,LS,1h,-2.222949110220337,-0.11635447429899543,3684,-0.992048714875579,0.9929154851085598,5031.963096309163,9.139839326324825,46,-2.4144703657878304,-1.855460030098113
"Q-B|K=3,S=20|X3|L|1h",Q-B,"K=3,S=20",X3,L,1h,-1.1077151872311262,-0.05798046284132691,1988,-0.982087656698767,0.9886001779321234,2599.7422351273735,-214.01231773565138,93,-1.9041511618610267,0.035125079726449626
"Q-B|K=3,S=20|X3|S|1h",Q-B,"K=3,S=20",X3,S,1h,-1.4189519535158486,-0.07427133974763121,2342,-0.9934853032937325,0.9960551038809413,3970.669451045451,330.4585448379263,99,-1.8637348113143288,-0.694501702913597
"Q-B|K=3,S=20|X3|LS|1h",Q-B,"K=3,S=20",X3,LS,1h,-1.6008118432670733,-0.0837903214331722,3510,-0.9986017895571375,0.9995728268533809,2762.581905342306,43.75264869136222,155,-2.6871469441185685,0.02732224865206121
"Q-B|K=3,S=50|X1|L|1h",Q-B,"K=3,S=50",X1,L,1h,-1.357942896235129,-0.07107797974009068,1748,-0.9685583389092306,0.9733343602162585,2931.975775898972,-246.45118386493562,65,-1.758531518533937,-0.6413923833424608
"Q-B|K=3,S=50|X1|S|1h",Q-B,"K=3,S=50",X1,S,1h,-1.4895255731675283,-0.07796533183057841,2052,-0.9822635001218494,0.9837789818739158,5252.16127702153,448.47374540090163,71,-1.5757539403740326,-1.3295846534737454
"Q-B|K=3,S=50|X1|LS|1h",Q-B,"K=3,S=50",X1,LS,1h,-2.1010646799114454,-0.10997475163750006,2808,-0.9966336141012487,0.9969718185804863,3007.1035614526386,28.272403692936862,89,-2.6601211661748714,-1.0593918526116175
"Q-B|K=3,S=50|X2|L|1h",Q-B,"K=3,S=50",X2,L,1h,-1.680975850691239,-0.08798629735482297,2058,-0.9545064370293511,0.9570292382818653,4140.022346346512,-208.70028542212262,33,-2.054452071517155,-0.9998713663199007
"Q-B|K=3,S=50|X2|S|1h",Q-B,"K=3,S=50",X2,S,1h,-1.8377233416981251,-0.09619083601472284,2404,-0.9677914657199528,0.9705278869736143,6676.63928793012,328.0486846326454,20,-1.6588981297647836,-2.1583280875930613
"Q-B|K=3,S=50|X2|LS|1h",Q-B,"K=3,S=50",X2,LS,1h,-2.2207221612519987,-0.11623791046255384,3740,-0.9924563167806852,0.9934008385162899,5115.888345990223,7.577167537702741,50,-2.3444473517808,-1.9849197541414427
"Q-B|K=3,S=50|X3|L|1h",Q-B,"K=3,S=50",X3,L,1h,-1.1316745774814847,-0.05923455464409815,2010,-0.9834923214837509,0.9894941385013543,2613.1161381131938,-214.02959972971678,94,-1.9138083575173666,-0.01497729009633625
"Q-B|K=3,S=50|X3|S|1h",Q-B,"K=3,S=50",X3,S,1h,-1.410970412913753,-0.07385356681860501,2372,-0.9933917053189861,0.9958445433818754,3954.9770565467975,332.8851403555955,99,-1.8141152801285514,-0.7481653878839647
"Q-B|K=3,S=50|X3|LS|1h",Q-B,"K=3,S=50",X3,LS,1h,-1.633092190736658,-0.0854799520426827,3544,-0.9987573374217102,0.9995938644527936,2785.0347942724966,52.807961329009395,155,-2.739052647452341,0.013773938744344133
Q-C|len=20|X1|L|1h,Q-C,len=20,X1,L,1h,-1.555417279818258,-0.08141426138670727,15570,-0.9740843481343218,0.9786603805944702,8516.306171956585,-265.0980883606874,22,-1.417363591827642,-1.8644143503214705
Q-C|len=20|X1|S|1h,Q-C,len=20,X1,S,1h,-1.9440413464555086,-0.1017557747239303,15552,-0.9876172525675924,0.9882959169907896,12333.810347883213,244.55443980221747,26,-2.014375547051049,-1.80199793194264
Q-C|len=20|X1|LS|1h,Q-C,len=20,X1,LS,1h,-1.4926037442978013,-0.07812645067131956,15554,-0.9656445351646876,0.9675274639616609,16346.655785717732,-290.35516630615155,23,-0.9610816329894828,-2.7088228857011427
Q-C|len=20|X2|L|1h,Q-C,len=20,X2,L,1h,-1.9080667304704433,-0.09987277726267235,13972,-0.9998248491185335,0.9998878064791976,7967.792730946959,-221.40891186355458,151,-1.8087736249358415,-2.0872009520969326
Q-C|len=20|X2|S|1h,Q-C,len=20,X2,S,1h,-2.2092973752596157,-0.11563990983266514,13660,-0.9999524018059971,0.9999588258677916,14794.402840438874,456.7707671265481,164,-2.1574770315579714,-2.303255183962082
Q-C|len=20|X2|LS|1h,Q-C,len=20,X2,LS,1h,-2.519947751095238,-0.13190009366006572,14662,-0.9999358467939116,0.9999403451904754,9585.35210126529,73.80263076410608,156,-2.32819747091366,-2.895973927921822
Q-C|len=50|X1|L|1h,Q-C,len=50,X1,L,1h,-0.6231583229742138,-0.03261759738059023,8930,-0.7964430099493932,0.8383538515254345,9438.997510159868,-632.6833825310778,16,-0.5507250280620712,-0.7732560556098543
Q-C|len=50|X1|S|1h,Q-C,len=50,X1,S,1h,-0.8274690245720647,-0.04331170826634081,8926,-0.8878063112596227,0.9274226211854735,12895.842082653578,426.68650123861056,21,-0.9150425114658803,-0.641665436528119
Q-C|len=50|X1|LS|1h,Q-C,len=50,X1,LS,1h,-1.0568091830807522,-0.05531592080374867,8944,-0.869630634896625,0.8811469554472913,9866.456309420471,9.133950081218675,15,-1.2924640352703969,-0.5672875852083745
Q-C|len=50|X2|L|1h,Q-C,len=50,X2,L,1h,-0.7973861654683434,-0.041737099454860954,8074,-0.9876616426121517,0.9938561893175453,10244.667241236699,-605.192667738152,140,-0.7575081965692365,-0.8686651198216581
Q-C|len=50|X2|S|1h,Q-C,len=50,X2,S,1h,-0.89114831780252,-0.046644834811386544,7896,-0.9921692366763463,0.9963909336269515,20411.52230461926,910.6684331202651,160,-1.0739148268507086,-0.564897378290527
Q-C|len=50|X2|LS|1h,Q-C,len=50,X2,LS,1h,-1.0364230907838943,-0.05424886396411792,8446,-0.9903203757120072,0.9950121541332904,13791.946436087428,39.6976449554508,119,-1.1998826218067666,-0.7618648075784598
Q-C|len=100|X1|L|1h,Q-C,len=100,X1,L,1h,0.1600081965391821,0.008375211787912456,5822,-0.06926374439465488,0.6375568224010306,16264.952565707039,-2000.271318990234,22,0.552836689521688,-0.6589900813452928
Q-C|len=100|X1|S|1h,Q-C,len=100,X1,S,1h,-0.17439195006916458,-0.009128091857335882,5834,-0.5415952871776918,0.816324761019572,15863.072271286987,761.0776889782124,25,-0.026092347034125923,-0.5030378418755869
Q-C|len=100|X1|LS|1h,Q-C,len=100,X1,LS,1h,0.169214321746016,0.00885708240467422,5852,0.0007396949755982263,0.60788717374587,19291.543427686876,-850.6898477332132,11,0.6728865205641157,-0.8010728318258415
Q-C|len=100|X2|L|1h,Q-C,len=100,X2,L,1h,0.3811760489310015,0.019951666272890405,5290,0.012000097961751166,0.8523802577205086,39212.765346423024,-4770.6429446112925,130,0.6056992804352782,-0.0036129633980895837
Q-C|len=100|X2|S|1h,Q-C,len=100,X2,S,1h,-0.21497984987356153,-0.011252559629867483,5186,-0.8909019309972256,0.9728826659040888,25531.166483330508,1792.5206566083639,159,-0.18357356683367088,-0.2710058450000004
Q-C|len=100|X2|LS|1h,Q-C,len=100,X2,LS,1h,0.014857507696759727,0.0007776774958552268,5616,-0.6689388836581089,0.935907021582283,32565.190612814546,-328.10798233976146,115,0.07724878159361033,-0.09149318036777573
"T-A|ma=SMA,fast=5,slow=20|X1|L|4h",T-A,"ma=SMA,fast=5,slow=20",X1,L,4h,0.4163497469642935,0.021792741772549345,1976,0.5176821788807109,0.5815226650601256,6129.731917725865,-2533.489760638794,29,0.7588322620172633,-0.28318761034225115
"T-A|ma=SMA,fast=5,slow=20|X1|S|4h",T-A,"ma=SMA,fast=5,slow=20",X1,S,4h,0.11109038025450634,0.005814736259485213,1976,-0.17553353318611586,0.6603070741109711,5598.539806588991,781.1071214127444,37,0.20790721513496985,-0.09719696142747129
"T-A|ma=SMA,fast=5,slow=20|X1|LS|4h",T-A,"ma=SMA,fast=5,slow=20",X1,LS,4h,0.11109038025450634,0.005814736259485213,1976,-0.17553353318611586,0.6603070741109711,5598.539806588991,781.1071214127444,37,0.20790721513496985,-0.09719696142747129
"T-A|ma=SMA,fast=5,slow=20|X2|L|4h",T-A,"ma=SMA,fast=5,slow=20",X2,L,4h,0.5396253410894715,0.028245281276213317,1784,1.0714099124534102,0.6844369889153554,7904.434227960188,-2833.936169942993,61,0.4946126963804151,0.6155987512422066
"T-A|ma=SMA,fast=5,slow=20|X2|S|4h",T-A,"ma=SMA,fast=5,slow=20",X2,S,4h,0.35796188656388783,0.018736581480306328,1790,0.2658821599122798,0.6419298569444015,11118.184964135102,1760.6477759319123,51,0.45543398657849704,0.18887477528135346
"T-A|ma=SMA,fast=5,slow=20|X2|LS|4h",T-A,"ma=SMA,fast=5,slow=20",X2,LS,4h,0.9387915319000237,0.049138594612158616,2084,5.112798389548715,0.44329452557138393,17321.429115233408,-1064.1277339099054,51,0.674743341758064,1.3411633789887092
"T-A|ma=SMA,fast=5,slow=20|X3|L|4h",T-A,"ma=SMA,fast=5,slow=20",X3,L,4h,0.5357744403239555,0.02804371591779412,1770,0.9577208248665283,0.5461199659892154,5767.543070557085,-2127.012189838987,25,0.5150663064700313,0.5752511714315296
"T-A|ma=SMA,fast=5,slow=20|X3|S|4h",T-A,"ma=SMA,fast=5,slow=20",X3,S,4h,0.39151801907111433,0.020492989730695278,1778,0.4491620330832722,0.5122463198395464,7350.00171613573,1255.1950436681825,21,0.45128949199449747,0.2844479783864577
"T-A|ma=SMA,fast=5,slow=20|X3|LS|4h",T-A,"ma=SMA,fast=5,slow=20",X3,LS,4h,0.7477226983695703,0.03913759477903397,1946,1.7389964334115402,0.24993207151979802,7723.81837627265,-313.0275839649503,13,0.32286469722824085,1.380300055469573
"T-A|ma=SMA,fast=5,slow=50|X1|L|4h",T-A,"ma=SMA,fast=5,slow=50",X1,L,4h,0.38064889627394966,0.019924073841734613,1122,0.4164888746387938,0.5603792309695091,3427.2116091759303,-2730.4166544925515,32,0.6685628889234246,-0.2543837828867841
"T-A|ma=SMA,fast=5,slow=50|X1|S|4h",T-A,"ma=SMA,fast=5,slow=50",X1,S,4h,0.15572650484821327,0.008151097801891572,1116,-0.09081519044513331,0.6237477415938106,3475.6852669265795,736.3551990261842,32,0.2203419452417208,0.02335883758864457
"T-A|ma=SMA,fast=5,slow=50|X1|LS|4h",T-A,"ma=SMA,fast=5,slow=50",X1,LS,4h,0.38064889627394966,0.019924073841734613,1122,0.4164888746387938,0.5603792309695091,3427.2116091759303,-2730.4166544925515,32,0.6685628889234246,-0.2543837828867841
"T-A|ma=SMA,fast=5,slow=50|X2|L|4h",T-A,"ma=SMA,fast=5,slow=50",X2,L,4h,0.7034585856754566,0.036820705229401146,1052,2.333501667714965,0.6014321177972356,8401.056858956137,-6504.472024831582,63,0.8232177044469429,0.5088989799015988
"T-A|ma=SMA,fast=5,slow=50|X2|S|4h",T-A,"ma=SMA,fast=5,slow=50",X2,S,4h,0.3500079588595007,0.0183202538764034,1034,0.24208891595364523,0.576995554820102,5177.140978604418,1289.4730806043965,64,0.2456265975813577,0.5336527427159619
"T-A|ma=SMA,fast=5,slow=50|X2|LS|4h",T-A,"ma=SMA,fast=5,slow=50",X2,LS,4h,0.8974204572145682,0.04697313359279524,1240,4.83575929264821,0.464495281303147,14100.168309812241,-2475.249269787859,67,0.8525362115630926,0.976668726749481
"T-A|ma=SMA,fast=5,slow=50|X3|L|4h",T-A,"ma=SMA,fast=5,slow=50",X3,L,4h,0.8792290321240294,0.04602095088495565,1036,3.083625239931533,0.4525696989576923,6574.929163633094,-5083.9610851846,31,1.0373115179552685,0.6007657265419795
"T-A|ma=SMA,fast=5,slow=50|X3|S|4h",T-A,"ma=SMA,fast=5,slow=50",X3,S,4h,0.3137400060433715,0.016421902463669886,1030,0.25291168486088944,0.5195661979843431,3662.3650446933484,1014.1809383146843,22,0.226401620200735,0.46713229998861905
"T-A|ma=SMA,fast=5,slow=50|X3|LS|4h",T-A,"ma=SMA,fast=5,slow=50",X3,LS,4h,0.46727499135250433,0.024458290890203602,1104,0.6430745050468394,0.4422649459755227,4035.5020259661596,-452.13740112316015,24,0.4190270100061303,0.5567290414077002
"T-A|ma=SMA,fast=5,slow=100|X1|L|4h",T-A,"ma=SMA,fast=5,slow=100",X1,L,4h,0.5904134743318539,0.030903653668489545,696,1.135068511022582,0.47034487857793406,2800.557608147054,-3729.0473065018887,33,0.8512589901743195,-0.00765275180310401
"T-A|ma=SMA,fast=5,slow=100|X1|S|4h",T-A,"ma=SMA,fast=5,slow=100",X1,S,4h,0.29100922976775057,0.015232119255499279,690,0.20313261073821054,0.511451450444105,2395.2750900047413,631.2498725539979,26,0.3120382742169743,0.24905956508392998
"T-A|ma=SMA,fast=5,slow=100|X1|LS|4h",T-A,"ma=SMA,fast=5,slow=100",X1,LS,4h,0.5904134743318539,0.030903653668489545,696,1.135068511022582,0.47034487857793406,2800.557608147054,-3729.0473065018887,33,0.8512589901743195,-0.00765275180310401
"T-A|ma=SMA,fast=5,slow=100|X2|L|4h",T-A,"ma=SMA,fast=5,slow=100",X2,L,4h,0.6601221496388644,0.03455237249526585,658,1.8252991791503348,0.5730687122232638,5491.217801247971,-6315.1287755170615,75,0.9166977828026285,0.18403298382269528
"T-A|ma=SMA,fast=5,slow=100|X2|S|4h",T-A,"ma=SMA,fast=5,slow=100",X2,S,4h,0.26234594281721263,0.013731814246501333,650,0.0652561494094479,0.6576683152223831,3546.711529790133,1170.8779823004004,51,0.08748191309476697,0.5424140098580118
"T-A|ma=SMA,fast=5,slow=100|X2|LS|4h",T-A,"ma=SMA,fast=5,slow=100",X2,LS,4h,0.9490147104749378,0.04967370023526079,802,4.934417118195275,0.4399519781272039,11009.857323188224,-5277.753536045725,58,1.1100430976715248,0.6824555176554334
"T-A|ma=SMA,fast=5,slow=100|X3|L|4h",T-A,"ma=SMA,fast=5,slow=100",X3,L,4h,0.803102472576932,0.04203630464381173,650,2.380388298443632,0.45912498309326677,4369.733349092406,-5640.663015695472,33,1.0769255192627774,0.25944393312146047
"T-A|ma=SMA,fast=5,slow=100|X3|S|4h",T-A,"ma=SMA,fast=5,slow=100",X3,S,4h,0.2363258398513857,0.012369859810443895,638,0.11536474511683648,0.5504342678225187,2301.6923167724426,884.5735467979142,18,0.109726439840928,0.44571668777435824
"T-A|ma=SMA,fast=5,slow=100|X3|LS|4h",T-A,"ma=SMA,fast=5,slow=100",X3,LS,4h,0.9011106567339475,0.04716628746355264,714,2.641184735471841,0.2927770196997762,6473.5587044415615,-3113.260354803724,21,1.276909218212139,0.07842484037913364
"T-A|ma=SMA,fast=5,slow=200|X1|L|4h",T-A,"ma=SMA,fast=5,slow=200",X1,L,4h,0.6756960457041352,0.03536754747211548,462,1.555871487350725,0.4731411232977293,1680.6081232212878,-3597.1823645519894,37,0.6672921077599456,0.7190273633354103
"T-A|ma=SMA,fast=5,slow=200|X1|S|4h",T-A,"ma=SMA,fast=5,slow=200",X1,S,4h,0.3553267165072539,0.01859865037553277,456,0.35670777436932233,0.5908751488137729,1444.7851211289726,168.16121502298324,23,0.10903921345812952,0.8734929922401714
"T-A|ma=SMA,fast=5,slow=200|X1|LS|4h",T-A,"ma=SMA,fast=5,slow=200",X1,LS,4h,0.6756960457041352,0.03536754747211548,462,1.555871487350725,0.4731411232977293,1680.6081232212878,-3597.1823645519894,37,0.6672921077599456,0.7190273633354103
"T-A|ma=SMA,fast=5,slow=200|X2|L|4h",T-A,"ma=SMA,fast=5,slow=200",X2,L,4h,1.0765856628466082,0.0563510690651557,452,8.875807825115551,0.5289370413284782,8346.141674846675,-15180.67286600634,80,1.1817577472100678,0.8577998007291895
"T-A|ma=SMA,fast=5,slow=200|X2|S|4h",T-A,"ma=SMA,fast=5,slow=200",X2,S,4h,0.1683063574760287,0.00880955738269737,438,-0.0898737471658787,0.6405347265144784,1687.3435052444368,746.9422902979177,45,-0.2049727486969569,0.7717624962389894
"T-A|ma=SMA,fast=5,slow=200|X2|LS|4h",T-A,"ma=SMA,fast=5,slow=200",X2,LS,4h,0.24658343254293116,0.01290676675073804,560,0.014321714125927976,0.6394830239103098,1966.6396614411042,-1363.0675215640958,55,0.15610009243811127,0.4265431625697933
"T-A|ma=SMA,fast=5,slow=200|X3|L|4h",T-A,"ma=SMA,fast=5,slow=200",X3,L,4h,0.9552742275554851,0.05000133833364284,448,4.107490264819682,0.45291343557496644,3418.1990814024107,-7344.314216258918,48,1.035357652050132,0.7818772429903202
"T-A|ma=SMA,fast=5,slow=200|X3|S|4h",T-A,"ma=SMA,fast=5,slow=200",X3,S,4h,0.3439846059632185,0.018004977176391684,434,0.3273263381832945,0.546016031679516,1381.4941180345977,760.827233790254,18,-0.08622332266836523,0.9954270254838525
"T-A|ma=SMA,fast=5,slow=200|X3|LS|4h",T-A,"ma=SMA,fast=5,slow=200",X3,LS,4h,0.9477091434963612,0.04960536373634771,484,3.08770039567517,0.5300099677094297,2988.6215417794274,-2765.5331762108904,29,0.9160438667386522,1.0660845796154752
"T-A|ma=SMA,fast=10,slow=20|X1|L|4h",T-A,"ma=SMA,fast=10,slow=20",X1,L,4h,0.2915036081131668,0.015257996200779422,1792,0.18765902363818854,0.6148690010844002,4548.169424143752,-1998.865981591897,37,0.49457802804622975,-0.10197230180430054
"T-A|ma=SMA,fast=10,slow=20|X1|S|4h",T-A,"ma=SMA,fast=10,slow=20",X1,S,4h,0.0012652646585981431,6.622697907182077e-05,1790,-0.34379709685181314,0.7012318995332723,4335.899286731216,629.463682599023,35,-0.05552387493414957,0.12836248072485132
"T-A|ma=SMA,fast=10,slow=20|X1|LS|4h",T-A,"ma=SMA,fast=10,slow=20",X1,LS,4h,-0.14319068447063868,-0.007494942974399931,1790,-0.46894565567566593,0.7012318995332744,3560.7665672831386,359.51285962030437,26,-0.2780633902357124,0.12836248072484113
"T-A|ma=SMA,fast=10,slow=20|X2|L|4h",T-A,"ma=SMA,fast=10,slow=20",X2,L,4h,0.4251683409224181,0.02225432807667854,1600,0.505423943313255,0.6252906861764087,6800.346195619899,-2714.5248618941337,63,0.44318151813350587,0.4087110162874844
"T-A|ma=SMA,fast=10,slow=20|X2|S|4h",T-A,"ma=SMA,fast=10,slow=20",X2,S,4h,0.2959537179400062,0.015490925594931574,1592,0.12211421586934401,0.6612070004586035,11307.001923602409,2215.927742848705,59,0.46510422722226474,-0.05400804133014472
"T-A|ma=SMA,fast=10,slow=20|X2|LS|4h",T-A,"ma=SMA,fast=10,slow=20",X2,LS,4h,0.6886900884768945,0.03604768675595775,1962,2.1003116564970066,0.44409115125266885,13424.634378981826,-1516.330182518715,55,0.7583485869819713,0.5787249732830942
"T-A|ma=SMA,fast=10,slow=20|X3|L|4h",T-A,"ma=SMA,fast=10,slow=20",X3,L,4h,0.5043053380570137,0.026396547822898592,1572,0.838335126506188,0.4966403435824722,5344.078726876589,-2191.776054376775,32,0.5066899880940195,0.5134656931760297
"T-A|ma=SMA,fast=10,slow=20|X3|S|4h",T-A,"ma=SMA,fast=10,slow=20",X3,S,4h,0.13505925941048819,0.007069324734276696,1580,-0.0678105054081043,0.5539112840767881,5624.465128968006,1205.3753628059453,18,0.21520100589497337,-0.029912143873387996
"T-A|ma=SMA,fast=10,slow=20|X3|LS|4h",T-A,"ma=SMA,fast=10,slow=20",X3,LS,4h,0.4924804200260187,0.025777603324889476,1798,0.68635421121228,0.34103543429075167,6984.954508283471,-140.53438879050148,15,0.44798116245924663,0.5745832362786722
"T-A|ma=SMA,fast=10,slow=50|X1|L|4h",T-A,"ma=SMA,fast=10,slow=50",X1,L,4h,0.4338732100016702,0.022709961748588175,864,0.5703982370737115,0.5611229319792248,2691.177967895775,-2626.130765173771,39,0.6134799994660634,0.019789301586441134
"T-A|ma=SMA,fast=10,slow=50|X1|S|4h",T-A,"ma=SMA,fast=10,slow=50",X1,S,4h,0.20842081645033236,0.010909244129588791,858,0.007207109959405988,0.5806154552090785,2758.7211267023317,708.9939760953346,29,0.1779258188653292,0.2714653836238903
"T-A|ma=SMA,fast=10,slow=50|X1|LS|4h",T-A,"ma=SMA,fast=10,slow=50",X1,LS,4h,0.4338732100016702,0.022709961748588175,864,0.5703982370737115,0.5611229319792248,2691.177967895775,-2626.130765173771,39,0.6134799994660634,0.019789301586441134
"T-A|ma=SMA,fast=10,slow=50|X2|L|4h",T-A,"ma=SMA,fast=10,slow=50",X2,L,4h,0.7801749180573704,0.04083622159160874,804,3.0087891023516686,0.5535919755647618,6466.14808046467,-5251.399818212376,52,0.8140563794984721,0.7281885457581241
"T-A|ma=SMA,fast=10,slow=50|X2|S|4h",T-A,"ma=SMA,fast=10,slow=50",X2,S,4h,0.2712134038739005,0.014195958371472087,806,0.05452106100722265,0.6245681283948137,4066.7995681402313,1095.101539464441,58,0.1334733473244172,0.49662956266954533
"T-A|ma=SMA,fast=10,slow=50|X2|LS|4h",T-A,"ma=SMA,fast=10,slow=50",X2,LS,4h,0.9858408408977586,0.05160126799923396,1040,6.188898600050167,0.5076875655210744,11674.667401171391,-3021.6577970078715,51,0.961123015422632,1.0407165823919542
"T-A|ma=SMA,fast=10,slow=50|X3|L|4h",T-A,"ma=SMA,fast=10,slow=50",X3,L,4h,0.7681772978436776,0.04020823744820887,786,2.0809853061194263,0.45811376435767404,3940.4923875867107,-3666.991344250225,23,0.8749937273834791,0.5850433167407724
"T-A|ma=SMA,fast=10,slow=50|X3|S|4h",T-A,"ma=SMA,fast=10,slow=50",X3,S,4h,0.3914637055304741,0.02049014683004611,798,0.4465178823363716,0.4476783737688931,3155.4125635368555,1081.5980027278838,23,0.2571023262911773,0.6183193715524895
"T-A|ma=SMA,fast=10,slow=50|X3|LS|4h",T-A,"ma=SMA,fast=10,slow=50",X3,LS,4h,0.9836224705502696,0.05148515318832991,918,3.372138975619513,0.4359714495393109,6531.298398676398,-1542.5061576235908,19,1.0387363308635194,0.8933939166539595
"T-A|ma=SMA,fast=10,slow=100|X1|L|4h",T-A,"ma=SMA,fast=10,slow=100",X1,L,4h,0.5567188080896212,0.02913999423100179,506,0.9987487708313603,0.48997302300037093,1830.4199766620393,-3166.3859348426636,34,0.7189457976859205,0.19088905793892164
"T-A|ma=SMA,fast=10,slow=100|X1|S|4h",T-A,"ma=SMA,fast=10,slow=100",X1,S,4h,0.25249078622998106,0.013215971774638381,500,0.11825240184369878,0.5604639358215298,1583.5373385985472,498.3603736981218,24,0.18430452757240084,0.39175800027241786
"T-A|ma=SMA,fast=10,slow=100|X1|LS|4h",T-A,"ma=SMA,fast=10,slow=100",X1,LS,4h,0.5567188080896212,0.02913999423100179,506,0.9987487708313603,0.48997302300037093,1830.4199766620393,-3166.3859348426636,34,0.7189457976859205,0.19088905793892164
"T-A|ma=SMA,fast=10,slow=100|X2|L|4h",T-A,"ma=SMA,fast=10,slow=100",X2,L,4h,0.7964551971434314,0.04168837034561768,490,3.0791002106777636,0.5205936143213301,5111.531236839306,-6810.356883989812,80,0.9706290535331091,0.4640652032766433
"T-A|ma=SMA,fast=10,slow=100|X2|S|4h",T-A,"ma=SMA,fast=10,slow=100",X2,S,4h,0.35650072001712046,0.01866010052775967,478,0.34223858330211576,0.5595450587422965,3198.2328473806087,1477.4448681620795,35,0.2952285078592094,0.46101917858758873
"T-A|ma=SMA,fast=10,slow=100|X2|LS|4h",T-A,"ma=SMA,fast=10,slow=100",X2,LS,4h,0.5238674965001139,0.027420477993560465,656,0.9374901008496312,0.5588911065164603,5570.641224944171,-2885.267653622527,51,0.8746361108089374,-0.1824621221080506
"T-A|ma=SMA,fast=10,slow=100|X3|L|4h",T-A,"ma=SMA,fast=10,slow=100",X3,L,4h,0.8439218351524636,0.04417288773150342,484,2.6900543930765517,0.3853182444928911,3227.9016633451365,-5099.908434639043,37,1.0088361185372186,0.5180396263397254
"T-A|ma=SMA,fast=10,slow=100|X3|S|4h",T-A,"ma=SMA,fast=10,slow=100",X3,S,4h,0.30951660663908026,0.01620083963538396,476,0.2578837975846253,0.5046411511804076,1782.70074098217,929.717617100678,13,0.13145904925816845,0.5981313360017814
"T-A|ma=SMA,fast=10,slow=100|X3|LS|4h",T-A,"ma=SMA,fast=10,slow=100",X3,LS,4h,1.0962378092339957,0.05737970942009604,570,4.767339467846803,0.34086032197821714,4800.8114995977385,-3882.252217306583,23,1.240482835799707,0.8561735026126375
"T-A|ma=SMA,fast=10,slow=200|X1|L|4h",T-A,"ma=SMA,fast=10,slow=200",X1,L,4h,0.7596147660733603,0.03976005405155659,334,2.02079740436503,0.46188840142349086,1461.8514179105712,-4251.474846945443,34,0.8395493392879579,0.5802337629163625
"T-A|ma=SMA,fast=10,slow=200|X1|S|4h",T-A,"ma=SMA,fast=10,slow=200",X1,S,4h,0.4330875221770521,0.02266883696827888,328,0.5510011438405762,0.5347277626106047,1175.1210453676574,191.12884575520107,20,0.2953255226495509,0.718442919018201
"T-A|ma=SMA,fast=10,slow=200|X1|LS|4h",T-A,"ma=SMA,fast=10,slow=200",X1,LS,4h,0.7596147660733603,0.03976005405155659,334,2.02079740436503,0.46188840142349086,1461.8514179105712,-4251.474846945443,34,0.8395493392879579,0.5802337629163625
"T-A|ma=SMA,fast=10,slow=200|X2|L|4h",T-A,"ma=SMA,fast=10,slow=200",X2,L,4h,1.2390202775354209,0.06485328538364053,324,12.534666221114836,0.49478776973098515,8131.704408913745,-17632.016812166923,63,1.4369422280793436,0.8250515732233067
"T-A|ma=SMA,fast=10,slow=200|X2|S|4h",T-A,"ma=SMA,fast=10,slow=200",X2,S,4h,0.14396408250609147,0.007535424477743957,318,-0.0751025231643756,0.64661810685752,1248.3057032282704,597.0335735602075,33,-0.05198291444861664,0.4847158078199585
"T-A|ma=SMA,fast=10,slow=200|X2|LS|4h",T-A,"ma=SMA,fast=10,slow=200",X2,LS,4h,1.032099091315779,0.05402253548783002,446,6.59107532649895,0.4280589013656527,6568.378987129209,-9063.469493300912,63,1.229645646787627,0.636134022154061
"T-A|ma=SMA,fast=10,slow=200|X3|L|4h",T-A,"ma=SMA,fast=10,slow=200",X3,L,4h,1.0543400923425756,0.05518668268780791,322,5.017606502290612,0.3915760632262105,2857.257346431061,-7641.240865849576,41,1.1615947092420964,0.8292988826913735
"T-A|ma=SMA,fast=10,slow=200|X3|S|4h",T-A,"ma=SMA,fast=10,slow=200",X3,S,4h,0.4717648037502896,0.024693298411897897,316,0.6047229196443846,0.45092315575044306,1157.9302374269855,680.7265313411564,12,0.21423103225161977,0.8839780000667767
"T-A|ma=SMA,fast=10,slow=200|X3|LS|4h",T-A,"ma=SMA,fast=10,slow=200",X3,LS,4h,0.993277957847597,0.05199054449189862,378,3.4507844790216966,0.366805267033546,2793.9831937126332,-4825.534234271487,25,1.216280466701239,0.46925852799567525
"T-A|ma=SMA,fast=20,slow=50|X1|L|4h",T-A,"ma=SMA,fast=20,slow=50",X1,L,4h,0.37651526589891726,0.01970770973919086,722,0.4014066674215193,0.6035450955143227,1875.1894426263466,-2237.3793295668665,39,0.40488972783193034,0.3155983228958966
"T-A|ma=SMA,fast=20,slow=50|X1|S|4h",T-A,"ma=SMA,fast=20,slow=50",X1,S,4h,0.15003087528961484,0.007852974925373337,716,-0.12167944260477503,0.7364949811587316,2012.9276433397945,533.4015984628179,40,-0.04025021194949401,0.5438591297957374
"T-A|ma=SMA,fast=20,slow=50|X1|LS|4h",T-A,"ma=SMA,fast=20,slow=50",X1,LS,4h,0.37651526589891726,0.01970770973919086,722,0.4014066674215193,0.6035450955143227,1875.1894426263466,-2237.3793295668665,39,0.40488972783193034,0.3155983228958966
"T-A|ma=SMA,fast=20,slow=50|X2|L|4h",T-A,"ma=SMA,fast=20,slow=50",X2,L,4h,0.8211630829967731,0.04298164019884442,676,3.0606764566090865,0.5508703922840665,5989.720522221539,-5421.403796862778,49,0.8702993205735324,0.7267912472589686
"T-A|ma=SMA,fast=20,slow=50|X2|S|4h",T-A,"ma=SMA,fast=20,slow=50",X2,S,4h,0.025460949540741743,0.0013326870081486544,654,-0.35521724979760605,0.809106912217391,2698.9759542622255,931.1577658957383,49,-0.12476653875280025,0.2894419187343171
"T-A|ma=SMA,fast=20,slow=50|X2|LS|4h",T-A,"ma=SMA,fast=20,slow=50",X2,LS,4h,0.5235903241417259,0.027405970129254366,934,0.946819441310901,0.5704262920267691,4808.6027993231455,-1233.1335952489044,53,0.2976764999734935,0.9026801750961977
"T-A|ma=SMA,fast=20,slow=50|X3|L|4h",T-A,"ma=SMA,fast=20,slow=50",X3,L,4h,0.7550941755672667,0.039523435530044226,672,1.9867676414085045,0.39369723858064765,3274.1536768005294,-3582.501778659875,28,0.7942872396311974,0.6881417951322946
"T-A|ma=SMA,fast=20,slow=50|X3|S|4h",T-A,"ma=SMA,fast=20,slow=50",X3,S,4h,0.1185269428780738,0.006203983737386759,642,-0.08917300368963099,0.695120927392222,1930.7247988850497,878.6108492706092,24,-0.22714986797317668,0.6652590711851503
"T-A|ma=SMA,fast=20,slow=50|X3|LS|4h",T-A,"ma=SMA,fast=20,slow=50",X3,LS,4h,0.6283959144630883,0.03289174544879341,820,1.2111905261964049,0.4647494663639995,2949.416161476268,-1018.1211970623391,19,0.3394334865720761,1.1754450232128604
"T-A|ma=SMA,fast=20,slow=100|X1|L|4h",T-A,"ma=SMA,fast=20,slow=100",X1,L,4h,0.39769131497043797,0.020816114806188682,406,0.45955268741691313,0.5007494544687479,1229.184378192811,-2755.280021579824,41,0.5604947550490411,0.015289493108681027
"T-A|ma=SMA,fast=20,slow=100|X1|S|4h",T-A,"ma=SMA,fast=20,slow=100",X1,S,4h,0.06386869658926131,0.003343040369947536,400,-0.21798802064567913,0.7234610592364614,1123.7868875912102,369.5672435620699,30,-0.0006006337598982806,0.1915196362538365
"T-A|ma=SMA,fast=20,slow=100|X1|LS|4h",T-A,"ma=SMA,fast=20,slow=100",X1,LS,4h,0.39769131497043797,0.020816114806188682,406,0.45955268741691313,0.5007494544687479,1229.184378192811,-2755.280021579824,41,0.5604947550490411,0.015289493108681027
"T-A|ma=SMA,fast=20,slow=100|X2|L|4h",T-A,"ma=SMA,fast=20,slow=100",X2,L,4h,0.6794281138050128,0.035562892844588995,392,1.7116840112003202,0.48253048468832327,4384.7139761915905,-6498.679134135822,53,1.0333279139880298,-0.1376936769783513
"T-A|ma=SMA,fast=20,slow=100|X2|S|4h",T-A,"ma=SMA,fast=20,slow=100",X2,S,4h,0.31038127166163015,0.01624609827116692,384,0.2284138460472538,0.6300713593209666,2313.2225662342303,976.808572795374,35,0.18041228243622384,0.5235550242536268
"T-A|ma=SMA,fast=20,slow=100|X2|LS|4h",T-A,"ma=SMA,fast=20,slow=100",X2,LS,4h,0.8017710249217772,0.041966613488373265,564,2.79821932145548,0.4361699461099555,7975.823344919145,-4270.0312990263565,51,1.087647987382977,0.18783662477004512
"T-A|ma=SMA,fast=20,slow=100|X3|L|4h",T-A,"ma=SMA,fast=20,slow=100",X3,L,4h,0.8028750733847552,0.04202440202609543,382,2.2239948350269523,0.36685868660077037,2251.286947972073,-4112.08379327014,28,0.8599535282194228,0.6888470944594555
"T-A|ma=SMA,fast=20,slow=100|X3|S|4h",T-A,"ma=SMA,fast=20,slow=100",X3,S,4h,0.294965227420849,0.015439185636433527,376,0.23090178602753686,0.5547094782378501,1457.599226398294,841.0055988515373,14,0.2422072605161253,0.383582566067956
"T-A|ma=SMA,fast=20,slow=100|X3|LS|4h",T-A,"ma=SMA,fast=20,slow=100",X3,LS,4h,0.98860792175825,0.05174610363104623,502,3.420299916360676,0.26818561583598344,4099.319358774684,-2992.7151425152338,21,1.1222123510858117,0.7113802777397
"T-A|ma=SMA,fast=20,slow=200|X1|L|4h",T-A,"ma=SMA,fast=20,slow=200",X1,L,4h,0.6153550471118556,0.03220915525449732,270,1.2801815409189943,0.547580609276196,933.1599758117741,-3362.2620618184505,40,0.6702061731340032,0.4945567316424362
"T-A|ma=SMA,fast=20,slow=200|X1|S|4h",T-A,"ma=SMA,fast=20,slow=200",X1,S,4h,0.27318531355013614,0.014299172841244974,266,0.1709102482792333,0.6019744182448492,782.5280053606841,60.7056705402249,21,0.08409888811981445,0.6543638527697688
"T-A|ma=SMA,fast=20,slow=200|X1|LS|4h",T-A,"ma=SMA,fast=20,slow=200",X1,LS,4h,0.2846297276383426,0.014898200852624546,270,0.21172997185114206,0.46702541688329724,568.858562845929,-1432.746533370007,17,0.02030953916943413,0.9112957870748551
"T-A|ma=SMA,fast=20,slow=200|X2|L|4h",T-A,"ma=SMA,fast=20,slow=200",X2,L,4h,1.2312069048601133,0.06444431476620366,264,11.504401186433693,0.37047434588970096,6533.897850506543,-15080.641332950689,57,1.40283805992525,0.8344406549506856
"T-A|ma=SMA,fast=20,slow=200|X2|S|4h",T-A,"ma=SMA,fast=20,slow=200",X2,S,4h,0.1096849048118602,0.005741170312555808,254,-0.08980611010296946,0.6892580869871251,1307.8784997578298,459.7200845820411,19,0.17459225489662764,-0.022590528617981793
"T-A|ma=SMA,fast=20,slow=200|X2|LS|4h",T-A,"ma=SMA,fast=20,slow=200",X2,LS,4h,1.4181213175133556,0.07422786227216426,384,22.280986020978066,0.4394610318374388,13406.265407957495,-16731.24098747569,60,1.5310826485121278,1.1774961806285542
"T-A|ma=SMA,fast=20,slow=200|X3|L|4h",T-A,"ma=SMA,fast=20,slow=200",X3,L,4h,1.2253888471321526,0.06413978370642111,264,8.026555926413025,0.31921675276034056,3550.607016160084,-11905.64732709533,45,1.425311793043479,0.7620109951578218
"T-A|ma=SMA,fast=20,slow=200|X3|S|4h",T-A,"ma=SMA,fast=20,slow=200",X3,S,4h,0.37870523398154654,0.01982233790760658,248,0.3766844513937302,0.5144258311592179,876.2824889900343,622.5504671114549,7,0.12337590194863077,0.8284488915668148
"T-A|ma=SMA,fast=20,slow=200|X3|LS|4h",T-A,"ma=SMA,fast=20,slow=200",X3,LS,4h,1.095225514084329,0.05732672347029028,342,5.189390026821551,0.38159961477844384,3093.713683030664,-6448.365775488608,33,1.2208115042161174,0.8092198132302787
"T-A|ma=SMA,fast=50,slow=100|X1|L|4h",T-A,"ma=SMA,fast=50,slow=100",X1,L,4h,0.12945000602999507,0.0067757229935546835,344,-0.16624891724061308,0.5869692642138217,682.9619132803022,-1706.2415574912059,46,0.22478539191508448,-0.10347642036834775
"T-A|ma=SMA,fast=50,slow=100|X1|S|4h",T-A,"ma=SMA,fast=50,slow=100",X1,S,4h,-0.24205065225547545,-0.012669510186908072,340,-0.5623729139609549,0.8482596930167867,766.8333569643803,-137.32555841543672,40,-0.35123920160857697,-0.01849662848812436
"T-A|ma=SMA,fast=50,slow=100|X1|LS|4h",T-A,"ma=SMA,fast=50,slow=100",X1,LS,4h,0.06612674783931244,0.0034612321742186858,344,-0.26240654709852884,0.5869692642138217,636.6085241805008,-1466.169909234198,45,0.1361311145202156,-0.10347642036834818
"T-A|ma=SMA,fast=50,slow=100|X2|L|4h",T-A,"ma=SMA,fast=50,slow=100",X2,L,4h,0.452286105663756,0.023673736755957506,336,0.6333623728749507,0.476930875222376,2049.122619973519,-3436.3783832325316,53,0.662960989471365,0.006814117118575036
"T-A|ma=SMA,fast=50,slow=100|X2|S|4h",T-A,"ma=SMA,fast=50,slow=100",X2,S,4h,0.056287344260859545,0.002946214252520486,336,-0.2088428180671028,0.7314096607490999,1263.2763417540052,507.8306631184534,28,-0.41059948463224577,0.7735624119860555
"T-A|ma=SMA,fast=50,slow=100|X2|LS|4h",T-A,"ma=SMA,fast=50,slow=100",X2,LS,4h,0.5098266623426486,0.026685547144446556,514,0.8576894008010425,0.6494848837120168,2941.8566049120163,-1916.9582633677317,57,0.4990341784391177,0.5308329070399949
"T-A|ma=SMA,fast=50,slow=100|X3|L|4h",T-A,"ma=SMA,fast=50,slow=100",X3,L,4h,0.3318346493612443,0.017369019382001066,328,0.3000165396487662,0.46242303700917053,1099.8804397914112,-2133.858497476606,25,0.4581688943248735,0.06247964017514782
"T-A|ma=SMA,fast=50,slow=100|X3|S|4h",T-A,"ma=SMA,fast=50,slow=100",X3,S,4h,-0.0017162331830749375,-8.983175047645722e-05,328,-0.1794160840665141,0.7167352753351328,950.5805499381576,420.894589925515,12,-0.3065512540788044,0.5382242336910895
"T-A|ma=SMA,fast=50,slow=100|X3|LS|4h",T-A,"ma=SMA,fast=50,slow=100",X3,LS,4h,0.6175278803533223,0.03232288654433561,448,1.1542266148910603,0.4856941912473829,1753.8421838196857,-1789.0829811410317,25,0.539692020877702,0.7710856518328423
"T-A|ma=SMA,fast=50,slow=200|X1|L|4h",T-A,"ma=SMA,fast=50,slow=200",X1,L,4h,0.7353988900216468,0.03849253716836196,190,1.9452783844424442,0.5164666093457579,905.1739530458401,-4247.218984056283,35,0.8794006167988023,0.376267938751135
"T-A|ma=SMA,fast=50,slow=200|X1|S|4h",T-A,"ma=SMA,fast=50,slow=200",X1,S,4h,0.273383364054725,0.014309539278443261,188,0.15752430207941126,0.616518058912305,578.8230476507578,-232.04985774851195,32,0.17595220905251543,0.4708791217681597
"T-A|ma=SMA,fast=50,slow=200|X1|LS|4h",T-A,"ma=SMA,fast=50,slow=200",X1,LS,4h,0.5405562358481064,0.02829400653482166,188,0.8082481402725574,0.41313444677762945,676.7539570847256,-1004.8132485868731,22,0.5460241848768713,0.5325278672361511
"T-A|ma=SMA,fast=50,slow=200|X2|L|4h",T-A,"ma=SMA,fast=50,slow=200",X2,L,4h,1.306372726420199,0.06837867368277327,184,11.35781565304904,0.42016527745789667,6495.450634277767,-14618.4344415412,48,1.5092312245326636,0.8156976178225086
"T-A|ma=SMA,fast=50,slow=200|X2|S|4h",T-A,"ma=SMA,fast=50,slow=200",X2,S,4h,-0.09643972375763334,-0.005047885850273707,186,-0.29366209891683404,0.5473095518964005,591.9439456626819,345.01492262247285,17,-0.35326400032570604,0.32706354694822787
"T-A|ma=SMA,fast=50,slow=200|X2|LS|4h",T-A,"ma=SMA,fast=50,slow=200",X2,LS,4h,1.2985447031467026,0.06796893621797917,294,12.69531080285297,0.42589289968145894,9338.669536469753,-9636.518732634957,53,1.401202559232121,1.0769281145907335
"T-A|ma=SMA,fast=50,slow=200|X3|L|4h",T-A,"ma=SMA,fast=50,slow=200",X3,L,4h,1.3805635365485323,0.07226199816852506,178,8.807417113835282,0.2977252595948572,2857.190557717406,-9038.512852193779,35,1.5130772951928393,1.0865882707122123
"T-A|ma=SMA,fast=50,slow=200|X3|S|4h",T-A,"ma=SMA,fast=50,slow=200",X3,S,4h,0.059321961096932656,0.003105053357310055,180,-0.06679787431854944,0.44444028337432384,433.15499758609633,320.5906235807283,11,-0.42938911098319166,0.7806704251321694
"T-A|ma=SMA,fast=50,slow=200|X3|LS|4h",T-A,"ma=SMA,fast=50,slow=200",X3,LS,4h,1.2742958255662278,0.06669969195582097,256,6.6005206587633625,0.32253494182425624,2966.7257814736226,-5351.790423279566,32,1.318099378600991,1.1923115016434607
"T-A|ma=EMA,fast=5,slow=20|X1|L|4h",T-A,"ma=EMA,fast=5,slow=20",X1,L,4h,0.30114082130406206,0.015762430993901077,1836,0.20287944893786847,0.6216240463863505,5833.062064761711,-2852.5386678429004,27,0.7566947285982153,-0.6312885630651138
"T-A|ma=EMA,fast=5,slow=20|X1|S|4h",T-A,"ma=EMA,fast=5,slow=20",X1,S,4h,0.016870216127926094,0.0008830274700623764,1834,-0.3010005235778562,0.6707470856206086,5520.019528643672,791.7425700895765,25,0.24785470282504204,-0.464421987647828
"T-A|ma=EMA,fast=5,slow=20|X1|LS|4h",T-A,"ma=EMA,fast=5,slow=20",X1,LS,4h,-0.0461795677720859,-0.002417149050678582,1834,-0.369192595440899,0.6707470856206109,4983.513043374483,653.1581556758406,25,0.16145441463050375,-0.46442198764781967
"T-A|ma=EMA,fast=5,slow=20|X2|L|4h",T-A,"ma=EMA,fast=5,slow=20",X2,L,4h,0.7385175860473627,0.03865577717907663,1688,2.7597333991985056,0.6275438982929409,15596.545813627157,-6851.25939876501,66,0.9432155603774445,0.4027460976037864
"T-A|ma=EMA,fast=5,slow=20|X2|S|4h",T-A,"ma=EMA,fast=5,slow=20",X2,S,4h,0.1716030943668168,0.008982116478209786,1666,-0.2132761381921745,0.7053540898138012,9162.389890579123,1626.4658656736744,59,0.3908785071751716,-0.25134341037907826
"T-A|ma=EMA,fast=5,slow=20|X2|LS|4h",T-A,"ma=EMA,fast=5,slow=20",X2,LS,4h,0.6235100366752463,0.03263600691709254,1880,1.5989435263248541,0.5240699294221274,12171.368539684716,-1132.820978245637,52,0.5734089740995555,0.7083561022341037
"T-A|ma=EMA,fast=5,slow=20|X3|L|4h",T-A,"ma=EMA,fast=5,slow=20",X3,L,4h,0.7138754093014024,0.03736594669772344,1680,1.8671098472544592,0.47936596745937987,8458.687041532337,-3730.8390137721362,19,0.8905175896215795,0.42219679726749937
"T-A|ma=EMA,fast=5,slow=20|X3|S|4h",T-A,"ma=EMA,fast=5,slow=20",X3,S,4h,0.17278863287136326,0.00904417039965293,1662,-0.020867476661714734,0.5441581328649037,6176.28673572285,1143.4995891617855,13,0.4006609355755288,-0.27099347136897173
"T-A|ma=EMA,fast=5,slow=20|X3|LS|4h",T-A,"ma=EMA,fast=5,slow=20",X3,LS,4h,0.20164814862520467,0.010554746493645904,1788,0.057543360591176596,0.4434164707764381,7524.368406599983,-370.39868392020213,8,0.639570721819396,-0.676990611762444
"T-A|ma=EMA,fast=5,slow=50|X1|L|4h",T-A,"ma=EMA,fast=5,slow=50",X1,L,4h,0.4362856327744532,0.02283623372765578,1142,0.5788282615624154,0.5483923157264734,3782.8114499473904,-3061.256842883519,26,0.688001591468294,-0.12460772813890955
"T-A|ma=EMA,fast=5,slow=50|X1|S|4h",T-A,"ma=EMA,fast=5,slow=50",X1,S,4h,0.23279682489830483,0.012185142725481785,1140,0.06411198353145697,0.58996176317629,4035.686815947965,693.0741615156157,26,0.2934031491257816,0.10525362893262794
"T-A|ma=EMA,fast=5,slow=50|X1|LS|4h",T-A,"ma=EMA,fast=5,slow=50",X1,LS,4h,0.31850294911089894,0.016671206298017795,1144,0.27504625966874663,0.46668677506247147,3241.059879969594,-1458.8579135312812,17,0.49096799100875343,-0.07399672321310319
"T-A|ma=EMA,fast=5,slow=50|X2|L|4h",T-A,"ma=EMA,fast=5,slow=50",X2,L,4h,0.7348530145450428,0.03846396474004097,1088,2.695219021323669,0.610903203553592,9412.714552834954,-7043.865508591007,74,0.8365906771561108,0.565074606991807
"T-A|ma=EMA,fast=5,slow=50|X2|S|4h",T-A,"ma=EMA,fast=5,slow=50",X2,S,4h,0.27206761893793474,0.014240670031427333,1070,0.019399157330322714,0.691523397452012,5652.333167174646,1367.3236159971802,54,0.1750977921850496,0.4306498963526715
"T-A|ma=EMA,fast=5,slow=50|X2|LS|4h",T-A,"ma=EMA,fast=5,slow=50",X2,LS,4h,0.7792907477984421,0.04078994200509215,1228,3.0194763137700154,0.5087756126516341,11509.296559357812,-1836.002759642582,58,0.5841939361477962,1.0793112989482876
"T-A|ma=EMA,fast=5,slow=50|X3|L|4h",T-A,"ma=EMA,fast=5,slow=50",X3,L,4h,0.7843264849434867,0.0410535245340514,1076,2.3655927667678958,0.4548825566872907,6249.709351756364,-4869.369164978836,30,0.9218867361551277,0.5470381762623232
"T-A|ma=EMA,fast=5,slow=50|X3|S|4h",T-A,"ma=EMA,fast=5,slow=50",X3,S,4h,0.21847480150423818,0.011435493759046667,1066,0.05685412690929548,0.5691289152528927,3646.0851902127147,951.068701949069,17,0.12649231650808715,0.37087353085128205
"T-A|ma=EMA,fast=5,slow=50|X3|LS|4h",T-A,"ma=EMA,fast=5,slow=50",X3,LS,4h,0.11760903387142223,0.006155938184102513,1126,-0.08849566770279982,0.5113641889884539,3401.8088951445293,263.83262006262584,16,0.03592880873068908,0.2507768518612663
"T-A|ma=EMA,fast=5,slow=100|X1|L|4h",T-A,"ma=EMA,fast=5,slow=100",X1,L,4h,0.6517953215307891,0.03411652639215952,746,1.3828704072069682,0.48103970884625114,3030.281858377618,-3835.091572684869,27,0.8054381120474823,0.29279450706758525
"T-A|ma=EMA,fast=5,slow=100|X1|S|4h",T-A,"ma=EMA,fast=5,slow=100",X1,S,4h,0.3766846987967935,0.01971657826239308,742,0.4079659494700245,0.49144034587028573,2597.2384816532667,549.1915342389227,20,0.28733454200106034,0.5556338242143936
"T-A|ma=EMA,fast=5,slow=100|X1|LS|4h",T-A,"ma=EMA,fast=5,slow=100",X1,LS,4h,0.7686055290110424,0.040230652091948614,746,1.7986010476998824,0.48103970884625114,3203.946773479268,-3264.9907530889104,23,0.8165547485236769,0.6904635040537415
"T-A|ma=EMA,fast=5,slow=100|X2|L|4h",T-A,"ma=EMA,fast=5,slow=100",X2,L,4h,0.8135838400807601,0.042584924493108064,728,3.640959807704684,0.5514552808564535,7330.433399719793,-8507.230602659922,82,0.9741060731174679,0.525835742834869
"T-A|ma=EMA,fast=5,slow=100|X2|S|4h",T-A,"ma=EMA,fast=5,slow=100",X2,S,4h,0.5421173057625661,0.02837571666862806,704,1.0360189218726163,0.5391043103367266,4962.147391797425,1519.60877981938,54,0.36488462345854233,0.8214532072782306
"T-A|ma=EMA,fast=5,slow=100|X2|LS|4h",T-A,"ma=EMA,fast=5,slow=100",X2,LS,4h,0.6995057208905122,0.03661380283028071,820,2.118622986270096,0.49391753509831926,7301.90355251257,-1238.039891683897,54,0.6855967637485227,0.7248289872086625
"T-A|ma=EMA,fast=5,slow=100|X3|L|4h",T-A,"ma=EMA,fast=5,slow=100",X3,L,4h,0.9743123830005057,0.05099784093383434,724,4.289699082804086,0.3974395279513555,5840.5237058807625,-7294.712503505852,35,1.1739748830016732,0.5840311205334919
"T-A|ma=EMA,fast=5,slow=100|X3|S|4h",T-A,"ma=EMA,fast=5,slow=100",X3,S,4h,0.46120717874074596,0.02414068706232471,710,0.6346112877396939,0.4595371891990222,2944.6221206778396,922.0638995834981,17,0.27504452877718616,0.7633400349742512
"T-A|ma=EMA,fast=5,slow=100|X3|LS|4h",T-A,"ma=EMA,fast=5,slow=100",X3,LS,4h,0.9269977482840811,0.04852127976391493,750,2.6768036084609665,0.27451784955314296,4440.016027975642,-1630.4092873429117,16,0.9163684846438859,0.9566111745708065
"T-A|ma=EMA,fast=5,slow=200|X1|L|4h",T-A,"ma=EMA,fast=5,slow=200",X1,L,4h,0.7855729809979393,0.04111876911948288,468,2.149686235407786,0.474087175724211,2041.322187807761,-4447.695627007709,36,0.8071979476022823,0.7530127117148062
"T-A|ma=EMA,fast=5,slow=200|X1|S|4h",T-A,"ma=EMA,fast=5,slow=200",X1,S,4h,0.44483260885182047,0.02328360290212581,466,0.5787081744487959,0.4534791657651608,1561.5753069531722,342.2096454338498,15,0.20924816312938171,0.922695462774754
"T-A|ma=EMA,fast=5,slow=200|X1|LS|4h",T-A,"ma=EMA,fast=5,slow=200",X1,LS,4h,0.7648975307556157,0.0400365665927673,468,1.357643296272875,0.23991508651129267,1888.2923551799115,-1160.1926940571427,6,0.6185477057387392,1.0882715052452352
"T-A|ma=EMA,fast=5,slow=200|X2|L|4h",T-A,"ma=EMA,fast=5,slow=200",X2,L,4h,0.9167777785789851,0.047986342100735484,460,4.997704860435358,0.5178628000726346,7423.217254873703,-14601.327756643546,86,1.1684265368550095,0.31151576921904633
"T-A|ma=EMA,fast=5,slow=200|X2|S|4h",T-A,"ma=EMA,fast=5,slow=200",X2,S,4h,0.34532918160348547,0.018075355481976463,454,0.30068546292620457,0.5690075942284614,2322.6700259957424,850.5047570528976,40,0.043912616464545806,0.7850392461866321
"T-A|ma=EMA,fast=5,slow=200|X2|LS|4h",T-A,"ma=EMA,fast=5,slow=200",X2,LS,4h,0.2206063742052916,0.011547065373493828,536,-0.024573006307229472,0.5700675531614413,1788.3383496164338,-684.9355043694047,47,-0.2130711841962515,0.8699688917336835
"T-A|ma=EMA,fast=5,slow=200|X3|L|4h",T-A,"ma=EMA,fast=5,slow=200",X3,L,4h,0.9133513133614574,0.04780699271425775,452,3.4897264820229665,0.41624176033449856,3461.053267348706,-7500.815265757202,49,1.049545815082331,0.6005895543545781
"T-A|ma=EMA,fast=5,slow=200|X3|S|4h",T-A,"ma=EMA,fast=5,slow=200",X3,S,4h,0.4755669258451058,0.024892310578001457,450,0.6368757552335169,0.356283373913974,1637.1947780037085,741.2562317544534,16,0.15506425844958002,0.9510533361936835
"T-A|ma=EMA,fast=5,slow=200|X3|LS|4h",T-A,"ma=EMA,fast=5,slow=200",X3,LS,4h,0.7521605334353678,0.03936988168282878,480,1.521698799470038,0.33242345002128004,2088.745406525281,-725.9503860922316,17,0.37020283439096585,1.3568855447125343
"T-A|ma=EMA,fast=10,slow=20|X1|L|4h",T-A,"ma=EMA,fast=10,slow=20",X1,L,4h,0.3401391364721234,0.017803696103868685,1352,0.30402853172656785,0.60490092635359,4838.93695420736,-3189.776509476496,30,0.8134015241696572,-0.6259378410612965
"T-A|ma=EMA,fast=10,slow=20|X1|S|4h",T-A,"ma=EMA,fast=10,slow=20",X1,S,4h,0.06156623590777439,0.0032225240697961737,1350,-0.23861928297060908,0.6515052325695545,4352.037682076506,791.8002688694518,27,0.28982946302360785,-0.4159647055150345
"T-A|ma=EMA,fast=10,slow=20|X1|LS|4h",T-A,"ma=EMA,fast=10,slow=20",X1,LS,4h,0.2874598607522221,0.01504633679021647,1352,0.21196168623846767,0.536386118706146,4674.284407330717,-1523.905942024137,15,0.7705374032368252,-0.6843002981336241
"T-A|ma=EMA,fast=10,slow=20|X2|L|4h",T-A,"ma=EMA,fast=10,slow=20",X2,L,4h,0.5584149130851407,0.02922877242398976,1264,1.1791862078089292,0.7272882921075932,9578.470200428737,-6603.537685412051,70,0.8457735643164164,0.10735952597646334
"T-A|ma=EMA,fast=10,slow=20|X2|S|4h",T-A,"ma=EMA,fast=10,slow=20",X2,S,4h,0.10216056144920203,0.00534732818077599,1238,-0.3180292052753383,0.7123835693147949,6336.138702446508,1566.8956473008625,58,0.31265068450820405,-0.2726697273445308
"T-A|ma=EMA,fast=10,slow=20|X2|LS|4h",T-A,"ma=EMA,fast=10,slow=20",X2,LS,4h,0.35420947984268,0.01854017153578948,1458,0.2234701597902986,0.6043554799370499,8042.862876016603,-452.5135689787743,58,0.5513734861222815,0.010725996470468412
"T-A|ma=EMA,fast=10,slow=20|X3|L|4h",T-A,"ma=EMA,fast=10,slow=20",X3,L,4h,0.698672257355733,0.03657017735500971,1262,1.7912593608667216,0.5240809377113916,7246.508645737135,-4723.4037594035235,27,1.0109173758328294,0.18080491322158598
"T-A|ma=EMA,fast=10,slow=20|X3|S|4h",T-A,"ma=EMA,fast=10,slow=20",X3,S,4h,0.02866030192180189,0.0015001487654529386,1234,-0.23039680911085958,0.5786591637648217,3975.8531184219314,1052.3133757577784,21,0.21410643889232037,-0.3025495378553187
"T-A|ma=EMA,fast=10,slow=20|X3|LS|4h",T-A,"ma=EMA,fast=10,slow=20",X3,LS,4h,0.460755578044786,0.024117049201552325,1328,0.642370528783855,0.5632761807801283,6140.658969462015,79.94082248861017,19,0.8300297226441004,-0.21351820483944897
"T-A|ma=EMA,fast=10,slow=50|X1|L|4h",T-A,"ma=EMA,fast=10,slow=50",X1,L,4h,0.5149907470807537,0.026955847693467275,828,0.8352119570531118,0.48927175593067906,3084.7612500862288,-3458.5700270667953,28,0.8175673329488092,-0.16504270113678518
"T-A|ma=EMA,fast=10,slow=50|X1|S|4h",T-A,"ma=EMA,fast=10,slow=50",X1,S,4h,0.26646528247883466,0.0139474303389181,822,0.14118041734472153,0.5607340767887635,2947.264355424637,728.5918866418868,27,0.3515389299682782,0.09589555490525317
"T-A|ma=EMA,fast=10,slow=50|X1|LS|4h",T-A,"ma=EMA,fast=10,slow=50",X1,LS,4h,0.5149907470807537,0.026955847693467275,828,0.8352119570531118,0.48927175593067906,3084.7612500862288,-3458.5700270667953,28,0.8175673329488092,-0.16504270113678518
"T-A|ma=EMA,fast=10,slow=50|X2|L|4h",T-A,"ma=EMA,fast=10,slow=50",X2,L,4h,0.9099301466818068,0.04762792066592799,798,5.19919470920214,0.5917801683093313,11114.944884884982,-10975.502315443417,69,1.1113534622929664,0.5645686179879282
"T-A|ma=EMA,fast=10,slow=50|X2|S|4h",T-A,"ma=EMA,fast=10,slow=50",X2,S,4h,0.3298029161976825,0.01726267360778825,782,0.2106606800312536,0.6894723667542003,4146.989169225729,1213.2542683121642,54,0.19218992077952873,0.5510506905043601
"T-A|ma=EMA,fast=10,slow=50|X2|LS|4h",T-A,"ma=EMA,fast=10,slow=50",X2,LS,4h,0.6753294501567406,0.03534835898417334,966,1.9124325562616877,0.5636865771760178,7816.58500306644,-1981.7337134316467,58,0.5317717456098394,0.9224987316585027
"T-A|ma=EMA,fast=10,slow=50|X3|L|4h",T-A,"ma=EMA,fast=10,slow=50",X3,L,4h,0.9320548998037405,0.048785983172470244,788,3.678411733067102,0.42166424804536007,5992.381353624653,-6303.159253601023,28,1.153038315098369,0.5376846673569865
"T-A|ma=EMA,fast=10,slow=50|X3|S|4h",T-A,"ma=EMA,fast=10,slow=50",X3,S,4h,0.3129822309726697,0.016382238703675105,778,0.2573645895270329,0.5341486780048809,2951.966458351522,1015.4805406364708,14,0.2867386709660151,0.35812480178333705
"T-A|ma=EMA,fast=10,slow=50|X3|LS|4h",T-A,"ma=EMA,fast=10,slow=50",X3,LS,4h,0.8269971457712672,0.043287009001050744,848,2.134112087167305,0.4075127778319282,4359.296377512663,-154.50943298366545,15,0.7654099754056141,0.9375155205687442
"T-A|ma=EMA,fast=10,slow=100|X1|L|4h",T-A,"ma=EMA,fast=10,slow=100",X1,L,4h,0.6878066838895851,0.03600144724652538,528,1.5707558794023537,0.47604423966627785,2154.130275036399,-3795.6521307858193,31,0.7841772889084597,0.4652084497148851
"T-A|ma=EMA,fast=10,slow=100|X1|S|4h",T-A,"ma=EMA,fast=10,slow=100",X1,S,4h,0.35910026002688317,0.018796166670643693,522,0.36407103682579156,0.5360069959767882,1729.5993633733322,379.5308512701462,20,0.20721814273888942,0.6677841867469018
"T-A|ma=EMA,fast=10,slow=100|X1|LS|4h",T-A,"ma=EMA,fast=10,slow=100",X1,LS,4h,0.6878066838895851,0.03600144724652538,528,1.5707558794023537,0.47604423966627785,2154.130275036399,-3795.6521307858193,31,0.7841772889084597,0.4652084497148851
"T-A|ma=EMA,fast=10,slow=100|X2|L|4h",T-A,"ma=EMA,fast=10,slow=100",X2,L,4h,0.9001715840635778,0.04711713415348042,512,4.7231785367131245,0.5362183032575165,7628.63324012555,-11662.673922677533,75,1.1720592957352551,0.29397780690450914
"T-A|ma=EMA,fast=10,slow=100|X2|S|4h",T-A,"ma=EMA,fast=10,slow=100",X2,S,4h,0.46702436109626033,0.0244451723030193,498,0.6942992056500563,0.6462525397285079,2986.4542018925576,1299.9613526361602,47,0.1521854435599762,0.9173249174155395
"T-A|ma=EMA,fast=10,slow=100|X2|LS|4h",T-A,"ma=EMA,fast=10,slow=100",X2,LS,4h,0.42412836344578037,0.022199893167655818,640,0.5241633097407925,0.5181420434642692,3726.7134925438586,-1560.7668675614548,48,0.4388254534493788,0.39503574471487407
"T-A|ma=EMA,fast=10,slow=100|X3|L|4h",T-A,"ma=EMA,fast=10,slow=100",X3,L,4h,0.922291479262069,0.04827494238468829,508,3.5861250124228317,0.37021695896224494,4096.681598578651,-7260.7337929411715,43,1.1533773558942944,0.4054321352012867
"T-A|ma=EMA,fast=10,slow=100|X3|S|4h",T-A,"ma=EMA,fast=10,slow=100",X3,S,4h,0.3090952745563008,0.016178786106235805,494,0.2555634420134274,0.5644172991616812,1635.3395344398177,820.4218608510546,16,-0.05219733120366674,0.8200420626887365
"T-A|ma=EMA,fast=10,slow=100|X3|LS|4h",T-A,"ma=EMA,fast=10,slow=100",X3,LS,4h,0.8622869389476271,0.04513416119822751,568,2.3808695789105063,0.4146622748196943,2756.800627995939,-1036.2478188485918,23,0.6522620902433174,1.2510507617318454
"T-A|ma=EMA,fast=10,slow=200|X1|L|4h",T-A,"ma=EMA,fast=10,slow=200",X1,L,4h,0.7377750488740046,0.03861691100708181,330,1.8958365955800245,0.5028066338396329,1362.3181026516163,-4284.792160878838,38,0.7545986917654043,0.7166365811797685
"T-A|ma=EMA,fast=10,slow=200|X1|S|4h",T-A,"ma=EMA,fast=10,slow=200",X1,S,4h,0.4197297166911384,0.021969657473815477,324,0.5149249269684364,0.48491064294035413,1047.5028335697018,269.1249347921733,20,0.1886549268805392,0.8939626202463413
"T-A|ma=EMA,fast=10,slow=200|X1|LS|4h",T-A,"ma=EMA,fast=10,slow=200",X1,LS,4h,0.7377750488740046,0.03861691100708181,330,1.8958365955800245,0.5028066338396329,1362.3181026516163,-4284.792160878838,38,0.7545986917654043,0.7166365811797685
"T-A|ma=EMA,fast=10,slow=200|X2|L|4h",T-A,"ma=EMA,fast=10,slow=200",X2,L,4h,0.7430575883203363,0.03889341175890546,320,2.472608743552627,0.4841277759316692,3538.635687995283,-9146.759346436702,75,0.9648005573811849,0.17455828409278057
"T-A|ma=EMA,fast=10,slow=200|X2|S|4h",T-A,"ma=EMA,fast=10,slow=200",X2,S,4h,0.2285376170369418,0.011962205596889614,312,0.06690197798242159,0.6829272992028261,1367.8672653048943,850.103693418603,30,-0.07230519075641344,0.6743082395627612
"T-A|ma=EMA,fast=10,slow=200|X2|LS|4h",T-A,"ma=EMA,fast=10,slow=200",X2,LS,4h,0.4101230823076422,0.02146682324862552,416,0.487264199987373,0.46678889263106305,2115.1019577606094,-1798.7469471155018,46,0.24333243000104973,0.7165694449159946
"T-A|ma=EMA,fast=10,slow=200|X3|L|4h",T-A,"ma=EMA,fast=10,slow=200",X3,L,4h,0.7943244876519807,0.041576843913626156,308,2.291553847908683,0.3912441719160026,1740.3897451333821,-5285.440853524801,45,0.8414446290290913,0.6957621437742177
"T-A|ma=EMA,fast=10,slow=200|X3|S|4h",T-A,"ma=EMA,fast=10,slow=200",X3,S,4h,0.3490285185940674,0.018268987629835812,310,0.33187875656600174,0.4786514885479858,939.53661824663,712.2608557827191,16,-0.09466494595601822,0.9787401462407893
"T-A|ma=EMA,fast=10,slow=200|X3|LS|4h",T-A,"ma=EMA,fast=10,slow=200",X3,LS,4h,0.7912684132667628,0.04141688166938233,358,1.665690251205369,0.3845795203456277,1409.6765739934901,-912.2704218363878,14,0.25714632892960543,1.639062259999129
"T-A|ma=EMA,fast=20,slow=50|X1|L|4h",T-A,"ma=EMA,fast=20,slow=50",X1,L,4h,0.4970928384876244,0.026019028341269596,596,0.7729355164768088,0.5104016340643732,1977.591138982988,-3005.409727547627,34,0.6250026703674965,0.20423616790466506
"T-A|ma=EMA,fast=20,slow=50|X1|S|4h",T-A,"ma=EMA,fast=20,slow=50",X1,S,4h,0.24217903401567298,0.012676229995359235,590,0.08774110908499355,0.6221310963793729,1872.0960937458533,510.6583892987656,27,0.13838543665066946,0.4518334011305061
"T-A|ma=EMA,fast=20,slow=50|X1|LS|4h",T-A,"ma=EMA,fast=20,slow=50",X1,LS,4h,0.4970928384876244,0.026019028341269596,596,0.7729355164768088,0.5104016340643732,1977.591138982988,-3005.409727547627,34,0.6250026703674965,0.20423616790466506
"T-A|ma=EMA,fast=20,slow=50|X2|L|4h",T-A,"ma=EMA,fast=20,slow=50",X2,L,4h,0.9172510151865546,0.048011112436880214,568,4.730034248311537,0.5118888611721633,7004.295465802241,-8513.419175927065,74,1.03020777910598,0.7038862807406516
"T-A|ma=EMA,fast=20,slow=50|X2|S|4h",T-A,"ma=EMA,fast=20,slow=50",X2,S,4h,0.30292183648798043,0.015855653589277006,560,0.16818005974169492,0.7038144303591705,3438.411298926299,1504.1741376852851,46,0.20593268143414134,0.47087732385065756
"T-A|ma=EMA,fast=20,slow=50|X2|LS|4h",T-A,"ma=EMA,fast=20,slow=50",X2,LS,4h,1.2489652725716074,0.06537383021483863,734,13.800573419614011,0.45258760890986405,17813.468612912373,-8697.86439879054,59,1.2461521510464955,1.2544975788779948
"T-A|ma=EMA,fast=20,slow=50|X3|L|4h",T-A,"ma=EMA,fast=20,slow=50",X3,L,4h,0.7247895652371931,0.03793721972889072,560,1.8517798146192024,0.41991207052270885,2949.902251623651,-4233.535415096899,32,0.8205816736009719,0.5394734011267726
"T-A|ma=EMA,fast=20,slow=50|X3|S|4h",T-A,"ma=EMA,fast=20,slow=50",X3,S,4h,0.2469324661139842,0.012925036002825664,552,0.13045783800350907,0.6005153590469788,1909.2822757825916,1006.152087848935,20,0.06550371137005778,0.5537719212412496
"T-A|ma=EMA,fast=20,slow=50|X3|LS|4h",T-A,"ma=EMA,fast=20,slow=50",X3,LS,4h,1.1178054394939245,0.05850861078325878,638,4.647609654764942,0.29895236396306135,5223.246861005944,-3181.5238175713175,23,1.0251546938766622,1.2991093508601401
"T-A|ma=EMA,fast=20,slow=100|X1|L|4h",T-A,"ma=EMA,fast=20,slow=100",X1,L,4h,0.6027701266774155,0.03155043041256928,398,1.180280288318278,0.4696254126602125,1471.1661895139393,-3545.9092161079616,39,0.6999100383323469,0.37634978014405057
"T-A|ma=EMA,fast=20,slow=100|X1|S|4h",T-A,"ma=EMA,fast=20,slow=100",X1,S,4h,0.3013201661812413,0.015771818333812037,392,0.22705751699316168,0.5875997546864883,1254.125104465282,398.16545114557937,25,0.1299823560506727,0.6507534446090493
"T-A|ma=EMA,fast=20,slow=100|X1|LS|4h",T-A,"ma=EMA,fast=20,slow=100",X1,LS,4h,0.6027701266774155,0.03155043041256928,398,1.180280288318278,0.4696254126602125,1471.1661895139393,-3545.9092161079616,39,0.6999100383323469,0.37634978014405057
"T-A|ma=EMA,fast=20,slow=100|X2|L|4h",T-A,"ma=EMA,fast=20,slow=100",X2,L,4h,0.68697875336149,0.035958111382060606,382,1.9994681668040681,0.5417379676256445,3282.319996331788,-6185.9319894581095,63,0.9381340467634774,0.16913221695705885
"T-A|ma=EMA,fast=20,slow=100|X2|S|4h",T-A,"ma=EMA,fast=20,slow=100",X2,S,4h,0.2868518467940483,0.015014511885118778,384,0.17371230092189505,0.5781906023249676,2543.966531179062,1225.6049650703817,43,0.41712122604792534,0.021454061305915324
"T-A|ma=EMA,fast=20,slow=100|X2|LS|4h",T-A,"ma=EMA,fast=20,slow=100",X2,LS,4h,0.7998294341804001,0.04186498598418162,528,2.9899084802250595,0.6550573421000755,7344.590542009635,-6523.807686080361,53,1.207917062781597,-0.08805905166975696
"T-A|ma=EMA,fast=20,slow=100|X3|L|4h",T-A,"ma=EMA,fast=20,slow=100",X3,L,4h,0.6729162984701706,0.035222048852014375,380,1.574059481628395,0.3788912731825467,1782.6578872392067,-3865.6010230179263,38,0.7397413217566486,0.5366965948337575
"T-A|ma=EMA,fast=20,slow=100|X3|S|4h",T-A,"ma=EMA,fast=20,slow=100",X3,S,4h,0.41415687166582993,0.021677961433502046,382,0.4889054550481686,0.5121339835097953,1470.0704961200538,865.9268851292873,18,0.1640455217694611,0.8032836080904161
"T-A|ma=EMA,fast=20,slow=100|X3|LS|4h",T-A,"ma=EMA,fast=20,slow=100",X3,LS,4h,0.9649207011547972,0.050506257838694335,438,3.3704020096702303,0.47337897408318763,2564.0200939988244,-2039.0583510427589,28,0.8631678349050352,1.1595054196191996
"T-A|ma=EMA,fast=20,slow=200|X1|L|4h",T-A,"ma=EMA,fast=20,slow=200",X1,L,4h,0.5096565201612483,0.026676641495647895,274,0.8293609382085874,0.5169702705030499,881.1060053139655,-3452.4411283973523,40,0.5547761009394864,0.410668277020767
"T-A|ma=EMA,fast=20,slow=200|X1|S|4h",T-A,"ma=EMA,fast=20,slow=200",X1,S,4h,0.16322614594227725,0.008543646957838946,270,-0.02910517964986159,0.6399839076047956,724.1564039954211,231.43471244688064,21,-0.06956555840764764,0.6238109124291669
"T-A|ma=EMA,fast=20,slow=200|X1|LS|4h",T-A,"ma=EMA,fast=20,slow=200",X1,LS,4h,0.44862299633669755,0.02348200085067293,274,0.5199497987963786,0.404497843886517,814.4279230914683,-2068.5398238846183,12,0.2790811603289537,0.7997843171943426
"T-A|ma=EMA,fast=20,slow=200|X2|L|4h",T-A,"ma=EMA,fast=20,slow=200",X2,L,4h,0.7268447295804177,0.03804479194710054,264,2.189236020641321,0.4728726369008285,2736.74111949377,-7708.519081842551,63,0.9113081326891111,0.2953370833964532
"T-A|ma=EMA,fast=20,slow=200|X2|S|4h",T-A,"ma=EMA,fast=20,slow=200",X2,S,4h,-0.1784049687287555,-0.009338142854158961,264,-0.44247370078285186,0.6905337881823796,875.9485941426212,686.4061065059875,24,-0.24766766968443504,-0.044254174288829974
"T-A|ma=EMA,fast=20,slow=200|X2|LS|4h",T-A,"ma=EMA,fast=20,slow=200",X2,LS,4h,0.6395489057099006,0.033475519691495495,384,1.5512133206041234,0.5157315167121919,3120.352025951244,-4496.27288334364,54,0.7599967874050606,0.38633793827352947
"T-A|ma=EMA,fast=20,slow=200|X3|L|4h",T-A,"ma=EMA,fast=20,slow=200",X3,L,4h,0.6808644013923321,0.03563807157288122,256,1.5260258185360613,0.3871900806122657,1265.284966252621,-4108.108329931869,41,0.7054842470287743,0.6311335509903462
"T-A|ma=EMA,fast=20,slow=200|X3|S|4h",T-A,"ma=EMA,fast=20,slow=200",X3,S,4h,0.11407511251605801,0.005970964286307507,260,-0.03932651536113607,0.5382868451410383,684.7671968118254,485.2246816648595,17,-0.20458380210860513,0.617239363508257
"T-A|ma=EMA,fast=20,slow=200|X3|LS|4h",T-A,"ma=EMA,fast=20,slow=200",X3,LS,4h,0.8113497531923859,0.04246798704085604,312,1.949577187472204,0.3707975399131356,1308.251936064276,-1959.872744701032,30,0.5104745894437467,1.2925937805544332
"T-A|ma=EMA,fast=50,slow=100|X1|L|4h",T-A,"ma=EMA,fast=50,slow=100",X1,L,4h,0.5233594324667201,0.027393884706631868,256,0.8860918839149043,0.5269761278697562,832.5933700985805,-3211.957837640336,38,0.589032604166503,0.3743935682458876
"T-A|ma=EMA,fast=50,slow=100|X1|S|4h",T-A,"ma=EMA,fast=50,slow=100",X1,S,4h,0.2000772926624076,0.010472524134658757,250,0.022665821336831593,0.6496940416282341,745.0087275868992,319.53543288995337,22,0.033914522605647514,0.5411965781129928
"T-A|ma=EMA,fast=50,slow=100|X1|LS|4h",T-A,"ma=EMA,fast=50,slow=100",X1,LS,4h,0.5233594324667201,0.027393884706631868,256,0.8860918839149043,0.5269761278697562,832.5933700985805,-3211.957837640336,38,0.589032604166503,0.3743935682458876
"T-A|ma=EMA,fast=50,slow=100|X2|L|4h",T-A,"ma=EMA,fast=50,slow=100",X2,L,4h,0.7746636417467404,0.04054774820510989,254,2.5652804594255314,0.45542348778824215,3480.2330069406767,-8685.764791512018,54,1.129926878882341,-0.11939765530168645
"T-A|ma=EMA,fast=50,slow=100|X2|S|4h",T-A,"ma=EMA,fast=50,slow=100",X2,S,4h,-0.22700693170336567,-0.01188208586473444,246,-0.4435113495200127,0.6870928237760937,1059.4195180649392,667.4963889317846,30,-0.03346401228971066,-0.7057044771718445
"T-A|ma=EMA,fast=50,slow=100|X2|LS|4h",T-A,"ma=EMA,fast=50,slow=100",X2,LS,4h,0.6860810986814653,0.03591112598868561,388,1.8729996312550576,0.5828444971392162,4966.228804844022,-7081.546529246001,58,1.1089584827711572,-0.28824861931670104
"T-A|ma=EMA,fast=50,slow=100|X3|L|4h",T-A,"ma=EMA,fast=50,slow=100",X3,L,4h,0.9171112273812918,0.04800379560874412,252,3.2851025534092386,0.36118161434115437,1997.7767508142863,-6844.3340626907075,43,1.0850703085690416,0.5328357143631609
"T-A|ma=EMA,fast=50,slow=100|X3|S|4h",T-A,"ma=EMA,fast=50,slow=100",X3,S,4h,0.17003946447339327,0.00890027234898028,242,0.04166019215209915,0.575556378061059,828.5264411627456,665.5640839983246,8,0.21699160734007059,0.06892365046237311
"T-A|ma=EMA,fast=50,slow=100|X3|LS|4h",T-A,"ma=EMA,fast=50,slow=100",X3,LS,4h,0.9790608649190399,0.05124638783704912,332,3.4846420376978084,0.45081360049495234,2420.1908664687485,-4554.500883051591,30,1.0795122960663377,0.7592599725271859
"T-A|ma=EMA,fast=50,slow=200|X1|L|4h",T-A,"ma=EMA,fast=50,slow=200",X1,L,4h,0.41271135076461074,0.021602299411471817,184,0.5026164131279618,0.523806764543835,551.7867630774841,-3131.9481159105403,42,0.4812290224899495,0.25099756975805043
"T-A|ma=EMA,fast=50,slow=200|X1|S|4h",T-A,"ma=EMA,fast=50,slow=200",X1,S,4h,0.11636725378973828,0.006090940443967572,180,-0.09659350559754387,0.6417818055165736,481.7921238358153,172.4630496106315,24,-0.0956533645631898,0.5307782785736865
"T-A|ma=EMA,fast=50,slow=200|X1|LS|4h",T-A,"ma=EMA,fast=50,slow=200",X1,LS,4h,0.5415525605872816,0.02834615655513693,184,0.7631658331708444,0.42611165335824164,683.5005042132256,-2635.8455420209316,11,0.5135385695989687,0.6146024198672123
"T-A|ma=EMA,fast=50,slow=200|X2|L|4h",T-A,"ma=EMA,fast=50,slow=200",X2,L,4h,0.9457904806930724,0.049504936335285174,182,4.273276548568449,0.4530228642494737,2848.893934781831,-10930.758434435991,54,1.1503708689704313,0.4091976278436623
"T-A|ma=EMA,fast=50,slow=200|X2|S|4h",T-A,"ma=EMA,fast=50,slow=200",X2,S,4h,-0.2383374634751153,-0.012475153003234665,180,-0.40344441237316286,0.6314672011066272,529.8531926020596,306.8461658113317,16,-0.6658859461309025,0.3761692873301112
"T-A|ma=EMA,fast=50,slow=200|X2|LS|4h",T-A,"ma=EMA,fast=50,slow=200",X2,LS,4h,0.09908956181958396,0.005186584713535211,282,-0.19118827108830583,0.5540298493341708,961.0374858116654,-1543.6291437109364,42,0.06898216684271648,0.1603500572441485
"T-A|ma=EMA,fast=50,slow=200|X3|L|4h",T-A,"ma=EMA,fast=50,slow=200",X3,L,4h,1.0521185259575163,0.055070400588651675,174,4.707333288551839,0.3810549571864946,1864.533774911917,-9154.018846900151,48,1.195080382044196,0.725339064821224
"T-A|ma=EMA,fast=50,slow=200|X3|S|4h",T-A,"ma=EMA,fast=50,slow=200",X3,S,4h,-0.37633154497386334,-0.0196980933464655,176,-0.4066959047173,0.5635321007399364,356.6203355609737,280.63866568135484,9,-0.622680525150335,0.01320727400444705
"T-A|ma=EMA,fast=50,slow=200|X3|LS|4h",T-A,"ma=EMA,fast=50,slow=200",X3,LS,4h,0.5344965444952253,0.027976827793060554,244,0.8500419829978223,0.4304594481316303,887.9247522725614,-2435.883815589503,35,0.44325011414856597,0.7007403735192804
T-B|N=12|X1|L|4h,T-B,N=12,X1,L,4h,0.36897234170052684,0.019312895042018646,2158,0.3040521370981417,0.6266780610340654,9835.374609796916,-2353.5773263180986,37,0.43565956130303746,0.26608018352081847
T-B|N=12|X1|S|4h,T-B,N=12,X1,S,4h,0.07269230265717097,0.0038048890198931445,2090,-0.35706738737666166,0.8211605802934182,7197.972142408477,775.388319704061,24,-0.2740709616357601,0.7489625352995545
T-B|N=12|X1|LS|4h,T-B,N=12,X1,LS,4h,0.6782100457109469,0.0354991362466112,3898,2.2076119859460204,0.6369558256460154,21251.780094812188,-1502.1266739549312,70,0.4263568006443791,1.0954234981722537
T-B|N=12|X2|L|4h,T-B,N=12,X2,L,4h,0.6582270359300053,0.034453177710141294,1592,1.8558429423833451,0.5774447507316092,7218.532043331015,-3324.128575480355,35,0.6295301630441832,0.7105613281144859
T-B|N=12|X2|S|4h,T-B,N=12,X2,S,4h,0.09087090535188701,0.004756400572860874,1558,-0.28188260626388806,0.8025095885317517,6048.664139810945,1212.2122478587999,35,0.06116740158912064,0.14686199941638065
T-B|N=12|X2|LS|4h,T-B,N=12,X2,LS,4h,0.6573224246556948,0.0344058281919794,2548,1.91472202796554,0.597427338930556,13898.909860822845,-2067.2941576320595,55,0.7754368342275312,0.46369205041947525
T-B|N=12|X3|L|4h,T-B,N=12,X3,L,4h,0.5386259481013975,0.028192970656410635,126,0.8238560066886993,0.7540479124732196,237.64455374395476,-7693.673536222468,179,0.8905128700648203,-0.05484614625587582
T-B|N=12|X3|S|4h,T-B,N=12,X3,S,4h,-0.17888905178962186,-0.009363480919616777,114,-0.4322340609748502,0.8107781540700512,321.14488167175057,1441.3818751054564,22,-0.30148490325465915,-0.04885991987379001
T-B|N=12|X3|LS|4h,T-B,N=12,X3,LS,4h,-0.23737510170716258,-0.012424780686081398,86,-0.459241217873367,0.6954327468105048,263.4463734635586,-585.9882805724527,26,0.04795219136737738,-0.5871724736871525
T-B|N=12|X4|L|4h,T-B,N=12,X4,L,4h,0.629712951073771,0.032960682295689256,62,1.5832995742074143,0.7175616376612344,105.80277966605497,-9758.145178579682,120,1.111030851843601,-0.09082997514686099
T-B|N=12|X4|S|4h,T-B,N=12,X4,S,4h,0.03745882416888991,0.001960684468209746,68,-0.1058925180371929,0.6226453689787614,158.36302678227662,1325.0218399174894,9,-0.08450717688847022,0.20668538586745053
T-B|N=12|X4|LS|4h,T-B,N=12,X4,LS,4h,-0.5343916683272337,-0.027971338323536914,74,-0.451577973677736,0.5371508198518519,139.15323857491717,162.94930926895069,5,-0.36798431952490507,-0.7816583385558308
T-B|N=12|X5|L|4h,T-B,N=12,X5,L,4h,0.20667655246593797,0.010817945179914336,40,0.022807790704520325,0.5774939991821333,27.127809496989958,-2166.2526596051116,35,0.5998897140793911,-0.2660582975524976
T-B|N=12|X5|S|4h,T-B,N=12,X5,S,4h,-0.011582883874665533,-0.0006062758512584367,36,-0.05071910584546435,0.3977637543518656,41.9283149849593,735.7939843574309,0,0.016735178925416448,-0.05147264933061076
T-B|N=12|X5|LS|4h,T-B,N=12,X5,LS,4h,-0.48846070312826056,-0.025567201726256802,42,-0.32203640652136223,0.4459559675091488,44.341183972505625,-59.111376234205544,1,-0.18572610827522745,-0.866669691297856
T-B|N=12|X6|L|4h,T-B,N=12,X6,L,4h,0.36897018780720914,0.019312782302089725,2158,0.3040438880950034,0.6266806298036611,9835.332254623663,-2353.5725268046026,37,0.43565596018367475,0.26608018352081814
T-B|N=12|X6|S|4h,T-B,N=12,X6,S,4h,0.07269230265717097,0.0038048890198931445,2090,-0.35706738737666166,0.8211605802934182,7197.972142408477,775.388319704061,24,-0.2740709616357601,0.7489625352995545
T-B|N=12|X6|LS|4h,T-B,N=12,X6,LS,4h,0.677576811417431,0.03546599124882813,3898,2.2002693642300826,0.6377870798862671,21214.802807007323,-1498.7918399875696,70,0.42534698549769157,1.0954234981722533
T-B|N=12|X7|L|4h,T-B,N=12,X7,L,4h,0.29761081950147505,0.015577662254875016,2166,0.06124427986571246,0.6537742375776483,9131.609971341351,-2202.828707910179,39,0.3783957599343921,0.1723494560290861
T-B|N=12|X7|S|4h,T-B,N=12,X7,S,4h,-0.028680912882561384,-0.0015012275924458473,2112,-0.5169029073373158,0.848224708834411,6433.748229477021,681.7291368672223,30,-0.36896036502660895,0.6476612889287876
T-B|N=12|X7|LS|4h,T-B,N=12,X7,LS,4h,0.6208375516504144,0.032496122657616436,3910,1.592968759672103,0.6728436108999372,19360.529797571813,-1341.5816794186835,80,0.3759746030823401,1.0278295399580872
T-B|N=24|X1|L|4h,T-B,N=24,X1,L,4h,0.8334754199559569,0.043626097369587266,1106,2.5594255179332586,0.38464076863305263,6573.676979010622,-3458.531529805787,17,0.9556261262702749,0.6354446532038647
T-B|N=24|X1|S|4h,T-B,N=24,X1,S,4h,-0.11392020446601364,-0.0059628560283880045,1088,-0.36926013802964175,0.665097746257156,3085.5959796678103,586.7452771833404,12,-0.21856963103803362,0.06015799006653144
T-B|N=24|X1|LS|4h,T-B,N=24,X1,LS,4h,0.6597267128815889,0.0345316743894029,2088,1.773437021305332,0.42681046886788043,11157.819301154934,-1998.4213560038622,31,0.7821609693761084,0.45785943403039525
T-B|N=24|X2|L|4h,T-B,N=24,X2,L,4h,0.7299967486370021,0.03820977616496819,814,1.7299797402822348,0.4260232842689714,3267.912455518557,-3357.3621739113164,14,0.9197479348284295,0.4062834625645381
T-B|N=24|X2|S|4h,T-B,N=24,X2,S,4h,0.14764871906713306,0.007728287169953927,790,-0.00997396561244257,0.5661975802874504,2317.209734270338,985.9260702626822,10,0.19267738464842712,0.0659562622799786
T-B|N=24|X2|LS|4h,T-B,N=24,X2,LS,4h,0.7186659242370914,0.037616693709609975,1326,1.7866362882532072,0.3980644812703267,4976.7258528629345,-1797.3478941193316,21,0.8075093605903023,0.570410573336836
T-B|N=24|X3|L|4h,T-B,N=24,X3,L,4h,0.5309325552302492,0.027790280068946235,140,0.6513670487872787,0.7814741829176561,256.21938625809526,-7635.898493464756,200,0.8258562264760446,0.03287579775279511
T-B|N=24|X3|S|4h,T-B,N=24,X3,S,4h,0.14591969777649205,0.007637786059334996,68,-0.05647470937541965,0.6782184224061348,285.5673393571681,1622.6534932059847,23,-0.03159784548971962,0.3856697835776168
T-B|N=24|X3|LS|4h,T-B,N=24,X3,LS,4h,-0.3877028284402298,-0.020293293526150575,94,-0.5685871685882434,0.728438204807591,303.8575783489677,418.4248313739815,21,-0.22639108685466744,-0.5955569498204135
T-B|N=24|X4|L|4h,T-B,N=24,X4,L,4h,0.6400126457536317,0.03349979295477068,70,1.6661612473017593,0.727250308707469,131.60134767460164,-10375.342587105837,133,1.1038840098503948,-0.07620064097036053
T-B|N=24|X4|S|4h,T-B,N=24,X4,S,4h,0.06227480874049352,0.0032596124669504447,56,-0.06528437508122353,0.5607045779763854,148.65622268725312,1128.8711817831845,4,-0.1303678234507879,0.3458186237558983
T-B|N=24|X4|LS|4h,T-B,N=24,X4,LS,4h,-0.5398987418261323,-0.028259591724815528,110,-0.6932653055975835,0.807222958559661,183.54848935215924,-54.22116808759969,28,-0.5784950488614654,-0.534401163094899
T-B|N=24|X5|L|4h,T-B,N=24,X5,L,4h,0.5591665471332563,0.029268114748171464,42,1.0946545684174294,0.6544765197322566,48.99002087236537,-6594.492086070101,73,1.079394297479715,-0.14007085098246633
T-B|N=24|X5|S|4h,T-B,N=24,X5,S,4h,-0.06245023597051094,-0.00326879474783693,32,-0.06389782340526273,0.3634974978793549,36.48671822930313,572.709574388069,0,-0.2749737843528479,0.25981261933236593
T-B|N=24|X5|LS|4h,T-B,N=24,X5,LS,4h,-0.2456971999846467,-0.012860379218539598,34,-0.12453859284063762,0.36852874936053837,37.97634046780498,328.5471231468002,0,-0.23579468055771627,-0.2637523352933039
T-B|N=24|X6|L|4h,T-B,N=24,X6,L,4h,0.834728276005612,0.0436916748523824,1106,2.5689304911521154,0.3846407686330513,6591.312186053066,-3469.4596978904588,17,0.9578488972122055,0.6350278065386061
T-B|N=24|X6|S|4h,T-B,N=24,X6,S,4h,-0.125625793047797,-0.006575554537558431,1090,-0.3817110439325644,0.671708770388409,3072.1618620134905,583.2826810569592,12,-0.2361246377010832,0.058487157940763326
T-B|N=24|X6|LS|4h,T-B,N=24,X6,LS,4h,0.6617108134198596,0.034635526958058396,2088,1.7875730814934139,0.4266136020930763,11231.541300521556,-2015.7195122281016,31,0.7869131096283459,0.45515129600703813
T-B|N=24|X7|L|4h,T-B,N=24,X7,L,4h,0.748359719549507,0.03917093799151152,1128,2.170233433373058,0.48889781020032197,7272.922147854493,-3747.722078579323,20,0.9482919268354867,0.42089324797037125
T-B|N=24|X7|S|4h,T-B,N=24,X7,S,4h,-0.1179543724669255,-0.006174014032330525,1114,-0.4487178905543189,0.7343056964889901,3241.8036097827785,518.4879688844666,20,-0.28143198216796883,0.1627601806586453
T-B|N=24|X7|LS|4h,T-B,N=24,X7,LS,4h,0.7660873968298169,0.04009884702955884,2102,2.886316776034163,0.42229377647509514,15137.514181270462,-2767.48895270896,41,0.8796064591029852,0.5816254794167824
T-B|N=48|X1|L|4h,T-B,N=48,X1,L,4h,0.7871902483600299,0.04120342076213714,550,1.2597973747780014,0.2867533632736654,1601.7050654057623,-1691.5654085278181,2,0.7240477253279285,0.8944361910361166
T-B|N=48|X1|S|4h,T-B,N=48,X1,S,4h,0.2596147351443581,0.013588856303147934,526,0.17245528843051927,0.34366360691425013,1214.4287501561482,463.45809105476934,5,0.3321455184693771,0.13876837592955268
T-B|N=48|X1|LS|4h,T-B,N=48,X1,LS,4h,0.7559050607978532,0.039565879202860636,1046,1.54611823951018,0.30709694756902883,3195.261217062424,-1332.6631369553393,6,0.7558205736130227,0.7608598623997709
T-B|N=48|X2|L|4h,T-B,N=48,X2,L,4h,0.6858849050219855,0.03590085674320238,382,0.9295339412378694,0.2648828482569269,877.3564885183287,-2033.8818059438026,9,0.8335571778910522,0.3734450347699271
T-B|N=48|X2|S|4h,T-B,N=48,X2,S,4h,0.2815664755893264,0.01473786291228669,380,0.194539563355975,0.3804616797234056,714.4596748113968,530.2601080890678,3,0.22107872450301222,0.39308638406222096
T-B|N=48|X2|LS|4h,T-B,N=48,X2,LS,4h,0.7896387080332866,0.04133157899878514,660,1.378492297934128,0.2707323193902397,1582.464658733755,-1458.2139780042748,8,0.8497973493100816,0.6773989787568484
T-B|N=48|X3|L|4h,T-B,N=48,X3,L,4h,0.5270351171280566,0.027586278834996012,142,0.6463476853624546,0.7912327965243822,291.42138008274287,-7450.634295129252,189,0.8209672805555275,0.020418417187535304
T-B|N=48|X3|S|4h,T-B,N=48,X3,S,4h,-0.299524620712957,-0.01567783518859219,154,-0.649886499959758,0.8896737781601812,356.85631853721577,1440.9725527310127,40,-0.6721781006359744,0.2363586367026257
T-B|N=48|X3|LS|4h,T-B,N=48,X3,LS,4h,-0.6279202970256315,-0.03286685049431681,140,-0.9190424440082872,0.9511178159641662,320.04076141317285,-38.3382496990991,95,-0.5265460759515224,-0.802641943174792
T-B|N=48|X4|L|4h,T-B,N=48,X4,L,4h,0.6222803806905874,0.03257164378119988,74,1.4829456715644822,0.7616321725356892,153.1399450736253,-10770.97155895674,171,1.0370264809995298,0.007759942541372121
T-B|N=48|X4|S|4h,T-B,N=48,X4,S,4h,-0.0759889040107649,-0.003977441021064579,84,-0.2794205321995603,0.7065532171747866,188.12799065021036,1263.612977148749,12,-0.258406869296583,0.18362127752457255
T-B|N=48|X4|LS|4h,T-B,N=48,X4,LS,4h,-0.8041176226602356,-0.042089440027673786,146,-0.8282789675777779,0.8860098660669156,206.1788022127475,69.90650391914707,45,-0.778990263563005,-0.8831626012135464
T-B|N=48|X5|L|4h,T-B,N=48,X5,L,4h,0.6083606190291733,0.03184305015616605,34,1.3700162362298927,0.6590296364196231,52.66613712837007,-7535.343666867385,76,1.150923349332355,-0.13409599983634882
T-B|N=48|X5|S|4h,T-B,N=48,X5,S,4h,-0.1672411507213866,-0.008753801912908933,44,-0.13479051551536247,0.4273072258579581,44.618832513023264,590.7899688578855,0,-0.25024500006914907,-0.06563356410776697
T-B|N=48|X5|LS|4h,T-B,N=48,X5,LS,4h,-0.6406598933484946,-0.0335336714422697,54,-0.3931002804846139,0.515407267452076,61.195826052530585,66.60598630899473,1,-0.497120980517224,-0.856375017166643
T-B|N=48|X6|L|4h,T-B,N=48,X6,L,4h,0.8059063877250566,0.04218306827035588,552,1.346470449272001,0.2850654936476491,1705.668231249808,-1818.6503259271076,2,0.7956755387440755,0.8273113806553566
T-B|N=48|X6|S|4h,T-B,N=48,X6,S,4h,0.23153492865669797,0.012119092057413414,526,0.13777472587976125,0.36280366730477864,1221.1951878165435,448.40676185358615,5,0.3001839103033905,0.11569405467853841
T-B|N=48|X6|LS|4h,T-B,N=48,X6,LS,4h,0.7760225655455504,0.04061887752763732,1046,1.6589712056337826,0.2966276639779173,3342.507124639081,-1434.1605416513644,7,0.7959925072651056,0.7469765766422076
T-B|N=48|X7|L|4h,T-B,N=48,X7,L,4h,0.8067514374179889,0.04222730019286171,590,2.197470004950803,0.4170729588190344,3544.9545565484154,-3638.054706234968,24,0.9057841821059381,0.6288094948386387
T-B|N=48|X7|S|4h,T-B,N=48,X7,S,4h,-0.04110469184986859,-0.0021515179044920207,582,-0.2944223665665896,0.6667253074298304,1637.7437103827685,393.20965449329634,16,-0.163586948952348,0.16975035774092076
T-B|N=48|X7|LS|4h,T-B,N=48,X7,LS,4h,0.7230768688657175,0.037847573103594344,1128,2.1875543445045422,0.47399847827615327,6575.674533122458,-2986.63096382458,37,0.7851208925062751,0.6163377532244377
T-B|N=96|X1|L|4h,T-B,N=96,X1,L,4h,0.9160804570096591,0.04794984262162314,272,1.2263379942297332,0.20546158521416658,615.4761546744413,-1646.1358980716109,7,0.9441892568179889,0.8596240695546824
T-B|N=96|X1|S|4h,T-B,N=96,X1,S,4h,0.3017707176367557,0.015795401274829448,268,0.17944783128629038,0.31533150873786653,395.85933871423134,232.0551941513392,1,0.20931865071399736,0.46078876091023274
T-B|N=96|X1|LS|4h,T-B,N=96,X1,LS,4h,0.9610458828526461,0.05030344057919071,518,1.6787517978290944,0.19710897813385553,1237.5119026291115,-1549.559122254468,7,0.9834077354757867,0.9172049008870687
T-B|N=96|X2|L|4h,T-B,N=96,X2,L,4h,0.5686562843264452,0.029764830294772383,214,0.6101945588787387,0.25237603535522246,340.694188674598,-1797.98057374983,10,0.8261864802840013,-0.2165352111464488
T-B|N=96|X2|S|4h,T-B,N=96,X2,S,4h,-0.024759551881584827,-0.0012959741767435038,214,-0.06271646971469558,0.3567942750157119,227.74450898987592,248.0856988582392,1,-0.21830574855544613,0.26905361959622565
T-B|N=96|X2|LS|4h,T-B,N=96,X2,LS,4h,0.5257605209386649,0.027519563421279016,356,0.5456111722143842,0.2505880440863276,479.3749942840409,-1300.1013647157786,6,0.6632688652319336,0.2022560735419449
T-B|N=96|X3|L|4h,T-B,N=96,X3,L,4h,0.6842151190595392,0.03581345615136741,90,2.0166830430886757,0.7707423693283943,295.1199931890953,-13493.175964995575,183,1.0794815412009124,0.020535208025350648
T-B|N=96|X3|S|4h,T-B,N=96,X3,S,4h,-0.45987359373710174,-0.024070884032953214,156,-0.6969775119899366,0.8930180392848034,347.1368603995954,1220.9056018568067,33,-0.775613913239679,-0.03951057935269311
T-B|N=96|X3|LS|4h,T-B,N=96,X3,LS,4h,-0.7882867413866499,-0.04126081383024577,176,-0.888858975782216,0.9357092629457298,342.73002857911865,162.49364273622112,65,-0.8681046077392516,-0.6643534755216073
T-B|N=96|X4|L|4h,T-B,N=96,X4,L,4h,0.6552183351207811,0.034295695112194845,64,1.7848762894234076,0.7620874215192273,158.404434408646,-12059.690646218674,169,1.101168016834645,0.00860775312009907
T-B|N=96|X4|S|4h,T-B,N=96,X4,S,4h,-0.32058473396707077,-0.01678017189755843,106,-0.4906111820193271,0.7611862455574772,209.0544943410345,1055.1057410501105,12,-0.4266925113181656,-0.15233529595674583
T-B|N=96|X4|LS|4h,T-B,N=96,X4,LS,4h,-0.48376033823070685,-0.02532117338302851,98,-0.6998209143289558,0.8046925537045237,183.62174928312083,-327.6669648108732,38,-0.39783012876902357,-0.6143116002308352
T-B|N=96|X5|L|4h,T-B,N=96,X5,L,4h,0.3980027400726996,0.020832415541050565,46,0.42827836491460003,0.6606647806306296,53.39359865136385,-4280.781240349031,73,0.86161943644392,-0.1738174264410567
T-B|N=96|X5|S|4h,T-B,N=96,X5,S,4h,-0.15675133293050708,-0.008204739755373057,40,-0.13232073621513063,0.4147423879668646,47.03515253122098,553.9767090883355,0,-0.2272666893044454,-0.050773564882537106
T-B|N=96|X5|LS|4h,T-B,N=96,X5,LS,4h,-0.6453148748594386,-0.033777324310474026,56,-0.4127621400878846,0.5409496347159755,65.06387520734478,-0.5269791288743407,3,-0.3868330895285406,-0.9693683065421254
T-B|N=96|X6|L|4h,T-B,N=96,X6,L,4h,0.9697618635780593,0.05075965586124235,280,1.7242393057901122,0.22799272868182086,872.9225489426807,-2398.1177198951914,8,1.0904598997046557,0.7023044119536918
T-B|N=96|X6|S|4h,T-B,N=96,X6,S,4h,0.30512056239053703,0.015970740162938694,268,0.20409901102672912,0.37270872094090735,475.6134099379789,271.6923512987932,1,0.1822628710746175,0.5099876924191604
T-B|N=96|X6|LS|4h,T-B,N=96,X6,LS,4h,1.0434878770702023,0.054618651779142,526,2.586872317158895,0.2158903973052081,1815.5341955866068,-2411.2630553338963,10,1.1323423565613644,0.8638683643397165
T-B|N=96|X7|L|4h,T-B,N=96,X7,L,4h,0.8216571446763763,0.043007500569078365,344,2.3290429771473784,0.4464773059855003,2352.3513560260176,-4552.676569863087,28,0.9767638471962605,0.49177800667624955
T-B|N=96|X7|S|4h,T-B,N=96,X7,S,4h,-0.10925516945443146,-0.005718676935909702,338,-0.3267071440621926,0.7307227765946898,818.5433179153608,215.4773159290677,19,-0.4226120192932164,0.37689150652565373
T-B|N=96|X7|LS|4h,T-B,N=96,X7,LS,4h,0.627266510529467,0.03283262974508092,668,1.4918012536168437,0.5198270053380196,3115.3162334285644,-3040.5217609291576,46,0.64602518621287,0.5907834248178266
T-B|N=192|X1|L|4h,T-B,N=192,X1,L,4h,0.6836091590213165,0.03578173875335346,142,0.5994540956365753,0.19115746870608286,216.3704937840187,-1440.1664652643083,5,0.9205044606014738,-0.024256782445497168
T-B|N=192|X1|S|4h,T-B,N=192,X1,S,4h,0.011665548813370931,0.0006106027319062226,154,-0.02156964179989096,0.29336838913037433,138.4126265306715,121.1444780075501,0,-0.10016973759521698,0.20202098213771685
T-B|N=192|X1|LS|4h,T-B,N=192,X1,LS,4h,0.6176861747463271,0.032331172051546675,284,0.6171988284464631,0.22941809336268681,371.43263086936133,-1309.7785221674903,5,0.7713478241432801,0.24154575116830881
T-B|N=192|X2|L|4h,T-B,N=192,X2,L,4h,0.4393482424180036,0.022996538042954755,106,0.29047827662112047,0.18917789888713887,108.52652415523023,-1112.2564488572825,3,0.6014262461211145,-0.004559650299565137
T-B|N=192|X2|S|4h,T-B,N=192,X2,S,4h,0.255173389199026,0.013356385631519346,106,0.09837197541873643,0.2263253634010991,84.05587930241045,155.34236339299193,0,0.09912526653951521,0.5030698316882101
T-B|N=192|X2|LS|4h,T-B,N=192,X2,LS,4h,0.35287177949724163,0.018470153099583518,194,0.2157952071198419,0.21694308678544016,164.68628352200105,-840.9069105507474,0,0.4786051340424824,0.06588595569645984
T-B|N=192|X3|L|4h,T-B,N=192,X3,L,4h,0.6106897424629906,0.031964962048558594,78,1.0902489849044157,0.8456838514626017,290.3830729968473,-11349.453744468727,229,0.9890451497942254,0.11221183108779437
T-B|N=192|X3|S|4h,T-B,N=192,X3,S,4h,-0.5600424965710372,-0.029313964037242863,142,-0.7212478089225987,0.8749005600936441,287.7417587133761,929.8762996146842,27,-0.633848142866961,-0.45329216963345553
T-B|N=192|X3|LS|4h,T-B,N=192,X3,LS,4h,-0.7064739570839046,-0.036978536982468765,188,-0.916179209861518,0.9602236079593321,288.3990568978008,-146.54636732334586,96,-0.577261714508854,-0.903992719805076
T-B|N=192|X4|L|4h,T-B,N=192,X4,L,4h,0.6787871791552191,0.0355293447917371,40,1.9695964304737048,0.811158475232328,140.50995060370278,-14176.269009429268,194,1.191476569122956,0.020045045767907634
T-B|N=192|X4|S|4h,T-B,N=192,X4,S,4h,-0.48660224804914226,-0.025469925741509823,98,-0.5205575408613733,0.7428358464598739,174.8170280833221,869.2284308797161,11,-0.5131603594690879,-0.46525340713138974
T-B|N=192|X4|LS|4h,T-B,N=192,X4,LS,4h,-0.666110782374383,-0.034865831859003577,114,-0.7454950212644631,0.843841250087322,191.34790421535092,-278.0531764045313,38,-0.34432749967231385,-1.1037379983463311
T-B|N=192|X5|L|4h,T-B,N=192,X5,L,4h,0.4186823082518084,0.021914833610428657,24,0.5118319806136153,0.6399043679816501,42.28275129784702,-4158.71797998394,68,0.9282952320290241,-0.1971873544093162
T-B|N=192|X5|S|4h,T-B,N=192,X5,S,4h,-0.03377485841137205,-0.0017678568874609434,30,-0.05716947363235636,0.3544008521599604,38.08039731167772,543.2868026501441,1,-0.13889436821254855,0.09155034336277744
T-B|N=192|X5|LS|4h,T-B,N=192,X5,LS,4h,-0.41816609186205983,-0.0218878136096659,34,-0.24343131290700737,0.3833083056850741,38.62990393594681,81.16099416380956,1,-0.18236470226606513,-0.7145729225989539
T-B|N=192|X6|L|4h,T-B,N=192,X6,L,4h,0.714591089265141,0.03740340709911737,152,0.9837710651805123,0.29728264617322264,466.1789156206503,-2480.9235113482414,10,0.9339896292808675,0.10174654427054947
T-B|N=192|X6|S|4h,T-B,N=192,X6,S,4h,-0.07638089216105479,-0.003997958618587941,166,-0.12050784855113128,0.4742873024484118,229.95743291199625,146.52042894597602,3,-0.28450259170713255,0.2650059830880525
T-B|N=192|X6|LS|4h,T-B,N=192,X6,LS,4h,0.5764776482967399,0.03017421919570612,308,0.8162978589502368,0.36602842681917247,712.4721285852935,-2108.689579719042,13,0.6705099512369356,0.3623767004705051
T-B|N=192|X7|L|4h,T-B,N=192,X7,L,4h,0.7177898353553828,0.03757083712170981,200,1.6497372104464207,0.4245139620834547,1290.622391446145,-4706.93205699814,36,0.8554631960925895,0.37643850045544475
T-B|N=192|X7|S|4h,T-B,N=192,X7,S,4h,-0.4368641609309834,-0.022866515275357772,242,-0.5425697899489361,0.7641203502444047,522.4794223534836,104.85322691331633,19,-0.6056773385893873,-0.14937515336863336
T-B|N=192|X7|LS|4h,T-B,N=192,X7,LS,4h,0.397550742527008,0.020808756908213863,430,0.443941360389994,0.6204688831878619,1564.3170019388706,-3281.7843903874955,55,0.4573314740083086,0.2648129586637839
"T-C|ma=SMA,N=20|X1|L|4h",T-C,"ma=SMA,N=20",X1,L,4h,0.20723624363860257,0.010847240754817859,3576,-0.006522048158792315,0.5753864393429555,9465.673565090194,-2273.87658320493,23,0.5206357546904092,-0.4186870135836572
"T-C|ma=SMA,N=20|X1|S|4h",T-C,"ma=SMA,N=20",X1,S,4h,-0.13096565959819492,-0.006855055927150186,3584,-0.48544821775959157,0.7511334261349306,9047.720827040232,667.4837725003733,25,-0.0681934621450123,-0.26656159250350514
"T-C|ma=SMA,N=20|X1|LS|4h",T-C,"ma=SMA,N=20",X1,LS,4h,-0.01815544267710239,-0.0009502993022410703,3588,-0.27735443539040616,0.7010982550976147,10603.621669123797,-263.24697724440114,15,0.16513089110963516,-0.37619015040707965
"T-C|ma=SMA,N=20|X2|L|4h",T-C,"ma=SMA,N=20",X2,L,4h,0.4421186864920955,0.02314154971341256,3286,0.614765611453987,0.48134670797660795,11790.186288394176,-2477.275573248147,15,0.46535935580717985,0.40345926964360157
"T-C|ma=SMA,N=20|X2|S|4h",T-C,"ma=SMA,N=20",X2,S,4h,0.02041232330501115,0.0010684298333488572,3218,-0.2687361777034828,0.6057327915339299,10002.442169053647,1018.4838591854833,13,0.047037850393268923,-0.029025332512100658
"T-C|ma=SMA,N=20|X2|LS|4h",T-C,"ma=SMA,N=20",X2,LS,4h,0.4872512500067767,0.025503896056553198,3482,0.6925381784295408,0.3666759597471124,14429.511479474259,-984.7167932012823,9,0.6239906359109503,0.22915819312153257
"T-C|ma=SMA,N=20|X3|L|4h",T-C,"ma=SMA,N=20",X3,L,4h,0.14643989767790166,0.007665014566627683,3576,-0.09024486609430915,0.5784530306360591,9650.774276760952,-1930.7188401202557,22,0.5438782186446466,-0.6303507342896545
"T-C|ma=SMA,N=20|X3|S|4h",T-C,"ma=SMA,N=20",X3,S,4h,-0.23808357379958217,-0.012461863810247394,3584,-0.5390913244156947,0.7413254907076745,8270.08715129065,707.9378025900012,19,-0.20049483712273478,-0.3196202981256981
"T-C|ma=SMA,N=20|X3|LS|4h",T-C,"ma=SMA,N=20",X3,LS,4h,-0.20365563114042215,-0.010659822930910544,3742,-0.5034719572093693,0.6461455661380696,8689.42102217577,446.3018621563125,24,0.163314067640883,-0.9814307887387933
"T-C|ma=SMA,N=20|X4|L|4h",T-C,"ma=SMA,N=20",X4,L,4h,0.1842673264574809,0.009644992681958613,3576,-0.047883923593551314,0.5688195053893781,9039.163487943879,-2115.221724946892,23,0.4787600389443209,-0.40308718106897085
"T-C|ma=SMA,N=20|X4|S|4h",T-C,"ma=SMA,N=20",X4,S,4h,-0.09645218099599419,-0.0050485378919304545,3584,-0.4461820374836689,0.7487164236727708,9058.158813369215,721.8187539820269,23,-0.0683628569323912,-0.15766066121305883
"T-C|ma=SMA,N=20|X4|LS|4h",T-C,"ma=SMA,N=20",X4,LS,4h,0.41418626137414966,0.021679499761143296,3600,0.5025120956558735,0.46545255233591487,15140.156985413523,-642.4551031740048,12,0.7947796055298082,-0.4252674874109612
"T-C|ma=SMA,N=50|X1|L|4h",T-C,"ma=SMA,N=50",X1,L,4h,0.2669977122393383,0.013975298986292758,2158,0.1301172511712958,0.5321133835583673,6015.693918986719,-2526.1873430913724,26,0.5368116294244503,-0.3284899039707962
"T-C|ma=SMA,N=50|X1|S|4h",T-C,"ma=SMA,N=50",X1,S,4h,0.009343309538717983,0.0004890511728730327,2160,-0.30793224183564905,0.7139124692939134,6144.262427571055,621.7141874564936,29,0.05732427489966563,-0.09063344586737238
"T-C|ma=SMA,N=50|X1|LS|4h",T-C,"ma=SMA,N=50",X1,LS,4h,-0.24798631492540696,-0.012980196970694857,2160,-0.4990827171554648,0.5962348063297245,3756.445913288786,-122.8314916645965,20,-0.34575193483922595,-0.09063344586737485
"T-C|ma=SMA,N=50|X2|L|4h",T-C,"ma=SMA,N=50",X2,L,4h,0.6511019306056447,0.03408023265236677,2022,1.5051922466780834,0.4621870817341689,10620.480902183355,-4136.84892908597,21,0.8189130699194715,0.348085137714633
"T-C|ma=SMA,N=50|X2|S|4h",T-C,"ma=SMA,N=50",X2,S,4h,0.0003475678534835251,1.8192532923660738e-05,2002,-0.2782436224439332,0.715420128007973,6128.133585294713,1013.8236745760098,15,0.00577048608513988,-0.009421670167818731
"T-C|ma=SMA,N=50|X2|LS|4h",T-C,"ma=SMA,N=50",X2,LS,4h,0.6623776206260225,0.034670429242404516,2106,1.4390399056902465,0.6015362684778753,11606.057178195997,-1653.7353912011195,13,0.9483346109758373,0.14027813404110848
"T-C|ma=SMA,N=50|X3|L|4h",T-C,"ma=SMA,N=50",X3,L,4h,0.15081702793112703,0.007894124035310833,2158,0.0038174172448570687,0.4790247017631144,4818.852718130355,-928.1434728893905,12,0.1899720084636841,0.07889701336904935
"T-C|ma=SMA,N=50|X3|S|4h",T-C,"ma=SMA,N=50",X3,S,4h,0.08808378263329841,0.00461051590225048,2162,-0.08275776791015521,0.555967384289274,7086.569699341909,627.1030669520366,10,0.2868966803309846,-0.350050582713176
"T-C|ma=SMA,N=50|X3|LS|4h",T-C,"ma=SMA,N=50",X3,LS,4h,0.06867828902578704,0.003594785943866188,2428,-0.13890125480549975,0.42437353652992693,5800.481251920366,-61.451531999282984,18,0.134250235744047,-0.0665518200794235
"T-C|ma=SMA,N=50|X4|L|4h",T-C,"ma=SMA,N=50",X4,L,4h,0.0018581046261514319,9.725764120032051e-05,2158,-0.2674183936656567,0.577304710535915,4093.774091703456,-1291.0820563543527,19,0.14973894921007885,-0.2945450694600767
"T-C|ma=SMA,N=50|X4|S|4h",T-C,"ma=SMA,N=50",X4,S,4h,0.1082458018700209,0.005665844221872943,2162,-0.12610488737307546,0.6765182095770683,6412.555509097971,736.432130894528,23,0.08814918112896356,0.15164524858939613
"T-C|ma=SMA,N=50|X4|LS|4h",T-C,"ma=SMA,N=50",X4,LS,4h,-0.28356503653531556,-0.014842472373275213,2256,-0.5279758916586857,0.6254399139563479,4467.17804344006,291.25235469874866,19,-0.07733158478656604,-0.7229255094246965
"T-C|ma=SMA,N=100|X1|L|4h",T-C,"ma=SMA,N=100",X1,L,4h,0.6093717653243936,0.03189597597218173,1370,1.2201522840761125,0.43632629172321435,5976.028219303544,-4091.3265143093936,27,0.8899916777109267,-0.03708103205414203
"T-C|ma=SMA,N=100|X1|S|4h",T-C,"ma=SMA,N=100",X1,S,4h,0.3266215591906633,0.01709615377141087,1364,0.28705406977344494,0.5487988042561468,5372.00617181693,659.8443227414836,21,0.3994914601417447,0.18239793683609767
"T-C|ma=SMA,N=100|X1|LS|4h",T-C,"ma=SMA,N=100",X1,LS,4h,0.6093717653243936,0.03189597597218173,1370,1.2201522840761125,0.43632629172321435,5976.028219303544,-4091.3265143093936,27,0.8899916777109267,-0.03708103205414203
"T-C|ma=SMA,N=100|X2|L|4h",T-C,"ma=SMA,N=100",X2,L,4h,0.8612644047916906,0.04508063931433924,1298,3.1247618615891932,0.47659897637793347,9904.754090560435,-6626.726667478718,30,1.1133569097767306,0.39887662378154354
"T-C|ma=SMA,N=100|X2|S|4h",T-C,"ma=SMA,N=100",X2,S,4h,0.33331378765713837,0.017446441018890094,1290,0.3062248200998552,0.5924717901912486,5714.115050226138,1079.1096497459134,15,0.3232656515827363,0.35150993486003146
"T-C|ma=SMA,N=100|X2|LS|4h",T-C,"ma=SMA,N=100",X2,LS,4h,0.7122923516251819,0.03728308567186605,1316,1.57157321184695,0.3950184984081979,8049.888955085538,-1897.1517136456748,18,1.0750558397672414,-0.029143010055407724
"T-C|ma=SMA,N=100|X3|L|4h",T-C,"ma=SMA,N=100",X3,L,4h,0.381524023908446,0.01996988011565613,1370,0.3508511920545061,0.33346611377440794,4478.73251046249,-803.333623687821,3,0.5905438932408809,-0.0005881558741838059
"T-C|ma=SMA,N=100|X3|S|4h",T-C,"ma=SMA,N=100",X3,S,4h,0.3328621142059579,0.01742279934993542,1364,0.2840465379830932,0.31715016044562594,5424.901060378608,342.1903983307762,6,0.6819710017883382,-0.42518924096032257
"T-C|ma=SMA,N=100|X3|LS|4h",T-C,"ma=SMA,N=100",X3,LS,4h,0.3864213467100115,0.02022621770675472,1590,0.39260595299202095,0.3617197186025036,5880.557795155864,-333.8754825602803,5,0.7224502977585879,-0.3808325129162571
"T-C|ma=SMA,N=100|X4|L|4h",T-C,"ma=SMA,N=100",X4,L,4h,0.3432174343378074,0.017964821578244427,1370,0.3233992697333672,0.372764600548966,3576.57338523929,-1048.5196470662422,9,0.4001132679703439,0.23363140264464982
"T-C|ma=SMA,N=100|X4|S|4h",T-C,"ma=SMA,N=100",X4,S,4h,0.34112026947380897,0.017855050952301183,1364,0.3201163071387252,0.4037648496291295,5886.431533774659,632.04650389537,13,0.5983044236244988,-0.19379045528910413
"T-C|ma=SMA,N=100|X4|LS|4h",T-C,"ma=SMA,N=100",X4,LS,4h,0.0474548642559936,0.0024839011194858294,1496,-0.1631638691309274,0.3922064240350829,3871.094358067526,-104.7835242935008,14,0.2745829030384736,-0.4978916239544736
"T-C|ma=SMA,N=200|X1|L|4h",T-C,"ma=SMA,N=200",X1,L,4h,0.6928669656675494,0.03626631450028876,922,1.633851289883586,0.40212332004670237,3834.493325541556,-4127.273230836998,33,0.83884549845097,0.3425636691612299
"T-C|ma=SMA,N=200|X1|S|4h",T-C,"ma=SMA,N=200",X1,S,4h,0.3644854752101575,0.019078041716165874,918,0.3786257989573405,0.542804659784306,3170.588808246993,299.52269340871476,15,0.2895888637037387,0.5169155654643552
"T-C|ma=SMA,N=200|X1|LS|4h",T-C,"ma=SMA,N=200",X1,LS,4h,0.32518775864702837,0.017021105220934727,920,0.29180117831160013,0.5428046597843053,3016.876342932972,-1.8686938656959187,9,0.2967328474900222,0.4172692791372502
"T-C|ma=SMA,N=200|X2|L|4h",T-C,"ma=SMA,N=200",X2,L,4h,1.0060661773410082,0.05265991049291721,890,5.076330068828233,0.43177943848150246,7734.831175418646,-8443.254411655784,40,1.17926483358801,0.6449107139779376
"T-C|ma=SMA,N=200|X2|S|4h",T-C,"ma=SMA,N=200",X2,S,4h,0.3629815453108028,0.01899932242744378,852,0.3703333075613824,0.5329957850540373,3311.573139735427,735.5501510171911,16,0.20689914956661912,0.6023475594276847
"T-C|ma=SMA,N=200|X2|LS|4h",T-C,"ma=SMA,N=200",X2,LS,4h,0.624974273996701,0.032712648601332425,882,1.0745750558001053,0.38216117618482737,3685.9466079918175,-1273.017884036026,12,0.5091714437123498,0.8164658032006951
"T-C|ma=SMA,N=200|X3|L|4h",T-C,"ma=SMA,N=200",X3,L,4h,0.07355205650885586,0.0038498905932442397,922,-0.013618857059720546,0.3219707896081564,2108.777688332421,-314.6346607713616,1,0.0504389439800576,0.1213159595272579
"T-C|ma=SMA,N=200|X3|S|4h",T-C,"ma=SMA,N=200",X3,S,4h,0.2775279420870141,0.014526476407557458,920,0.19276448645531108,0.38249194332266356,3076.0920204407416,87.1002628491111,2,0.4408581876853458,-0.14978977521214298
"T-C|ma=SMA,N=200|X3|LS|4h",T-C,"ma=SMA,N=200",X3,LS,4h,0.27255755490771816,0.01426631445213954,1066,0.19187570700906087,0.27695468158991676,2989.329923738291,-207.95330381757196,3,0.3759805251819235,0.016812102851749333
"T-C|ma=SMA,N=200|X4|L|4h",T-C,"ma=SMA,N=200",X4,L,4h,0.3298796366746079,0.01726668934108578,922,0.2694718808013392,0.34444807603696603,2282.5371866985297,-568.9779196566762,3,0.3582399768772284,0.27155065320119415
"T-C|ma=SMA,N=200|X4|S|4h",T-C,"ma=SMA,N=200",X4,S,4h,0.19907801099766864,0.010420219341785743,918,0.09576898095955011,0.412745245289322,2778.038672621561,218.37605346275936,5,0.2568211101418904,0.05973888363365389
"T-C|ma=SMA,N=200|X4|LS|4h",T-C,"ma=SMA,N=200",X4,LS,4h,0.25880542254288447,0.013546494945501432,1024,0.1748995574549448,0.2726688391240667,2828.155573023862,25.010716467024213,5,0.4007838078396504,-0.09070546688300779
"T-C|ma=EMA,N=20|X1|L|4h",T-C,"ma=EMA,N=20",X1,L,4h,-0.04532571537678507,-0.002372456373672441,3868,-0.39481501154717935,0.6633393356779866,7920.32904956283,-1845.343035742684,23,0.3300152754706042,-0.8311109515166926
"T-C|ma=EMA,N=20|X1|S|4h",T-C,"ma=EMA,N=20",X1,S,4h,-0.33922326644675316,-0.017755757275742478,3878,-0.6620235876470235,0.7999696753037294,8089.537869302789,565.2725452625882,26,-0.23445053594087586,-0.5613119088526388
"T-C|ma=EMA,N=20|X1|LS|4h",T-C,"ma=EMA,N=20",X1,LS,4h,-0.25501394608528266,-0.013348039997516794,3890,-0.5110623327511367,0.7193154282610419,9388.862133680841,-317.4920420826689,14,0.08462484521952651,-1.0462141293790588
"T-C|ma=EMA,N=20|X2|L|4h",T-C,"ma=EMA,N=20",X2,L,4h,0.41539006584570315,0.02174250976699651,3582,0.5352264561043651,0.5585452244074454,12127.624105447741,-2511.138193492614,15,0.49743470787548827,0.28283112905137975
"T-C|ma=EMA,N=20|X2|S|4h",T-C,"ma=EMA,N=20",X2,S,4h,-0.09275207742161531,-0.004854865619241308,3542,-0.41682659242176,0.6987187116887219,9842.293950995354,939.5538575570216,9,-0.09021616949111165,-0.09733966520846458
"T-C|ma=EMA,N=20|X2|LS|4h",T-C,"ma=EMA,N=20",X2,LS,4h,0.6873573229970596,0.03597792662242295,3784,1.5207236599411855,0.2942340978428848,18244.713348060955,-1517.963370576481,13,0.661635750619173,0.7332457877029638
"T-C|ma=EMA,N=20|X3|L|4h",T-C,"ma=EMA,N=20",X3,L,4h,-0.012044883935481063,-0.0006304580396653349,3868,-0.3022933923295502,0.6169821313161015,8387.84641490006,-1548.638778501724,19,0.39139643886612957,-0.8092391971560805
"T-C|ma=EMA,N=20|X3|S|4h",T-C,"ma=EMA,N=20",X3,S,4h,-0.3923682251266071,-0.020537491549552873,3880,-0.6510953285736509,0.7857831104996408,7944.252805298757,621.5270569997888,18,-0.3215586809930797,-0.5437864770308197
"T-C|ma=EMA,N=20|X3|LS|4h",T-C,"ma=EMA,N=20",X3,LS,4h,-0.2039078607247659,-0.010673025230753596,4044,-0.4934284479929545,0.68077509763265,10341.09406926586,397.6055394174678,25,0.36346889072629,-1.4316864031193086
"T-C|ma=EMA,N=20|X4|L|4h",T-C,"ma=EMA,N=20",X4,L,4h,0.01545980571159081,0.0008092032148043453,3868,-0.307635730934666,0.6444027606106656,8394.45981251369,-1893.3229242646366,21,0.39416900746600164,-0.7621936122567863
"T-C|ma=EMA,N=20|X4|S|4h",T-C,"ma=EMA,N=20",X4,S,4h,-0.3105278412204656,-0.01625377007250872,3878,-0.6390078284728571,0.7999214524738921,8018.418282091049,618.815826359366,24,-0.24687512321773417,-0.44609165213367635
"T-C|ma=EMA,N=20|X4|LS|4h",T-C,"ma=EMA,N=20",X4,LS,4h,0.3358807435353225,0.017580801630377608,3908,0.30544341231116445,0.4770877937447816,13717.507883351747,226.4233612376108,22,0.6425747219549626,-0.2762349648144908
"T-C|ma=EMA,N=50|X1|L|4h",T-C,"ma=EMA,N=50",X1,L,4h,0.15806467694421497,0.008273483322909591,2478,-0.08927850240214352,0.6067884939286547,6952.135878202245,-2679.124833673982,25,0.5468255244036083,-0.7169478845635398
"T-C|ma=EMA,N=50|X1|S|4h",T-C,"ma=EMA,N=50",X1,S,4h,-0.1101005036583533,-0.005762923750401347,2484,-0.4462576900937295,0.7431038698093557,7023.659562840964,580.1940701213106,24,0.03528806443678825,-0.4064541620655332
"T-C|ma=EMA,N=50|X1|LS|4h",T-C,"ma=EMA,N=50",X1,LS,4h,-0.5779177334623871,-0.030249596698332826,2486,-0.7397681752310931,0.7467886068501408,3510.522507313617,192.8731928215073,21,-0.6730783588052942,-0.4064541620655286
"T-C|ma=EMA,N=50|X2|L|4h",T-C,"ma=EMA,N=50",X2,L,4h,0.6448326610077307,0.0337520840838952,2320,1.5382268801930854,0.5747917660058688,13148.319774976884,-4779.055508141628,16,0.9091557843287255,0.16555463897024475
"T-C|ma=EMA,N=50|X2|S|4h",T-C,"ma=EMA,N=50",X2,S,4h,-0.10539311231129588,-0.005516527625996944,2312,-0.4093130254649,0.6958397486400438,6854.237190108624,886.916884055011,14,0.0077374374508909025,-0.29659842707302864
"T-C|ma=EMA,N=50|X2|LS|4h",T-C,"ma=EMA,N=50",X2,LS,4h,0.18096767219380527,0.00947228088417015,2422,0.0109805071291873,0.5645551181015052,7121.532262444694,-162.41397057979574,7,0.06432117648651921,0.3710015501084368
"T-C|ma=EMA,N=50|X3|L|4h",T-C,"ma=EMA,N=50",X3,L,4h,-0.17756951890028155,-0.009294413411524247,2482,-0.37980226907815573,0.5567123681662437,5064.550727121231,-922.0286510010726,10,0.09472143382699028,-0.6932373931757236
"T-C|ma=EMA,N=50|X3|S|4h",T-C,"ma=EMA,N=50",X3,S,4h,0.05048871193056515,0.0026426999645223735,2488,-0.14428284087589505,0.6108430349498528,8433.819922581157,633.4205969833371,10,0.2157905568556911,-0.30197386795720127
"T-C|ma=EMA,N=50|X3|LS|4h",T-C,"ma=EMA,N=50",X3,LS,4h,-0.05586412843939139,-0.0029240621239829756,2704,-0.29098546709611417,0.5729415813156529,6918.60788360707,-13.816707283365398,15,0.28622354510243087,-0.8114725814788151
"T-C|ma=EMA,N=50|X4|L|4h",T-C,"ma=EMA,N=50",X4,L,4h,-0.06158992562578104,-0.0032237640463085838,2478,-0.3389944191302183,0.593114423827751,5093.928064758631,-1427.1404550281004,16,0.26782375863809615,-0.7217194656751686
"T-C|ma=EMA,N=50|X4|S|4h",T-C,"ma=EMA,N=50",X4,S,4h,0.029834279659704845,0.0015615975687136136,2484,-0.23826629290536994,0.6554524350802952,7661.846625820277,725.6312138445076,18,0.1313262873080566,-0.18177716156235665
"T-C|ma=EMA,N=50|X4|LS|4h",T-C,"ma=EMA,N=50",X4,LS,4h,-0.3362936608791939,-0.017602414711961077,2572,-0.5563552647661876,0.6984467217640531,6021.737740219299,293.62412815838576,13,0.2665611094329791,-1.7661931563335385
"T-C|ma=EMA,N=100|X1|L|4h",T-C,"ma=EMA,N=100",X1,L,4h,0.6993494946363563,0.03660562557440453,1444,1.6235727800468744,0.4153509516343852,6669.122783503155,-4315.466547044627,25,0.9262693988777383,0.1664731664764433
"T-C|ma=EMA,N=100|X1|S|4h",T-C,"ma=EMA,N=100",X1,S,4h,0.4362633407772871,0.022835066911195877,1440,0.5726456566086962,0.4752475493258542,5858.735752468586,645.6789956270615,21,0.4621533324797222,0.384596208517641
"T-C|ma=EMA,N=100|X1|LS|4h",T-C,"ma=EMA,N=100",X1,LS,4h,0.8643798957174411,0.04524371156245429,1446,2.1301451273940524,0.2873476834905613,7907.07632205873,-3515.960150509741,14,1.1110582203191781,0.2810886098424197
"T-C|ma=EMA,N=100|X2|L|4h",T-C,"ma=EMA,N=100",X2,L,4h,1.0378664657800418,0.05432441366434313,1394,5.067132504915177,0.40911753203621537,12568.400364541973,-7858.646839618771,29,1.2483709067092061,0.630611785027043
"T-C|ma=EMA,N=100|X2|S|4h",T-C,"ma=EMA,N=100",X2,S,4h,0.45978779914773177,0.02406639333890271,1384,0.6353424326511592,0.4424108368073111,6729.109558415285,1223.3666991413866,17,0.4867009795362609,0.4144186695843953
"T-C|ma=EMA,N=100|X2|LS|4h",T-C,"ma=EMA,N=100",X2,LS,4h,1.2819492154987748,0.0671002886937816,1388,5.849562552496837,0.22359239480039317,11281.847292709068,-1651.9992724687945,17,1.0236162445440662,1.7245451962217029
"T-C|ma=EMA,N=100|X3|L|4h",T-C,"ma=EMA,N=100",X3,L,4h,0.47561934239482284,0.024895054185607612,1448,0.5022153938707525,0.33424130831759935,4195.993724218598,-761.1486155976734,4,0.417856427022442,0.5869878081986688
"T-C|ma=EMA,N=100|X3|S|4h",T-C,"ma=EMA,N=100",X3,S,4h,0.6043591486181533,0.031633603622299576,1444,0.8154908617704273,0.29079480674382274,6489.272381734381,458.14741075107344,5,0.8539785494821481,0.04640007016950711
"T-C|ma=EMA,N=100|X3|LS|4h",T-C,"ma=EMA,N=100",X3,LS,4h,0.6642108714394045,0.034766385975587726,1638,1.0026972706053718,0.2358738424888659,6825.777064689108,-304.98385774338084,6,0.8670075295105222,0.19587789002678188
"T-C|ma=EMA,N=100|X4|L|4h",T-C,"ma=EMA,N=100",X4,L,4h,0.42944369197642296,0.02247811017859228,1448,0.49670156158761025,0.4364969991411727,3892.550470859262,-1136.1838014150835,8,0.41771072923882513,0.45275475755838396
"T-C|ma=EMA,N=100|X4|S|4h",T-C,"ma=EMA,N=100",X4,S,4h,0.5304826973342855,0.027766733430494885,1440,0.7661662410497585,0.33916134201844783,6784.807338627394,766.7086143577543,13,0.7686577720849189,0.026400903695000828
"T-C|ma=EMA,N=100|X4|LS|4h",T-C,"ma=EMA,N=100",X4,LS,4h,0.10544758004216079,0.005519378597331334,1542,-0.05323423353424428,0.4404359373069382,4088.7954146262678,61.52365563479306,9,0.41333498558492976,-0.6437626733408144
"T-C|ma=EMA,N=200|X1|L|4h",T-C,"ma=EMA,N=200",X1,L,4h,0.8080042028966713,0.04229287293495546,988,2.2677036549411653,0.4261404897522517,5147.85901484507,-5168.363750913968,32,0.932035190781821,0.5217343390654385
"T-C|ma=EMA,N=200|X1|S|4h",T-C,"ma=EMA,N=200",X1,S,4h,0.47640797723623474,0.024936333219825923,988,0.6669055248913329,0.46214758029209935,3919.925381142342,417.7739774936288,12,0.377214963536232,0.6735568029366485
"T-C|ma=EMA,N=200|X1|LS|4h",T-C,"ma=EMA,N=200",X1,LS,4h,0.7426976335529267,0.038874570865274204,992,1.2438342572808074,0.22785559814183398,4515.83339029459,-1738.6595962299884,3,0.8076899351957069,0.6006141358200011
"T-C|ma=EMA,N=200|X2|L|4h",T-C,"ma=EMA,N=200",X2,L,4h,1.074236213078356,0.05622809324379298,958,5.70253570101831,0.40505423334562896,9362.810143909546,-9005.236218741647,47,1.1851938324789248,0.8505522561069779
"T-C|ma=EMA,N=200|X2|S|4h",T-C,"ma=EMA,N=200",X2,S,4h,0.5443978120733178,0.028495083824494602,952,0.8680238294305724,0.3719136032021967,4425.972560738684,952.9976642612656,19,0.41974913464960034,0.7458880101979057
"T-C|ma=EMA,N=200|X2|LS|4h",T-C,"ma=EMA,N=200",X2,LS,4h,1.0425248643341791,0.05456824538876264,982,3.3531042706472425,0.34595282684505224,7157.910268507365,-3338.2909426949523,17,1.062973334784987,1.0043913824732666
"T-C|ma=EMA,N=200|X3|L|4h",T-C,"ma=EMA,N=200",X3,L,4h,0.6284236278828782,0.032893196035482894,992,0.6116802338215832,0.18720609242198472,3288.0542054273737,-495.68391160024584,1,0.5550096397533695,0.8035508674030517
"T-C|ma=EMA,N=200|X3|S|4h",T-C,"ma=EMA,N=200",X3,S,4h,0.6143399381693937,0.03215602202404534,990,0.6941336352948133,0.2876980228737289,3833.985920161039,108.34197045272876,3,0.6714409560798432,0.4882207608302925
"T-C|ma=EMA,N=200|X3|LS|4h",T-C,"ma=EMA,N=200",X3,LS,4h,0.6395870869914597,0.03347751819111181,1138,0.7893977109179879,0.19274517658543167,4178.852067542407,-274.45054187495253,4,0.6845368057600164,0.544465930346909
"T-C|ma=EMA,N=200|X4|L|4h",T-C,"ma=EMA,N=200",X4,L,4h,0.7030873223795842,0.03680127242033721,992,0.9505436212890728,0.2735215979323288,3654.263606556669,-999.5749186063478,5,0.7987673342761341,0.5027132008970413
"T-C|ma=EMA,N=200|X4|S|4h",T-C,"ma=EMA,N=200",X4,S,4h,0.5921467425089305,0.030994377071304167,990,0.7790661435463409,0.2339580465656702,4118.440303663689,303.7695624730054,6,0.6485522954129782,0.46868618405780255
"T-C|ma=EMA,N=200|X4|LS|4h",T-C,"ma=EMA,N=200",X4,LS,4h,0.7817905317388001,0.04092078667666117,1092,1.1824626756289676,0.18408019341165094,4531.882500443386,-166.5793036547241,6,0.8627964996665698,0.6144052561043443
"M-A|n=2,U=50|X1|L|4h",M-A,"n=2,U=50",X1,L,4h,-0.8432389882697987,-0.044137145892118125,10366,-0.892861723211622,0.9137351075458718,8664.039158103727,-504.247446768003,19,-0.9040656686160573,-0.7187671921187629
"M-A|n=2,U=50|X1|S|4h",M-A,"n=2,U=50",X1,S,4h,-1.2527406166114772,-0.06557144075348624,10350,-0.950758437146959,0.9647548097577158,11400.759819768165,302.9754511464747,16,-1.5228210714778612,-0.6660047325593099
"M-A|n=2,U=50|X1|LS|4h",M-A,"n=2,U=50",X1,LS,4h,-0.5620832750952673,-0.0294207832672719,10366,-0.7996527078338992,0.8630214679337802,16957.557783544573,-271.4462089636711,18,-0.48495039188970546,-0.7187671921187543
"M-A|n=2,U=50|X2|L|4h",M-A,"n=2,U=50",X2,L,4h,-0.8432389882697987,-0.044137145892118125,10366,-0.892861723211622,0.9137351075458718,8664.039158103727,-504.247446768003,19,-0.9040656686160573,-0.7187671921187629
"M-A|n=2,U=50|X2|S|4h",M-A,"n=2,U=50",X2,S,4h,-1.2527406166114772,-0.06557144075348624,10350,-0.950758437146959,0.9647548097577158,11400.759819768165,302.9754511464747,16,-1.5228210714778612,-0.6660047325593099
"M-A|n=2,U=50|X2|LS|4h",M-A,"n=2,U=50",X2,LS,4h,-0.5620832750952673,-0.0294207832672719,10366,-0.7996527078338992,0.8630214679337802,16957.557783544573,-271.4462089636711,18,-0.48495039188970546,-0.7187671921187543
"M-A|n=2,U=50|X3|L|4h",M-A,"n=2,U=50",X3,L,4h,0.07612066878686734,0.003984337904661255,3760,-0.3553949932141198,0.7187366226121538,6815.394134142753,-1582.0199407979235,76,0.13328664694718478,-0.055949617170909904
"M-A|n=2,U=50|X3|S|4h",M-A,"n=2,U=50",X3,S,4h,-0.6161835549020842,-0.032252521334243126,3736,-0.8811013486998255,0.9636671496128346,8130.742751831853,587.8624681703079,70,-0.8105990310542593,-0.21332469204453608
"M-A|n=2,U=50|X3|LS|4h",M-A,"n=2,U=50",X3,LS,4h,-0.49759993978838696,-0.026045571236469167,4132,-0.775813866993122,0.8814934332566824,9326.524112720428,541.6477134893735,52,-0.20245461238350265,-1.1783256705602227
"M-A|n=2,U=50|X4|L|4h",M-A,"n=2,U=50",X4,L,4h,0.17172290309003405,0.008988387553396475,2176,-0.2867361424415099,0.7246513719710752,4829.18061720217,-2373.1970274730497,88,0.3659553828364536,-0.2514478418399318
"M-A|n=2,U=50|X4|S|4h",M-A,"n=2,U=50",X4,S,4h,-0.42481333165716645,-0.02223574604246115,2174,-0.8544534108204292,0.9576416035427869,4059.922219055399,737.2575342007508,98,-0.709391995716745,0.17908231157072632
"M-A|n=2,U=50|X4|LS|4h",M-A,"n=2,U=50",X4,LS,4h,-0.8294569152680284,-0.043415759220917,2308,-0.8905816056236768,0.922459234286108,2315.980567742965,261.38678945942826,63,-0.9758684940682382,-0.517740616443699
"M-A|n=2,U=50|X5|L|4h",M-A,"n=2,U=50",X5,L,4h,-0.9153594718810226,-0.04791210453520713,8728,-0.8796860202891098,0.924906611081462,9850.803772139912,-593.8826213026216,7,-1.1515323198692433,-0.5514402720836545
"M-A|n=2,U=50|X5|S|4h",M-A,"n=2,U=50",X5,S,4h,-1.224159711985856,-0.06407544783245431,8884,-0.9157198018377805,0.9430343274030515,15226.166240116383,695.5041845379777,7,-1.2017443168959285,-1.2662406734142457
"M-A|n=2,U=50|X5|LS|4h",M-A,"n=2,U=50",X5,LS,4h,-1.3341862069771782,-0.06983449779217533,10198,-0.9126769917346824,0.937991778465537,12743.320703973168,-28.68878443621485,4,-1.5171035200150151,-1.0317415974360287
"M-A|n=2,U=60|X1|L|4h",M-A,"n=2,U=60",X1,L,4h,-0.782535335321505,-0.04095977147794304,8946,-0.8600741131823332,0.8880258558326826,7563.219467006477,-474.43313913630163,14,-0.8607716981635243,-0.6223711595371458
"M-A|n=2,U=60|X1|S|4h",M-A,"n=2,U=60",X1,S,4h,-1.1635244117878012,-0.0609016511647442,9020,-0.9314574787432273,0.9552508281651119,11061.407251611965,344.845007091945,12,-1.3374630903704845,-0.7876419630249454
"M-A|n=2,U=60|X1|LS|4h",M-A,"n=2,U=60",X1,LS,4h,-1.003844779398104,-0.05254363721042634,10910,-0.9093292442040213,0.9249718268026254,9788.582849013312,-6.330028732343564,15,-1.2515069227144673,-0.4710728016338398
"M-A|n=2,U=60|X2|L|4h",M-A,"n=2,U=60",X2,L,4h,-0.5419100137889507,-0.028364866510832937,7814,-0.7962435550202348,0.8346605319031802,7921.67411677309,-674.1256879879327,19,-0.5095783374867879,-0.6092764558955501
"M-A|n=2,U=60|X2|S|4h",M-A,"n=2,U=60",X2,S,4h,-0.9401122245763855,-0.04920772282627837,7820,-0.9074089680470591,0.9260166080794137,8946.786141513285,407.3946928017262,16,-1.116913622126958,-0.5542174849874406
"M-A|n=2,U=60|X2|LS|4h",M-A,"n=2,U=60",X2,LS,4h,-0.5905453996028612,-0.03091055895277349,8854,-0.8134398761178,0.8566106861005576,11957.264179771104,-149.09515970882333,22,-0.5632874915959546,-0.6541984885605864
"M-A|n=2,U=60|X3|L|4h",M-A,"n=2,U=60",X3,L,4h,-0.1864194899250116,-0.00975764206638164,3714,-0.6626311055798387,0.8027176457674972,4304.99190313788,-1050.5993059619698,68,-0.056499377626345645,-0.4851626237417527
"M-A|n=2,U=60|X3|S|4h",M-A,"n=2,U=60",X3,S,4h,-0.34517450914100983,-0.018067259555273895,3670,-0.7678205363899847,0.9216697352652927,6806.9959823730605,457.441323995145,60,-0.7323622187985706,0.5192949020971727
"M-A|n=2,U=60|X3|LS|4h",M-A,"n=2,U=60",X3,LS,4h,0.08997799890525686,0.0047096637133807505,4230,-0.2137978873118852,0.6142145796342222,7251.464360627665,-125.16810400095754,36,-0.24273479583076632,0.8124134765876142
"M-A|n=2,U=60|X4|L|4h",M-A,"n=2,U=60",X4,L,4h,0.01821666212787037,0.0009535036747470498,2170,-0.5001895266823735,0.7256067377499089,4229.816093012715,-2190.2603019915746,103,0.3372878262403229,-0.6553467004848019
"M-A|n=2,U=60|X4|S|4h",M-A,"n=2,U=60",X4,S,4h,-0.33991854924338033,-0.017792150040614487,2170,-0.8074903030433317,0.9452526691664241,4403.36029029582,559.2978808370756,91,-0.5559882204200115,0.14056109292127236
"M-A|n=2,U=60|X4|LS|4h",M-A,"n=2,U=60",X4,LS,4h,-0.8112412719494994,-0.04246230887308813,2334,-0.8826554799765666,0.8910767203738668,1974.9472063195346,67.02900785432217,44,-0.7243156721281241,-1.0318213491404447
"M-A|n=2,U=60|X5|L|4h",M-A,"n=2,U=60",X5,L,4h,-0.8233963825136138,-0.04309853643818678,7768,-0.8471261680643518,0.904584536688119,8962.400181642703,-579.7991878979309,4,-1.0101524059120044,-0.5432353528479357
"M-A|n=2,U=60|X5|S|4h",M-A,"n=2,U=60",X5,S,4h,-1.1442291588142612,-0.05989169146486613,7910,-0.8909588419704004,0.9272359032062476,15167.97205236248,742.0221202241175,3,-0.9773930568473455,-1.4741334577506793
"M-A|n=2,U=60|X5|LS|4h",M-A,"n=2,U=60",X5,LS,4h,-0.9785573892210733,-0.05122003471457327,10540,-0.8758721682051298,0.9076004921235542,14684.695340702681,-48.92598112716697,5,-1.039516653056293,-0.8706795296967241
"M-A|n=2,U=70|X1|L|4h",M-A,"n=2,U=70",X1,L,4h,-0.8535004594653389,-0.044674255842589744,7300,-0.8496510204857965,0.8756131070927873,6106.683551961243,-438.2870559429207,14,-0.8714033587773832,-0.8178026324680201
"M-A|n=2,U=70|X1|S|4h",M-A,"n=2,U=70",X1,S,4h,-1.118623440600386,-0.0585514269180415,7406,-0.9070477889851207,0.9385207352194506,9796.814327713424,328.90777943510335,8,-1.3472319848219574,-0.6291124643384939
"M-A|n=2,U=70|X1|LS|4h",M-A,"n=2,U=70",X1,LS,4h,-1.2041673986131165,-0.0630290023237331,10936,-0.9466623935394126,0.9546052216720218,7083.199409380817,4.898480212928639,13,-1.5363386650404693,-0.5357336119688517
"M-A|n=2,U=70|X2|L|4h",M-A,"n=2,U=70",X2,L,4h,-0.38009149717950363,-0.019894898239688295,5564,-0.7055380826353874,0.7591039809013576,6647.496903674514,-830.3944333819975,22,-0.27588264125731077,-0.593393846119685
"M-A|n=2,U=70|X2|S|4h",M-A,"n=2,U=70",X2,S,4h,-0.7397728661057791,-0.038721481540289183,5560,-0.8562696689838285,0.8878649301685734,7402.027651733962,462.12258700253057,14,-0.838461265853993,-0.5276310787734532
"M-A|n=2,U=70|X2|LS|4h",M-A,"n=2,U=70",X2,LS,4h,-0.718530768876411,-0.03760961935470533,6924,-0.8634783222019435,0.8871468140832317,8694.529057612059,-77.56243092551894,21,-0.6509092382475588,-0.8685848756466488
"M-A|n=2,U=70|X3|L|4h",M-A,"n=2,U=70",X3,L,4h,-0.40217271941730864,-0.02105068223561811,3580,-0.8010192950822487,0.8852805122749331,2798.421236176015,-712.2771731773477,66,-0.31449843851568215,-0.6017284577761212
"M-A|n=2,U=70|X3|S|4h",M-A,"n=2,U=70",X3,S,4h,-0.6545725329358154,-0.03426189228090764,3532,-0.8898824525244138,0.9525755719432474,5014.423729371546,445.60833863577557,63,-1.0059935810896115,0.10932135606452402
"M-A|n=2,U=70|X3|LS|4h",M-A,"n=2,U=70",X3,LS,4h,-0.653263201811278,-0.03419335875759015,4210,-0.8128208940861605,0.8655085924742969,4022.1672002414175,-113.1441057076691,31,-0.979590702345417,-0.0057952659064673005
"M-A|n=2,U=70|X4|L|4h",M-A,"n=2,U=70",X4,L,4h,-0.009717262824841859,-0.0005086247824618787,2100,-0.534062974875497,0.7898211768300116,3058.615910319507,-1488.048446454066,95,0.14575095041892447,-0.3539660836913308
"M-A|n=2,U=70|X4|S|4h",M-A,"n=2,U=70",X4,S,4h,-0.3672795999927082,-0.019224292891554796,2114,-0.8171809990103329,0.9525998689122859,4582.102525925566,1058.4689697472581,83,-0.6324147662267324,0.22011829892915405
"M-A|n=2,U=70|X4|LS|4h",M-A,"n=2,U=70",X4,LS,4h,-0.29548050914472856,-0.015466156714548734,2332,-0.6398858223568634,0.7075585565549101,4214.626664675007,-191.4274451756184,36,-0.23509545569038995,-0.4139836694005168
"M-A|n=2,U=70|X5|L|4h",M-A,"n=2,U=70",X5,L,4h,-0.6812882815618009,-0.03566025847498238,6532,-0.7689023209601648,0.8432835685773644,8795.679561742163,-646.8070929303659,4,-0.7105111543851778,-0.6372816953969633
"M-A|n=2,U=70|X5|S|4h",M-A,"n=2,U=70",X5,S,4h,-1.0012915838910417,-0.052409996849681714,6614,-0.8415988003184711,0.8895821818023275,13112.205819282555,671.7368959926614,1,-0.9620641560344184,-1.074572061333087
"M-A|n=2,U=70|X5|LS|4h",M-A,"n=2,U=70",X5,LS,4h,-0.7743515589437805,-0.04053141304462007,10344,-0.8572472524173556,0.8999957950750616,12815.563390041805,-30.72680189590317,4,-0.8935327883843576,-0.5821692668070958
"M-A|n=2,U=80|X1|L|4h",M-A,"n=2,U=80",X1,L,4h,-0.6723614005968226,-0.035193004169863894,5420,-0.7420806628838168,0.7850628843563052,5838.090191956811,-438.11906815118607,11,-0.605778767841266,-0.8025122128082137
"M-A|n=2,U=80|X1|S|4h",M-A,"n=2,U=80",X1,S,4h,-0.6438111064525741,-0.0336986134746552,5478,-0.7332762665536876,0.8219911988382942,9211.355813677561,290.23996690771736,8,-0.8878779378393847,-0.1192360652819881
"M-A|n=2,U=80|X1|LS|4h",M-A,"n=2,U=80",X1,LS,4h,-0.8244049894950055,-0.043151329340441975,9694,-0.8841649476322042,0.9005336486076323,8457.47030581716,-27.47806342773062,22,-0.9899140025391616,-0.4865511678267693
"M-A|n=2,U=80|X2|L|4h",M-A,"n=2,U=80",X2,L,4h,-0.14864847554730487,-0.007780616815802578,3646,-0.5122509120359509,0.6850158388903642,5188.307576508538,-989.7042008016605,24,-0.07858760487254102,-0.2895172413818816
"M-A|n=2,U=80|X2|S|4h",M-A,"n=2,U=80",X2,S,4h,-0.46192726812916285,-0.024178378263554783,3642,-0.7411235738060992,0.8397766648875206,5962.916898535111,499.49596359154737,17,-0.5878847292014191,-0.19016273242423545
"M-A|n=2,U=80|X2|LS|4h",M-A,"n=2,U=80",X2,LS,4h,-0.18394465263289173,-0.009628103162060248,4800,-0.5994467716603633,0.6575832257954637,7566.0586042176865,-275.5945365015009,25,-0.11223545142587531,-0.3430312340248074
"M-A|n=2,U=80|X3|L|4h",M-A,"n=2,U=80",X3,L,4h,-0.06151050558968344,-0.0032196070116259374,3170,-0.46285705587691006,0.7474145990042959,4208.804381071664,-1058.9581404404973,49,-0.19289949980159693,0.20736374377650194
"M-A|n=2,U=80|X3|S|4h",M-A,"n=2,U=80",X3,S,4h,-0.5917719368281604,-0.03097475884534039,3200,-0.8682148669665357,0.9414967563034431,4057.484122931839,414.1212043652003,57,-0.9058598584051907,0.1257833004851534
"M-A|n=2,U=80|X3|LS|4h",M-A,"n=2,U=80",X3,LS,4h,-0.7429794286896643,-0.03888932069685801,4044,-0.8733683690685863,0.9235873981790477,2550.1372634767395,-35.41458036507958,40,-1.0750788359550136,0.01001897581645094
"M-A|n=2,U=80|X4|L|4h",M-A,"n=2,U=80",X4,L,4h,0.07399132362702263,0.003872882885049814,1988,-0.38823918129849244,0.7792606326625656,2821.7718578700596,-1322.6297935706582,85,0.046360765249060625,0.13493088705097692
"M-A|n=2,U=80|X4|S|4h",M-A,"n=2,U=80",X4,S,4h,-0.36573273935597117,-0.019143326505336667,1970,-0.8109368419737218,0.9526732594235943,3545.955692438997,378.2282887115769,89,-0.6293691494518389,0.22887492641232438
"M-A|n=2,U=80|X4|LS|4h",M-A,"n=2,U=80",X4,LS,4h,0.4708526513229224,0.024645554171744626,2268,0.6913520355880265,0.5165952461692744,10297.23574630972,-516.3699903511244,34,0.6974862415292872,-0.02861919161449889
"M-A|n=2,U=80|X5|L|4h",M-A,"n=2,U=80",X5,L,4h,-0.38030266651133804,-0.019905951347688248,5012,-0.5732860733451304,0.7064844291099937,8630.266793677325,-671.6908442242801,4,-0.3322427811090816,-0.4611873257864509
"M-A|n=2,U=80|X5|S|4h",M-A,"n=2,U=80",X5,S,4h,-0.48606185301226934,-0.02544164017251499,4986,-0.6085845213761312,0.754136573052751,12477.017809539724,599.0416118755369,1,-0.6264943048321409,-0.22152432808285527
"M-A|n=2,U=80|X5|LS|4h",M-A,"n=2,U=80",X5,LS,4h,-0.5298490161651337,-0.027733565042171983,9050,-0.7719689654922861,0.8392144737624191,13169.510678921919,-97.14338915125586,9,-0.6625006679606219,-0.3051101456911729
"M-A|n=7,U=50|X1|L|4h",M-A,"n=7,U=50",X1,L,4h,-0.36701278375320606,-0.019210327091285697,4980,-0.6888686539411141,0.7532755066045543,6628.949980725205,-1094.1271933300616,24,-0.09875386444901539,-0.9307362133817139
"M-A|n=7,U=50|X1|S|4h",M-A,"n=7,U=50",X1,S,4h,-0.6628621104242493,-0.034695788597468795,4982,-0.8267935927939092,0.8720660265369968,7697.517483064361,441.2678442845014,27,-0.6259420837826276,-0.7412527256240838
"M-A|n=7,U=50|X1|LS|4h",M-A,"n=7,U=50",X1,LS,4h,-0.10747265597805938,-0.005625375916322443,4990,-0.4202427550293515,0.6586952395491814,12365.211027889218,-1064.613232248317,18,0.2520708406513974,-0.7959067412201494
"M-A|n=7,U=50|X2|L|4h",M-A,"n=7,U=50",X2,L,4h,-0.36701278375320606,-0.019210327091285697,4980,-0.6888686539411141,0.7532755066045543,6628.949980725205,-1094.1271933300616,24,-0.09875386444901539,-0.9307362133817139
"M-A|n=7,U=50|X2|S|4h",M-A,"n=7,U=50",X2,S,4h,-0.6628621104242493,-0.034695788597468795,4982,-0.8267935927939092,0.8720660265369968,7697.517483064361,441.2678442845014,27,-0.6259420837826276,-0.7412527256240838
"M-A|n=7,U=50|X2|LS|4h",M-A,"n=7,U=50",X2,LS,4h,-0.10747265597805938,-0.005625375916322443,4990,-0.4202427550293515,0.6586952395491814,12365.211027889218,-1064.613232248317,18,0.2520708406513974,-0.7959067412201494
"M-A|n=7,U=50|X3|L|4h",M-A,"n=7,U=50",X3,L,4h,-0.3535546532088968,-0.018505896343262346,2620,-0.657312456359735,0.7669467662724063,2652.131012714918,-581.9658876910987,42,-0.5677213171326496,0.09880949901458307
"M-A|n=7,U=50|X3|S|4h",M-A,"n=7,U=50",X3,S,4h,-0.6978306899899859,-0.03652612770583938,2652,-0.832425089835218,0.8752599504414076,4017.7083999636197,663.4531868990217,50,-0.6905796069161321,-0.7159300860719469
"M-A|n=7,U=50|X3|LS|4h",M-A,"n=7,U=50",X3,LS,4h,-0.8325169431084716,-0.043575928398465,3032,-0.8609587933207433,0.9256693158402731,2304.1259083368664,78.10588918868862,47,-1.2555718030623473,0.07228708021959472
"M-A|n=7,U=50|X4|L|4h",M-A,"n=7,U=50",X4,L,4h,-0.18335424668039524,-0.009597199902102616,1754,-0.6472005935111799,0.8051084104545634,2102.3857285242448,-1064.5355226398235,73,-0.05488849873119619,-0.4706837624346304
"M-A|n=7,U=50|X4|S|4h",M-A,"n=7,U=50",X4,S,4h,-0.41465628877005334,-0.02170410211947217,1786,-0.815752975393603,0.9568763619194819,3011.898248206077,482.0052484553403,75,-0.6889840753705254,0.1687409683114393
"M-A|n=7,U=50|X4|LS|4h",M-A,"n=7,U=50",X4,LS,4h,-0.3406575209829713,-0.017830829589276488,1924,-0.7050585129113611,0.7473101738901043,2471.150821464751,302.2536236004969,47,-0.3207103469859998,-0.3837406916838096
"M-A|n=7,U=50|X5|L|4h",M-A,"n=7,U=50",X5,L,4h,0.1913367585044962,0.010015023667211983,4496,-0.039499526854853695,0.5747159318029327,12312.13536358095,-1984.5280564687207,12,0.30350338818598127,0.003624401106950396
"M-A|n=7,U=50|X5|S|4h",M-A,"n=7,U=50",X5,S,4h,-0.3490403934326948,-0.018269609187297257,4480,-0.6407817130321747,0.7819251608950957,9395.833521696737,741.5585713053864,10,-0.3910401381988367,-0.2720644535153165
"M-A|n=7,U=50|X5|LS|4h",M-A,"n=7,U=50",X5,LS,4h,-0.04698208103584626,-0.002459154514723394,4874,-0.31781440674045114,0.6016577778332775,10595.931166451033,-104.22211352577018,11,-0.36224946406848874,0.42922555650455635
"M-A|n=7,U=60|X1|L|4h",M-A,"n=7,U=60",X1,L,4h,0.11197936400136571,0.005861267795475221,2604,-0.11187929680317188,0.541974252008653,6333.159767084865,-1579.5653641689858,13,0.42520177137972526,-0.5245088584803066
"M-A|n=7,U=60|X1|S|4h",M-A,"n=7,U=60",X1,S,4h,-0.13891199562027334,-0.007270986164239806,2602,-0.4401341355528794,0.7281156386906995,6197.4273320507245,433.102476915578,17,-0.11460966405413918,-0.19057817004127917
"M-A|n=7,U=60|X1|LS|4h",M-A,"n=7,U=60",X1,LS,4h,0.1118289559799206,0.005853395079817838,4630,-0.24352573229751506,0.5637932482423135,11094.19047345558,-880.7368632719982,32,0.28382428393592346,-0.24108812940029484
"M-A|n=7,U=60|X2|L|4h",M-A,"n=7,U=60",X2,L,4h,0.5531925141980257,0.028955419572907315,1732,0.994895753916345,0.5043191732442688,6633.948682229202,-3155.9075811060757,23,0.8728169034373466,-0.09229112572588741
"M-A|n=7,U=60|X2|S|4h",M-A,"n=7,U=60",X2,S,4h,0.24062784325851183,0.012595036960279337,1732,0.08034122784379893,0.6678063444302669,5945.507952875974,939.2440587823368,20,0.3150468411685398,0.08339100121568346
"M-A|n=7,U=60|X2|LS|4h",M-A,"n=7,U=60",X2,LS,4h,0.7511277598712701,0.03931582384382203,2472,2.16141849727613,0.3636638325729765,13643.818965302562,-2069.719333369489,23,0.9613311877761663,0.32054122464758517
"M-A|n=7,U=60|X3|L|4h",M-A,"n=7,U=60",X3,L,4h,0.5415368795312412,0.02834533577115063,2316,0.8613487015012764,0.5583275996927461,7544.6742444586835,-2046.833765549505,17,0.6880231236578632,0.23318610536159667
"M-A|n=7,U=60|X3|S|4h",M-A,"n=7,U=60",X3,S,4h,-0.17601672246510167,-0.00921313633141565,2338,-0.5058010433101288,0.7503615329426679,3970.7787855380884,532.456083235793,36,-0.520776995386735,0.6355152458049103
"M-A|n=7,U=60|X3|LS|4h",M-A,"n=7,U=60",X3,LS,4h,0.3765773797398378,0.019710960926217037,3424,0.403025638279334,0.28754346954545895,10507.690683126362,-410.182664025916,28,0.3493333745424667,0.44049794519184315
"M-A|n=7,U=60|X4|L|4h",M-A,"n=7,U=60",X4,L,4h,0.16828053619407687,0.008808205835028815,1592,-0.1127176067594663,0.6487920260115939,4174.260433141141,-2379.530370125284,50,0.6349362018915727,-0.7553427834088736
"M-A|n=7,U=60|X4|S|4h",M-A,"n=7,U=60",X4,S,4h,-0.7813877391465937,-0.040899703548800875,1638,-0.9130098445564954,0.9618664378076781,2233.7545884287165,503.0704554001358,68,-1.075441407871779,-0.14875558611588247
"M-A|n=7,U=60|X4|LS|4h",M-A,"n=7,U=60",X4,LS,4h,-0.6424468574927624,-0.03362720542046178,2066,-0.8307124109956068,0.8352925383959184,2090.7090266313858,-34.19842872282205,36,-0.6208907257457369,-0.7007495733062044
"M-A|n=7,U=60|X5|L|4h",M-A,"n=7,U=60",X5,L,4h,0.6081021688024484,0.03182952225301938,2458,1.2248041008951533,0.4513702927704176,10869.266613925165,-2530.7530701088017,7,0.7531531675747877,0.37677000964227597
"M-A|n=7,U=60|X5|S|4h",M-A,"n=7,U=60",X5,S,4h,0.22190774611169145,0.01161518229229348,2454,0.08027584451600456,0.5198419647313994,8472.862664601447,830.7145529254186,10,0.18573372398441507,0.2891800830283659
"M-A|n=7,U=60|X5|LS|4h",M-A,"n=7,U=60",X5,LS,4h,0.6371449580341946,0.033349691319283524,4392,1.5468719627243757,0.49104581404114545,25322.424305011136,-1933.4823491113284,18,0.9117829076788478,0.1265065630934425
"M-A|n=7,U=70|X1|L|4h",M-A,"n=7,U=70",X1,L,4h,0.09011519396619531,0.004716844831076391,1460,-0.07620114130597244,0.4569870073590546,3726.899534388945,-1135.5282224510142,10,0.391392494078485,-0.5161353589086329
"M-A|n=7,U=70|X1|S|4h",M-A,"n=7,U=70",X1,S,4h,-0.18773077192543863,-0.009826277703210186,1438,-0.42437164841063546,0.6234143428224548,2957.0529192017284,105.46911911711582,17,-0.3054536217583322,0.07067723761900456
"M-A|n=7,U=70|X1|LS|4h",M-A,"n=7,U=70",X1,LS,4h,-0.08876127325882094,-0.00464597738232339,2854,-0.46863942651423496,0.5531896886539216,5337.473473521524,-581.0380015991343,33,-0.0018652725189501691,-0.27108746357585045
"M-A|n=7,U=70|X2|L|4h",M-A,"n=7,U=70",X2,L,4h,0.29585223550704776,0.015485613761618265,854,0.1990546832395481,0.6135647374864316,2268.4957096905655,-2287.8638654867127,30,0.5704223714551335,-0.2812628613936973
"M-A|n=7,U=70|X2|S|4h",M-A,"n=7,U=70",X2,S,4h,0.06031730670943616,0.003157152127793009,850,-0.23996686809951306,0.6378575593993792,2290.1143590785787,662.8214508897415,33,0.0827282075067792,0.013298767101852866
"M-A|n=7,U=70|X2|LS|4h",M-A,"n=7,U=70",X2,LS,4h,0.17637754257674423,0.00923202251923419,1308,-0.1302448986906003,0.5993394707285364,3418.034057793499,-1351.3805605082332,39,0.4674502598405161,-0.4488647978846548
"M-A|n=7,U=70|X3|L|4h",M-A,"n=7,U=70",X3,L,4h,0.25331974873161966,0.01325936165506717,1592,0.15972955390956112,0.49367523360781684,4694.279297158982,-1399.2324653467717,19,0.6026689338568244,-0.42963263066743196
"M-A|n=7,U=70|X3|S|4h",M-A,"n=7,U=70",X3,S,4h,0.24977054069272508,0.013073587615686477,1536,0.14569145930063665,0.5853640732633846,4995.243538519787,513.3673757191217,16,0.04105206618821092,0.7413722338498745
"M-A|n=7,U=70|X3|LS|4h",M-A,"n=7,U=70",X3,LS,4h,0.3320093405525247,0.01737816313685926,2760,0.2909799138029192,0.4267990389003228,8920.415288980512,-696.3572884398674,25,0.44509119264408115,0.11536851745174838
"M-A|n=7,U=70|X4|L|4h",M-A,"n=7,U=70",X4,L,4h,0.008083980111368487,0.00042313485800337666,1214,-0.2853932816955632,0.619201085498857,2652.814617726267,-1563.1268708583918,34,0.24856888794590057,-0.46928642167410506
"M-A|n=7,U=70|X4|S|4h",M-A,"n=7,U=70",X4,S,4h,-0.27532677737339645,-0.014411262180690566,1218,-0.6189373387956816,0.7947829994238387,2739.480180605848,520.3260911289132,43,-0.2333414982534551,-0.36518363646205776
"M-A|n=7,U=70|X4|LS|4h",M-A,"n=7,U=70",X4,LS,4h,-0.36637370309001943,-0.019176876080528028,1832,-0.6955667177111584,0.793782465970794,3244.8113141246927,-326.88396536488733,46,-0.19261478271215682,-0.7468356378524172
"M-A|n=7,U=70|X5|L|4h",M-A,"n=7,U=70",X5,L,4h,0.5200528033928555,0.027220807830592567,1420,0.7632822177406182,0.39634302592072057,5972.539168076206,-1726.5671654020082,5,0.660913609260185,0.28722223803500635
"M-A|n=7,U=70|X5|S|4h",M-A,"n=7,U=70",X5,S,4h,0.013800524323871174,0.0007223524575402307,1384,-0.1830421347771044,0.48694352154349796,3777.0858059728985,355.0029672198645,9,-0.06358537564847846,0.16338724488145973
"M-A|n=7,U=70|X5|LS|4h",M-A,"n=7,U=70",X5,LS,4h,0.4334479201754128,0.02268770106167844,2766,0.5854552487623879,0.4340588158340696,10271.956120677103,-1057.0413148138118,18,0.43733010090307906,0.4268128548445943
"M-A|n=7,U=80|X1|L|4h",M-A,"n=7,U=80",X1,L,4h,0.5829665846893349,0.030513865649711175,652,0.6335676845510245,0.29729868705953433,2190.9065037572373,-862.8481014616011,2,0.7864336125051555,0.18105019083694038
"M-A|n=7,U=80|X1|S|4h",M-A,"n=7,U=80",X1,S,4h,0.13994855559443914,0.0073252421930075935,624,0.018143602500282574,0.42854069159262564,1799.9200533868084,-77.0165089394142,10,0.1631521457805966,0.09005810160312261
"M-A|n=7,U=80|X1|LS|4h",M-A,"n=7,U=80",X1,LS,4h,0.49005736615389506,0.02565077488865004,1274,0.682948018834219,0.27331719411098465,4524.030076360485,-908.5511989279873,12,0.6349777343527924,0.18753499197514875
"M-A|n=7,U=80|X2|L|4h",M-A,"n=7,U=80",X2,L,4h,0.42919636407305967,0.022465164444457838,336,0.5547185313899199,0.5348960489109255,1220.3851902291865,-3409.4089278928536,36,0.8661981118633432,-0.5124857369708855
"M-A|n=7,U=80|X2|S|4h",M-A,"n=7,U=80",X2,S,4h,0.13912135609793602,0.007281944592485162,332,-0.09014823485517776,0.6263312975015756,1133.4969722269213,806.0164509618317,29,0.3802785271331332,-0.3582730900855213
"M-A|n=7,U=80|X2|LS|4h",M-A,"n=7,U=80",X2,LS,4h,0.4026500847254026,0.02107566867782521,508,0.46857676491765776,0.5398796926577358,1942.8496980834982,-2403.3861022625856,44,0.8031969576532986,-0.41917043155038247
"M-A|n=7,U=80|X3|L|4h",M-A,"n=7,U=80",X3,L,4h,0.6893605723321884,0.03608278148491488,758,0.7925940616637079,0.2243193388886091,2912.8069660698084,-887.5690282922883,6,1.0187143771471834,0.03288157235451244
"M-A|n=7,U=80|X3|S|4h",M-A,"n=7,U=80",X3,S,4h,0.3122004636326004,0.016341319130905908,700,0.2541562416111931,0.26657144329374527,2372.326498683702,107.30656903264936,13,0.47630095506208553,-0.030726549551542023
"M-A|n=7,U=80|X3|LS|4h",M-A,"n=7,U=80",X3,LS,4h,0.7038614850940573,0.03684179394881047,1446,1.327725313243365,0.3072731659901613,7058.974164663545,-913.9808899175971,19,1.0205817048543375,0.05544594837926788
"M-A|n=7,U=80|X4|L|4h",M-A,"n=7,U=80",X4,L,4h,0.16865780139125267,0.008827952797965067,638,0.04591887275688955,0.4333691235124779,1790.1390762272288,-1124.45182410832,10,0.4200206029453138,-0.3538891138370226
"M-A|n=7,U=80|X4|S|4h",M-A,"n=7,U=80",X4,S,4h,0.2674490294389541,0.01399892200818829,604,0.18075615839112347,0.47140249384566935,2134.2751677109222,259.15536121796094,23,0.4348710138960341,-0.06079359221303986
"M-A|n=7,U=80|X4|LS|4h",M-A,"n=7,U=80",X4,LS,4h,0.1993978945453152,0.010436962811913867,1128,0.012385466042266202,0.5797040919054732,3672.5800661213043,-894.0013241743521,31,0.43285427387378583,-0.2618309384230701
"M-A|n=7,U=80|X5|L|4h",M-A,"n=7,U=80",X5,L,4h,0.9308753671172962,0.04872424360991404,644,1.645813846345526,0.24365781886712912,3625.2034781356438,-1392.7613098257764,2,1.105000476659939,0.6172395580251226
"M-A|n=7,U=80|X5|S|4h",M-A,"n=7,U=80",X5,S,4h,0.25861192130126365,0.013536366627609908,606,0.1762987275867991,0.31861284629033615,1958.2138718156968,112.16537056609836,5,0.21756576779000805,0.343029894220737
"M-A|n=7,U=80|X5|LS|4h",M-A,"n=7,U=80",X5,LS,4h,0.8584054468226107,0.0449309946148696,1250,2.112081488646982,0.23703643006552588,7094.892697926394,-1266.334887659153,7,0.944466034040307,0.6930950902958
"M-A|n=14,U=50|X1|L|4h",M-A,"n=14,U=50",X1,L,4h,0.15172028021063919,0.007941402420433914,3276,-0.10343099874190698,0.6106173572650972,8507.736524095484,-2376.9923709539453,24,0.5148214891502546,-0.624949928979096
"M-A|n=14,U=50|X1|S|4h",M-A,"n=14,U=50",X1,S,4h,-0.17335483891736422,-0.009073806978612143,3292,-0.5209962887068746,0.7748774434443192,8256.21098151141,594.9332172088766,22,-0.057653339692474485,-0.4146795184348109
"M-A|n=14,U=50|X1|LS|4h",M-A,"n=14,U=50",X1,LS,4h,-0.19647464053481872,-0.010283952703823703,3292,-0.5093684294362993,0.7694125726206773,8642.664755917303,0.5184070486308869,21,0.10678544711250659,-0.8380530159521221
"M-A|n=14,U=50|X2|L|4h",M-A,"n=14,U=50",X2,L,4h,0.15172028021063919,0.007941402420433914,3276,-0.10343099874190698,0.6106173572650972,8507.736524095484,-2376.9923709539453,24,0.5148214891502546,-0.624949928979096
"M-A|n=14,U=50|X2|S|4h",M-A,"n=14,U=50",X2,S,4h,-0.17335483891736422,-0.009073806978612143,3292,-0.5209962887068746,0.7748774434443192,8256.21098151141,594.9332172088766,22,-0.057653339692474485,-0.4146795184348109
"M-A|n=14,U=50|X2|LS|4h",M-A,"n=14,U=50",X2,LS,4h,-0.19647464053481872,-0.010283952703823703,3292,-0.5093684294362993,0.7694125726206773,8642.664755917303,0.5184070486308869,21,0.10678544711250659,-0.8380530159521221
"M-A|n=14,U=50|X3|L|4h",M-A,"n=14,U=50",X3,L,4h,-0.21717620924782063,-0.011367522333776733,1920,-0.4411188386142929,0.625955906431634,2850.0670409046643,-692.3037050262316,23,-0.1726764654210081,-0.3184793742808605
"M-A|n=14,U=50|X3|S|4h",M-A,"n=14,U=50",X3,S,4h,-0.8553188201666759,-0.04476943319168751,1952,-0.8007712889691897,0.8648681564397174,3099.4794973158632,567.9912101144193,28,-0.9132221071725972,-0.7333553853476105
"M-A|n=14,U=50|X3|LS|4h",M-A,"n=14,U=50",X3,LS,4h,-0.4569039606393019,-0.0239154463324828,2314,-0.6368386577473084,0.6995989181210521,3256.170663425351,10.662248408319208,29,-0.29018068576136385,-0.8367336612865715
"M-A|n=14,U=50|X4|L|4h",M-A,"n=14,U=50",X4,L,4h,0.26202535138715416,0.013715033724114334,1390,0.1104422760157564,0.606614711348938,3765.188210382919,-1817.3687279759063,44,0.6684412940705877,-0.5121653720003965
"M-A|n=14,U=50|X4|S|4h",M-A,"n=14,U=50",X4,S,4h,-0.6635070411567918,-0.03472954581485144,1444,-0.8350781594034619,0.9148276507593611,2333.5383540876132,532.0738801368436,47,-0.9059682934719909,-0.15286336411012702
"M-A|n=14,U=50|X4|LS|4h",M-A,"n=14,U=50",X4,LS,4h,0.3709277519241459,0.019415245890970614,1602,0.38275339313117396,0.4347555670468688,5470.137404228969,347.7479889278731,40,0.5468392389065566,-0.0033866500302637322
"M-A|n=14,U=50|X5|L|4h",M-A,"n=14,U=50",X5,L,4h,0.448007421090697,0.023449780169681828,3056,0.6409207643356549,0.5061986525136553,10802.122672407866,-2696.115752006307,10,0.5250541477392141,0.32658294795817333
"M-A|n=14,U=50|X5|S|4h",M-A,"n=14,U=50",X5,S,4h,-0.1225045701840566,-0.006412182266096704,3012,-0.4206028805452233,0.6967314629057063,9013.43991608189,1079.8492800044544,9,0.03778340506060329,-0.425261723392947
"M-A|n=14,U=50|X5|LS|4h",M-A,"n=14,U=50",X5,LS,4h,0.5648851842021949,0.029567441892820828,3204,0.9902692273177098,0.466081640186204,15380.823829490842,-929.8138907054446,12,0.8161579337945787,0.1265848630668437
"M-A|n=14,U=60|X1|L|4h",M-A,"n=14,U=60",X1,L,4h,0.5477392335736859,0.0286699818193696,1134,0.8493469820741637,0.45937158582267723,4576.320665265982,-2535.042358778795,15,0.9625660028469529,-0.3379039759596768
"M-A|n=14,U=60|X1|S|4h",M-A,"n=14,U=60",X1,S,4h,0.1847648298134229,0.009671033197765508,1136,0.01870328615315464,0.44002147627345223,3480.604075194073,252.24227471189593,16,0.26760193359895706,0.01307854818371503
"M-A|n=14,U=60|X1|LS|4h",M-A,"n=14,U=60",X1,LS,4h,0.45861357369415057,0.024004931569610834,2210,0.663816009247223,0.49835814886183316,9110.92796431094,-1966.6628036566979,31,0.803506352409387,-0.25440235198365246
"M-A|n=14,U=60|X2|L|4h",M-A,"n=14,U=60",X2,L,4h,0.40683877526616213,0.021294914761161302,716,0.4883963285160171,0.574988251608729,2305.111489563696,-2879.2027953221914,30,0.7346419338769059,-0.29490690360549304
"M-A|n=14,U=60|X2|S|4h",M-A,"n=14,U=60",X2,S,4h,0.18278518310099826,0.009567413753009495,714,-0.03586424311121317,0.5447699828972763,2339.308569602265,747.0672859768177,32,0.2786685653983237,-0.016862820114901245
"M-A|n=14,U=60|X2|LS|4h",M-A,"n=14,U=60",X2,LS,4h,0.2374990265258252,0.012431267207550464,1128,-0.0002883189528080088,0.5792065719239313,3475.922741570586,-1743.0229676763095,38,0.51472784846638,-0.37419258065350836
"M-A|n=14,U=60|X3|L|4h",M-A,"n=14,U=60",X3,L,4h,0.36986287812171625,0.019359507848697485,1492,0.36447792798253364,0.3388290106705828,4528.35237656488,-1302.7141517180487,12,0.5541515323177846,0.031304191384935245
"M-A|n=14,U=60|X3|S|4h",M-A,"n=14,U=60",X3,S,4h,-0.003655962851845619,-0.00019136184167571383,1522,-0.21230851715293697,0.5077001378657708,3795.12578347572,374.5150353253313,17,-0.10207675232606174,0.21770674190461636
"M-A|n=14,U=60|X3|LS|4h",M-A,"n=14,U=60",X3,LS,4h,0.2750666040185739,0.0143976440848971,2696,0.1707499341049381,0.4188070986632718,7734.06552481422,-504.98383986955565,20,0.15666090233245875,0.5268124870364242
"M-A|n=14,U=60|X4|L|4h",M-A,"n=14,U=60",X4,L,4h,0.17399842783223687,0.009107493962047965,1142,-0.018370067931876122,0.5408686269926612,3021.7940156558293,-1836.8717615855435,29,0.48573430153447783,-0.4574694775292628
"M-A|n=14,U=60|X4|S|4h",M-A,"n=14,U=60",X4,S,4h,-0.46813772767617723,-0.024503448573273395,1174,-0.7187389498767595,0.8278818050046324,2270.6727238971775,402.5432281882127,40,-0.46296769038397734,-0.47990682050988054
"M-A|n=14,U=60|X4|LS|4h",M-A,"n=14,U=60",X4,LS,4h,-0.1717106683819579,-0.008987747159507179,1796,-0.5474906630557146,0.5942522701702684,3549.7919956540295,-419.31660841482994,47,-0.0011099835087691845,-0.557797879822896
"M-A|n=14,U=60|X5|L|4h",M-A,"n=14,U=60",X5,L,4h,0.9946636059283988,0.052063072627276906,1102,3.5865595553458762,0.39828056993149197,8672.934432454735,-4409.737478959073,11,1.270938915505182,0.5457473601225225
"M-A|n=14,U=60|X5|S|4h",M-A,"n=14,U=60",X5,S,4h,0.35134004884076986,0.018389978652727304,1104,0.34933026508653975,0.3681380290513323,3921.0002440959784,552.6047028328991,11,0.30605556366084136,0.43159933488727276
"M-A|n=14,U=60|X5|LS|4h",M-A,"n=14,U=60",X5,LS,4h,0.9981737260713253,0.052246800712674256,2134,5.188078364975955,0.43235110631784346,19260.776398625156,-3742.113325613568,28,1.1929166588800535,0.6776178243034019
"M-A|n=14,U=70|X1|L|4h",M-A,"n=14,U=70",X1,L,4h,0.8215644155025247,0.043002646902286765,472,1.3298524446405775,0.2749449695197832,2134.683999955477,-1642.2842927131626,4,1.1223794551656125,0.10392279165305658
"M-A|n=14,U=70|X1|S|4h",M-A,"n=14,U=70",X1,S,4h,0.18284852911964547,0.009570729435165575,462,0.05680701623938855,0.40553168168879206,1300.8176550400053,-145.06255189846163,17,0.2000032503377125,0.14629302338701208
"M-A|n=14,U=70|X1|LS|4h",M-A,"n=14,U=70",X1,LS,4h,0.6682748934552728,0.034979106610091605,934,1.4188332980201221,0.3344936663211031,4296.4734314398775,-1781.4580545181973,21,0.8996879000159096,0.14524562927635823
"M-A|n=14,U=70|X2|L|4h",M-A,"n=14,U=70",X2,L,4h,0.3892330065872544,0.02037338671094832,270,0.43993709044817897,0.5906941956652848,765.9525835263496,-2710.437397304745,33,0.6153851021850915,-0.10724059690439831
"M-A|n=14,U=70|X2|S|4h",M-A,"n=14,U=70",X2,S,4h,0.10267887096904099,0.005374457740974985,266,-0.15578023160847532,0.6915496147986762,766.9291669855091,551.3180935902334,30,0.12042151217062232,0.06519286697335216
"M-A|n=14,U=70|X2|LS|4h",M-A,"n=14,U=70",X2,LS,4h,0.4436344134574392,0.023220886488790154,418,0.6014247013981175,0.5946108030476829,1306.2374486251335,-2168.4597304872163,43,0.49017362563345873,0.3486873350920523
"M-A|n=14,U=70|X3|L|4h",M-A,"n=14,U=70",X3,L,4h,0.7504304128562185,0.039279323032819544,674,0.828788149713237,0.22247090868027564,2595.9847601307915,-806.5317914489675,4,1.0559176805718644,0.09807491473769588
"M-A|n=14,U=70|X3|S|4h",M-A,"n=14,U=70",X3,S,4h,0.14029608333491236,0.007343432626320335,612,0.008302511486539599,0.408170523493672,1710.9625211194223,-188.01924633469199,14,0.12538036422154214,0.1843258828764834
"M-A|n=14,U=70|X3|LS|4h",M-A,"n=14,U=70",X3,LS,4h,0.4960211224972374,0.025962932162510492,1284,0.6939562781616977,0.33853849829513305,4722.871954004523,-899.3905668978331,18,0.6529868854695151,0.12651646244126036
"M-A|n=14,U=70|X4|L|4h",M-A,"n=14,U=70",X4,L,4h,0.2974683559608437,0.01557020537234868,562,0.23011039361004215,0.4118252482310185,1694.5730325223522,-1016.6434292844287,10,0.6275891429702624,-0.4204008612959862
"M-A|n=14,U=70|X4|S|4h",M-A,"n=14,U=70",X4,S,4h,0.09641080704641974,0.005046372280432524,520,-0.09174776557808306,0.5851672096228053,1464.5494817678957,-16.1572171619822,25,0.12834053992038044,0.03292736897504131
"M-A|n=14,U=70|X4|LS|4h",M-A,"n=14,U=70",X4,LS,4h,0.09705456748420803,0.0050800682417880775,1036,-0.15027763018835671,0.5824326657750849,2605.121455635933,-747.9084126877771,31,0.23679306519942286,-0.17117108144993864
"M-A|n=14,U=70|X5|L|4h",M-A,"n=14,U=70",X5,L,4h,1.1063065349424355,0.05790673061067569,474,2.9158065484211977,0.2924237543858301,3665.9477271825417,-2638.8919489506407,6,1.311797192255904,0.6725037332091722
"M-A|n=14,U=70|X5|S|4h",M-A,"n=14,U=70",X5,S,4h,0.2418524274497297,0.01265913462637026,454,0.15306174510117843,0.3330456464135131,1326.2260616121685,116.31143681587105,10,0.19515934893068046,0.32442948148986245
"M-A|n=14,U=70|X5|LS|4h",M-A,"n=14,U=70",X5,LS,4h,1.001710516031186,0.05243192476009106,926,3.5179279779159343,0.28545547899261625,6672.589152638084,-2512.861239313148,17,1.1658927314750258,0.6807408363668267
"M-A|n=14,U=80|X1|L|4h",M-A,"n=14,U=80",X1,L,4h,1.0547872741767057,0.05521008925478106,146,1.1193998222997052,0.10072853176959551,569.6052446729504,-668.3432013587768,1,0.978770202615301,1.3575764016393845
"M-A|n=14,U=80|X1|S|4h",M-A,"n=14,U=80",X1,S,4h,0.07458703460955037,0.003904063822970288,120,-0.03339784736880069,0.4423013249627743,332.19719757194224,-405.8872616722945,7,0.19758441739365745,-0.19876809124171052
"M-A|n=14,U=80|X1|LS|4h",M-A,"n=14,U=80",X1,LS,4h,0.6860059420712195,0.03590719211191126,266,1.0486164305210788,0.23399298040678995,1074.2580410226956,-1129.3835640532564,8,0.7602768259287398,0.5199540625504107
"M-A|n=14,U=80|X2|L|4h",M-A,"n=14,U=80",X2,L,4h,0.6184095601522065,0.03236903577421567,68,1.292155105301363,0.51810482693199,247.02533582759895,-4201.802541206029,44,0.6555270789266214,0.5641506736494186
"M-A|n=14,U=80|X2|S|4h",M-A,"n=14,U=80",X2,S,4h,0.1845529045892634,0.009659940524552971,68,0.01843568167960874,0.6720543515502735,199.8151319096335,-29.139716370084003,16,-0.12071498900937572,0.7866414552539779
"M-A|n=14,U=80|X2|LS|4h",M-A,"n=14,U=80",X2,LS,4h,0.8113839820176912,0.04246977865945674,98,2.8177903855907607,0.5816229308940857,574.3243336459778,-7073.076034194144,51,0.853567275633529,0.7251476823409857
"M-A|n=14,U=80|X3|L|4h",M-A,"n=14,U=80",X3,L,4h,1.1937847822069108,0.06248555134312452,180,0.6202136973256456,0.06475048860270238,590.4076170119158,-186.59079961771255,1,0.9553862408061411,1.7713159058423282
"M-A|n=14,U=80|X3|S|4h",M-A,"n=14,U=80",X3,S,4h,0.15781907268779335,0.008260627808579486,134,0.05895144392455687,0.40896722555206266,421.7039967534679,-263.18452390770034,5,0.4286368316854371,-0.5197829716223743
"M-A|n=14,U=80|X3|LS|4h",M-A,"n=14,U=80",X3,LS,4h,0.6306131435691229,0.03300780052438959,314,0.7157276342493293,0.21515525501202426,1256.9240279658943,-500.88638490178244,6,0.7765622964437329,0.28420071006075415
"M-A|n=14,U=80|X4|L|4h",M-A,"n=14,U=80",X4,L,4h,1.0197649868553884,0.053376938954000516,166,0.7910520438694806,0.23661599912090858,519.1738305194763,-337.3742336556086,3,0.7827510561006814,1.6102685066961404
"M-A|n=14,U=80|X4|S|4h",M-A,"n=14,U=80",X4,S,4h,0.03273785874774657,0.001713577844294985,128,-0.07789110730014892,0.48428752208029213,344.62369116479715,-362.9588181058558,10,0.09281710487547143,-0.10463386029435348
"M-A|n=14,U=80|X4|LS|4h",M-A,"n=14,U=80",X4,LS,4h,0.5099005379472096,0.026689413970318855,292,0.5058765326915182,0.33155734030386796,878.7281797381625,-366.66589535722306,13,0.40719446989624575,0.69291785580349
"M-A|n=14,U=80|X5|L|4h",M-A,"n=14,U=80",X5,L,4h,1.0652736401336824,0.05575897073507278,144,1.2028516588097684,0.1112990035798882,701.1724169847269,-795.5146963386061,2,0.9782841707566314,1.3665913191150847
"M-A|n=14,U=80|X5|S|4h",M-A,"n=14,U=80",X5,S,4h,0.04378642905873318,0.002291886445414024,118,-0.012568290636040591,0.2757647608715311,282.60768436858245,-41.38815505590816,2,0.025950513282074504,0.07313837913748931
"M-A|n=14,U=80|X5|LS|4h",M-A,"n=14,U=80",X5,LS,4h,0.8684672321818344,0.045457652530968166,262,1.175165578933759,0.18866722646590095,1105.1498804445243,-856.9055147774052,4,0.8303821280767025,0.9594884661692284
M-B|v=V1|X1|L|4h,M-B,v=V1,X1,L,4h,0.24878093146323768,0.013021789101213498,2370,0.068471894769224,0.63111708938597,5646.322001058435,-1505.7678208755212,40,0.3179044863205527,0.11234659973079932
M-B|v=V1|X1|S|4h,M-B,v=V1,X1,S,4h,-0.12848732303190671,-0.006725333862447652,2380,-0.49138070093268216,0.7478240054241316,5034.677759210271,801.9708539964639,32,-0.32291719663064633,0.2914775496101429
M-B|v=V1|X1|LS|4h,M-B,v=V1,X1,LS,4h,-0.20058437293496295,-0.010499065929191661,2380,-0.5392813095977264,0.7456441183619305,4993.90403964816,726.552395917441,29,-0.32291719663064633,0.10119120978067574
M-B|v=V1|X2|L|4h,M-B,v=V1,X2,L,4h,0.504311717577684,0.02639688174227194,2104,0.7994332607491961,0.4702103314604189,7174.405069857961,-1931.208090633223,14,0.4444286155947113,0.6038854151088634
M-B|v=V1|X2|S|4h,M-B,v=V1,X2,S,4h,0.1461732317227728,0.0076510566326022005,2136,-0.06900377292640403,0.5872646851767067,6668.521922535268,1119.538151182014,21,0.032256746409499104,0.36900506555705
M-B|v=V1|X2|LS|4h,M-B,v=V1,X2,LS,4h,0.29059922106637853,0.015210658419222452,2340,0.22366411919885332,0.3390387546698148,7204.298937693382,-272.38848499873865,7,0.039696839945845615,0.7553673704165491
M-B|v=V1|X3|L|4h,M-B,v=V1,X3,L,4h,0.15048391971466557,0.007876688354380105,2370,-0.09558257605267773,0.589743575674305,5872.919964655978,-1466.5632162444738,39,0.3357356159230788,-0.23243543277160464
M-B|v=V1|X3|S|4h,M-B,v=V1,X3,S,4h,-0.07619674176382082,-0.003988319746261266,2380,-0.40092068933811986,0.6781549901880441,5482.159934654423,861.085695301957,24,-0.26085761124459933,0.32744926669658325
M-B|v=V1|X3|LS|4h,M-B,v=V1,X3,LS,4h,0.32867463334678904,0.017203616584227657,2582,0.284826225431952,0.437936153862412,8536.910498073868,-331.6773066094283,32,0.34986485629754777,0.2850574913549198
M-B|v=V1|X4|L|4h,M-B,v=V1,X4,L,4h,0.24965336146576772,0.013067454174624465,2370,0.07102618888740553,0.63111708938597,5646.786638652849,-1502.8572338304384,40,0.31646933309659636,0.11803806187493829
M-B|v=V1|X4|S|4h,M-B,v=V1,X4,S,4h,-0.12110906678991694,-0.006339138280041851,2380,-0.4831408924873791,0.7483081578329467,5038.517515945009,799.8336395741625,31,-0.32544538797944855,0.3215645493271426
M-B|v=V1|X4|LS|4h,M-B,v=V1,X4,LS,4h,0.40914857346317496,0.021415815124428528,2382,0.49676345173282854,0.48209214090148866,9425.629499718292,-1749.0704429724913,31,0.6420155229256966,-0.04726508384144438
M-B|v=V2|X1|L|4h,M-B,v=V2,X1,L,4h,0.2959652363937337,0.015491528498354798,1118,0.20017709712807563,0.546643030724469,3403.7945106890875,-2769.8983312167156,32,0.6547718887562413,-0.4713327296136612
M-B|v=V2|X1|S|4h,M-B,v=V2,X1,S,4h,0.06636784942054398,0.0034738520077577774,1114,-0.2359928732225719,0.6813922370877727,3531.0840331392933,717.3675866071924,30,0.20952130488530202,-0.23014712292581138
M-B|v=V2|X1|LS|4h,M-B,v=V2,X1,LS,4h,0.1642875136172351,0.008599201481012635,1118,-0.013099383265596787,0.48266065234904765,2943.1026747490273,-1279.7030007973394,21,0.4558108249526842,-0.47518263870302185
M-B|v=V2|X2|L|4h,M-B,v=V2,X2,L,4h,0.8279602161613546,0.043337418409181754,1044,2.693567738350194,0.4957103149846559,6966.555245871162,-5703.287803412629,29,1.0605551701603955,0.42822538589665265
M-B|v=V2|X2|S|4h,M-B,v=V2,X2,S,4h,0.17627358299772378,0.009226581026170019,1028,-0.024405884341085593,0.532458068722339,3734.097074758391,1090.0658645275967,20,0.28414160997728655,-0.01844727145614635
M-B|v=V2|X2|LS|4h,M-B,v=V2,X2,LS,4h,0.3375674465077803,0.017669087698986452,1128,0.3141866421692099,0.3753819726461284,3957.136362798001,-1152.7771907839892,26,0.44222256679644617,0.1382691243920784
M-B|v=V2|X3|L|4h,M-B,v=V2,X3,L,4h,-0.13188835249256808,-0.0069033518805620775,1118,-0.3135307597664899,0.5392592302263983,2306.021524380862,-690.6542493653454,15,0.10885256479870163,-0.5651358668083699
M-B|v=V2|X3|S|4h,M-B,v=V2,X3,S,4h,0.2918776636056127,0.015277575160091665,1114,0.22888178710660134,0.4489088401996921,4487.017073164337,739.6648553090895,12,0.6252333046101625,-0.4085069052056001
M-B|v=V2|X3|LS|4h,M-B,v=V2,X3,LS,4h,0.13883856571764572,0.007267142667472929,1420,-0.03845576704074971,0.5392519791136743,4268.468091061781,-106.81496106857963,19,0.4696888500848537,-0.5444158148587926
M-B|v=V2|X4|L|4h,M-B,v=V2,X4,L,4h,-0.06085488409948459,-0.003185290214412505,1118,-0.3272705990482818,0.5515877820531219,2163.0435161983432,-1098.0688080345756,22,0.19926173917551518,-0.5651353051670688
M-B|v=V2|X4|S|4h,M-B,v=V2,X4,S,4h,0.2532031638895519,0.0132532593255322,1114,0.1287656309523666,0.6150062728267116,4414.579803897468,972.6478265928048,26,0.41580747032223775,-0.08586984316447849
M-B|v=V2|X4|LS|4h,M-B,v=V2,X4,LS,4h,-0.3418847046904525,-0.01789506332026735,1220,-0.5889510467356626,0.6595261832957426,2002.0597472970378,173.19132321493746,25,-0.24264806192949293,-0.5495450406685999
M-B|v=V3|X1|L|4h,M-B,v=V3,X1,L,4h,0.24878093146323768,0.013021789101213498,2370,0.068471894769224,0.63111708938597,5646.322001058435,-1505.7678208755212,40,0.3179044863205527,0.11234659973079932
M-B|v=V3|X1|S|4h,M-B,v=V3,X1,S,4h,-0.12848732303190671,-0.006725333862447652,2380,-0.49138070093268216,0.7478240054241316,5034.677759210271,801.9708539964639,32,-0.32291719663064633,0.2914775496101429
M-B|v=V3|X1|LS|4h,M-B,v=V3,X1,LS,4h,-0.20058437293496295,-0.010499065929191661,2380,-0.5392813095977264,0.7456441183619305,4993.90403964816,726.552395917441,29,-0.32291719663064633,0.10119120978067574
M-B|v=V3|X2|L|4h,M-B,v=V3,X2,L,4h,0.504311717577684,0.02639688174227194,2104,0.7994332607491961,0.4702103314604189,7174.405069857961,-1931.208090633223,14,0.4444286155947113,0.6038854151088634
M-B|v=V3|X2|S|4h,M-B,v=V3,X2,S,4h,0.1461732317227728,0.0076510566326022005,2136,-0.06900377292640403,0.5872646851767067,6668.521922535268,1119.538151182014,21,0.032256746409499104,0.36900506555705
M-B|v=V3|X2|LS|4h,M-B,v=V3,X2,LS,4h,0.29059922106637853,0.015210658419222452,2340,0.22366411919885332,0.3390387546698148,7204.298937693382,-272.38848499873865,7,0.039696839945845615,0.7553673704165491
M-B|v=V3|X3|L|4h,M-B,v=V3,X3,L,4h,0.15048391971466557,0.007876688354380105,2370,-0.09558257605267773,0.589743575674305,5872.919964655978,-1466.5632162444738,39,0.3357356159230788,-0.23243543277160464
M-B|v=V3|X3|S|4h,M-B,v=V3,X3,S,4h,-0.07619674176382082,-0.003988319746261266,2380,-0.40092068933811986,0.6781549901880441,5482.159934654423,861.085695301957,24,-0.26085761124459933,0.32744926669658325
M-B|v=V3|X3|LS|4h,M-B,v=V3,X3,LS,4h,0.32867463334678904,0.017203616584227657,2582,0.284826225431952,0.437936153862412,8536.910498073868,-331.6773066094283,32,0.34986485629754777,0.2850574913549198
M-B|v=V3|X4|L|4h,M-B,v=V3,X4,L,4h,0.24965336146576772,0.013067454174624465,2370,0.07102618888740553,0.63111708938597,5646.786638652849,-1502.8572338304384,40,0.31646933309659636,0.11803806187493829
M-B|v=V3|X4|S|4h,M-B,v=V3,X4,S,4h,-0.12110906678991694,-0.006339138280041851,2380,-0.4831408924873791,0.7483081578329467,5038.517515945009,799.8336395741625,31,-0.32544538797944855,0.3215645493271426
M-B|v=V3|X4|LS|4h,M-B,v=V3,X4,LS,4h,0.40914857346317496,0.021415815124428528,2382,0.49676345173282854,0.48209214090148866,9425.629499718292,-1749.0704429724913,31,0.6420155229256966,-0.04726508384144438
M-C|v=V1|X1|L|4h,M-C,v=V1,X1,L,4h,0.0437114786518215,0.0022879633618154795,656,-0.3255514222412057,0.6557582201058114,1171.6618481595135,-461.57180435361727,50,0.042840028639594706,0.04581848266611629
M-C|v=V1|X1|S|4h,M-C,v=V1,X1,S,4h,-0.12046479017670142,-0.00630541530082961,660,-0.5967076375397915,0.8446444576833865,1378.8709990607688,1333.3359236240708,70,-0.257154893085151,0.23513213987946424
M-C|v=V1|X1|LS|4h,M-C,v=V1,X1,LS,4h,-0.04951684268247548,-0.0025918300031143836,958,-0.5675111850857675,0.8015683516853049,1506.9970708384967,890.7832253372463,79,-0.25235105947112974,0.48348101880566513
M-C|v=V1|X2|L|4h,M-C,v=V1,X2,L,4h,-0.14454652634148532,-0.00756591098144499,940,-0.4900598276041567,0.8069479349897697,1091.306612638574,-199.90194417767904,38,-0.40580327106562597,0.4629785929432491
M-C|v=V1|X2|S|4h,M-C,v=V1,X2,S,4h,-0.011068359143493826,-0.0005793443959524797,1032,-0.28859965180290925,0.7600466164045225,3271.4535543240404,1123.6304648286875,32,0.055383962969826096,-0.14424077695450985
M-C|v=V1|X2|LS|4h,M-C,v=V1,X2,LS,4h,-0.2724458239928863,-0.014260466188767952,1404,-0.5720667687256786,0.6532964731634068,2340.2968986069573,655.7280174770979,41,-0.42365835576912914,0.06748461979399231
M-C|v=V1|X3|L|4h,M-C,v=V1,X3,L,4h,0.0052751840188810465,0.00027611575115479256,792,-0.3169720117454974,0.6856167706110408,1265.8336927133416,-169.5766597228582,41,-0.20734822928263594,0.49724821433831023
M-C|v=V1|X3|S|4h,M-C,v=V1,X3,S,4h,-0.4028781040277698,-0.021087603753592345,804,-0.7512228220526577,0.8904212871406181,1487.6631533942812,990.7553482343491,64,-0.5387684191218227,-0.04682524018046672
M-C|v=V1|X3|LS|4h,M-C,v=V1,X3,LS,4h,-0.32457213263116386,-0.01698888188252749,1596,-0.8258366048742435,0.8962013176396859,1754.5165463699416,634.8756053093803,101,-0.5712720693767216,0.29613107478916384
M-C|v=V1|X4|L|4h,M-C,v=V1,X4,L,4h,-0.1678721995219875,-0.00878683251676457,866,-0.30560705184112447,0.41198083112151285,1762.2220848882828,-692.0683973615875,8,-0.25584251600849484,-0.02333166461966089
M-C|v=V1|X4|S|4h,M-C,v=V1,X4,S,4h,-0.14194055682762727,-0.007429508302935581,970,-0.31878787061954594,0.6876725034785116,2440.2771042019363,1096.6950408598739,7,-0.2734444045250905,0.10020929701094536
M-C|v=V1|X4|LS|4h,M-C,v=V1,X4,LS,4h,-0.3354135748156554,-0.01755634890200165,1450,-0.502615031798296,0.672781610372254,2649.812459952371,342.5671486935116,9,-0.5013837753473773,-0.03801501122710796
M-C|v=V2|X1|L|4h,M-C,v=V2,X1,L,4h,-0.17915824399232502,-0.009377571083483735,1024,-0.6024738606380586,0.7407874392176599,1424.8657476742942,-429.06681564052116,54,-0.17000343780194532,-0.20236080846701035
M-C|v=V2|X1|S|4h,M-C,v=V2,X1,S,4h,-0.5473696951377688,-0.02865063929360204,1030,-0.8593954325394905,0.9176765895664232,1605.6988341807976,1015.2237045349156,73,-0.7345067368822283,-0.08180190179859168
M-C|v=V2|X1|LS|4h,M-C,v=V2,X1,LS,4h,-0.5335155727731021,-0.027925481386386175,1394,-0.8815489764687097,0.9261311691513966,1203.0423790288269,413.92308559702184,73,-0.7094470318548425,-0.06742772793985924
M-C|v=V2|X2|L|4h,M-C,v=V2,X2,L,4h,-0.1061140115012518,-0.005554261214176827,1364,-0.5039217162548648,0.7075333456858046,2051.724758130741,-479.48763561458276,48,-0.13242192610185102,-0.04906142814652465
M-C|v=V2|X2|S|4h,M-C,v=V2,X2,S,4h,-0.17166055335673366,-0.008985124019198822,1446,-0.5249871219867883,0.7508504743451223,3281.4000623441,994.7260809971459,38,-0.30710755615148727,0.10644947528082672
M-C|v=V2|X2|LS|4h,M-C,v=V2,X2,LS,4h,-0.711251645130625,-0.03722861260430144,1774,-0.8250270551431492,0.8639653255742875,1969.2091781391857,398.09785317329795,48,-0.8684319679283933,-0.3606836258256713
M-C|v=V2|X3|L|4h,M-C,v=V2,X3,L,4h,-0.055809526747642266,-0.0029212041408154367,1024,-0.4314943007540596,0.6535225684795443,1781.8439833845157,-348.0472826898555,51,-0.05194746871685285,-0.0652040761331091
M-C|v=V2|X3|S|4h,M-C,v=V2,X3,S,4h,-0.4986776955330065,-0.026101983550413457,1030,-0.8243901059820367,0.9007011744606932,1653.7607381963114,1035.4682114589787,72,-0.6357376599560796,-0.15016292667668857
M-C|v=V2|X3|LS|4h,M-C,v=V2,X3,LS,4h,-0.45669767138177464,-0.023904648659246488,2048,-0.8952369321300186,0.9399514589190129,2166.7705408939005,624.6352064827744,111,-0.5758631372416254,-0.16823959270326438
M-C|v=V2|X4|L|4h,M-C,v=V2,X4,L,4h,-0.1002181937983287,-0.005245660011282744,1228,-0.26734848308059245,0.45515769975800024,3356.700549209271,-930.3936947924168,8,0.1777500508706384,-0.6018058676914962
M-C|v=V2|X4|S|4h,M-C,v=V2,X4,S,4h,-0.0996393741194192,-0.005215363204602022,1336,-0.2833620830539114,0.6227814352717413,3496.409952494551,1223.7454339657575,6,-0.3596659209511316,0.40286567246386834
M-C|v=V2|X4|LS|4h,M-C,v=V2,X4,LS,4h,-0.09433332495554761,-0.004937631897921003,1898,-0.2939368598797524,0.49959925721570375,5037.79863752569,501.3269047294048,8,-0.025983012136912342,-0.22677593071538193
M-C|v=V3|X1|L|4h,M-C,v=V3,X1,L,4h,0.44082984777731227,0.02307408881184476,2646,0.5969589893222265,0.5306445460763045,9051.675556969407,-2780.697390139662,23,0.7813950783651407,-0.24294333044338043
M-C|v=V3|X1|S|4h,M-C,v=V3,X1,S,4h,0.10887959902505404,0.005699018681174339,2652,-0.17060031944837195,0.6097031326551424,7821.912361346784,837.7782822357283,24,0.19212419346664186,-0.06327116519444306
M-C|v=V3|X1|LS|4h,M-C,v=V3,X1,LS,4h,0.5471296141928499,0.028638072882609177,2648,0.857064468001884,0.5001094470308518,12589.379266604183,137.99688749227914,13,0.9721255761361176,-0.3406918141617663
M-C|v=V3|X2|L|4h,M-C,v=V3,X2,L,4h,0.44082984777731227,0.02307408881184476,2646,0.5969589893222265,0.5306445460763045,9051.675556969407,-2780.697390139662,23,0.7813950783651407,-0.24294333044338043
M-C|v=V3|X2|S|4h,M-C,v=V3,X2,S,4h,0.10887959902505404,0.005699018681174339,2652,-0.17060031944837195,0.6097031326551424,7821.912361346784,837.7782822357283,24,0.19212419346664186,-0.06327116519444306
M-C|v=V3|X2|LS|4h,M-C,v=V3,X2,LS,4h,0.5471296141928499,0.028638072882609177,2648,0.857064468001884,0.5001094470308518,12589.379266604183,137.99688749227914,13,0.9721255761361176,-0.3406918141617663
M-C|v=V3|X3|L|4h,M-C,v=V3,X3,L,4h,0.20531350536299212,0.010746600033784422,1438,0.04168240934271772,0.5116464852741328,3593.638625624352,-794.8548708599241,37,0.3073373034661229,-0.012338030781319042
M-C|v=V3|X3|S|4h,M-C,v=V3,X3,S,4h,-0.5196075340310814,-0.027197501366997657,1374,-0.8188496902451838,0.8877941897375088,1780.070321723568,824.5155310101475,65,-0.7234919259751207,0.07463897737465448
M-C|v=V3|X3|LS|4h,M-C,v=V3,X3,LS,4h,-0.18734130448051386,-0.009805892045435815,2058,-0.6114283527384445,0.7674769733265259,2888.044141739202,691.7080104138963,61,-0.34410179816447095,0.269980780858155
M-C|v=V3|X4|L|4h,M-C,v=V3,X4,L,4h,0.7553711291311774,0.039537931942123974,2390,2.045391706836942,0.5135582730476143,12596.672546680751,-3625.1593610183236,18,0.9485421403660091,0.4548423223489649
M-C|v=V3|X4|S|4h,M-C,v=V3,X4,S,4h,0.5201403435870847,0.02722538989377734,2362,0.8297477154387587,0.3827610651884885,10962.16609864189,1482.7763154418635,14,0.5604932794549501,0.4422019279124788
M-C|v=V3|X4|LS|4h,M-C,v=V3,X4,LS,4h,0.9069050582488246,0.0474695803005506,2598,2.478109558833979,0.34313030021351953,13376.029347572787,-968.6579680934412,7,0.9509017972275592,0.8311859024703385
"R-A|n=10,k=1.9,e=E1|X1|L|4h",R-A,"n=10,k=1.9,e=E1",X1,L,4h,-0.3237254738291109,-0.01694456573540088,1988,-0.5961921651275222,0.6650281512986576,3374.5363416175333,-194.12166917302156,50,-0.21325476170916938,-0.6093181704327831
"R-A|n=10,k=1.9,e=E1|X1|S|4h",R-A,"n=10,k=1.9,e=E1",X1,S,4h,-0.5800500830762143,-0.030361208978253142,1994,-0.645316321772152,0.7976474454939795,4112.43481586882,474.27747896192017,33,-0.5831902466830401,-0.5740654157534988
"R-A|n=10,k=1.9,e=E1|X1|LS|4h",R-A,"n=10,k=1.9,e=E1",X1,LS,4h,-0.7311347942891295,-0.03826934419690052,3868,-0.8822891218934537,0.9249654923713165,5355.746208310013,267.7753887305006,80,-0.6127173828520336,-1.0109564056993063
"R-A|n=10,k=1.9,e=E1|X2|L|4h",R-A,"n=10,k=1.9,e=E1",X2,L,4h,-0.3597574310728186,-0.018830564575311317,1658,-0.6766310168974689,0.7214614655395326,2563.820352436332,-297.543415240598,58,-0.1783689300099838,-0.8080001218919615
"R-A|n=10,k=1.9,e=E1|X2|S|4h",R-A,"n=10,k=1.9,e=E1",X2,S,4h,-0.7206107175756529,-0.03771848884539969,1676,-0.7851683952354679,0.8643094808159999,2726.8942651284633,527.3740706119304,47,-0.6994319986018692,-0.761244680369535
"R-A|n=10,k=1.9,e=E1|X2|LS|4h",R-A,"n=10,k=1.9,e=E1",X2,LS,4h,-0.7786172332471064,-0.04075468864225398,3316,-0.9315746201879693,0.9501092039250343,3431.2720992707887,239.57435525826978,97,-0.6082097564629421,-1.1555706315398526
"R-A|n=10,k=1.9,e=E1|X3|L|4h",R-A,"n=10,k=1.9,e=E1",X3,L,4h,-1.3815901656147334,-0.07231573438981267,1940,-0.8093314473073173,0.8365363102321336,2811.7401240239546,-247.39323344746234,22,-1.3959053402717732,-1.353309615214176
"R-A|n=10,k=1.9,e=E1|X3|S|4h",R-A,"n=10,k=1.9,e=E1",X3,S,4h,-1.1618184055757985,-0.06081235471839923,1946,-0.7556189075922227,0.8071232795627382,4103.261345564188,365.892609659175,13,-1.10585012518533,-1.2819333345944195
"R-A|n=10,k=1.9,e=E1|X3|LS|4h",R-A,"n=10,k=1.9,e=E1",X3,LS,4h,-1.9412117315705781,-0.1016076659116813,3810,-0.9588973932459801,0.9644064030097361,4320.830680363133,5.481920112878492,33,-1.8736613414490007,-2.075568272885444
"R-A|n=10,k=1.9,e=E1|X4|L|4h",R-A,"n=10,k=1.9,e=E1",X4,L,4h,-0.2691167369159136,-0.014086213807120607,2000,-0.5473222561059139,0.6238939812243215,3595.1967123546565,-201.26975721948457,50,-0.12677777820011896,-0.6294215721086515
"R-A|n=10,k=1.9,e=E1|X4|S|4h",R-A,"n=10,k=1.9,e=E1",X4,S,4h,-0.6359539103535279,-0.03328734903438287,2006,-0.6706687051532523,0.8064570402992344,3995.945298632859,440.27763148992847,33,-0.6326339902831006,-0.6430480470649065
"R-A|n=10,k=1.9,e=E1|X4|LS|4h",R-A,"n=10,k=1.9,e=E1",X4,LS,4h,-0.7319056223527034,-0.038309691181768364,3892,-0.8804898165459448,0.9233904558283464,5377.764038731748,261.06051811553965,80,-0.5855986954693804,-1.0768983260731695
"R-A|n=10,k=1.9,e=E2|X1|L|4h",R-A,"n=10,k=1.9,e=E2",X1,L,4h,-0.258530142761643,-0.013532086143210711,1976,-0.5089679230930806,0.5955258556099639,4041.5531404802605,-164.32763797103033,37,-0.06191290748739975,-0.7809248053993258
"R-A|n=10,k=1.9,e=E2|X1|S|4h",R-A,"n=10,k=1.9,e=E2",X1,S,4h,-0.442975236199572,-0.023186383574190644,1976,-0.4933706548789044,0.6918359803438356,4647.861547367796,472.77316855260597,18,-0.44415494444123216,-0.4409878343211575
"R-A|n=10,k=1.9,e=E2|X1|LS|4h",R-A,"n=10,k=1.9,e=E2",X1,LS,4h,-0.4967727525560162,-0.026002274277880762,3940,-0.7590278707387477,0.8398544174516814,7202.579376801525,326.3875012825552,54,-0.33517733807297356,-0.8867494895434308
"R-A|n=10,k=1.9,e=E2|X2|L|4h",R-A,"n=10,k=1.9,e=E2",X2,L,4h,-0.31171496457039083,-0.016315906948550347,1662,-0.6193257840486844,0.677494261455356,2902.061053665808,-245.15164868971897,47,-0.15044934176463648,-0.7086935836327998
"R-A|n=10,k=1.9,e=E2|X2|S|4h",R-A,"n=10,k=1.9,e=E2",X2,S,4h,-0.6455941608066904,-0.03379194280507751,1684,-0.7035389133792246,0.7968269437757576,3029.6109035045156,547.66713707545,34,-0.5826655616240658,-0.767693889253087
"R-A|n=10,k=1.9,e=E2|X2|LS|4h",R-A,"n=10,k=1.9,e=E2",X2,LS,4h,-0.6670371715683715,-0.03491432128557984,3346,-0.8854479030954696,0.9171720701293259,4204.511323776676,292.8460524633771,78,-0.48964111372403757,-1.0582914778069008
"R-A|n=10,k=1.9,e=E2|X3|L|4h",R-A,"n=10,k=1.9,e=E2",X3,L,4h,-0.8188005712367096,-0.04285798068158263,1938,-0.5800318286601482,0.6296568608361957,4462.148422516359,-320.03138172987343,8,-0.627321982066758,-1.1987646175060687
"R-A|n=10,k=1.9,e=E2|X3|S|4h",R-A,"n=10,k=1.9,e=E2",X3,S,4h,-0.9632861091309182,-0.05042069938179699,1940,-0.6349795395969076,0.7185231553495603,4715.136992600957,408.8758174954642,9,-0.847590949099126,-1.2126787211211514
"R-A|n=10,k=1.9,e=E2|X3|LS|4h",R-A,"n=10,k=1.9,e=E2",X3,LS,4h,-1.3218744241033782,-0.069190069623587,3862,-0.853432100217952,0.8868562559505293,7184.718867175251,69.20082168941227,16,-1.1292766214852963,-1.7132338567545944
"R-A|n=10,k=1.9,e=E2|X4|L|4h",R-A,"n=10,k=1.9,e=E2",X4,L,4h,-0.26283035802981525,-0.013757169697575618,1986,-0.5128900967441108,0.598756638090902,4061.218430750442,-164.0110904291367,36,-0.10008294050211447,-0.6976874168406682
"R-A|n=10,k=1.9,e=E2|X4|S|4h",R-A,"n=10,k=1.9,e=E2",X4,S,4h,-0.48107496940189404,-0.025180614754430643,1984,-0.5163028453224527,0.702097024327178,4582.309219451849,446.1852844237473,19,-0.4832466532009615,-0.4771287404595649
"R-A|n=10,k=1.9,e=E2|X4|LS|4h",R-A,"n=10,k=1.9,e=E2",X4,LS,4h,-0.5228463915383373,-0.027367030917113525,3958,-0.7717572994658414,0.8485265353077013,7147.32849395078,311.2552761670105,54,-0.38950897669536083,-0.8466798710435715
"R-A|n=20,k=2,e=E1|X1|L|4h",R-A,"n=20,k=2.0,e=E1",X1,L,4h,-0.5150176738694414,-0.026957257106003045,1134,-0.721728518387043,0.8065411287562498,1264.5914461333923,-96.72849785117032,49,-0.6660307540919909,-0.18589771960346577
"R-A|n=20,k=2,e=E1|X1|S|4h",R-A,"n=20,k=2.0,e=E1",X1,S,4h,-0.7450122635898819,-0.03899572413860303,1138,-0.7621136631684398,0.8230681557924787,1727.6468836709585,421.3005406727068,33,-1.0480480423508085,-0.1540280773900692
"R-A|n=20,k=2,e=E1|X1|LS|4h",R-A,"n=20,k=2.0,e=E1",X1,LS,4h,-0.9318620721657173,-0.04877589011260246,2250,-0.9384641467088011,0.9557694244677555,1629.5470734449516,202.86119932367797,80,-1.2497818929559203,-0.2809121061143857
"R-A|n=20,k=2,e=E1|X2|L|4h",R-A,"n=20,k=2.0,e=E1",X2,L,4h,-0.17111858951695127,-0.008956756335306727,926,-0.5435563612631562,0.7077771814028364,1309.5952845368874,-287.03395648058165,61,-0.2839052429784465,0.07849445769861256
"R-A|n=20,k=2,e=E1|X2|S|4h",R-A,"n=20,k=2.0,e=E1",X2,S,4h,-0.495261679530051,-0.025923181100823665,898,-0.7403154809167718,0.8245393767730963,1381.7421338313598,673.5426227292808,54,-0.7771235438568763,0.11388879498404386
"R-A|n=20,k=2,e=E1|X2|LS|4h",R-A,"n=20,k=2.0,e=E1",X2,LS,4h,-0.49216512916083505,-0.025761100246748346,1820,-0.878514578187994,0.9121381575192631,1574.6784171982401,304.22518753667424,107,-0.7824745834403752,0.13726660421181183
"R-A|n=20,k=2,e=E1|X3|L|4h",R-A,"n=20,k=2.0,e=E1",X3,L,4h,-1.395916405038873,-0.07306560403334765,1346,-0.8265494449150285,0.8498336868382861,1500.0360982092134,-196.29385102443794,28,-1.4906165608337425,-1.2114059443811835
"R-A|n=20,k=2,e=E1|X3|S|4h",R-A,"n=20,k=2.0,e=E1",X3,S,4h,-1.2371619567570484,-0.06475601642851586,1368,-0.7921367419478647,0.8313026985025234,2533.010908293894,370.6863872479203,18,-1.5530393135713574,-0.612673793992617
"R-A|n=20,k=2,e=E1|X3|LS|4h",R-A,"n=20,k=2.0,e=E1",X3,LS,4h,-1.9158683276052497,-0.10028113152014925,2684,-0.9646183909908733,0.9685197284475533,2040.4873047936637,32.695719309684726,45,-2.2172610010321696,-1.3282000601284853
"R-A|n=20,k=2,e=E1|X4|L|4h",R-A,"n=20,k=2.0,e=E1",X4,L,4h,-0.43527052316575104,-0.02278310046233119,1204,-0.6652788508917884,0.7817903258117351,1401.0375274560008,-110.86316499430193,45,-0.5808650390651121,-0.1153924122490658
"R-A|n=20,k=2,e=E1|X4|S|4h",R-A,"n=20,k=2.0,e=E1",X4,S,4h,-0.8391358427319376,-0.04392237743887955,1216,-0.7560733686754946,0.8357152383622273,1810.1605644874187,363.66199487812605,26,-1.268287274235287,-0.05142039941167354
"R-A|n=20,k=2,e=E1|X4|LS|4h",R-A,"n=20,k=2.0,e=E1",X4,LS,4h,-0.9203515028490137,-0.0481733993783029,2402,-0.9253425019666187,0.9502639717952799,1695.9074396944036,165.00323055703686,71,-1.29130672006136,-0.16367256904225935
"R-A|n=20,k=2,e=E2|X1|L|4h",R-A,"n=20,k=2.0,e=E2",X1,L,4h,-0.32922913195920567,-0.017232640368105852,1132,-0.5387893965198031,0.6603309308036682,1661.917455612213,-82.24711097935531,40,-0.5756780516098735,0.14814931847365864
"R-A|n=20,k=2,e=E2|X1|S|4h",R-A,"n=20,k=2.0,e=E2",X1,S,4h,-0.6253046077674007,-0.03272993906113479,1138,-0.6518329543176702,0.7501286092919319,2087.852813578142,465.9140129172035,24,-0.7809916853620049,-0.30153131079288037
"R-A|n=20,k=2,e=E2|X1|LS|4h",R-A,"n=20,k=2.0,e=E2",X1,LS,4h,-0.6711627326099973,-0.03513026301990915,2266,-0.8400212364810532,0.8752047008231972,2399.328657951025,300.4908420546791,63,-0.9793272979663653,-0.059851752566978
"R-A|n=20,k=2,e=E2|X2|L|4h",R-A,"n=20,k=2.0,e=E2",X2,L,4h,-0.023132794486458358,-0.0012108258030575302,930,-0.3269007966950519,0.576469381871578,1722.5262469334107,-331.52298990012457,53,-0.16224266217648242,0.26017694029139166
"R-A|n=20,k=2,e=E2|X2|S|4h",R-A,"n=20,k=2.0,e=E2",X2,S,4h,-0.402213131283799,-0.021052797489385867,906,-0.6505355022724814,0.777580168585292,1587.6247999857985,709.0630822434371,44,-0.6488894894666832,0.15330641468419187
"R-A|n=20,k=2,e=E2|X2|LS|4h",R-A,"n=20,k=2.0,e=E2",X2,LS,4h,-0.31050558519617,-0.01625260513895491,1836,-0.7593561782659909,0.8494032018884129,2293.5378053644704,440.0291817595249,91,-0.601484924406948,0.30012942830431744
"R-A|n=20,k=2,e=E2|X3|L|4h",R-A,"n=20,k=2.0,e=E2",X3,L,4h,-0.5628252368497508,-0.02945961932046627,1232,-0.4716575093143377,0.5457204410089334,2456.059338941107,-261.9978901490047,10,-0.6914327685312608,-0.32418613738550645
"R-A|n=20,k=2,e=E2|X3|S|4h",R-A,"n=20,k=2.0,e=E2",X3,S,4h,-0.9691728023475162,-0.050728822987248685,1304,-0.6446040746821174,0.7090785237715947,2826.4097005123676,428.63637362093345,10,-1.0763241825709489,-0.7578427419579692
"R-A|n=20,k=2,e=E2|X3|LS|4h",R-A,"n=20,k=2.0,e=E2",X3,LS,4h,-1.1167895838954072,-0.05845543847104266,2506,-0.8169356785962746,0.8449930982579156,3663.2769927336403,141.63484547421183,21,-1.2936700752781036,-0.7783757562024237
"R-A|n=20,k=2,e=E2|X4|L|4h",R-A,"n=20,k=2.0,e=E2",X4,L,4h,-0.43827082702169046,-0.022940143543655027,1192,-0.6066403160544086,0.709754551530172,1565.306543518835,-84.01123402828128,37,-0.7478574455529297,0.16825033971165684
"R-A|n=20,k=2,e=E2|X4|S|4h",R-A,"n=20,k=2.0,e=E2",X4,S,4h,-0.809792244052609,-0.042386463286514825,1202,-0.6992983535143739,0.7898305905372259,2020.2804498329579,363.60314759392315,24,-1.077145004120307,-0.2656059564273445
"R-A|n=20,k=2,e=E2|X4|LS|4h",R-A,"n=20,k=2.0,e=E2",X4,LS,4h,-0.8605103343120777,-0.04504116946150439,2390,-0.8823990819659827,0.9094650920208198,2155.7159996660803,211.63065772567165,61,-1.2864663856762844,-0.014685304305798513
"R-A|n=50,k=2.1,e=E1|X1|L|4h",R-A,"n=50,k=2.1,e=E1",X1,L,4h,-0.17352685877126311,-0.009082810909281258,482,-0.49876749387226504,0.6102678568348865,889.6135730022893,-4.9469571565455,46,-0.12734586893552716,-0.27204215372938234
"R-A|n=50,k=2.1,e=E1|X1|S|4h",R-A,"n=50,k=2.1,e=E1",X1,S,4h,-0.7670951476421868,-0.04015159511787925,504,-0.8834683654149863,0.9118475228934372,696.0733028668475,521.180494794735,50,-0.8740389720596985,-0.5056435852500131
"R-A|n=50,k=2.1,e=E1|X1|LS|4h",R-A,"n=50,k=2.1,e=E1",X1,LS,4h,-0.706629561158153,-0.036986681671960175,984,-0.9417201048764028,0.9551478437771989,979.8473317555655,525.1833553561612,94,-0.7821211089253387,-0.5354336567378903
"R-A|n=50,k=2.1,e=E1|X2|L|4h",R-A,"n=50,k=2.1,e=E1",X2,L,4h,-0.13769805666346932,-0.007207445695184263,346,-0.529398664587567,0.6743718508986499,628.0022364589845,-265.1242308909545,58,-0.02675546119881509,-0.35883040409323114
"R-A|n=50,k=2.1,e=E1|X2|S|4h",R-A,"n=50,k=2.1,e=E1",X2,S,4h,-0.21882233839907755,-0.011453684671520832,384,-0.7793294013884349,0.906370864093041,936.1301270124247,1533.7862825963973,81,-0.22176016877684793,-0.24520269328690403
"R-A|n=50,k=2.1,e=E1|X2|LS|4h",R-A,"n=50,k=2.1,e=E1",X2,LS,4h,-0.2820963734687064,-0.014765599034946422,726,-0.8924422381887015,0.9290159193449518,1139.3569543086987,1125.7380165737222,127,-0.23001476621950412,-0.44876164989157297
"R-A|n=50,k=2.1,e=E1|X3|L|4h",R-A,"n=50,k=2.1,e=E1",X3,L,4h,-1.1853165430960886,-0.062042303449842684,736,-0.7685745427786328,0.8042106086013875,979.249109876907,-202.81983456091922,26,-1.1220390812239156,-1.3034528516292228
"R-A|n=50,k=2.1,e=E1|X3|S|4h",R-A,"n=50,k=2.1,e=E1",X3,S,4h,-1.4552842646907493,-0.07617305983082469,826,-0.8266530713293417,0.8492218424941909,1449.9960220611424,443.8948603766495,22,-1.503490948633207,-1.360927139223816
"R-A|n=50,k=2.1,e=E1|X3|LS|4h",R-A,"n=50,k=2.1,e=E1",X3,LS,4h,-1.8966051552647216,-0.0992728509973482,1556,-0.959268405704671,0.9656252423571148,1429.748076718796,112.10870560184031,47,-1.8955087840645761,-1.8971293450139752
"R-A|n=50,k=2.1,e=E1|X4|L|4h",R-A,"n=50,k=2.1,e=E1",X4,L,4h,-0.6604073981929025,-0.034567303086972624,566,-0.726230195367394,0.7739594817111015,743.919945115184,7.478933432832469,38,-0.7493267146121304,-0.45969984647690976
"R-A|n=50,k=2.1,e=E1|X4|S|4h",R-A,"n=50,k=2.1,e=E1",X4,S,4h,-0.885235262917743,-0.04633533137315842,646,-0.6845561013450734,0.7328559829358967,1139.0852373680032,459.11827851628095,19,-1.1339563329132445,-0.44968416416350704
"R-A|n=50,k=2.1,e=E1|X4|LS|4h",R-A,"n=50,k=2.1,e=E1",X4,LS,4h,-1.0779324293545864,-0.0564215620459976,1208,-0.9158154305202247,0.9354564127764982,1150.268912028051,290.6971484713904,57,-1.2855940074571814,-0.6427202993621297
"R-A|n=50,k=2.1,e=E2|X1|L|4h",R-A,"n=50,k=2.1,e=E2",X1,L,4h,0.13454947398941974,0.007042641345799202,484,-0.05412107597871274,0.4132659108591701,1417.7924766787048,-52.70954075262206,36,0.259264837464141,-0.09684398740180959
"R-A|n=50,k=2.1,e=E2|X1|S|4h",R-A,"n=50,k=2.1,e=E2",X1,S,4h,-0.6476763723569721,-0.03390093073880862,498,-0.8271162823994859,0.8674144337153872,714.741308875757,560.7247795589838,39,-0.8018108965685972,-0.2067503309630851
"R-A|n=50,k=2.1,e=E2|X1|LS|4h",R-A,"n=50,k=2.1,e=E2",X1,LS,4h,-0.4303025390214713,-0.022523064287514702,982,-0.8354812389255127,0.8924689107223879,1535.4740775702926,821.8153150334413,72,-0.5233873736910855,-0.2049226399603307
"R-A|n=50,k=2.1,e=E2|X2|L|4h",R-A,"n=50,k=2.1,e=E2",X2,L,4h,-0.061074212298692185,-0.0031967703770488937,344,-0.3940320213234506,0.6062244224127464,760.7387298260855,-353.02072502927047,52,0.11493046015664078,-0.3807350321689985
"R-A|n=50,k=2.1,e=E2|X2|S|4h",R-A,"n=50,k=2.1,e=E2",X2,S,4h,-0.13326639647969782,-0.006975481999486608,378,-0.6954079205656851,0.8662116690417443,943.3190756545163,1592.072889402579,69,-0.1687026842997461,-0.02431242407056065
"R-A|n=50,k=2.1,e=E2|X2|LS|4h",R-A,"n=50,k=2.1,e=E2",X2,LS,4h,-0.16112576206851453,-0.008433707841223935,720,-0.8104398321034391,0.8781339189596428,1362.3740192602172,1325.0371522636513,117,-0.10876410316434422,-0.3200912322803603
"R-A|n=50,k=2.1,e=E2|X3|L|4h",R-A,"n=50,k=2.1,e=E2",X3,L,4h,-0.07141630826764137,-0.003738100421036075,614,-0.13182301780724048,0.3435621125849868,1633.2051361285128,-334.3092303065146,3,0.05896095754853099,-0.29206131074412967
"R-A|n=50,k=2.1,e=E2|X3|S|4h",R-A,"n=50,k=2.1,e=E2",X3,S,4h,-0.9050420853733896,-0.04737206784353667,714,-0.5781167754565801,0.6370643863973113,1577.559978883395,550.1532717645598,3,-0.9879992344946217,-0.7597196096623783
"R-A|n=50,k=2.1,e=E2|X3|LS|4h",R-A,"n=50,k=2.1,e=E2",X3,LS,4h,-0.6812876258485597,-0.0356602241533827,1326,-0.6252625139905489,0.7013006019571806,2859.8506660556786,351.19301223120345,6,-0.6450214603187628,-0.7450925604569038
"R-A|n=50,k=2.1,e=E2|X4|L|4h",R-A,"n=50,k=2.1,e=E2",X4,L,4h,-0.017765701789714632,-0.0009298993318340413,570,-0.18572193075762566,0.3985146141979524,1391.8689304765182,-11.179959129845978,25,-0.11759168229536286,0.20537534061801413
"R-A|n=50,k=2.1,e=E2|X4|S|4h",R-A,"n=50,k=2.1,e=E2",X4,S,4h,-0.7088194251417336,-0.03710130439158266,622,-0.5957957820140767,0.6805314081106653,1268.9688402282934,545.4879100071498,10,-0.955078198774765,-0.22488888068931914
"R-A|n=50,k=2.1,e=E2|X4|LS|4h",R-A,"n=50,k=2.1,e=E2",X4,LS,4h,-0.47163328887172884,-0.02468641460853637,1192,-0.6709801322993156,0.7542884703753931,2310.7464429736024,628.800398708591,35,-0.6962214806868597,-0.00018670879666547315
"R-B|lb=20,th=1.5|X1|L|4h",R-B,"lb=20,th=1.5",X1,L,4h,-0.6325022434192858,-0.03310668052976328,1500,-0.8079062396258546,0.8576951746281195,1316.3205565455041,-153.00730095415076,60,-0.7561289604603659,-0.36097998647307433
"R-B|lb=20,th=1.5|X1|S|4h",R-B,"lb=20,th=1.5",X1,S,4h,-0.7584730075238204,-0.03970029167769148,1538,-0.8128538706471842,0.8961799612131436,2340.5723445894464,422.89038145870984,44,-1.1430691610489039,0.038033911339400144
"R-B|lb=20,th=1.5|X1|LS|4h",R-B,"lb=20,th=1.5",X1,LS,4h,-1.0224482658351242,-0.053517388194898236,3006,-0.9642261998151245,0.9744578722568529,1879.1363106873744,140.57995896655046,101,-1.3832645408903173,-0.2713462471456324
"R-B|lb=20,th=1.5|X2|L|4h",R-B,"lb=20,th=1.5",X2,L,4h,-0.4431620459904321,-0.023196161645541665,1774,-0.7040768245326865,0.7790104540933062,1998.4489937096475,-217.71670328807642,50,-0.4299499007533252,-0.4786508862933871
"R-B|lb=20,th=1.5|X2|S|4h",R-B,"lb=20,th=1.5",X2,S,4h,-0.5304437476265482,-0.027764694709614127,1810,-0.6819769840294214,0.8451626461644912,3821.0625872046353,566.2935672205667,40,-0.7189418647723639,-0.13897218029185876
"R-B|lb=20,th=1.5|X2|LS|4h",R-B,"lb=20,th=1.5",X2,LS,4h,-0.6678880580117694,-0.034958858717568056,3342,-0.8758718566914523,0.9353837181858593,4315.663427067428,248.24637231006275,77,-0.630478885678187,-0.7455811739446312
"R-B|lb=20,th=1.5|X3|L|4h",R-B,"lb=20,th=1.5",X3,L,4h,-1.5285280288617031,-0.08000681366558801,1608,-0.8219825215520824,0.8446533226166923,1412.2824502242167,-208.07724876369537,17,-1.6822787097457528,-1.2392846087096758
"R-B|lb=20,th=1.5|X3|S|4h",R-B,"lb=20,th=1.5",X3,S,4h,-1.3888267441015054,-0.0726945142195805,1642,-0.7855819940777988,0.8216759405239977,2299.750198470226,377.0487661256961,16,-1.6637266668352386,-0.8634241322313
"R-B|lb=20,th=1.5|X3|LS|4h",R-B,"lb=20,th=1.5",X3,LS,4h,-2.1727252751778585,-0.11372563862444962,3208,-0.9629747954050346,0.9660284145164529,1998.8099184634411,49.60445043749105,30,-2.4624239986219827,-1.6424542534888014
"R-B|lb=20,th=1.5|X4|L|4h",R-B,"lb=20,th=1.5",X4,L,4h,-0.4837968803841992,-0.025323086086760597,1624,-0.7345456575894231,0.8024173625935302,1656.6772417355462,-178.68696793367786,58,-0.6098476009879497,-0.20895011490640877
"R-B|lb=20,th=1.5|X4|S|4h",R-B,"lb=20,th=1.5",X4,S,4h,-0.8250894079921758,-0.04318715344189019,1684,-0.8109952418438712,0.8990941081217644,2485.9089824393545,397.583085984606,40,-1.2778782989833148,0.09320779052622359
"R-B|lb=20,th=1.5|X4|LS|4h",R-B,"lb=20,th=1.5",X4,LS,4h,-0.9621223216539737,-0.050359783961172626,3278,-0.9527128191541256,0.967076149124294,2131.3188268301237,127.39895963958114,95,-1.3595532191118962,-0.13989396234499657
"R-B|lb=20,th=1.5|X5|L|4h",R-B,"lb=20,th=1.5",X5,L,4h,-0.6360429025070571,-0.03329200709659087,1506,-0.8079367606074366,0.8516327885760409,1359.3512748052165,-156.96147999342242,60,-0.7201943257776768,-0.45076242622038126
"R-B|lb=20,th=1.5|X5|S|4h",R-B,"lb=20,th=1.5",X5,S,4h,-0.7590256425010625,-0.03972921791444634,1548,-0.8085974938605374,0.8910919488116358,2401.8845930907983,439.3028639309382,44,-1.1364813422893534,0.014869824841861803
"R-B|lb=20,th=1.5|X5|LS|4h",R-B,"lb=20,th=1.5",X5,LS,4h,-1.0297577735442194,-0.053899985314628036,3022,-0.9638253708303642,0.9728440008143938,1945.5195562279416,143.41263425673864,101,-1.3545362364025533,-0.3502685063456471
"R-B|lb=20,th=2|X1|L|4h",R-B,"lb=20,th=2.0",X1,L,4h,-0.5150176738694414,-0.026957257106003045,1134,-0.721728518387043,0.8065411287562498,1264.5914461333923,-96.72849785117032,49,-0.6660307540919909,-0.18589771960346577
"R-B|lb=20,th=2|X1|S|4h",R-B,"lb=20,th=2.0",X1,S,4h,-0.7450122635898819,-0.03899572413860303,1138,-0.7621136631684398,0.8230681557924787,1727.6468836709585,421.3005406727068,33,-1.0480480423508085,-0.1540280773900692
"R-B|lb=20,th=2|X1|LS|4h",R-B,"lb=20,th=2.0",X1,LS,4h,-0.9318620721657173,-0.04877589011260246,2250,-0.9384641467088011,0.9557694244677555,1629.5470734449516,202.86119932367797,80,-1.2497818929559203,-0.2809121061143857
"R-B|lb=20,th=2|X2|L|4h",R-B,"lb=20,th=2.0",X2,L,4h,-0.33993302191891156,-0.01779290757507418,1276,-0.5942175375353159,0.7333604179391451,1741.0085053475168,-135.60678066839498,43,-0.38125636010212866,-0.24832515041557252
"R-B|lb=20,th=2|X2|S|4h",R-B,"lb=20,th=2.0",X2,S,4h,-0.6402861950061601,-0.03351411117704869,1280,-0.6704101707389898,0.7994067083489074,2415.9878961918466,430.1047645220995,29,-0.8624855727528362,-0.21561166043192478
"R-B|lb=20,th=2|X2|LS|4h",R-B,"lb=20,th=2.0",X2,LS,4h,-0.628032528482062,-0.032872724957233104,2464,-0.830328468737363,0.8932081826053775,2951.098171864834,262.18018934715565,65,-0.7372126195575949,-0.40461192048992667
"R-B|lb=20,th=2|X3|L|4h",R-B,"lb=20,th=2.0",X3,L,4h,-1.1920520239253272,-0.0623948546294598,1180,-0.6781101679573573,0.712599221311327,1327.4951625397036,-187.40542551001886,13,-1.3567791810433998,-0.8864253366780949
"R-B|lb=20,th=2|X3|S|4h",R-B,"lb=20,th=2.0",X3,S,4h,-1.4173147656114695,-0.07418564541613848,1222,-0.7463313942727051,0.7802427076910888,1783.3711782509583,312.34335932931674,9,-1.6736827769671716,-0.9317263109920885
"R-B|lb=20,th=2|X3|LS|4h",R-B,"lb=20,th=2.0",X3,LS,4h,-1.9340485227143693,-0.10123272642389633,2376,-0.92246399017931,0.9289849840020995,1768.1851376369457,60.948617105826315,22,-2.2211663089031783,-1.4012430305571397
"R-B|lb=20,th=2|X4|L|4h",R-B,"lb=20,th=2.0",X4,L,4h,-0.43527052316575104,-0.02278310046233119,1204,-0.6652788508917884,0.7817903258117351,1401.0375274560008,-110.86316499430193,45,-0.5808650390651121,-0.1153924122490658
"R-B|lb=20,th=2|X4|S|4h",R-B,"lb=20,th=2.0",X4,S,4h,-0.8391358427319376,-0.04392237743887955,1216,-0.7560733686754946,0.8357152383622273,1810.1605644874187,363.66199487812605,26,-1.268287274235287,-0.05142039941167354
"R-B|lb=20,th=2|X4|LS|4h",R-B,"lb=20,th=2.0",X4,LS,4h,-0.9203515028490137,-0.0481733993783029,2402,-0.9253425019666187,0.9502639717952799,1695.9074396944036,165.00323055703686,71,-1.29130672006136,-0.16367256904225935
"R-B|lb=20,th=2|X5|L|4h",R-B,"lb=20,th=2.0",X5,L,4h,-0.5517684022534141,-0.02888087814688169,1136,-0.7368868974016618,0.8092565027379622,1250.870365089507,-99.34756018301563,49,-0.6763339709277806,-0.2766577740152224
"R-B|lb=20,th=2|X5|S|4h",R-B,"lb=20,th=2.0",X5,S,4h,-0.7420628140477132,-0.03884134289371864,1144,-0.7562516755734514,0.8148483119872487,1769.6736796099924,435.7877430890501,33,-1.0339421481435014,-0.17836165732007445
"R-B|lb=20,th=2|X5|LS|4h",R-B,"lb=20,th=2.0",X5,LS,4h,-0.9571804414502388,-0.05010111412905164,2258,-0.940298858939709,0.9548832628368833,1639.0866863896426,197.3691189914734,80,-1.2453848642139453,-0.36351518659262105
"R-B|lb=20,th=2.5|X1|L|4h",R-B,"lb=20,th=2.5",X1,L,4h,-0.4030851227561298,-0.02109843960907713,734,-0.584687355299348,0.6758968690422869,1010.9697826409458,30.579678772111848,33,-0.5874162998633993,-0.006624345431246975
"R-B|lb=20,th=2.5|X1|S|4h",R-B,"lb=20,th=2.5",X1,S,4h,-1.071378727174904,-0.05607852559575986,762,-0.8097436419328223,0.8246674680890762,970.3981955415902,247.2494651561559,26,-1.404360327172438,-0.4386319952154077
"R-B|lb=20,th=2.5|X1|LS|4h",R-B,"lb=20,th=2.5",X1,LS,4h,-1.0324027727659486,-0.05403843090141659,1482,-0.9222338818360083,0.9281475149481756,1063.1532712532298,210.97982681375728,58,-1.4000782212286214,-0.28990493095172226
"R-B|lb=20,th=2.5|X2|L|4h",R-B,"lb=20,th=2.5",X2,L,4h,-0.2579200958410123,-0.013500154827994652,790,-0.45937742014495475,0.6361286019597058,1261.7405008518108,5.184243877547891,29,-0.40794352203731743,0.09090448309147198
"R-B|lb=20,th=2.5|X2|S|4h",R-B,"lb=20,th=2.5",X2,S,4h,-0.9068146962504147,-0.04746485053738452,824,-0.714010223741138,0.7963552867531616,1412.4211105522309,247.8532691063349,22,-1.1204910922223938,-0.5000791388210801
"R-B|lb=20,th=2.5|X2|LS|4h",R-B,"lb=20,th=2.5",X2,LS,4h,-0.7854982238916021,-0.04111485615369883,1582,-0.8362996773794776,0.8664883808612928,1795.7376510751608,244.50165230025684,46,-1.0165538355683579,-0.3104265177036679
"R-B|lb=20,th=2.5|X3|L|4h",R-B,"lb=20,th=2.5",X3,L,4h,-0.8973699628750522,-0.04697049059826943,760,-0.4882455368206118,0.5259525905523492,1183.34972061844,-160.82264481066943,4,-1.0131820761308221,-0.6807251956781865
"R-B|lb=20,th=2.5|X3|S|4h",R-B,"lb=20,th=2.5",X3,S,4h,-1.6298645364456996,-0.08531100889570885,794,-0.7166472040960123,0.7258099776011626,1208.9014924505848,213.1318163676834,6,-1.8847832314082793,-1.1262943982419793
"R-B|lb=20,th=2.5|X3|LS|4h",R-B,"lb=20,th=2.5",X3,LS,4h,-1.8478096827593113,-0.09671877923500571,1546,-0.8587705995426062,0.863462611135395,1523.4646321594885,54.71035241841874,10,-2.106107841218728,-1.3482164403803665
"R-B|lb=20,th=2.5|X4|L|4h",R-B,"lb=20,th=2.5",X4,L,4h,-0.36628054624041667,-0.019172000028164507,772,-0.5508735962140695,0.6784399421358691,1102.4596398930523,11.705945751636639,29,-0.516712500059361,-0.03522854842305973
"R-B|lb=20,th=2.5|X4|S|4h",R-B,"lb=20,th=2.5",X4,S,4h,-1.2185537211687394,-0.06378201686210432,792,-0.8049501585304197,0.8236098524803016,1025.517739030098,205.06090345704902,21,-1.6306683850331825,-0.49923600643253047
"R-B|lb=20,th=2.5|X4|LS|4h",R-B,"lb=20,th=2.5",X4,LS,4h,-1.063604980461872,-0.05567162909598407,1552,-0.9138094115716336,0.9200949957703163,1151.0406983936214,175.5402902934112,50,-1.416486560745563,-0.35393137319989865
"R-B|lb=20,th=2.5|X5|L|4h",R-B,"lb=20,th=2.5",X5,L,4h,-0.4235217128500222,-0.022168139624208476,736,-0.5956662265153146,0.6777924214002257,1008.1658098012649,28.013992641707738,33,-0.5888371990497343,-0.06316603153322607
"R-B|lb=20,th=2.5|X5|S|4h",R-B,"lb=20,th=2.5",X5,S,4h,-1.0630540995761624,-0.055642794672576254,766,-0.8054585637231435,0.8202746970126847,996.345116685588,257.9663855755329,26,-1.3836346554487753,-0.458098533084393
"R-B|lb=20,th=2.5|X5|LS|4h",R-B,"lb=20,th=2.5",X5,LS,4h,-1.0413889947993313,-0.05450879126001457,1488,-0.9224797558737985,0.9283746917835642,1079.2771741532795,211.50827468648288,58,-1.383846762934331,-0.34628133224059365
"R-B|lb=20,th=3|X1|L|4h",R-B,"lb=20,th=3.0",X1,L,4h,-0.46729409230563573,-0.024459290679784928,340,-0.40820389082265973,0.4562711152948795,669.8446682239132,1.0941846010100647,15,-0.5731470417312141,-0.29389172041016276
"R-B|lb=20,th=3|X1|S|4h",R-B,"lb=20,th=3.0",X1,S,4h,-0.8718231945975009,-0.04563331163213551,382,-0.6167782253692053,0.6672410652097703,692.8755731010946,169.85588112171396,14,-1.0876995357249035,-0.5254656160050656
"R-B|lb=20,th=3|X1|LS|4h",R-B,"lb=20,th=3.0",X1,LS,4h,-0.9859545280153958,-0.051607218654940126,720,-0.7817425133241824,0.7898128094956407,974.4978210624923,137.4358026998176,29,-1.2339404280846216,-0.5852826729693331
"R-B|lb=20,th=3|X2|L|4h",R-B,"lb=20,th=3.0",X2,L,4h,-0.2574852016446397,-0.013477391425376949,354,-0.24508388442900775,0.3288124884735055,798.0863182620017,-9.28091994028326,11,-0.2902115134635564,-0.1974501697553235
"R-B|lb=20,th=3|X2|S|4h",R-B,"lb=20,th=3.0",X2,S,4h,-0.7668172354085249,-0.04013704852673134,400,-0.509289792098921,0.6068579186102083,846.6257949171957,152.9062196170362,11,-0.849027967207268,-0.646420279200965
"R-B|lb=20,th=3|X2|LS|4h",R-B,"lb=20,th=3.0",X2,LS,4h,-0.7516935586518095,-0.039345439105532704,750,-0.6385100074045724,0.6819802884984552,1336.016502210893,140.134757439798,22,-0.8335688087628331,-0.6160971932419229
"R-B|lb=20,th=3|X3|L|4h",R-B,"lb=20,th=3.0",X3,L,4h,-0.9031710274677616,-0.047274132196700944,334,-0.36366481661239025,0.3779769234560246,708.9741709720458,-62.450111062596,1,-0.8819616070011514,-0.9475693089174173
"R-B|lb=20,th=3|X3|S|4h",R-B,"lb=20,th=3.0",X3,S,4h,-0.9593366425572515,-0.05021397485318423,394,-0.4055162926634277,0.4436706719810366,875.405287909507,168.5574132577034,2,-1.0738305806777744,-0.7509998901306495
"R-B|lb=20,th=3|X3|LS|4h",R-B,"lb=20,th=3.0",X3,LS,4h,-1.337908882787947,-0.07002935154971578,726,-0.6260179329786468,0.6295628195445792,1301.9685219715143,94.77408974388709,3,-1.4120111089691942,-1.1942431844492396
"R-B|lb=20,th=3|X4|L|4h",R-B,"lb=20,th=3.0",X4,L,4h,-0.3692211893904606,-0.01932592032541791,352,-0.3216683143956409,0.35218680254189294,752.497114355444,-31.941063209021763,12,-0.4003055623949383,-0.3110345744864554
"R-B|lb=20,th=3|X4|S|4h",R-B,"lb=20,th=3.0",X4,S,4h,-0.9191519710361111,-0.04811061301362478,394,-0.5901577831243787,0.6405375525135524,743.6829182934124,131.48091031560276,12,-1.13214744051481,-0.6069170778355981
"R-B|lb=20,th=3|X4|LS|4h",R-B,"lb=20,th=3.0",X4,LS,4h,-0.9534074858410425,-0.049903628606579216,744,-0.7324813102926648,0.7415393202586059,1121.9758994655,94.26045152661565,24,-1.128606981755458,-0.6647566418978319
"R-B|lb=20,th=3|X5|L|4h",R-B,"lb=20,th=3.0",X5,L,4h,-0.4972119371684024,-0.026025262251136407,340,-0.4204541964300762,0.46752641910969683,670.5538553055032,-1.2124511788632346,15,-0.5700866837361074,-0.3769052436195183
"R-B|lb=20,th=3|X5|S|4h",R-B,"lb=20,th=3.0",X5,S,4h,-0.8757678792171596,-0.04583978586183582,382,-0.6069897373749114,0.6587415303351503,713.5871733158733,174.2706088455045,14,-1.091011496094862,-0.5496298275602647
"R-B|lb=20,th=3|X5|LS|4h",R-B,"lb=20,th=3.0",X5,LS,4h,-1.0081227616027457,-0.05276755703305881,720,-0.7808032943248909,0.7889083190896707,1001.5475717278855,137.21273399319847,29,-1.2287222782951914,-0.6605072942217026
"R-B|lb=50,th=1.5|X1|L|4h",R-B,"lb=50,th=1.5",X1,L,4h,-0.2875515253232949,-0.015051134733151821,662,-0.6276644664705507,0.7044316194898812,973.0092596852219,-174.9685674373042,59,-0.2526639836350224,-0.36248839559258467
"R-B|lb=50,th=1.5|X1|S|4h",R-B,"lb=50,th=1.5",X1,S,4h,-0.8479752029464064,-0.04438505069854406,646,-0.9315682484631945,0.9419390057147171,680.5211937615848,396.9302711943663,64,-0.950761025063478,-0.6104924471865707
"R-B|lb=50,th=1.5|X1|LS|4h",R-B,"lb=50,th=1.5",X1,LS,4h,-0.8552716968052199,-0.04476696664221762,1302,-0.9744628055833624,0.979753206454073,875.4762454776679,243.263875379635,120,-0.9356186405659654,-0.6770933122439885
"R-B|lb=50,th=1.5|X2|L|4h",R-B,"lb=50,th=1.5",X2,L,4h,-0.2769565378496558,-0.014496567742827184,762,-0.5916062156207123,0.7084004045359326,1320.1796721378737,-140.37618164293445,52,-0.19927715273902136,-0.44959699450565993
"R-B|lb=50,th=1.5|X2|S|4h",R-B,"lb=50,th=1.5",X2,S,4h,-1.027213763741667,-0.05376682575563203,778,-0.8800032819644983,0.8917890763714066,912.889829835155,382.203392494121,40,-1.1335315089041813,-0.7900460692346665
"R-B|lb=50,th=1.5|X2|LS|4h",R-B,"lb=50,th=1.5",X2,LS,4h,-0.8174961718212785,-0.0427897052957177,1502,-0.9270180648635612,0.9429088643857435,1616.6046673691935,312.34422730402457,84,-0.7510020241360419,-0.9699578009371234
"R-B|lb=50,th=1.5|X3|L|4h",R-B,"lb=50,th=1.5",X3,L,4h,-0.6806425264689256,-0.035626458108607845,908,-0.5540451515107616,0.6146216079840062,1239.284044889766,-310.70035501136755,17,-0.6394113479009713,-0.752087879384146
"R-B|lb=50,th=1.5|X3|S|4h",R-B,"lb=50,th=1.5",X3,S,4h,-1.68216060452676,-0.0880483102048122,954,-0.8370642413757372,0.8517995152296144,1160.4507018516954,383.4794197675516,14,-1.8535466142271142,-1.3546568387386426
"R-B|lb=50,th=1.5|X3|LS|4h",R-B,"lb=50,th=1.5",X3,LS,4h,-1.6909589063215482,-0.08850883436856825,1856,-0.9254924872845557,0.9332078288482971,1449.0944366609478,103.21540550347234,28,-1.8201889035032783,-1.4709627862433823
"R-B|lb=50,th=1.5|X4|L|4h",R-B,"lb=50,th=1.5",X4,L,4h,-0.34974172078068494,-0.018306318338447737,910,-0.6339977482289403,0.7312007932360309,1309.582250409026,-119.4119446944295,49,-0.362875392746553,-0.3231020203406447
"R-B|lb=50,th=1.5|X4|S|4h",R-B,"lb=50,th=1.5",X4,S,4h,-1.0286761480945832,-0.05384337045106584,966,-0.8220851833668343,0.8425576918969664,1268.6250794839175,457.03091528681813,29,-1.2147567738969964,-0.6473792729959382
"R-B|lb=50,th=1.5|X4|LS|4h",R-B,"lb=50,th=1.5",X4,LS,4h,-0.94529842174061,-0.049479180792580825,1870,-0.9380994637989464,0.9527252530533813,1456.4835030512374,218.3996913560637,78,-1.0835171324074828,-0.6590553185466433
"R-B|lb=50,th=1.5|X5|L|4h",R-B,"lb=50,th=1.5",X5,L,4h,-0.40002577464604977,-0.020938306010242425,728,-0.6937424922012736,0.7556685730260897,992.1529525363865,-167.69741283726486,59,-0.33100215444209,-0.5529073567273824
"R-B|lb=50,th=1.5|X5|S|4h",R-B,"lb=50,th=1.5",X5,S,4h,-1.157489945415452,-0.06058579275880882,756,-0.889825619897472,0.9050478895072155,959.5765315682904,497.316831593558,43,-1.3701397144499483,-0.7092322298893897
"R-B|lb=50,th=1.5|X5|LS|4h",R-B,"lb=50,th=1.5",X5,LS,4h,-1.0860384225441242,-0.056845849121173346,1478,-0.9669205791618832,0.9738910089310486,1089.643457107791,232.17853828269656,100,-1.1808905801952647,-0.8876678565646854
"R-B|lb=50,th=2|X1|L|4h",R-B,"lb=50,th=2.0",X1,L,4h,-0.19532602567773796,-0.010223831454419841,506,-0.5252186583536935,0.6315699844095284,906.0782655897918,-41.6407195873932,48,-0.1358035700359713,-0.3244539419616406
"R-B|lb=50,th=2|X1|S|4h",R-B,"lb=50,th=2.0",X1,S,4h,-0.7614789408782804,-0.039857629420435095,530,-0.8897483972180054,0.9194090731777338,720.7139044885611,468.4461929720066,52,-0.8481957528445175,-0.5653717496722257
"R-B|lb=50,th=2|X1|LS|4h",R-B,"lb=50,th=2.0",X1,LS,4h,-0.7224413278250923,-0.037814307365149236,1034,-0.9483808178556249,0.9605889721400032,998.8502143621715,477.2892602224843,99,-0.7739865597863812,-0.6151525781524102
"R-B|lb=50,th=2|X2|L|4h",R-B,"lb=50,th=2.0",X2,L,4h,-0.15750631325610423,-0.008244257231723305,566,-0.4593144044623859,0.575318937577299,1091.8914279018913,-22.70267160513171,43,-0.135566299266579,-0.20997461170781642
"R-B|lb=50,th=2|X2|S|4h",R-B,"lb=50,th=2.0",X2,S,4h,-0.8140914779706466,-0.04261149547466604,600,-0.7971843779296803,0.8453438286340684,900.2914605313683,401.6233349196016,35,-0.9138279567132797,-0.585593248665797
"R-B|lb=50,th=2|X2|LS|4h",R-B,"lb=50,th=2.0",X2,LS,4h,-0.557797746197513,-0.029196468432668272,1148,-0.841985390919642,0.8695500740367622,1585.5570065020202,467.96755713768806,71,-0.5681193534291783,-0.5402538730192016
"R-B|lb=50,th=2|X3|L|4h",R-B,"lb=50,th=2.0",X3,L,4h,-0.9369074560914273,-0.049039977577139335,682,-0.6108816837848982,0.6540047098481897,854.4975049528169,-194.16415241163386,14,-0.945358236245633,-0.9220393638190408
"R-B|lb=50,th=2|X3|S|4h",R-B,"lb=50,th=2.0",X3,S,4h,-1.473720531197234,-0.07713805812409896,744,-0.761788867509962,0.788872097676499,1110.2323329093765,392.0114835856266,12,-1.4992246974810826,-1.4279584897837585
"R-B|lb=50,th=2|X3|LS|4h",R-B,"lb=50,th=2.0",X3,LS,4h,-1.7314289661583213,-0.09062713411529069,1424,-0.9073213984668299,0.9181596435419442,1246.654729116206,119.47192013653161,26,-1.779618335735587,-1.6473004758294225
"R-B|lb=50,th=2|X4|L|4h",R-B,"lb=50,th=2.0",X4,L,4h,-0.5581958102196712,-0.029217304055860285,616,-0.6933263098155695,0.7493897235002536,897.3888189560134,9.690020541721983,39,-0.5615093208464882,-0.5593589605946049
"R-B|lb=50,th=2|X4|S|4h",R-B,"lb=50,th=2.0",X4,S,4h,-0.8910794977079423,-0.04664123260300085,686,-0.7124021267228879,0.7580280814868902,1158.0042317238174,423.86647893734306,21,-1.0458683191471856,-0.6029572084739269
"R-B|lb=50,th=2|X4|LS|4h",R-B,"lb=50,th=2.0",X4,LS,4h,-1.0156519495814662,-0.0531616527436329,1300,-0.9161234284810006,0.935692552170794,1306.442279050183,311.1263385518741,59,-1.1095720543658671,-0.8192497748936071
"R-B|lb=50,th=2|X5|L|4h",R-B,"lb=50,th=2.0",X5,L,4h,-0.24737991534787204,-0.01294845656614182,548,-0.5550659816472144,0.6510327589457234,947.8814695731917,-60.636679589660126,48,-0.1577936310690124,-0.4509856702742092
"R-B|lb=50,th=2|X5|S|4h",R-B,"lb=50,th=2.0",X5,S,4h,-0.963719344364888,-0.05044337595035387,596,-0.8171512779601471,0.8661301055726005,972.0762587028883,556.5915053444572,33,-1.1184521870493176,-0.6362111759773034
"R-B|lb=50,th=2|X5|LS|4h",R-B,"lb=50,th=2.0",X5,LS,4h,-0.8262116412333568,-0.043245893814406196,1142,-0.9202788284009628,0.9391332217133236,1245.764018774679,450.73016500728966,80,-0.8598643600098721,-0.7577794477923746
"R-B|lb=50,th=2.5|X1|L|4h",R-B,"lb=50,th=2.5",X1,L,4h,-0.46629624780572326,-0.024407061111557,350,-0.6614715143161717,0.7039728081417025,489.1083526688741,59.58611254317654,34,-0.493785426885002,-0.410229381526654
"R-B|lb=50,th=2.5|X1|S|4h",R-B,"lb=50,th=2.5",X1,S,4h,-0.8076419765747063,-0.04227391314272463,406,-0.872991239412023,0.9038018274068815,530.5299225260451,437.0506501395409,45,-0.9373523683689848,-0.47327927368846645
"R-B|lb=50,th=2.5|X1|LS|4h",R-B,"lb=50,th=2.5",X1,LS,4h,-0.9249658628899452,-0.04841492602158969,756,-0.9566206944435321,0.9610846157939709,575.4697457093678,371.3246642540313,79,-1.0546147366266843,-0.6165157300885173
"R-B|lb=50,th=2.5|X2|L|4h",R-B,"lb=50,th=2.5",X2,L,4h,-0.4556285410213495,-0.023848687818545086,372,-0.6277499001509366,0.6738100233391784,530.4095092136016,65.21943936921856,32,-0.5165363688295213,-0.32451407351673606
"R-B|lb=50,th=2.5|X2|S|4h",R-B,"lb=50,th=2.5",X2,S,4h,-0.9527944335014727,-0.049871539980546144,446,-0.7862980841723366,0.8157363786233124,619.4505120051292,336.62435879325454,28,-1.1003856752426524,-0.6039949006563239
"R-B|lb=50,th=2.5|X2|LS|4h",R-B,"lb=50,th=2.5",X2,LS,4h,-0.9301353007616344,-0.04868550676642829,810,-0.9091486580402862,0.9167498331219713,676.8158908701055,253.3621871025348,58,-1.0647819796870952,-0.6305540614460547
"R-B|lb=50,th=2.5|X3|L|4h",R-B,"lb=50,th=2.5",X3,L,4h,-1.0111714612009342,-0.052927133263307106,460,-0.5378696233700889,0.5684849476747176,655.8199739222482,-122.60269806347993,6,-0.8975826531953097,-1.2091908601972752
"R-B|lb=50,th=2.5|X3|S|4h",R-B,"lb=50,th=2.5",X3,S,4h,-1.2819096994345132,-0.06709822032844548,556,-0.6601236097509506,0.6815764670584041,945.3926317734888,368.55050770356513,5,-1.4661951003092164,-0.9485363291687574
"R-B|lb=50,th=2.5|X3|LS|4h",R-B,"lb=50,th=2.5",X3,LS,4h,-1.6438095238315988,-0.08604092289550869,1016,-0.8427985010992213,0.8508163220558012,1115.474447436896,171.04884960432227,11,-1.7121014736532332,-1.524892960652908
"R-B|lb=50,th=2.5|X4|L|4h",R-B,"lb=50,th=2.5",X4,L,4h,-0.8092802097796152,-0.042359662187747726,394,-0.7404940678118346,0.7597435017532251,452.43299033830414,63.28461114049371,24,-1.0119511525936906,-0.3283564926987566
"R-B|lb=50,th=2.5|X4|S|4h",R-B,"lb=50,th=2.5",X4,S,4h,-1.3248207069937232,-0.06934428511833948,484,-0.7402101756605285,0.7675697038840611,806.500004976266,325.0730643015932,14,-1.6020652191249294,-0.845226874139651
"R-B|lb=50,th=2.5|X4|LS|4h",R-B,"lb=50,th=2.5",X4,LS,4h,-1.4199215180809532,-0.07432208907641837,878,-0.9327131999032445,0.9402281122732081,701.3472167829921,219.20975615222594,38,-1.7067212906972027,-0.8032299486289949
"R-B|lb=50,th=2.5|X5|L|4h",R-B,"lb=50,th=2.5",X5,L,4h,-0.5855247250258236,-0.030647764834657292,372,-0.7087717303249971,0.7365464331070672,477.66172068763257,44.81560673428228,33,-0.5919622686443977,-0.5749708226185059
"R-B|lb=50,th=2.5|X5|S|4h",R-B,"lb=50,th=2.5",X5,S,4h,-0.9545973967231444,-0.049965911388723465,446,-0.750341467141043,0.8263101995689338,820.0348029750269,562.2435361941693,24,-1.1732590040804898,-0.49240157491715114
"R-B|lb=50,th=2.5|X5|LS|4h",R-B,"lb=50,th=2.5",X5,LS,4h,-1.0575227612754792,-0.055353271193524546,818,-0.9268086031204308,0.9343403197998008,775.2022256016548,378.67752634421055,56,-1.1997648244567458,-0.7568051757596032
"R-B|lb=50,th=3|X1|L|4h",R-B,"lb=50,th=3.0",X1,L,4h,-0.07404562756824555,-0.003875725283242516,222,-0.2707219254972836,0.5075510476414804,484.8613755276595,143.94509412952758,22,0.047748028143953014,-0.2982013641434027
"R-B|lb=50,th=3|X1|S|4h",R-B,"lb=50,th=3.0",X1,S,4h,-0.8840174005500454,-0.04627158554339089,246,-0.7547282896869177,0.7831446574342226,367.4371792112927,419.2605804362518,28,-0.8756065848034793,-0.9800378732485496
"R-B|lb=50,th=3|X1|LS|4h",R-B,"lb=50,th=3.0",X1,LS,4h,-0.6675209150701613,-0.034939641577703275,468,-0.8205321022573728,0.8350835327081652,548.3804690552437,482.62728299043033,50,-0.614444419520886,-0.7950213999033171
"R-B|lb=50,th=3|X2|L|4h",R-B,"lb=50,th=3.0",X2,L,4h,-0.17980251455437932,-0.009411293745963722,226,-0.34934725158977264,0.5361272910522481,453.13510184936456,125.92050406969051,21,-0.0951912358394737,-0.34806664754095157
"R-B|lb=50,th=3|X2|S|4h",R-B,"lb=50,th=3.0",X2,S,4h,-0.9334703634798661,-0.04886007192743441,260,-0.6564770105195736,0.6700175259904666,416.74897361882796,335.46811748940684,15,-0.9497970379157789,-0.9186142597052571
"R-B|lb=50,th=3|X2|LS|4h",R-B,"lb=50,th=3.0",X2,LS,4h,-0.7137124181357243,-0.03735741535019476,486,-0.7764450293068914,0.7949853664187847,574.6139163729571,367.1560521922824,36,-0.6788913278317913,-0.7920381314679377
"R-B|lb=50,th=3|X3|L|4h",R-B,"lb=50,th=3.0",X3,L,4h,-0.4352798551508793,-0.02278358892075733,276,-0.2581131758605215,0.31882325636405917,495.08137397086807,-101.51868787923617,5,-0.36922381818219074,-0.5465379788499085
"R-B|lb=50,th=3|X3|S|4h",R-B,"lb=50,th=3.0",X3,S,4h,-1.2653735147025464,-0.06623267686073724,310,-0.5341479488407503,0.5545683859560754,627.1781791325205,262.9596350627741,1,-1.345651751411053,-1.1159589630555298
"R-B|lb=50,th=3|X3|LS|4h",R-B,"lb=50,th=3.0",X3,LS,4h,-1.1921484913221096,-0.0623999039637824,586,-0.6543919427977953,0.6673589544118472,876.734421052587,130.85637073893975,6,-1.2155794963942756,-1.1529652113434048
"R-B|lb=50,th=3|X4|L|4h",R-B,"lb=50,th=3.0",X4,L,4h,-0.3196259048966871,-0.016729984490247055,236,-0.4111172651653936,0.5598810335724824,440.190211689606,120.75118739063599,17,-0.24995134378803438,-0.49484421122915545
"R-B|lb=50,th=3|X4|S|4h",R-B,"lb=50,th=3.0",X4,S,4h,-1.0280013899240321,-0.05380805199422287,268,-0.5202204155307509,0.5846401720737469,592.828440401576,309.4419790613138,7,-0.9906504379476604,-1.0959755407287877
"R-B|lb=50,th=3|X4|LS|4h",R-B,"lb=50,th=3.0",X4,LS,4h,-0.7843816353976798,-0.04105641124075804,504,-0.7174655718529639,0.7425558753083823,745.2578616790298,337.5306382116625,24,-0.6625897580309345,-1.0522420832815096
"R-B|lb=50,th=3|X5|L|4h",R-B,"lb=50,th=3.0",X5,L,4h,-0.17679041732043496,-0.009253633371022293,226,-0.3514899391576489,0.5527378789736669,457.6941285114464,116.36584567138244,20,-0.021474647308893355,-0.4861072557904462
"R-B|lb=50,th=3|X5|S|4h",R-B,"lb=50,th=3.0",X5,S,4h,-0.8973545160736981,-0.04696968207573381,262,-0.6007887097430625,0.6455217563366358,536.1412387452514,487.9977177107145,14,-0.7503207806651151,-1.1925323961667658
"R-B|lb=50,th=3|X5|LS|4h",R-B,"lb=50,th=3.0",X5,LS,4h,-0.6541237470822425,-0.03423840175571963,488,-0.7411167212383909,0.762107227469065,716.1848737837325,476.000140180643,34,-0.44345164844215446,-1.074898553239014
"R-C|n=2,t=5,filt=0|X1|L|4h",R-C,"n=2,t=5,filt=0",X1,L,4h,-0.6286593686652779,-0.03290553527198671,1832,-0.6026501383962715,0.666141806504833,3323.7027597149277,-13.683309681890316,21,-0.3426874657341799,-1.5098060172555758
"R-C|n=2,t=5,filt=0|X1|S|4h",R-C,"n=2,t=5,filt=0",X1,S,4h,-0.975405284747127,-0.051055046025756556,1910,-0.6751553854612251,0.7392756050972065,2987.8481830180085,183.06654044358157,15,-1.3360012064134923,-0.2366575873774154
"R-C|n=2,t=5,filt=0|X1|LS|4h",R-C,"n=2,t=5,filt=0",X1,LS,4h,-1.1155833860157556,-0.058392303188483936,3740,-0.8713092161474232,0.8934740704518691,4457.968474746614,175.51475198145081,36,-1.1059036322798903,-1.1643680773288294
"R-C|n=2,t=5,filt=0|X2|L|4h",R-C,"n=2,t=5,filt=0",X2,L,4h,-0.7974180261740215,-0.0417387671204152,1856,-0.64496370309996,0.6874858224916245,3060.9549257070953,-37.82925990279454,18,-0.42607742307705976,-1.88693014899848
"R-C|n=2,t=5,filt=0|X2|S|4h",R-C,"n=2,t=5,filt=0",X2,S,4h,-0.6838952730478118,-0.03579671464595909,1960,-0.5292953857362559,0.6537042879819894,3807.9155550340106,227.45504650072147,13,-0.97878592459785,-0.08217303428227166
"R-C|n=2,t=5,filt=0|X2|LS|4h",R-C,"n=2,t=5,filt=0",X2,LS,4h,-1.0400247525887132,-0.05443738355909008,3812,-0.8301914697540765,0.8605874273799548,4958.171258281287,146.79904439206092,31,-0.9295694271524191,-1.3271273968637087
"R-C|n=2,t=5,filt=0|X3|L|4h",R-C,"n=2,t=5,filt=0",X3,L,4h,-0.1263660404166934,-0.0066143008557099136,1002,-0.5369019447351984,0.6789174552396466,1666.0261474416038,-550.5858450760197,61,-0.04292747774980629,-0.3171612587283658
"R-C|n=2,t=5,filt=0|X3|S|4h",R-C,"n=2,t=5,filt=0",X3,S,4h,-0.5370784879292869,-0.02811197288907681,1006,-0.8296771073901966,0.9350089581368993,2121.499253650354,936.8737695482498,91,-0.6864695159145221,-0.20541522997899803
"R-C|n=2,t=5,filt=0|X3|LS|4h",R-C,"n=2,t=5,filt=0",X3,LS,4h,-0.5200204922036267,-0.02721911658565159,1614,-0.8873179212651273,0.923704640254427,2146.7459425820352,493.32840203459114,102,-0.658356159429796,-0.211607511342097
"R-C|n=2,t=5,filt=0|X4|L|4h",R-C,"n=2,t=5,filt=0",X4,L,4h,-0.6286593686652779,-0.03290553527198671,1832,-0.6026501383962715,0.666141806504833,3323.7027597149277,-13.683309681890316,21,-0.3426874657341799,-1.5098060172555758
"R-C|n=2,t=5,filt=0|X4|S|4h",R-C,"n=2,t=5,filt=0",X4,S,4h,-0.9731963530275888,-0.05093942525521909,1912,-0.6743374955661676,0.7386191563261881,2991.5675177809526,183.12942602398857,15,-1.332799300820101,-0.2366575873774153
"R-C|n=2,t=5,filt=0|X4|LS|4h",R-C,"n=2,t=5,filt=0",X4,LS,4h,-1.11411196483012,-0.05831528548360717,3742,-0.8709852000271325,0.8932058607373172,4460.926580209514,175.53330867585788,36,-1.1038073828515869,-1.1643680773288259
"R-C|n=2,t=5,filt=1|X1|L|4h",R-C,"n=2,t=5,filt=1",X1,L,4h,-0.6849027238392815,-0.035849447030467864,598,-0.32052201820952364,0.32160926383954125,1247.9715921363966,-122.55045490389293,4,-0.5604559853789871,-1.12942379587194
"R-C|n=2,t=5,filt=1|X1|S|4h",R-C,"n=2,t=5,filt=1",X1,S,4h,0.44969329506161443,0.02353802284636686,796,0.256291262578898,0.22640470680006708,2407.06230010313,-22.99239753251518,4,0.30675545783088076,0.7163227973040525
"R-C|n=2,t=5,filt=1|X1|LS|4h",R-C,"n=2,t=5,filt=1",X1,LS,4h,-0.11736418540376552,-0.006143122229564406,1394,-0.1463777483618791,0.3518834613081009,3301.0285508837815,-145.19431759815993,8,-0.1806967655031218,0.024574123987376826
"R-C|n=2,t=5,filt=1|X2|L|4h",R-C,"n=2,t=5,filt=1",X2,L,4h,-0.4603685260543239,-0.024096789974442923,608,-0.21170966573404193,0.2525483922062164,1424.3194779520143,-105.33063577228552,3,-0.10127704776649707,-1.450427976850115
"R-C|n=2,t=5,filt=1|X2|S|4h",R-C,"n=2,t=5,filt=1",X2,S,4h,0.5352843225680153,0.028018061981959583,806,0.2878126272380377,0.16588047432680575,2491.9972877559794,-27.35444977320897,4,0.4510082319500194,0.686149792851971
"R-C|n=2,t=5,filt=1|X2|LS|4h",R-C,"n=2,t=5,filt=1",X2,LS,4h,0.10457390087768498,0.005473648139795806,1412,0.020890540459409968,0.27828281650452014,3847.7079735718744,-129.79083276279508,7,0.2607446866543331,-0.22330127903028013
"R-C|n=2,t=5,filt=1|X3|L|4h",R-C,"n=2,t=5,filt=1",X3,L,4h,-0.010201209588027858,-0.0005339557137730439,416,-0.19178206580828483,0.4618296240081262,984.5584937970785,-442.5282945080375,14,0.13020518306946963,-0.5024919642145257
"R-C|n=2,t=5,filt=1|X3|S|4h",R-C,"n=2,t=5,filt=1",X3,S,4h,0.2788717645718813,0.014596815291186869,586,0.20206681046874397,0.5439183218077124,1916.66281330198,377.1756629449393,33,0.1887869901124311,0.44165194015707926
"R-C|n=2,t=5,filt=1|X3|LS|4h",R-C,"n=2,t=5,filt=1",X3,LS,4h,0.09333202324002349,0.004885221370757409,922,-0.18668076263646793,0.6298960476630235,2308.7884039858295,30.862091054074707,44,0.04976142727951181,0.19556110778857883
"R-C|n=2,t=5,filt=1|X4|L|4h",R-C,"n=2,t=5,filt=1",X4,L,4h,-0.6849027238392815,-0.035849447030467864,598,-0.32052201820952364,0.32160926383954125,1247.9715921363966,-122.55045490389293,4,-0.5604559853789871,-1.12942379587194
"R-C|n=2,t=5,filt=1|X4|S|4h",R-C,"n=2,t=5,filt=1",X4,S,4h,0.44969329506161443,0.02353802284636686,796,0.256291262578898,0.22640470680006708,2407.06230010313,-22.99239753251518,4,0.30675545783088076,0.7163227973040525
"R-C|n=2,t=5,filt=1|X4|LS|4h",R-C,"n=2,t=5,filt=1",X4,LS,4h,-0.11736418540376552,-0.006143122229564406,1394,-0.1463777483618791,0.3518834613081009,3301.0285508837815,-145.19431759815993,8,-0.1806967655031218,0.024574123987376826
"R-C|n=2,t=10,filt=0|X1|L|4h",R-C,"n=2,t=10,filt=0",X1,L,4h,-0.8595344081798146,-0.04499008715307365,3196,-0.7799859627248402,0.8104733934213588,3643.4277470614393,-121.04346126738619,39,-0.8193255251289578,-0.9799805741147634
"R-C|n=2,t=10,filt=0|X1|S|4h",R-C,"n=2,t=10,filt=0",X1,S,4h,-0.9110054354936036,-0.04768420385470679,3226,-0.7561754024183854,0.8469669144649832,5507.187836990162,313.2623193347737,28,-1.1112124409427773,-0.5159329378363329
"R-C|n=2,t=10,filt=0|X1|LS|4h",R-C,"n=2,t=10,filt=0",X1,LS,4h,-1.2693978346667179,-0.0664433193948777,6352,-0.9450999962757676,0.9553925635481536,5668.219512373478,86.28464938554154,66,-1.337471500157076,-1.128336939310812
"R-C|n=2,t=10,filt=0|X2|L|4h",R-C,"n=2,t=10,filt=0",X2,L,4h,-1.0087322654322053,-0.052799459921583754,3308,-0.8007326863723393,0.8308740407981919,3586.4817031399175,-124.03961375819665,33,-0.8753592312633479,-1.3464785236303827
"R-C|n=2,t=10,filt=0|X2|S|4h",R-C,"n=2,t=10,filt=0",X2,S,4h,-0.6970965530295677,-0.03648770122108533,3354,-0.6466362096114778,0.7867330320134066,6909.816086020783,375.6573771845801,22,-0.8694494082418407,-0.3645713315108465
"R-C|n=2,t=10,filt=0|X2|LS|4h",R-C,"n=2,t=10,filt=0",X2,LS,4h,-1.228666856665269,-0.0643113625672323,6592,-0.9292615491093827,0.9457690324101913,6495.758659149598,70.43482219915388,54,-1.2074308413395345,-1.2807298447746833
"R-C|n=2,t=10,filt=0|X3|L|4h",R-C,"n=2,t=10,filt=0",X3,L,4h,-0.1854537718778215,-0.009707094073544,1944,-0.5893081145682171,0.69208215243359,3210.437427855028,-622.1398579700528,72,-0.04584647811478739,-0.5063959345464489
"R-C|n=2,t=10,filt=0|X3|S|4h",R-C,"n=2,t=10,filt=0",X3,S,4h,-0.42958732209000144,-0.02248562812233741,1950,-0.7510558589451621,0.9150901828605363,4896.186299838047,1025.6717187803915,70,-0.5074347301790566,-0.27437890790871033
"R-C|n=2,t=10,filt=0|X3|LS|4h",R-C,"n=2,t=10,filt=0",X3,LS,4h,-0.430564355842782,-0.022536768406275758,3118,-0.8411141066253136,0.92264834803907,5113.8430944018855,507.7936705429916,104,-0.4568096143786418,-0.3768045681824049
"R-C|n=2,t=10,filt=0|X4|L|4h",R-C,"n=2,t=10,filt=0",X4,L,4h,-0.8595344081798146,-0.04499008715307365,3196,-0.7799859627248402,0.8104733934213588,3643.4277470614393,-121.04346126738619,39,-0.8193255251289578,-0.9799805741147634
"R-C|n=2,t=10,filt=0|X4|S|4h",R-C,"n=2,t=10,filt=0",X4,S,4h,-0.9110054354936036,-0.04768420385470679,3226,-0.7561754024183854,0.8469669144649832,5507.187836990162,313.2623193347737,28,-1.1112124409427773,-0.5159329378363329
"R-C|n=2,t=10,filt=0|X4|LS|4h",R-C,"n=2,t=10,filt=0",X4,LS,4h,-1.2693978346667179,-0.0664433193948777,6352,-0.9450999962757676,0.9553925635481536,5668.219512373478,86.28464938554154,66,-1.337471500157076,-1.128336939310812
"R-C|n=2,t=10,filt=1|X1|L|4h",R-C,"n=2,t=10,filt=1",X1,L,4h,-0.5823118539152972,-0.030479595474712438,1242,-0.3711652529187681,0.391472410141839,2497.416690920909,-243.34495368915623,8,-0.557385616206041,-0.6875727415427401
"R-C|n=2,t=10,filt=1|X1|S|4h",R-C,"n=2,t=10,filt=1",X1,S,4h,0.5322242494165285,0.02785789043272316,1512,0.4596536675481766,0.2508521150640066,5219.765550447956,57.497037303348996,6,0.4314573899507376,0.70986378657022
"R-C|n=2,t=10,filt=1|X1|LS|4h",R-C,"n=2,t=10,filt=1",X1,LS,4h,0.04843316058693564,0.0025351074897855593,2750,-0.07412107878570151,0.40840696343484095,7169.205431947064,-260.7797842552173,14,-0.05715199756724865,0.2673365666791296
"R-C|n=2,t=10,filt=1|X2|L|4h",R-C,"n=2,t=10,filt=1",X2,L,4h,-0.550812788223927,-0.028830859022502053,1274,-0.31998568386861803,0.35812005893292764,2792.520392664955,-222.324046960303,5,-0.3417464955298757,-1.1013449475281618
"R-C|n=2,t=10,filt=1|X2|S|4h",R-C,"n=2,t=10,filt=1",X2,S,4h,0.532821318979858,0.027889142482012876,1546,0.4309168926474636,0.23138949206771842,5416.1960848609515,33.03977357973815,6,0.5041253171748706,0.5830045920532894
"R-C|n=2,t=10,filt=1|X2|LS|4h",R-C,"n=2,t=10,filt=1",X2,LS,4h,0.10063135322409836,0.005267285764011891,2814,-0.00793577216919239,0.34976720702407915,8159.902769902502,-253.0489896235178,11,0.1791650442290516,-0.051437471538497766
"R-C|n=2,t=10,filt=1|X3|L|4h",R-C,"n=2,t=10,filt=1",X3,L,4h,-0.10082368209808953,-0.0052773527173770735,878,-0.2865290904895401,0.5081570375687852,1846.966334496305,-479.0582545879392,13,-0.08653125610152211,-0.1602212990578152
"R-C|n=2,t=10,filt=1|X3|S|4h",R-C,"n=2,t=10,filt=1",X3,S,4h,0.8665018891820708,0.04535478177675102,1082,1.8491683621787525,0.36819534541862387,6399.444329454032,593.1946462935546,26,1.0210026766539704,0.6057222122906609
"R-C|n=2,t=10,filt=1|X3|LS|4h",R-C,"n=2,t=10,filt=1",X3,LS,4h,0.5332753768193124,0.02791290895555388,1850,0.8888033545897132,0.5250865247457117,8234.17454338488,-381.7874312029619,38,0.5863500479556171,0.41993980171220097
"R-C|n=2,t=10,filt=1|X4|L|4h",R-C,"n=2,t=10,filt=1",X4,L,4h,-0.5823118539152972,-0.030479595474712438,1242,-0.3711652529187681,0.391472410141839,2497.416690920909,-243.34495368915623,8,-0.557385616206041,-0.6875727415427401
"R-C|n=2,t=10,filt=1|X4|S|4h",R-C,"n=2,t=10,filt=1",X4,S,4h,0.5322242494165285,0.02785789043272316,1512,0.4596536675481766,0.2508521150640066,5219.765550447956,57.497037303348996,6,0.4314573899507376,0.70986378657022
"R-C|n=2,t=10,filt=1|X4|LS|4h",R-C,"n=2,t=10,filt=1",X4,LS,4h,0.04843316058693564,0.0025351074897855593,2750,-0.07412107878570151,0.40840696343484095,7169.205431947064,-260.7797842552173,14,-0.05715199756724865,0.2673365666791296
"R-C|n=2,t=20,filt=0|X1|L|4h",R-C,"n=2,t=20,filt=0",X1,L,4h,-1.0841816830837319,-0.056748662936014695,5098,-0.8975671000718647,0.9095277631100852,4736.518736839591,-241.3701112271001,61,-0.7739909709078745,-1.8232102190578503
"R-C|n=2,t=20,filt=0|X1|S|4h",R-C,"n=2,t=20,filt=0",X1,S,4h,-1.0971900721879397,-0.057429553141165116,5104,-0.890544708615701,0.9355703706105435,7925.105748006192,188.54965106735298,55,-1.1987600248955477,-0.8977334511162596
"R-C|n=2,t=20,filt=0|X1|LS|4h",R-C,"n=2,t=20,filt=0",X1,LS,4h,-1.6094197944092157,-0.0842408821884007,9450,-0.9854376640018194,0.9877050529347132,6776.587644980695,-1.2058245382298607,92,-1.4732187372197147,-1.9052140273751355
"R-C|n=2,t=20,filt=0|X2|L|4h",R-C,"n=2,t=20,filt=0",X2,L,4h,-1.1468658935471074,-0.06002970446853574,5474,-0.8947718823056652,0.9128135740292209,4857.375422719964,-223.96880112220776,53,-0.8281736247674892,-1.8828091097960697
"R-C|n=2,t=20,filt=0|X2|S|4h",R-C,"n=2,t=20,filt=0",X2,S,4h,-1.0772109622519017,-0.05638379873190691,5420,-0.8702596702542217,0.9294525479536102,9516.191285459921,195.76681126851335,44,-1.0972285245124354,-1.037516684322743
"R-C|n=2,t=20,filt=0|X2|LS|4h",R-C,"n=2,t=20,filt=0",X2,LS,4h,-1.690599278000649,-0.08849001056192829,10250,-0.9855816041930623,0.9880681591598891,7505.564526498004,-39.6757377794061,81,-1.5251033107747407,-2.0358554874139236
"R-C|n=2,t=20,filt=0|X3|L|4h",R-C,"n=2,t=20,filt=0",X3,L,4h,-0.49762809400365665,-0.026047044895448557,3636,-0.7948638421674402,0.8310954794445784,4028.061141451164,-496.72283986103884,86,-0.3426809999391975,-0.8605380768866973
"R-C|n=2,t=20,filt=0|X3|S|4h",R-C,"n=2,t=20,filt=0",X3,S,4h,-0.7711112789781903,-0.0403618090396321,3642,-0.8713461460146388,0.9337555535197182,6577.0651484341615,417.1501852161605,77,-0.8293791862912021,-0.6548718401771985
"R-C|n=2,t=20,filt=0|X3|LS|4h",R-C,"n=2,t=20,filt=0",X3,LS,4h,-0.83109891691206,-0.04350170551505885,5788,-0.9432767815940666,0.9678028773885896,7307.167226739988,163.4167987406281,115,-0.8446373244307525,-0.8053381194667399
"R-C|n=2,t=20,filt=0|X4|L|4h",R-C,"n=2,t=20,filt=0",X4,L,4h,-1.0841816830837319,-0.056748662936014695,5098,-0.8975671000718647,0.9095277631100852,4736.518736839591,-241.3701112271001,61,-0.7739909709078745,-1.8232102190578503
"R-C|n=2,t=20,filt=0|X4|S|4h",R-C,"n=2,t=20,filt=0",X4,S,4h,-1.0987610717867593,-0.057511783018405295,5104,-0.8908564784117954,0.9357538904035397,7920.520084678022,187.6582029994307,55,-1.2011257413095053,-0.8977334511162529
"R-C|n=2,t=20,filt=0|X4|LS|4h",R-C,"n=2,t=20,filt=0",X4,LS,4h,-1.6084976955859787,-0.08419261733009324,9452,-0.9854022188334987,0.9876751266599535,6777.7880424465775,-1.1950115295501613,92,-1.4718428268754158,-1.9052140273751308
"R-C|n=2,t=20,filt=1|X1|L|4h",R-C,"n=2,t=20,filt=1",X1,L,4h,-0.6194027639987303,-0.03242102243954358,2130,-0.4641842162863954,0.48658183492606266,4165.313834571459,-415.9321234286715,11,-0.38183292065073976,-1.2674133127777143
"R-C|n=2,t=20,filt=1|X1|S|4h",R-C,"n=2,t=20,filt=1",X1,S,4h,0.1466111173362679,0.007673976613148343,2622,0.023809889504946558,0.4810397348498495,8054.621668230422,-24.80580263067101,20,0.15061840868125112,0.14015101030584518
"R-C|n=2,t=20,filt=1|X1|LS|4h",R-C,"n=2,t=20,filt=1",X1,LS,4h,-0.2502224314734677,-0.01309724066019034,4730,-0.44751363339242856,0.6440991865134056,10639.551332169538,-476.3788817153139,30,-0.12083156281630965,-0.5016464889110719
"R-C|n=2,t=20,filt=1|X2|L|4h",R-C,"n=2,t=20,filt=1",X2,L,4h,-0.5492552964803225,-0.028749336178718117,2282,-0.4005407158635127,0.4376032022092847,4756.481249008153,-380.60566676133755,9,-0.255742110856067,-1.2901275178460159
"R-C|n=2,t=20,filt=1|X2|S|4h",R-C,"n=2,t=20,filt=1",X2,S,4h,0.1819359312594284,0.009522961879991349,2770,0.0735889035131505,0.4641459472317546,9069.567751115279,-43.45699757040136,14,0.30199748400874027,-0.014324975687967206
"R-C|n=2,t=20,filt=1|X2|LS|4h",R-C,"n=2,t=20,filt=1",X2,LS,4h,-0.1790879745954774,-0.009373893015150132,5028,-0.3532997462040356,0.6030475067073797,12826.802879153896,-477.12074752094765,22,0.07854049193286029,-0.6598908744226663
"R-C|n=2,t=20,filt=1|X3|L|4h",R-C,"n=2,t=20,filt=1",X3,L,4h,-0.2660245551795542,-0.0139243616177399,1646,-0.42628757685481733,0.48941410623679016,3151.760271792775,-595.1871496823846,17,-0.17754541552455108,-0.5561231834005319
"R-C|n=2,t=20,filt=1|X3|S|4h",R-C,"n=2,t=20,filt=1",X3,S,4h,0.27343682070900915,0.014312337327610655,2020,0.18676531800974883,0.5028561634646138,6724.971808659209,76.17157004677514,36,0.24250463777570294,0.3281425448368261
"R-C|n=2,t=20,filt=1|X3|LS|4h",R-C,"n=2,t=20,filt=1",X3,LS,4h,0.056347155436398635,0.002949344912532026,3536,-0.2633786937223582,0.6226028109345458,8738.723700402921,-500.43211845955057,50,0.06823294417080307,0.03098368596412891
"R-C|n=2,t=20,filt=1|X4|L|4h",R-C,"n=2,t=20,filt=1",X4,L,4h,-0.6194027639987303,-0.03242102243954358,2130,-0.4641842162863954,0.48658183492606266,4165.313834571459,-415.9321234286715,11,-0.38183292065073976,-1.2674133127777143
"R-C|n=2,t=20,filt=1|X4|S|4h",R-C,"n=2,t=20,filt=1",X4,S,4h,0.1466111173362679,0.007673976613148343,2622,0.023809889504946558,0.4810397348498495,8054.621668230422,-24.80580263067101,20,0.15061840868125112,0.14015101030584518
"R-C|n=2,t=20,filt=1|X4|LS|4h",R-C,"n=2,t=20,filt=1",X4,LS,4h,-0.2502224314734677,-0.01309724066019034,4730,-0.44751363339242856,0.6440991865134056,10639.551332169538,-476.3788817153139,30,-0.12083156281630965,-0.5016464889110719
"R-C|n=2,t=30,filt=0|X1|L|4h",R-C,"n=2,t=30,filt=0",X1,L,4h,-1.004021364913673,-0.05255288011874951,6716,-0.9086678031732816,0.9254564022286499,5400.333187643381,-298.360868256122,70,-0.7327676197403468,-1.6388900532502058
"R-C|n=2,t=30,filt=0|X1|S|4h",R-C,"n=2,t=30,filt=0",X1,S,4h,-1.239397580762371,-0.06487303433714614,6698,-0.9389786615938153,0.9674053778566991,9316.141470326476,131.33994210557626,69,-1.2898066631583205,-1.1381138104207222
"R-C|n=2,t=30,filt=0|X1|LS|4h",R-C,"n=2,t=30,filt=0",X1,LS,4h,-1.5664090721905792,-0.08198959809468903,11304,-0.9872324867707912,0.9897369250104375,7376.575831622321,-17.11501398008688,100,-1.5062126762363526,-1.699020700742635
"R-C|n=2,t=30,filt=0|X2|L|4h",R-C,"n=2,t=30,filt=0",X2,L,4h,-1.0696302744621202,-0.05598700739802099,7404,-0.9086983309229291,0.9260553222211922,5761.963163948257,-279.3891090118886,64,-0.7425148132995726,-1.8313171951303824
"R-C|n=2,t=30,filt=0|X2|S|4h",R-C,"n=2,t=30,filt=0",X2,S,4h,-1.228779742258689,-0.06431727126924348,7306,-0.9266552161795493,0.9633240441918707,11379.171822744289,144.278980411529,57,-1.1374521271395064,-1.4153367662972285
"R-C|n=2,t=30,filt=0|X2|LS|4h",R-C,"n=2,t=30,filt=0",X2,LS,4h,-1.6579175594563993,-0.08677937123018624,12684,-0.9884292771979268,0.9911202115885236,8582.59268855309,-54.53984149400935,92,-1.4694872427404049,-2.056439404480069
"R-C|n=2,t=30,filt=0|X3|L|4h",R-C,"n=2,t=30,filt=0",X3,L,4h,-0.6928607633168417,-0.03626598985441509,5560,-0.8640372375209998,0.8900457690651218,5263.733908708609,-418.3975838436472,86,-0.511788912495929,-1.1254331129846027
"R-C|n=2,t=30,filt=0|X3|S|4h",R-C,"n=2,t=30,filt=0",X3,S,4h,-0.9921798529461129,-0.051933067054403585,5566,-0.9214234569328604,0.9581801718457499,8270.612349794537,172.95574289958537,85,-1.0451014190381285,-0.8853216076674338
"R-C|n=2,t=30,filt=0|X3|LS|4h",R-C,"n=2,t=30,filt=0",X3,LS,4h,-1.0911431569375332,-0.057113043131171284,8720,-0.9680903782709355,0.9769639051391228,8759.127707077494,28.721907177293406,114,-1.0109508665435916,-1.2707746834961873
"R-C|n=2,t=30,filt=0|X4|L|4h",R-C,"n=2,t=30,filt=0",X4,L,4h,-1.0046657971597837,-0.052586611244159795,6720,-0.9087887734792447,0.9255551358860382,5399.735080312142,-298.18690634503434,70,-0.7337055669268958,-1.6388900532501829
"R-C|n=2,t=30,filt=0|X4|S|4h",R-C,"n=2,t=30,filt=0",X4,S,4h,-1.2407627074287766,-0.0649444883326024,6698,-0.9391535611056228,0.9674988006436996,9312.029716129276,130.60591615051726,69,-1.291843764800525,-1.1381138104207187
"R-C|n=2,t=30,filt=0|X4|LS|4h",R-C,"n=2,t=30,filt=0",X4,LS,4h,-1.5667446010268506,-0.08200716047665135,11308,-0.9872367641968374,0.9897403633890385,7375.369136713363,-17.150451225597113,100,-1.5066916421930674,-1.6990207007426292
"R-C|n=2,t=30,filt=1|X1|L|4h",R-C,"n=2,t=30,filt=1",X1,L,4h,-0.4962083366155288,-0.025972731397326528,2940,-0.46078738517148277,0.48465709548865255,5238.277210391996,-516.9369350883679,13,-0.3518884798248699,-0.9067432709588983
"R-C|n=2,t=30,filt=1|X1|S|4h",R-C,"n=2,t=30,filt=1",X1,S,4h,-0.04403526719120829,-0.0023049112285530387,3566,-0.2273355693923187,0.6010264505262428,9593.78266417115,-23.43701191721465,27,-0.08871402388325896,0.037352633555622995
"R-C|n=2,t=30,filt=1|X1|LS|4h",R-C,"n=2,t=30,filt=1",X1,LS,4h,-0.3711812116721938,-0.01942851258052481,6418,-0.6021471793879286,0.7087255978706387,11080.572240469575,-455.342323113646,39,-0.3229531963519503,-0.47083914940923516
"R-C|n=2,t=30,filt=1|X2|L|4h",R-C,"n=2,t=30,filt=1",X2,L,4h,-0.36025772729842537,-0.018856751276597732,3246,-0.3541464651744952,0.38656796260410087,6652.269597201546,-517.8448348316215,12,-0.11499505758156507,-1.012193705082903
"R-C|n=2,t=30,filt=1|X2|S|4h",R-C,"n=2,t=30,filt=1",X2,S,4h,-0.006694131744572577,-0.0003503868696079849,3866,-0.16311524178539638,0.5681945599146012,11277.862191833497,-32.25115167383307,19,0.08156146180979704,-0.16230038455909335
"R-C|n=2,t=30,filt=1|X2|LS|4h",R-C,"n=2,t=30,filt=1",X2,LS,4h,-0.24007866795847785,-0.012566291811305993,7032,-0.467647536965895,0.636885431012522,15174.49135163915,-496.0322084366219,30,-0.02607130562239606,-0.665887910034616
"R-C|n=2,t=30,filt=1|X3|L|4h",R-C,"n=2,t=30,filt=1",X3,L,4h,-0.44003108495612303,-0.02303227965493615,2534,-0.4756899499027031,0.5125960117052979,4621.886533653796,-662.052543789807,19,-0.3159392020010973,-0.7863447513824919
"R-C|n=2,t=30,filt=1|X3|S|4h",R-C,"n=2,t=30,filt=1",X3,S,4h,-0.040829007229501786,-0.002137087911953002,3066,-0.2632073416185221,0.6613362568743986,8141.071971043129,-39.495729884779564,41,-0.10304482135708189,0.07419736648348672
"R-C|n=2,t=30,filt=1|X3|LS|4h",R-C,"n=2,t=30,filt=1",X3,LS,4h,-0.3093016684257731,-0.016189589255111582,5430,-0.6062898782920616,0.7421361184993964,9765.178546300183,-606.7464198511253,56,-0.2893855626048937,-0.35058415977496354
"R-C|n=2,t=30,filt=1|X4|L|4h",R-C,"n=2,t=30,filt=1",X4,L,4h,-0.4962083366155288,-0.025972731397326528,2940,-0.46078738517148277,0.48465709548865255,5238.277210391996,-516.9369350883679,13,-0.3518884798248699,-0.9067432709588983
"R-C|n=2,t=30,filt=1|X4|S|4h",R-C,"n=2,t=30,filt=1",X4,S,4h,-0.04403526719120829,-0.0023049112285530387,3566,-0.2273355693923187,0.6010264505262428,9593.78266417115,-23.43701191721465,27,-0.08871402388325896,0.037352633555622995
"R-C|n=2,t=30,filt=1|X4|LS|4h",R-C,"n=2,t=30,filt=1",X4,LS,4h,-0.3711812116721938,-0.01942851258052481,6418,-0.6021471793879286,0.7087255978706387,11080.572240469575,-455.342323113646,39,-0.3229531963519503,-0.47083914940923516
"R-C|n=7,t=5,filt=0|X1|L|4h",R-C,"n=7,t=5,filt=0",X1,L,4h,0.14411105250292588,0.00754311723896857,22,0.019361181863531973,0.06961732957955835,58.36781256770656,6.178062485699229,0,0.02072636179583774,0.7799572637865059
"R-C|n=7,t=5,filt=0|X1|S|4h",R-C,"n=7,t=5,filt=0",X1,S,4h,-0.17134713025414583,-0.008968718704220129,30,-0.03846423968293278,0.10517787899879716,82.8793412176311,13.523918520654968,1,0.7166989579356478,-0.7968944755941602
"R-C|n=7,t=5,filt=0|X1|LS|4h",R-C,"n=7,t=5,filt=0",X1,LS,4h,-0.05237906508278316,-0.002741645570723846,52,-0.019847770959145472,0.08864036435582134,142.49372141505637,19.577644521626503,1,0.3912372974243329,-0.6029366553223756
"R-C|n=7,t=5,filt=0|X2|L|4h",R-C,"n=7,t=5,filt=0",X2,L,4h,0.432088377922139,0.02261653936776487,22,0.08568438071239237,0.04798097943170343,59.76181951669241,12.775891842724613,0,0.3141641321590148,0.7799572637865059
"R-C|n=7,t=5,filt=0|X2|S|4h",R-C,"n=7,t=5,filt=0",X2,S,4h,-0.41798558157559373,-0.021878365269444904,30,-0.10446197580029415,0.16613719297466956,80.5875182288704,48.97118340547322,1,-0.18071121879528027,-0.7371084692227428
"R-C|n=7,t=5,filt=0|X2|LS|4h",R-C,"n=7,t=5,filt=0",X2,LS,4h,-0.054250343449364906,-0.0028395927570132886,52,-0.027728354792342702,0.12153495913985768,142.19498708144693,62.49570999527364,1,0.10550478940018458,-0.31981142825581305
"R-C|n=7,t=5,filt=0|X3|L|4h",R-C,"n=7,t=5,filt=0",X3,L,4h,0.7294050581111344,0.038178805667367276,12,0.8668614441935274,0.28096276372415374,48.52024870698187,-2068.15179630974,3,1.1956439949261715,-0.32713489927079625
"R-C|n=7,t=5,filt=0|X3|S|4h",R-C,"n=7,t=5,filt=0",X3,S,4h,-0.3040034659436547,-0.01591226866252482,8,-1.093752561240524,4.7176300252842855,34.13955827211918,7388.37504659199,161,-0.5165246268219852,-0.04413842832755237
"R-C|n=7,t=5,filt=0|X3|LS|4h",R-C,"n=7,t=5,filt=0",X3,LS,4h,-0.5449161186262856,-0.02852221322940047,20,-0.17006800205100459,3.3895542411330144,71.31492222888807,5323.966580810971,133,-0.9406082581384799,-0.7062379934719678
"R-C|n=7,t=5,filt=0|X4|L|4h",R-C,"n=7,t=5,filt=0",X4,L,4h,0.14411105250292588,0.00754311723896857,22,0.019361181863531973,0.06961732957955835,58.36781256770656,6.178062485699229,0,0.02072636179583774,0.7799572637865059
"R-C|n=7,t=5,filt=0|X4|S|4h",R-C,"n=7,t=5,filt=0",X4,S,4h,-0.17134713025414583,-0.008968718704220129,30,-0.03846423968293278,0.10517787899879716,82.8793412176311,13.523918520654968,1,0.7166989579356478,-0.7968944755941602
"R-C|n=7,t=5,filt=0|X4|LS|4h",R-C,"n=7,t=5,filt=0",X4,LS,4h,-0.05237906508278316,-0.002741645570723846,52,-0.019847770959145472,0.08864036435582134,142.49372141505637,19.577644521626503,1,0.3912372974243329,-0.6029366553223756
"R-C|n=7,t=5,filt=1|X1|L|4h",R-C,"n=7,t=5,filt=1",X1,L,4h,0.0,0.0,0,0.0,0.0,0.0,0.0,0,0.0,0.0
"R-C|n=7,t=5,filt=1|X1|S|4h",R-C,"n=7,t=5,filt=1",X1,S,4h,0.0,0.0,0,0.0,0.0,0.0,0.0,0,0.0,0.0
"R-C|n=7,t=5,filt=1|X1|LS|4h",R-C,"n=7,t=5,filt=1",X1,LS,4h,0.0,0.0,0,0.0,0.0,0.0,0.0,0,0.0,0.0
"R-C|n=7,t=5,filt=1|X2|L|4h",R-C,"n=7,t=5,filt=1",X2,L,4h,0.0,0.0,0,0.0,0.0,0.0,0.0,0,0.0,0.0
"R-C|n=7,t=5,filt=1|X2|S|4h",R-C,"n=7,t=5,filt=1",X2,S,4h,0.0,0.0,0,0.0,0.0,0.0,0.0,0,0.0,0.0
"R-C|n=7,t=5,filt=1|X2|LS|4h",R-C,"n=7,t=5,filt=1",X2,LS,4h,0.0,0.0,0,0.0,0.0,0.0,0.0,0,0.0,0.0
"R-C|n=7,t=5,filt=1|X3|L|4h",R-C,"n=7,t=5,filt=1",X3,L,4h,0.0,0.0,0,0.0,0.0,0.0,0.0,0,0.0,0.0
"R-C|n=7,t=5,filt=1|X3|S|4h",R-C,"n=7,t=5,filt=1",X3,S,4h,0.0,0.0,0,0.0,0.0,0.0,0.0,0,0.0,0.0
"R-C|n=7,t=5,filt=1|X3|LS|4h",R-C,"n=7,t=5,filt=1",X3,LS,4h,0.0,0.0,0,0.0,0.0,0.0,0.0,0,0.0,0.0
"R-C|n=7,t=5,filt=1|X4|L|4h",R-C,"n=7,t=5,filt=1",X4,L,4h,0.0,0.0,0,0.0,0.0,0.0,0.0,0,0.0,0.0
"R-C|n=7,t=5,filt=1|X4|S|4h",R-C,"n=7,t=5,filt=1",X4,S,4h,0.0,0.0,0,0.0,0.0,0.0,0.0,0,0.0,0.0
"R-C|n=7,t=5,filt=1|X4|LS|4h",R-C,"n=7,t=5,filt=1",X4,LS,4h,0.0,0.0,0,0.0,0.0,0.0,0.0,0,0.0,0.0
"R-C|n=7,t=10,filt=0|X1|L|4h",R-C,"n=7,t=10,filt=0",X1,L,4h,0.5921118773579236,0.030992552145893994,136,0.35948138805837293,0.10604015978441328,435.800531412701,136.07262421950384,1,0.5060643369102654,1.02517609160372
"R-C|n=7,t=10,filt=0|X1|S|4h",R-C,"n=7,t=10,filt=0",X1,S,4h,-0.7002445945946755,-0.0366524772475339,168,-0.25106156699776805,0.2831744580122555,432.6619564362495,33.7028677734644,1,-0.37306537670780937,-1.1535997126022
"R-C|n=7,t=10,filt=0|X1|LS|4h",R-C,"n=7,t=10,filt=0",X1,LS,4h,0.09701708968391237,0.0050781065640639975,304,0.01816786046813257,0.2076382442421285,928.5102376522347,176.21631336292805,2,0.2876865391242708,-0.35770136658375923
"R-C|n=7,t=10,filt=0|X2|L|4h",R-C,"n=7,t=10,filt=0",X2,L,4h,0.577131437445033,0.030208440083760776,128,0.5921405533881696,0.13187021710055136,469.8561219415996,213.18900239473282,8,0.7111839232797714,0.2456365145085138
"R-C|n=7,t=10,filt=0|X2|S|4h",R-C,"n=7,t=10,filt=0",X2,S,4h,-0.5820930798976692,-0.030468144319265672,158,-0.288411398052307,0.35919417413914656,392.4072397631283,127.24569620692002,5,-0.604903469549327,-0.5494260940281996
"R-C|n=7,t=10,filt=0|X2|LS|4h",R-C,"n=7,t=10,filt=0",X2,LS,4h,0.2204416736987865,0.011538444554977078,286,0.13294907048971472,0.27481262321185085,978.2310191525123,414.5421161513805,13,0.380304317780765,-0.14569658385472525
"R-C|n=7,t=10,filt=0|X3|L|4h",R-C,"n=7,t=10,filt=0",X3,L,4h,0.2864563064926352,0.014993808359507964,70,0.2035253268485986,0.5185757106634655,231.07527486319358,-359.03605693684295,34,0.6567630271709635,-0.36115786791086174
"R-C|n=7,t=10,filt=0|X3|S|4h",R-C,"n=7,t=10,filt=0",X3,S,4h,-0.6949939534850965,-0.036377646130964975,36,-1.8870406073332457,3.2424049269385304,150.7225453201586,7756.120987013,55,-0.8591845636938877,0.0
"R-C|n=7,t=10,filt=0|X3|LS|4h",R-C,"n=7,t=10,filt=0",X3,LS,4h,0.37064600116610075,0.01940049838227374,64,-1.7186260881368254,3.208626823547352,191.7064333631004,6862.837409531558,74,0.4580956167274474,0.0
"R-C|n=7,t=10,filt=0|X4|L|4h",R-C,"n=7,t=10,filt=0",X4,L,4h,0.5921118773579236,0.030992552145893994,136,0.35948138805837293,0.10604015978441328,435.800531412701,136.07262421950384,1,0.5060643369102654,1.02517609160372
"R-C|n=7,t=10,filt=0|X4|S|4h",R-C,"n=7,t=10,filt=0",X4,S,4h,-0.7002445945946755,-0.0366524772475339,168,-0.25106156699776805,0.2831744580122555,432.6619564362495,33.7028677734644,1,-0.37306537670780937,-1.1535997126022
"R-C|n=7,t=10,filt=0|X4|LS|4h",R-C,"n=7,t=10,filt=0",X4,LS,4h,0.09701708968391237,0.0050781065640639975,304,0.01816786046813257,0.2076382442421285,928.5102376522347,176.21631336292805,2,0.2876865391242708,-0.35770136658375923
"R-C|n=7,t=10,filt=1|X1|L|4h",R-C,"n=7,t=10,filt=1",X1,L,4h,0.5731664635856197,0.0300009038667146,4,0.018231050616898115,0.0002961068281259749,10.895292239690505,-0.9562984727950514,0,0.5665864706043938,0.7295684987224463
"R-C|n=7,t=10,filt=1|X1|S|4h",R-C,"n=7,t=10,filt=1",X1,S,4h,0.8339138577642349,0.04364904625332934,16,0.06399240794852767,0.0017643534854544507,42.76517991180006,2.1252773498337523,0,0.8744640477218234,1.0294576105293605
"R-C|n=7,t=10,filt=1|X1|LS|4h",R-C,"n=7,t=10,filt=1",X1,LS,4h,0.9916607905107331,0.05190589808480401,20,0.08339010739383168,0.0017643534854544507,54.555756658906176,1.184525190492681,0,1.0175699583376911,1.126358793530636
"R-C|n=7,t=10,filt=1|X2|L|4h",R-C,"n=7,t=10,filt=1",X2,L,4h,-0.05718289540337225,-0.0029930895417099005,4,-0.00573170106918186,0.04244037906214715,10.704600446717496,-2.409765910307277,0,0.5665864706043938,-0.3912393172890009
"R-C|n=7,t=10,filt=1|X2|S|4h",R-C,"n=7,t=10,filt=1",X2,S,4h,0.8048566879887304,0.04212812447500291,16,0.1471855997772289,0.01814411396965454,43.259233918934015,7.884298903713028,0,0.8185317348636514,0.9318283763176325
"R-C|n=7,t=10,filt=1|X2|LS|4h",R-C,"n=7,t=10,filt=1",X2,LS,4h,0.6953709357236465,0.03639737828316984,20,0.1406102748484359,0.04244037906214748,55.13234321027336,5.344509586655713,0,0.9589588487814755,0.6353539440768222
"R-C|n=7,t=10,filt=1|X3|L|4h",R-C,"n=7,t=10,filt=1",X3,L,4h,-0.8874105854734183,-0.04644919295965748,4,-0.283543122900074,0.3202054888807597,7.8747105980658745,5.543702053191373,1,-0.7364275975144962,-1.1713289436995673
"R-C|n=7,t=10,filt=1|X3|S|4h",R-C,"n=7,t=10,filt=1",X3,S,4h,0.36269606692978723,0.018984379806043193,16,0.19930422610262744,0.22390598593611188,49.139084119048185,458.42392626405723,4,0.43053835853252753,0.1988350143304959
"R-C|n=7,t=10,filt=1|X3|LS|4h",R-C,"n=7,t=10,filt=1",X3,LS,4h,-0.14156923423082465,-0.007410072389919101,20,-0.13923141890319313,0.3172268869692423,51.70731005064043,421.6008127684258,5,0.19079830440687703,-0.7727378058715121
"R-C|n=7,t=10,filt=1|X4|L|4h",R-C,"n=7,t=10,filt=1",X4,L,4h,0.5731664635856197,0.0300009038667146,4,0.018231050616898115,0.0002961068281259749,10.895292239690505,-0.9562984727950514,0,0.5665864706043938,0.7295684987224463
"R-C|n=7,t=10,filt=1|X4|S|4h",R-C,"n=7,t=10,filt=1",X4,S,4h,0.8339138577642349,0.04364904625332934,16,0.06399240794852767,0.0017643534854544507,42.76517991180006,2.1252773498337523,0,0.8744640477218234,1.0294576105293605
"R-C|n=7,t=10,filt=1|X4|LS|4h",R-C,"n=7,t=10,filt=1",X4,LS,4h,0.9916607905107331,0.05190589808480401,20,0.08339010739383168,0.0017643534854544507,54.555756658906176,1.184525190492681,0,1.0175699583376911,1.126358793530636
"R-C|n=7,t=20,filt=0|X1|L|4h",R-C,"n=7,t=20,filt=0",X1,L,4h,-0.6763451011873497,-0.03540152058881576,804,-0.5558365179760216,0.5826382982433613,1389.5199757726816,92.51776064125835,15,-0.6315755210409371,-0.8667688093870373
"R-C|n=7,t=20,filt=0|X1|S|4h",R-C,"n=7,t=20,filt=0",X1,S,4h,-1.1602007687730471,-0.06072768373833699,870,-0.6191598104408431,0.6747481305843714,1543.0050870284674,85.05653833427853,8,-1.166842763784113,-1.1485476421572027
"R-C|n=7,t=20,filt=0|X1|LS|4h",R-C,"n=7,t=20,filt=0",X1,LS,4h,-1.2417184545764068,-0.0649945144247041,1674,-0.8308446953107315,0.8352462257539066,2070.568145455507,159.56328779550552,23,-1.1857346131345394,-1.4286152253702753
"R-C|n=7,t=20,filt=0|X2|L|4h",R-C,"n=7,t=20,filt=0",X2,L,4h,-0.2604415949284289,-0.013632136122308975,620,-0.44140951557832264,0.5176032872664535,1161.9697974264632,47.30068942753908,27,-0.25339521966439665,-0.28218431578738135
"R-C|n=7,t=20,filt=0|X2|S|4h",R-C,"n=7,t=20,filt=0",X2,S,4h,-0.8986135079264316,-0.047035580721140495,652,-0.6683024134259026,0.7475891762782201,1181.5696929855912,264.6273602113192,20,-1.1066984261110853,-0.49336879302038916
"R-C|n=7,t=20,filt=0|X2|LS|4h",R-C,"n=7,t=20,filt=0",X2,LS,4h,-0.7650788550792492,-0.04004605754164103,1270,-0.8166781214469274,0.8281053775412068,1675.2883128943422,298.87440034785425,46,-0.8681418443707942,-0.5430114079300956
"R-C|n=7,t=20,filt=0|X3|L|4h",R-C,"n=7,t=20,filt=0",X3,L,4h,-0.12495850232183438,-0.006540626944629288,328,-0.532475281546714,0.6504717483981004,450.21284655882437,-383.2477551493459,59,-0.2742528594969242,0.19702303713438843
"R-C|n=7,t=20,filt=0|X3|S|4h",R-C,"n=7,t=20,filt=0",X3,S,4h,-0.2619305017532887,-0.013710069067372922,328,-0.9146719590989828,0.9642300187829831,464.92700558476974,712.1426840146156,113,-0.42523712654255647,0.3527510155728959
"R-C|n=7,t=20,filt=0|X3|LS|4h",R-C,"n=7,t=20,filt=0",X3,LS,4h,-0.3245734651512645,-0.01698895162981729,572,-0.9443107760186866,0.9531189561367559,438.83010838483546,383.65317873451414,136,-0.47931007185239155,0.15868972611514257
"R-C|n=7,t=20,filt=0|X4|L|4h",R-C,"n=7,t=20,filt=0",X4,L,4h,-0.6763451011873497,-0.03540152058881576,804,-0.5558365179760216,0.5826382982433613,1389.5199757726816,92.51776064125835,15,-0.6315755210409371,-0.8667688093870373
"R-C|n=7,t=20,filt=0|X4|S|4h",R-C,"n=7,t=20,filt=0",X4,S,4h,-1.164821029651613,-0.0609695192455819,872,-0.6206568993684745,0.6760267009289489,1544.2471377544114,84.29794839095544,8,-1.17371247789029,-1.148547642157197
"R-C|n=7,t=20,filt=0|X4|LS|4h",R-C,"n=7,t=20,filt=0",X4,LS,4h,-1.2446061212086497,-0.06514566180428225,1676,-0.8315096475417287,0.8358938754977407,2070.671020267304,159.13557677508248,23,-1.189804300483658,-1.4286152253702857
"R-C|n=7,t=20,filt=1|X1|L|4h",R-C,"n=7,t=20,filt=1",X1,L,4h,-0.4744394543645098,-0.024833296023503242,158,-0.15528975937730194,0.1786169262269699,374.17324647460634,-35.4724860358942,2,-0.4623788740468987,-0.645046052284452
"R-C|n=7,t=20,filt=1|X1|S|4h",R-C,"n=7,t=20,filt=1",X1,S,4h,-0.5560903451309663,-0.02910709897629962,164,-0.1849445441198555,0.2530043411988939,391.35329310571035,-85.86126622498067,3,-0.8376015528074923,0.0177535003200024
"R-C|n=7,t=20,filt=1|X1|LS|4h",R-C,"n=7,t=20,filt=1",X1,LS,4h,-0.7300218945070228,-0.03821109235996051,322,-0.3115143097426387,0.32268616508429915,677.6712380216114,-103.48842472647726,5,-0.9064277237648314,-0.29057319822245237
"R-C|n=7,t=20,filt=1|X2|L|4h",R-C,"n=7,t=20,filt=1",X2,L,4h,-0.08556891399655388,-0.004478881661586088,146,-0.06258714148575328,0.1721018196677505,382.6212032223034,-93.16768282016182,3,-0.05607767029960509,-0.18807710287855545
"R-C|n=7,t=20,filt=1|X2|S|4h",R-C,"n=7,t=20,filt=1",X2,S,4h,0.0062083781436129614,0.0003249613640853246,160,-0.02497048670013724,0.26613898733100994,423.4489756563612,-73.02692019390719,4,-0.37140976217615695,0.5255265019994732
"R-C|n=7,t=20,filt=1|X2|LS|4h",R-C,"n=7,t=20,filt=1",X2,LS,4h,-0.05261680611514923,-0.0027540895050960157,306,-0.08599479680182354,0.27489195902775865,780.6762943264442,-150.10825998527233,7,-0.28399420473201575,0.3841361091466212
"R-C|n=7,t=20,filt=1|X3|L|4h",R-C,"n=7,t=20,filt=1",X3,L,4h,-0.4818183279285885,-0.02521952391802397,124,-0.544560445946574,0.6102569275093813,207.40381624700714,-268.88618597966627,21,-0.4228744248340516,-0.6061184960134092
"R-C|n=7,t=20,filt=1|X3|S|4h",R-C,"n=7,t=20,filt=1",X3,S,4h,-0.01626312428180661,-0.0008512508305155368,142,-0.43079497090223606,0.8602077368297412,264.2762212714644,290.6760528547591,39,-0.3954065822589834,1.9415462289247754
"R-C|n=7,t=20,filt=1|X3|LS|4h",R-C,"n=7,t=20,filt=1",X3,LS,4h,-0.33183502013000155,-0.017369038788924793,228,-0.7714041764957221,0.8872583652943105,226.90275887290062,100.51179037385185,58,-0.6358158139572482,0.7416969443099989
"R-C|n=7,t=20,filt=1|X4|L|4h",R-C,"n=7,t=20,filt=1",X4,L,4h,-0.4744394543645098,-0.024833296023503242,158,-0.15528975937730194,0.1786169262269699,374.17324647460634,-35.4724860358942,2,-0.4623788740468987,-0.645046052284452
"R-C|n=7,t=20,filt=1|X4|S|4h",R-C,"n=7,t=20,filt=1",X4,S,4h,-0.5560903451309663,-0.02910709897629962,164,-0.1849445441198555,0.2530043411988939,391.35329310571035,-85.86126622498067,3,-0.8376015528074923,0.0177535003200024
"R-C|n=7,t=20,filt=1|X4|LS|4h",R-C,"n=7,t=20,filt=1",X4,LS,4h,-0.7300218945070228,-0.03821109235996051,322,-0.3115143097426387,0.32268616508429915,677.6712380216114,-103.48842472647726,5,-0.9064277237648314,-0.29057319822245237
"R-C|n=7,t=30,filt=0|X1|L|4h",R-C,"n=7,t=30,filt=0",X1,L,4h,-0.676883442399601,-0.035429698655716615,2232,-0.6909755369181303,0.7529398927979819,3696.7935540339167,-38.76285367353406,33,-0.3571650457128362,-1.551047661616938
"R-C|n=7,t=30,filt=0|X1|S|4h",R-C,"n=7,t=30,filt=0",X1,S,4h,-0.9112786803381931,-0.04769850614354505,2328,-0.6916399391090846,0.7509335894339247,3795.4900108269812,246.75533643883017,18,-1.138523703250538,-0.46158407144929775
"R-C|n=7,t=30,filt=0|X1|LS|4h",R-C,"n=7,t=30,filt=0",X1,LS,4h,-1.0999864135330724,-0.057575920336742165,4556,-0.9043376239121285,0.9233715328907361,5292.663507271159,169.13734014924273,51,-0.9723043840931183,-1.4125349660469202
"R-C|n=7,t=30,filt=0|X2|L|4h",R-C,"n=7,t=30,filt=0",X2,L,4h,-0.18879046022206594,-0.009881744323704547,1436,-0.48530840462005054,0.6163431930260188,2734.203963179198,-169.10259600944653,47,-0.059927414413512674,-0.49134395705170497
"R-C|n=7,t=30,filt=0|X2|S|4h",R-C,"n=7,t=30,filt=0",X2,S,4h,-0.6200825335640024,-0.0324566032047748,1460,-0.683166178974379,0.8040956671229452,2589.316933615431,437.2326575749237,33,-0.9005610669626289,-0.05315166864780588
"R-C|n=7,t=30,filt=0|X2|LS|4h",R-C,"n=7,t=30,filt=0",X2,LS,4h,-0.5609078098442376,-0.029359256604015657,2874,-0.8399576682677643,0.889261157563065,3808.191548278611,333.2052510620972,77,-0.6309648522049045,-0.41182509152318897
"R-C|n=7,t=30,filt=0|X3|L|4h",R-C,"n=7,t=30,filt=0",X3,L,4h,-0.1873067234641782,-0.009804081992314058,848,-0.6124272520168754,0.7191089632928285,1170.4193740253254,-435.08004362931325,69,-0.21798004270152482,-0.12148328119321758
"R-C|n=7,t=30,filt=0|X3|S|4h",R-C,"n=7,t=30,filt=0",X3,S,4h,-0.5964261904626402,-0.031218373614749308,852,-0.9010998155215366,0.9572746420852873,1406.023214999288,695.1202374149316,88,-0.8437591866771368,0.057297845473920216
"R-C|n=7,t=30,filt=0|X3|LS|4h",R-C,"n=7,t=30,filt=0",X3,LS,4h,-0.6864815410789648,-0.035932086101732666,1506,-0.9614716600362332,0.9769214167064908,1292.3739974985717,334.13935591516366,137,-0.999522952964999,0.08425600878382641
"R-C|n=7,t=30,filt=0|X4|L|4h",R-C,"n=7,t=30,filt=0",X4,L,4h,-0.676883442399601,-0.035429698655716615,2232,-0.6909755369181303,0.7529398927979819,3696.7935540339167,-38.76285367353406,33,-0.3571650457128362,-1.551047661616938
"R-C|n=7,t=30,filt=0|X4|S|4h",R-C,"n=7,t=30,filt=0",X4,S,4h,-0.9068052695503724,-0.047464357121353204,2330,-0.6898471286849452,0.7494855132600009,3802.292234141687,246.60320108068692,18,-1.1319535957129605,-0.46158407144931224
"R-C|n=7,t=30,filt=0|X4|LS|4h",R-C,"n=7,t=30,filt=0",X4,LS,4h,-1.097090642783296,-0.05742434876826518,4558,-0.9037814412970627,0.9229260137329622,5297.808581817997,168.99825585254698,51,-0.9680918001096674,-1.4125349660469335
"R-C|n=7,t=30,filt=1|X1|L|4h",R-C,"n=7,t=30,filt=1",X1,L,4h,-0.6784883907519162,-0.03551370549192897,626,-0.3335552744593505,0.3545805436236117,1256.4119463772033,-121.23993648751323,5,-0.7025154215865942,-0.676583251627089
"R-C|n=7,t=30,filt=1|X1|S|4h",R-C,"n=7,t=30,filt=1",X1,S,4h,0.23611649337873053,0.012358902115254136,752,0.10886943543659733,0.2482284643091045,2178.804985654665,-22.149378576438565,3,0.15443493698134286,0.3860675744020764
"R-C|n=7,t=30,filt=1|X1|LS|4h",R-C,"n=7,t=30,filt=1",X1,LS,4h,-0.28568778661926836,-0.014953582190837342,1378,-0.26099981344004086,0.4090556173524741,3054.649815437766,-146.83898119960196,8,-0.4048901302964168,-0.015589029727388716
"R-C|n=7,t=30,filt=1|X2|L|4h",R-C,"n=7,t=30,filt=1",X2,L,4h,-0.04974198062924995,-0.0026036142618368436,492,-0.16196375111752692,0.40759522419556005,1147.8980884966861,-121.11946729332624,7,-0.05910954788948713,-0.02377324002221291
"R-C|n=7,t=30,filt=1|X2|S|4h",R-C,"n=7,t=30,filt=1",X2,S,4h,0.43509161802034446,0.022773736139033163,616,0.35673545966920983,0.3580791690534326,2056.3485241680073,69.73074636918311,8,0.3815684331132348,0.5247590818702265
"R-C|n=7,t=30,filt=1|X2|LS|4h",R-C,"n=7,t=30,filt=1",X2,LS,4h,0.2413315321183431,0.01263186971860893,1108,0.13705310039956742,0.4371349495367777,3255.8267670634004,-24.469979193155822,15,0.16532688531382073,0.4330802460063773
"R-C|n=7,t=30,filt=1|X3|L|4h",R-C,"n=7,t=30,filt=1",X3,L,4h,0.13312026941045227,0.006967833359108497,384,-0.027477833083863645,0.4307245368515823,918.8801218519785,-390.98933414934316,14,0.0954433953916917,0.25948868895373967
"R-C|n=7,t=30,filt=1|X3|S|4h",R-C,"n=7,t=30,filt=1",X3,S,4h,-0.14710127439939163,-0.007699632606414895,462,-0.43966756864488166,0.805616193159918,962.8952674932495,325.4107106606607,33,-0.5730971593228633,0.9632445245256175
"R-C|n=7,t=30,filt=1|X3|LS|4h",R-C,"n=7,t=30,filt=1",X3,LS,4h,-0.0542512087815243,-0.00283963805056861,804,-0.46433200055423685,0.8122506084076286,1400.479742651052,284.4957678189721,44,-0.40424375130279533,0.9549794868805982
"R-C|n=7,t=30,filt=1|X4|L|4h",R-C,"n=7,t=30,filt=1",X4,L,4h,-0.6784883907519162,-0.03551370549192897,626,-0.3335552744593505,0.3545805436236117,1256.4119463772033,-121.23993648751323,5,-0.7025154215865942,-0.676583251627089
"R-C|n=7,t=30,filt=1|X4|S|4h",R-C,"n=7,t=30,filt=1",X4,S,4h,0.23611649337873053,0.012358902115254136,752,0.10886943543659733,0.2482284643091045,2178.804985654665,-22.149378576438565,3,0.15443493698134286,0.3860675744020764
"R-C|n=7,t=30,filt=1|X4|LS|4h",R-C,"n=7,t=30,filt=1",X4,LS,4h,-0.28568778661926836,-0.014953582190837342,1378,-0.26099981344004086,0.4090556173524741,3054.649815437766,-146.83898119960196,8,-0.4048901302964168,-0.015589029727388716
"R-C|n=14,t=5,filt=0|X1|L|4h",R-C,"n=14,t=5,filt=0",X1,L,4h,0.0,0.0,0,0.0,0.0,0.0,0.0,0,0.0,0.0
"R-C|n=14,t=5,filt=0|X1|S|4h",R-C,"n=14,t=5,filt=0",X1,S,4h,0.4584020202889065,0.023993858358289818,2,0.010617121109742111,0.0,5.2444585767849805,0.3222239887647893,0,0.0,0.7799572637865059
"R-C|n=14,t=5,filt=0|X1|LS|4h",R-C,"n=14,t=5,filt=0",X1,LS,4h,0.4584020202889065,0.023993858358289818,2,0.010617121109742111,0.0,5.2444585767849805,0.3222239887647893,0,0.0,0.7799572637865059
"R-C|n=14,t=5,filt=0|X2|L|4h",R-C,"n=14,t=5,filt=0",X2,L,4h,0.0,0.0,0,0.0,0.0,0.0,0.0,0,0.0,0.0
"R-C|n=14,t=5,filt=0|X2|S|4h",R-C,"n=14,t=5,filt=0",X2,S,4h,0.23164917073384172,0.012125071761027758,2,0.006707518316838357,0.005463980382622524,5.276733309485008,1.601886667461611,0,0.0,0.3939838399613002
"R-C|n=14,t=5,filt=0|X2|LS|4h",R-C,"n=14,t=5,filt=0",X2,LS,4h,0.23164917073384172,0.012125071761027758,2,0.006707518316838357,0.005463980382622524,5.276733309485008,1.601886667461611,0,0.0,0.3939838399613002
"R-C|n=14,t=5,filt=0|X3|L|4h",R-C,"n=14,t=5,filt=0",X3,L,4h,0.0,0.0,0,0.0,0.0,0.0,0.0,0,0.0,0.0
"R-C|n=14,t=5,filt=0|X3|S|4h",R-C,"n=14,t=5,filt=0",X3,S,4h,0.23164917073384172,0.012125071761027758,2,0.006707518316838357,0.005463980382622524,5.276733309485008,1.601886667461611,0,0.0,0.3939838399613002
"R-C|n=14,t=5,filt=0|X3|LS|4h",R-C,"n=14,t=5,filt=0",X3,LS,4h,0.23164917073384172,0.012125071761027758,2,0.006707518316838357,0.005463980382622524,5.276733309485008,1.601886667461611,0,0.0,0.3939838399613002
"R-C|n=14,t=5,filt=0|X4|L|4h",R-C,"n=14,t=5,filt=0",X4,L,4h,0.0,0.0,0,0.0,0.0,0.0,0.0,0,0.0,0.0
"R-C|n=14,t=5,filt=0|X4|S|4h",R-C,"n=14,t=5,filt=0",X4,S,4h,0.4584020202889065,0.023993858358289818,2,0.010617121109742111,0.0,5.2444585767849805,0.3222239887647893,0,0.0,0.7799572637865059
"R-C|n=14,t=5,filt=0|X4|LS|4h",R-C,"n=14,t=5,filt=0",X4,LS,4h,0.4584020202889065,0.023993858358289818,2,0.010617121109742111,0.0,5.2444585767849805,0.3222239887647893,0,0.0,0.7799572637865059
"R-C|n=14,t=5,filt=1|X1|L|4h",R-C,"n=14,t=5,filt=1",X1,L,4h,0.0,0.0,0,0.0,0.0,0.0,0.0,0,0.0,0.0
"R-C|n=14,t=5,filt=1|X1|S|4h",R-C,"n=14,t=5,filt=1",X1,S,4h,0.0,0.0,0,0.0,0.0,0.0,0.0,0,0.0,0.0
"R-C|n=14,t=5,filt=1|X1|LS|4h",R-C,"n=14,t=5,filt=1",X1,LS,4h,0.0,0.0,0,0.0,0.0,0.0,0.0,0,0.0,0.0
"R-C|n=14,t=5,filt=1|X2|L|4h",R-C,"n=14,t=5,filt=1",X2,L,4h,0.0,0.0,0,0.0,0.0,0.0,0.0,0,0.0,0.0
"R-C|n=14,t=5,filt=1|X2|S|4h",R-C,"n=14,t=5,filt=1",X2,S,4h,0.0,0.0,0,0.0,0.0,0.0,0.0,0,0.0,0.0
"R-C|n=14,t=5,filt=1|X2|LS|4h",R-C,"n=14,t=5,filt=1",X2,LS,4h,0.0,0.0,0,0.0,0.0,0.0,0.0,0,0.0,0.0
"R-C|n=14,t=5,filt=1|X3|L|4h",R-C,"n=14,t=5,filt=1",X3,L,4h,0.0,0.0,0,0.0,0.0,0.0,0.0,0,0.0,0.0
"R-C|n=14,t=5,filt=1|X3|S|4h",R-C,"n=14,t=5,filt=1",X3,S,4h,0.0,0.0,0,0.0,0.0,0.0,0.0,0,0.0,0.0
"R-C|n=14,t=5,filt=1|X3|LS|4h",R-C,"n=14,t=5,filt=1",X3,LS,4h,0.0,0.0,0,0.0,0.0,0.0,0.0,0,0.0,0.0
"R-C|n=14,t=5,filt=1|X4|L|4h",R-C,"n=14,t=5,filt=1",X4,L,4h,0.0,0.0,0,0.0,0.0,0.0,0.0,0,0.0,0.0
"R-C|n=14,t=5,filt=1|X4|S|4h",R-C,"n=14,t=5,filt=1",X4,S,4h,0.0,0.0,0,0.0,0.0,0.0,0.0,0,0.0,0.0
"R-C|n=14,t=5,filt=1|X4|LS|4h",R-C,"n=14,t=5,filt=1",X4,LS,4h,0.0,0.0,0,0.0,0.0,0.0,0.0,0,0.0,0.0
"R-C|n=14,t=10,filt=0|X1|L|4h",R-C,"n=14,t=10,filt=0",X1,L,4h,0.4847115931328694,0.02537096434025582,10,0.030614149117108802,0.011662041796162703,27.31113297002701,3.5483307367431456,0,0.5991159487490083,0.0
"R-C|n=14,t=10,filt=0|X1|S|4h",R-C,"n=14,t=10,filt=0",X1,S,4h,-0.27292872112375327,-0.014285742179812547,16,-0.044545709500610764,0.08196603805494507,42.576192148269556,12.758536082672098,1,0.7909351780180092,-0.5615946125819214
"R-C|n=14,t=10,filt=0|X1|LS|4h",R-C,"n=14,t=10,filt=0",X1,LS,4h,-0.07287182989885788,-0.003814285905198701,26,-0.015295289376680343,0.08196603805494485,70.94045724119091,16.579629701347326,1,0.7540205851208212,-0.5615946125819203
"R-C|n=14,t=10,filt=0|X2|L|4h",R-C,"n=14,t=10,filt=0",X2,L,4h,0.5751380323715534,0.030104100493473576,10,0.07890768981700957,0.024935527778196076,28.076102274144095,13.850071816370551,0,0.7109346449784133,0.0
"R-C|n=14,t=10,filt=0|X2|S|4h",R-C,"n=14,t=10,filt=0",X2,S,4h,-0.32021859779327666,-0.01676100745432948,16,-0.0683088383040189,0.08998620640638633,42.58863618499943,68.31491910063357,1,0.07797822366351082,-0.7243884992164862
"R-C|n=14,t=10,filt=0|X2|LS|4h",R-C,"n=14,t=10,filt=0",X2,LS,4h,0.04706414924230994,0.0024634501609781105,26,0.00520875888833805,0.08998620640638633,73.18286548663107,85.34400190325988,1,0.5937948745487546,-0.7243884992164891
"R-C|n=14,t=10,filt=0|X3|L|4h",R-C,"n=14,t=10,filt=0",X3,L,4h,0.5024899158106886,0.02630152427956569,8,0.43970910378069616,0.38191270459016036,29.6908532941503,-1472.992955282752,5,0.9560529832804816,-0.540997418313756
"R-C|n=14,t=10,filt=0|X3|S|4h",R-C,"n=14,t=10,filt=0",X3,S,4h,0.3198266368602444,0.016740491281422496,10,-0.21779108797373925,0.8877886837353801,26.224803535323467,1860.062330220224,126,-0.4738412453013381,0.7779644473560836
"R-C|n=14,t=10,filt=0|X3|LS|4h",R-C,"n=14,t=10,filt=0",X3,LS,4h,0.17951964973631412,0.009396487924700277,14,-0.05791490339523353,0.7487141454328448,49.99491683942534,911.7852769531833,56,-0.03899040708286936,0.3437306483573229
"R-C|n=14,t=10,filt=0|X4|L|4h",R-C,"n=14,t=10,filt=0",X4,L,4h,0.4847115931328694,0.02537096434025582,10,0.030614149117108802,0.011662041796162703,27.31113297002701,3.5483307367431456,0,0.5991159487490083,0.0
"R-C|n=14,t=10,filt=0|X4|S|4h",R-C,"n=14,t=10,filt=0",X4,S,4h,-0.27292872112375327,-0.014285742179812547,16,-0.044545709500610764,0.08196603805494507,42.576192148269556,12.758536082672098,1,0.7909351780180092,-0.5615946125819214
"R-C|n=14,t=10,filt=0|X4|LS|4h",R-C,"n=14,t=10,filt=0",X4,LS,4h,-0.07287182989885788,-0.003814285905198701,26,-0.015295289376680343,0.08196603805494485,70.94045724119091,16.579629701347326,1,0.7540205851208212,-0.5615946125819203
"R-C|n=14,t=10,filt=1|X1|L|4h",R-C,"n=14,t=10,filt=1",X1,L,4h,0.0,0.0,0,0.0,0.0,0.0,0.0,0,0.0,0.0
"R-C|n=14,t=10,filt=1|X1|S|4h",R-C,"n=14,t=10,filt=1",X1,S,4h,0.0,0.0,0,0.0,0.0,0.0,0.0,0,0.0,0.0
"R-C|n=14,t=10,filt=1|X1|LS|4h",R-C,"n=14,t=10,filt=1",X1,LS,4h,0.0,0.0,0,0.0,0.0,0.0,0.0,0,0.0,0.0
"R-C|n=14,t=10,filt=1|X2|L|4h",R-C,"n=14,t=10,filt=1",X2,L,4h,0.0,0.0,0,0.0,0.0,0.0,0.0,0,0.0,0.0
"R-C|n=14,t=10,filt=1|X2|S|4h",R-C,"n=14,t=10,filt=1",X2,S,4h,0.0,0.0,0,0.0,0.0,0.0,0.0,0,0.0,0.0
"R-C|n=14,t=10,filt=1|X2|LS|4h",R-C,"n=14,t=10,filt=1",X2,LS,4h,0.0,0.0,0,0.0,0.0,0.0,0.0,0,0.0,0.0
"R-C|n=14,t=10,filt=1|X3|L|4h",R-C,"n=14,t=10,filt=1",X3,L,4h,0.0,0.0,0,0.0,0.0,0.0,0.0,0,0.0,0.0
"R-C|n=14,t=10,filt=1|X3|S|4h",R-C,"n=14,t=10,filt=1",X3,S,4h,0.0,0.0,0,0.0,0.0,0.0,0.0,0,0.0,0.0
"R-C|n=14,t=10,filt=1|X3|LS|4h",R-C,"n=14,t=10,filt=1",X3,LS,4h,0.0,0.0,0,0.0,0.0,0.0,0.0,0,0.0,0.0
"R-C|n=14,t=10,filt=1|X4|L|4h",R-C,"n=14,t=10,filt=1",X4,L,4h,0.0,0.0,0,0.0,0.0,0.0,0.0,0,0.0,0.0
"R-C|n=14,t=10,filt=1|X4|S|4h",R-C,"n=14,t=10,filt=1",X4,S,4h,0.0,0.0,0,0.0,0.0,0.0,0.0,0,0.0,0.0
"R-C|n=14,t=10,filt=1|X4|LS|4h",R-C,"n=14,t=10,filt=1",X4,LS,4h,0.0,0.0,0,0.0,0.0,0.0,0.0,0,0.0,0.0
"R-C|n=14,t=20,filt=0|X1|L|4h",R-C,"n=14,t=20,filt=0",X1,L,4h,-0.0023584984249732026,-0.00012344944970223146,146,-0.05761196557259596,0.2626091719101975,365.87712811612914,144.56899630189184,4,-0.1449651840254556,0.5876176995850821
"R-C|n=14,t=20,filt=0|X1|S|4h",R-C,"n=14,t=20,filt=0",X1,S,4h,-0.844253464802728,-0.044190246020742285,206,-0.29793182726784484,0.3146159307172861,504.7797102672996,40.453406304494656,1,-0.3288129720525868,-1.5712278341274626
"R-C|n=14,t=20,filt=0|X1|LS|4h",R-C,"n=14,t=20,filt=0",X1,LS,4h,-0.41238456749298774,-0.02158519479328484,352,-0.33837935466490787,0.3804467595867608,789.2016221677694,174.8100063203064,5,-0.25908048931772887,-0.861834256266208
"R-C|n=14,t=20,filt=0|X2|L|4h",R-C,"n=14,t=20,filt=0",X2,L,4h,0.029417753824481113,0.0015397956100603166,120,-0.10559792112192479,0.3734379913358149,291.8230281653525,294.3449001879657,12,-0.04658118985205971,0.19941956263618962
"R-C|n=14,t=20,filt=0|X2|S|4h",R-C,"n=14,t=20,filt=0",X2,S,4h,-0.9801042437447779,-0.05130100078082066,146,-0.6349177628263483,0.6591716485344463,256.7413236543354,213.80507694905543,9,-0.8806898330549645,-1.4235327354831901
"R-C|n=14,t=20,filt=0|X2|LS|4h",R-C,"n=14,t=20,filt=0",X2,LS,4h,-0.5831772472884136,-0.03052489223410645,266,-0.6734696881104287,0.6932377789299851,417.2321936626353,481.1814673830593,21,-0.6071761791884915,-0.539781081301035
"R-C|n=14,t=20,filt=0|X3|L|4h",R-C,"n=14,t=20,filt=0",X3,L,4h,-0.032629200913494076,-0.0017078904333125253,66,-0.37946643998210394,0.5526123915580496,140.68900151613536,-303.63579059127034,43,0.2526103567388273,-0.505233043104206
"R-C|n=14,t=20,filt=0|X3|S|4h",R-C,"n=14,t=20,filt=0",X3,S,4h,-0.37760146001239075,-0.01976456373754773,36,-2.893643059975708,3.5254400270271593,151.54009873640555,5716.855624304481,52,-0.4666938923856788,0.0
"R-C|n=14,t=20,filt=0|X3|LS|4h",R-C,"n=14,t=20,filt=0",X3,LS,4h,0.09359579874056942,0.004899028011475303,60,-2.2814352677740306,3.5533929661126553,156.86394515342786,3947.4500188503775,66,0.11566787732538437,0.0
"R-C|n=14,t=20,filt=0|X4|L|4h",R-C,"n=14,t=20,filt=0",X4,L,4h,-0.0023584984249732026,-0.00012344944970223146,146,-0.05761196557259596,0.2626091719101975,365.87712811612914,144.56899630189184,4,-0.1449651840254556,0.5876176995850821
"R-C|n=14,t=20,filt=0|X4|S|4h",R-C,"n=14,t=20,filt=0",X4,S,4h,-0.844253464802728,-0.044190246020742285,206,-0.29793182726784484,0.3146159307172861,504.7797102672996,40.453406304494656,1,-0.3288129720525868,-1.5712278341274626
"R-C|n=14,t=20,filt=0|X4|LS|4h",R-C,"n=14,t=20,filt=0",X4,LS,4h,-0.41238456749298774,-0.02158519479328484,352,-0.33837935466490787,0.3804467595867608,789.2016221677694,174.8100063203064,5,-0.25908048931772887,-0.861834256266208
"R-C|n=14,t=20,filt=1|X1|L|4h",R-C,"n=14,t=20,filt=1",X1,L,4h,0.0,0.0,0,0.0,0.0,0.0,0.0,0,0.0,0.0
"R-C|n=14,t=20,filt=1|X1|S|4h",R-C,"n=14,t=20,filt=1",X1,S,4h,0.8327378865648454,0.043587493107525584,8,0.02893282651366591,0.0,21.25195797455926,1.2293666162391712,0,0.756577724963091,0.9805442208668173
"R-C|n=14,t=20,filt=1|X1|LS|4h",R-C,"n=14,t=20,filt=1",X1,LS,4h,0.8327378865648454,0.043587493107525584,8,0.02893282651366591,0.0,21.25195797455926,1.2293666162391712,0,0.756577724963091,0.9805442208668173
"R-C|n=14,t=20,filt=1|X2|L|4h",R-C,"n=14,t=20,filt=1",X2,L,4h,0.0,0.0,0,0.0,0.0,0.0,0.0,0,0.0,0.0
"R-C|n=14,t=20,filt=1|X2|S|4h",R-C,"n=14,t=20,filt=1",X2,S,4h,0.9781372563791215,0.051198043956558935,8,0.07464795711548233,0.009522884039286916,21.28045746517356,4.930276032808335,0,0.9626334649814974,1.1294709353109822
"R-C|n=14,t=20,filt=1|X2|LS|4h",R-C,"n=14,t=20,filt=1",X2,LS,4h,0.9781372563791215,0.051198043956558935,8,0.07464795711548233,0.009522884039286916,21.28045746517356,4.930276032808335,0,0.9626334649814974,1.1294709353109822
"R-C|n=14,t=20,filt=1|X3|L|4h",R-C,"n=14,t=20,filt=1",X3,L,4h,0.0,0.0,0,0.0,0.0,0.0,0.0,0,0.0,0.0
"R-C|n=14,t=20,filt=1|X3|S|4h",R-C,"n=14,t=20,filt=1",X3,S,4h,-0.5610834691891202,-0.029368451034349465,6,-2.3361752007623044,3.628024092529231,37.93970192662818,3629.7072837166006,38,-0.6935536253874279,0.0
"R-C|n=14,t=20,filt=1|X3|LS|4h",R-C,"n=14,t=20,filt=1",X3,LS,4h,-0.5610834691891202,-0.029368451034349465,6,-2.3361752007623044,3.628024092529231,37.93970192662818,3629.7072837166006,38,-0.6935536253874279,0.0
"R-C|n=14,t=20,filt=1|X4|L|4h",R-C,"n=14,t=20,filt=1",X4,L,4h,0.0,0.0,0,0.0,0.0,0.0,0.0,0,0.0,0.0
"R-C|n=14,t=20,filt=1|X4|S|4h",R-C,"n=14,t=20,filt=1",X4,S,4h,0.8327378865648454,0.043587493107525584,8,0.02893282651366591,0.0,21.25195797455926,1.2293666162391712,0,0.756577724963091,0.9805442208668173
"R-C|n=14,t=20,filt=1|X4|LS|4h",R-C,"n=14,t=20,filt=1",X4,LS,4h,0.8327378865648454,0.043587493107525584,8,0.02893282651366591,0.0,21.25195797455926,1.2293666162391712,0,0.756577724963091,0.9805442208668173
"R-C|n=14,t=30,filt=0|X1|L|4h",R-C,"n=14,t=30,filt=0",X1,L,4h,-0.23955502204266782,-0.01253888293137583,902,-0.3871955492746061,0.4936749171662449,2135.5539275544884,167.02974638749495,20,0.029764713033373823,-1.1108516803531334
"R-C|n=14,t=30,filt=0|X1|S|4h",R-C,"n=14,t=30,filt=0",X1,S,4h,-1.2194785121645664,-0.0638304226351655,1078,-0.6378190527908234,0.6914797431875821,1842.1755225205686,117.60539867774794,9,-1.2495896912290543,-1.1594136437390625
"R-C|n=14,t=30,filt=0|X1|LS|4h",R-C,"n=14,t=30,filt=0",X1,LS,4h,-0.835631019960321,-0.04373892663056924,1980,-0.7780508361689287,0.808493202078704,3205.498620257339,273.67210733646766,29,-0.575413117554776,-1.5983069857162984
"R-C|n=14,t=30,filt=0|X2|L|4h",R-C,"n=14,t=30,filt=0",X2,L,4h,-0.20790977073593764,-0.010882494774343651,462,-0.4662323904585197,0.5550049042000187,873.9742950056973,131.98462408241826,37,-0.20501871113753328,-0.21684397167093722
"R-C|n=14,t=30,filt=0|X2|S|4h",R-C,"n=14,t=30,filt=0",X2,S,4h,-0.8942549737515101,-0.046807444615682404,472,-0.7963388943670078,0.833656747052001,638.5078829662078,266.7417157793921,29,-1.0954200848821205,-0.3672844982597594
"R-C|n=14,t=30,filt=0|X2|LS|4h",R-C,"n=14,t=30,filt=0",X2,LS,4h,-0.7624118257170889,-0.039906458844600506,934,-0.891197789482905,0.9047798350234503,976.1066711876601,380.9961548625506,65,-0.9162741369563725,-0.3953716614802687
"R-C|n=14,t=30,filt=0|X3|L|4h",R-C,"n=14,t=30,filt=0",X3,L,4h,-0.08282551909187248,-0.004335285809363853,264,-0.5077310824834654,0.6447501572203371,431.46993506051547,-382.3237335079463,65,-0.04084825601066305,-0.17230127892944846
"R-C|n=14,t=30,filt=0|X3|S|4h",R-C,"n=14,t=30,filt=0",X3,S,4h,-0.18068519071681674,-0.00945749512789571,262,-0.8724038811960462,0.948731658215417,488.0914858307746,1150.7513340264047,108,-0.25540383251844045,0.08196962302583652
"R-C|n=14,t=30,filt=0|X3|LS|4h",R-C,"n=14,t=30,filt=0",X3,LS,4h,-0.20171332002603942,-0.010558157720672466,484,-0.9021850842132684,0.9267948542065195,629.35466000246,1008.5180819116653,143,-0.23906783442631901,-0.1036689914756595
"R-C|n=14,t=30,filt=0|X4|L|4h",R-C,"n=14,t=30,filt=0",X4,L,4h,-0.23955502204266782,-0.01253888293137583,902,-0.3871955492746061,0.4936749171662449,2135.5539275544884,167.02974638749495,20,0.029764713033373823,-1.1108516803531334
"R-C|n=14,t=30,filt=0|X4|S|4h",R-C,"n=14,t=30,filt=0",X4,S,4h,-1.2236597994809222,-0.06404928121602586,1080,-0.6392790709252598,0.6927234451913955,1842.901965948077,116.86139306141771,9,-1.2557961464813956,-1.1594136437390634
"R-C|n=14,t=30,filt=0|X4|LS|4h",R-C,"n=14,t=30,filt=0",X4,LS,4h,-0.8380881755152486,-0.043867540030466695,1982,-0.7789455541451599,0.8092652012685773,3205.178702678392,272.9900061227367,29,-0.5788877415491921,-1.5983069857163037
"R-C|n=14,t=30,filt=1|X1|L|4h",R-C,"n=14,t=30,filt=1",X1,L,4h,-0.4295102514689646,-0.022481594061659456,88,-0.09353736484221375,0.1347807746781723,222.44364136263857,-18.911189926903848,1,-0.2810741018416424,-0.8769825861814223
"R-C|n=14,t=30,filt=1|X1|S|4h",R-C,"n=14,t=30,filt=1",X1,S,4h,-0.5914816633718347,-0.030959565238227005,98,-0.1398767769540762,0.18875309078892044,236.01733437423417,-87.14743292443853,1,-1.025869236666338,0.6483319160454989
"R-C|n=14,t=30,filt=1|X1|LS|4h",R-C,"n=14,t=30,filt=1",X1,LS,4h,-0.7276641821759984,-0.038087684056296096,186,-0.2203304366773854,0.2661516708731957,419.8707731767617,-98.66181931669902,2,-0.9553171410422102,-0.11670284983168547
"R-C|n=14,t=30,filt=1|X2|L|4h",R-C,"n=14,t=30,filt=1",X2,L,4h,-0.1948936860026898,-0.010201201761559333,74,-0.10539729813413701,0.1802914523326694,191.89744467341703,-66.3558124636734,4,-0.12325483236566304,-0.38620848376128314
"R-C|n=14,t=30,filt=1|X2|S|4h",R-C,"n=14,t=30,filt=1",X2,S,4h,-0.15379629195531425,-0.008050065841508032,84,-0.1550610705127058,0.4003654429079725,186.38650594339558,-81.18346256772537,5,-0.5978377678358349,1.3984895901881975
"R-C|n=14,t=30,filt=1|X2|LS|4h",R-C,"n=14,t=30,filt=1",X2,LS,4h,-0.2345829034104496,-0.012278630347569876,158,-0.2441153507690157,0.42830223244546695,327.9119604559748,-124.28272097272927,9,-0.5752630703465369,0.8261836818895394
"R-C|n=14,t=30,filt=1|X3|L|4h",R-C,"n=14,t=30,filt=1",X3,L,4h,-0.36513603318295923,-0.019112093476765495,70,-0.42540594128318876,0.5081348964439876,133.1350922102633,-199.30445790999516,17,-0.27471282203259645,-0.5527824021131453
"R-C|n=14,t=30,filt=1|X3|S|4h",R-C,"n=14,t=30,filt=1",X3,S,4h,0.15004835306416398,0.007853889753904603,82,0.02017976867392135,0.628787329797821,200.64255075005445,348.36500751143353,15,-0.2684045938769483,1.7958438498686256
"R-C|n=14,t=30,filt=1|X3|LS|4h",R-C,"n=14,t=30,filt=1",X3,LS,4h,-0.2952518407453801,-0.015454187663492793,134,-0.5222974794625052,0.6639054670270645,202.3789680032797,112.93339129698305,30,-0.5502917098258406,0.3910319314068018
"R-C|n=14,t=30,filt=1|X4|L|4h",R-C,"n=14,t=30,filt=1",X4,L,4h,-0.4295102514689646,-0.022481594061659456,88,-0.09353736484221375,0.1347807746781723,222.44364136263857,-18.911189926903848,1,-0.2810741018416424,-0.8769825861814223
"R-C|n=14,t=30,filt=1|X4|S|4h",R-C,"n=14,t=30,filt=1",X4,S,4h,-0.5914816633718347,-0.030959565238227005,98,-0.1398767769540762,0.18875309078892044,236.01733437423417,-87.14743292443853,1,-1.025869236666338,0.6483319160454989
"R-C|n=14,t=30,filt=1|X4|LS|4h",R-C,"n=14,t=30,filt=1",X4,LS,4h,-0.7276641821759984,-0.038087684056296096,186,-0.2203304366773854,0.2661516708731957,419.8707731767617,-98.66181931669902,2,-0.9553171410422102,-0.11670284983168547
"V-A|m=0.5,ref=open|X1|L|4h",V-A,"m=0.5,ref=open",X1,L,4h,-4.540028401572628,-0.23763594746221228,10054,-0.9999999999872252,0.9999999999933822,1980.5473242841574,-119.27171157736817,440,-4.537271187479435,-4.562268465435766
"V-A|m=0.5,ref=open|X1|S|4h",V-A,"m=0.5,ref=open",X1,S,4h,-5.248027770149202,-0.2746943281313868,9990,-0.9999999999983338,0.9999999999985153,4400.787972191546,220.00172177532477,453,-5.1498490843571005,-5.427035492684762
"V-A|m=0.5,ref=open|X1|LS|4h",V-A,"m=0.5,ref=open",X1,LS,4h,-2.6342268958287445,-0.13788173748073237,13350,-0.9999999432902181,0.9999999650981378,6859.108697228712,61.238679594331856,469,-2.8042810169934573,-2.3472669508301904
"V-A|m=0.5,ref=open|X2|L|4h",V-A,"m=0.5,ref=open",X2,L,4h,0.16646807515299833,0.008713337288262488,122,-0.3083273199071124,0.7097549857602692,161.42666557469272,-2474.9514406163503,112,0.3844729489615151,-0.14475914529462472
"V-A|m=0.5,ref=open|X2|S|4h",V-A,"m=0.5,ref=open",X2,S,4h,-0.025409799990498666,-0.0013300097183259587,98,-0.2951660636333099,0.7908223885044942,327.7273061918939,1832.8349753398518,27,-0.05702043564466171,0.019107829595865725
"V-A|m=0.5,ref=open|X2|LS|4h",V-A,"m=0.5,ref=open",X2,LS,4h,-0.3687773086843084,-0.01930268654738028,90,-0.47324888193963666,0.7510663311493135,242.42436656402,660.2498221198866,12,-0.18780643294414617,-0.6415250769746016
"V-A|m=0.5,ref=open|X3|L|4h",V-A,"m=0.5,ref=open",X3,L,4h,0.18038211984395078,0.009441631673385876,80,-0.13374357550160654,0.6423392427556915,85.152453961487,-2472.441230435845,72,0.4646854254454503,-0.20177889909753516
"V-A|m=0.5,ref=open|X3|S|4h",V-A,"m=0.5,ref=open",X3,S,4h,0.18411412086921614,0.009636973534961384,60,0.06745876740069057,0.6007911301518323,142.72167415570638,1434.6952654306285,8,0.06157577764835106,0.348218737496311
"V-A|m=0.5,ref=open|X3|LS|4h",V-A,"m=0.5,ref=open",X3,LS,4h,-0.39445597365939233,-0.020646769302194116,84,-0.4015534931493726,0.6546911628921708,190.63435475131737,778.4989180467786,5,-0.22388448269141517,-0.6374732598652897
"V-A|m=0.5,ref=open|X4|L|4h",V-A,"m=0.5,ref=open",X4,L,4h,-0.11156767600217793,-0.005839719060733403,4164,-0.6508805112736251,0.8520975110961755,4864.940242189455,-1182.280590422817,88,-0.013755735258045758,-0.32402567771931456
"V-A|m=0.5,ref=open|X4|S|4h",V-A,"m=0.5,ref=open",X4,S,4h,-0.8209205269175185,-0.04296894423339927,4188,-0.9550699724647442,0.9781926279199223,5987.840188765926,57.053357170101435,92,-0.8350783582100899,-0.7940575072255308
"V-A|m=0.5,ref=open|X4|LS|4h",V-A,"m=0.5,ref=open",X4,LS,4h,-0.8865544012343032,-0.04640437822836772,4572,-0.9066217636315618,0.9123736905377686,3731.3210625773995,-122.82679288038955,44,-0.940575658734015,-0.7767024679534033
"V-A|m=0.5,ref=open|X5|L|4h",V-A,"m=0.5,ref=open",X5,L,4h,0.06571060226181749,0.0034394501191645885,2302,-0.48310171887366826,0.8294713252854096,3080.799501817894,-1456.484329896653,101,0.16157132992139575,-0.1339562692727241
"V-A|m=0.5,ref=open|X5|S|4h",V-A,"m=0.5,ref=open",X5,S,4h,-0.64394384923387,-0.033705561549383346,2326,-0.936342629896116,0.9751970822633768,3194.9143227512036,-121.50579142136463,110,-0.8375800435449883,-0.224819935514151
"V-A|m=0.5,ref=open|X5|LS|4h",V-A,"m=0.5,ref=open",X5,LS,4h,-0.4055418363767928,-0.021227029877077953,2434,-0.6985943803283011,0.7993373614165844,2704.984401115504,-253.44341538822056,42,-0.5145770515967886,-0.17037244610416655
"V-A|m=0.5,ref=prevclose|X1|L|4h",V-A,"m=0.5,ref=prevclose",X1,L,4h,-4.540028401572628,-0.23763594746221228,10054,-0.9999999999872252,0.9999999999933822,1980.5473242841574,-119.27171157736817,440,-4.537271187479435,-4.562268465435766
"V-A|m=0.5,ref=prevclose|X1|S|4h",V-A,"m=0.5,ref=prevclose",X1,S,4h,-5.248027770149202,-0.2746943281313868,9990,-0.9999999999983338,0.9999999999985153,4400.787972191546,220.00172177532477,453,-5.1498490843571005,-5.427035492684762
"V-A|m=0.5,ref=prevclose|X1|LS|4h",V-A,"m=0.5,ref=prevclose",X1,LS,4h,-2.6342268958287445,-0.13788173748073237,13350,-0.9999999432902181,0.9999999650981378,6859.108697228712,61.238679594331856,469,-2.8042810169934573,-2.3472669508301904
"V-A|m=0.5,ref=prevclose|X2|L|4h",V-A,"m=0.5,ref=prevclose",X2,L,4h,0.16646807515299833,0.008713337288262488,122,-0.3083273199071124,0.7097549857602692,161.42666557469272,-2474.9514406163503,112,0.3844729489615151,-0.14475914529462472
"V-A|m=0.5,ref=prevclose|X2|S|4h",V-A,"m=0.5,ref=prevclose",X2,S,4h,-0.025409799990498666,-0.0013300097183259587,98,-0.2951660636333099,0.7908223885044942,327.7273061918939,1832.8349753398518,27,-0.05702043564466171,0.019107829595865725
"V-A|m=0.5,ref=prevclose|X2|LS|4h",V-A,"m=0.5,ref=prevclose",X2,LS,4h,-0.3687773086843084,-0.01930268654738028,90,-0.47324888193963666,0.7510663311493135,242.42436656402,660.2498221198866,12,-0.18780643294414617,-0.6415250769746016
"V-A|m=0.5,ref=prevclose|X3|L|4h",V-A,"m=0.5,ref=prevclose",X3,L,4h,0.18038211984395078,0.009441631673385876,80,-0.13374357550160654,0.6423392427556915,85.152453961487,-2472.441230435845,72,0.4646854254454503,-0.20177889909753516
"V-A|m=0.5,ref=prevclose|X3|S|4h",V-A,"m=0.5,ref=prevclose",X3,S,4h,0.18411412086921614,0.009636973534961384,60,0.06745876740069057,0.6007911301518323,142.72167415570638,1434.6952654306285,8,0.06157577764835106,0.348218737496311
"V-A|m=0.5,ref=prevclose|X3|LS|4h",V-A,"m=0.5,ref=prevclose",X3,LS,4h,-0.39445597365939233,-0.020646769302194116,84,-0.4015534931493726,0.6546911628921708,190.63435475131737,778.4989180467786,5,-0.22388448269141517,-0.6374732598652897
"V-A|m=0.5,ref=prevclose|X4|L|4h",V-A,"m=0.5,ref=prevclose",X4,L,4h,-0.11156767600217793,-0.005839719060733403,4164,-0.6508805112736251,0.8520975110961755,4864.940242189455,-1182.280590422817,88,-0.013755735258045758,-0.32402567771931456
"V-A|m=0.5,ref=prevclose|X4|S|4h",V-A,"m=0.5,ref=prevclose",X4,S,4h,-0.8209205269175185,-0.04296894423339927,4188,-0.9550699724647442,0.9781926279199223,5987.840188765926,57.053357170101435,92,-0.8350783582100899,-0.7940575072255308
"V-A|m=0.5,ref=prevclose|X4|LS|4h",V-A,"m=0.5,ref=prevclose",X4,LS,4h,-0.8865544012343032,-0.04640437822836772,4572,-0.9066217636315618,0.9123736905377686,3731.3210625773995,-122.82679288038955,44,-0.940575658734015,-0.7767024679534033
"V-A|m=0.5,ref=prevclose|X5|L|4h",V-A,"m=0.5,ref=prevclose",X5,L,4h,0.06571060226181749,0.0034394501191645885,2302,-0.48310171887366826,0.8294713252854096,3080.799501817894,-1456.484329896653,101,0.16157132992139575,-0.1339562692727241
"V-A|m=0.5,ref=prevclose|X5|S|4h",V-A,"m=0.5,ref=prevclose",X5,S,4h,-0.64394384923387,-0.033705561549383346,2326,-0.936342629896116,0.9751970822633768,3194.9143227512036,-121.50579142136463,110,-0.8375800435449883,-0.224819935514151
"V-A|m=0.5,ref=prevclose|X5|LS|4h",V-A,"m=0.5,ref=prevclose",X5,LS,4h,-0.4055418363767928,-0.021227029877077953,2434,-0.6985943803283011,0.7993373614165844,2704.984401115504,-253.44341538822056,42,-0.5145770515967886,-0.17037244610416655
"V-A|m=1,ref=open|X1|L|4h",V-A,"m=1.0,ref=open",X1,L,4h,0.010653224399125385,0.0005576152503223981,3014,-0.5071415467772344,0.7407273741499605,6911.263631312144,-1075.4568369643305,34,-0.29749532239625853,0.5035221883625857
"V-A|m=1,ref=open|X1|S|4h",V-A,"m=1.0,ref=open",X1,S,4h,-0.3337691602872912,-0.017470276311721575,2912,-0.7965652346321742,0.9028876119076966,11456.447717177374,1720.7996868439761,45,-0.41346834355656764,-0.1866291446642766
"V-A|m=1,ref=open|X1|LS|4h",V-A,"m=1.0,ref=open",X1,LS,4h,0.8367067520912911,0.04379523302373411,4104,4.075315780230619,0.56401422389371,63579.29592301748,-971.9804141860226,56,0.7748016753306269,0.943977630522968
"V-A|m=1,ref=open|X2|L|4h",V-A,"m=1.0,ref=open",X2,L,4h,0.14294553268909943,0.007482111143687605,138,-0.2913001687622613,0.7656220834797846,210.60813139013618,-2399.5945732493997,99,0.2839969471015477,-0.09122079337763897
"V-A|m=1,ref=open|X2|S|4h",V-A,"m=1.0,ref=open",X2,S,4h,0.099393775321379,0.0052025079759766574,88,-0.1475542097295376,0.7476822631256956,302.13994878856846,2040.9736558036784,28,0.1627534824702654,0.02619591540385374
"V-A|m=1,ref=open|X2|LS|4h",V-A,"m=1.0,ref=open",X2,LS,4h,-0.5997259493367506,-0.03139109088809818,152,-0.8233327878470325,0.8905380268170271,350.06384877660224,836.9433311745637,50,-0.27142507419096373,-1.1594609731106236
"V-A|m=1,ref=open|X3|L|4h",V-A,"m=1.0,ref=open",X3,L,4h,0.5931142496070076,0.031045018707345107,64,1.3162877894644573,0.6655462862149805,104.15073625909162,-7789.706582640332,93,0.9951279222834578,-0.05720947586909938
"V-A|m=1,ref=open|X3|S|4h",V-A,"m=1.0,ref=open",X3,S,4h,0.0587456927122024,0.0030748900914700315,66,-0.08219736398381283,0.6138200048779886,150.40785655977947,1393.3296037319476,9,0.01701907778580698,0.11895609561777126
"V-A|m=1,ref=open|X3|LS|4h",V-A,"m=1.0,ref=open",X3,LS,4h,-0.6747600643013292,-0.035318555966382656,94,-0.5679640952339124,0.6893459067852414,155.1019161368358,540.6340437765263,7,-0.6195881787597154,-0.7803210822474236
"V-A|m=1,ref=open|X4|L|4h",V-A,"m=1.0,ref=open",X4,L,4h,0.0752533714433764,0.003938941486903045,2838,-0.2962537035136512,0.7775560584716075,4967.916252599117,-1163.8919649587074,45,0.17087475088507978,-0.13418740261993667
"V-A|m=1,ref=open|X4|S|4h",V-A,"m=1.0,ref=open",X4,S,4h,-0.2956355837290596,-0.015474273689271196,2942,-0.6998259705705565,0.8935122268343034,4372.259365726549,416.8020012318265,45,-0.8433496120497981,0.9884783268625852
"V-A|m=1,ref=open|X4|LS|4h",V-A,"m=1.0,ref=open",X4,LS,4h,0.3049041464690817,0.01595941243588678,3698,0.19617911991534664,0.5605858724326531,9151.293753420254,-372.8321996964622,38,0.21539901985697227,0.5384992200174902
"V-A|m=1,ref=open|X5|L|4h",V-A,"m=1.0,ref=open",X5,L,4h,0.018764038122583798,0.0009821546437755121,1838,-0.47052123572109006,0.7870283132219288,2468.7017801891366,-1113.800685529181,67,-0.06360059018618315,0.21323374935097753
"V-A|m=1,ref=open|X5|S|4h",V-A,"m=1.0,ref=open",X5,S,4h,-0.30705422081024836,-0.016071952470438182,1858,-0.7759970468935166,0.9416168333664989,3168.2316018503807,6.459691573820391,74,-0.7010656436933609,0.5525183922057378
"V-A|m=1,ref=open|X5|LS|4h",V-A,"m=1.0,ref=open",X5,LS,4h,0.37004651497858665,0.019369119841093012,2156,0.36588984700218563,0.44552550146713155,5610.3094350123965,-60.35069427682209,39,0.08098760085789575,0.9856203845042091
"V-A|m=1,ref=prevclose|X1|L|4h",V-A,"m=1.0,ref=prevclose",X1,L,4h,0.010653224399125385,0.0005576152503223981,3014,-0.5071415467772344,0.7407273741499605,6911.263631312144,-1075.4568369643305,34,-0.29749532239625853,0.5035221883625857
"V-A|m=1,ref=prevclose|X1|S|4h",V-A,"m=1.0,ref=prevclose",X1,S,4h,-0.3337691602872912,-0.017470276311721575,2912,-0.7965652346321742,0.9028876119076966,11456.447717177374,1720.7996868439761,45,-0.41346834355656764,-0.1866291446642766
"V-A|m=1,ref=prevclose|X1|LS|4h",V-A,"m=1.0,ref=prevclose",X1,LS,4h,0.8367067520912911,0.04379523302373411,4104,4.075315780230619,0.56401422389371,63579.29592301748,-971.9804141860226,56,0.7748016753306269,0.943977630522968
"V-A|m=1,ref=prevclose|X2|L|4h",V-A,"m=1.0,ref=prevclose",X2,L,4h,0.14294553268909943,0.007482111143687605,138,-0.2913001687622613,0.7656220834797846,210.60813139013618,-2399.5945732493997,99,0.2839969471015477,-0.09122079337763897
"V-A|m=1,ref=prevclose|X2|S|4h",V-A,"m=1.0,ref=prevclose",X2,S,4h,0.099393775321379,0.0052025079759766574,88,-0.1475542097295376,0.7476822631256956,302.13994878856846,2040.9736558036784,28,0.1627534824702654,0.02619591540385374
"V-A|m=1,ref=prevclose|X2|LS|4h",V-A,"m=1.0,ref=prevclose",X2,LS,4h,-0.5997259493367506,-0.03139109088809818,152,-0.8233327878470325,0.8905380268170271,350.06384877660224,836.9433311745637,50,-0.27142507419096373,-1.1594609731106236
"V-A|m=1,ref=prevclose|X3|L|4h",V-A,"m=1.0,ref=prevclose",X3,L,4h,0.5931142496070076,0.031045018707345107,64,1.3162877894644573,0.6655462862149805,104.15073625909162,-7789.706582640332,93,0.9951279222834578,-0.05720947586909938
"V-A|m=1,ref=prevclose|X3|S|4h",V-A,"m=1.0,ref=prevclose",X3,S,4h,0.0587456927122024,0.0030748900914700315,66,-0.08219736398381283,0.6138200048779886,150.40785655977947,1393.3296037319476,9,0.01701907778580698,0.11895609561777126
"V-A|m=1,ref=prevclose|X3|LS|4h",V-A,"m=1.0,ref=prevclose",X3,LS,4h,-0.6747600643013292,-0.035318555966382656,94,-0.5679640952339124,0.6893459067852414,155.1019161368358,540.6340437765263,7,-0.6195881787597154,-0.7803210822474236
"V-A|m=1,ref=prevclose|X4|L|4h",V-A,"m=1.0,ref=prevclose",X4,L,4h,0.0752533714433764,0.003938941486903045,2838,-0.2962537035136512,0.7775560584716075,4967.916252599117,-1163.8919649587074,45,0.17087475088507978,-0.13418740261993667
"V-A|m=1,ref=prevclose|X4|S|4h",V-A,"m=1.0,ref=prevclose",X4,S,4h,-0.2956355837290596,-0.015474273689271196,2942,-0.6998259705705565,0.8935122268343034,4372.259365726549,416.8020012318265,45,-0.8433496120497981,0.9884783268625852
"V-A|m=1,ref=prevclose|X4|LS|4h",V-A,"m=1.0,ref=prevclose",X4,LS,4h,0.3049041464690817,0.01595941243588678,3698,0.19617911991534664,0.5605858724326531,9151.293753420254,-372.8321996964622,38,0.21539901985697227,0.5384992200174902
"V-A|m=1,ref=prevclose|X5|L|4h",V-A,"m=1.0,ref=prevclose",X5,L,4h,0.018764038122583798,0.0009821546437755121,1838,-0.47052123572109006,0.7870283132219288,2468.7017801891366,-1113.800685529181,67,-0.06360059018618315,0.21323374935097753
"V-A|m=1,ref=prevclose|X5|S|4h",V-A,"m=1.0,ref=prevclose",X5,S,4h,-0.30705422081024836,-0.016071952470438182,1858,-0.7759970468935166,0.9416168333664989,3168.2316018503807,6.459691573820391,74,-0.7010656436933609,0.5525183922057378
"V-A|m=1,ref=prevclose|X5|LS|4h",V-A,"m=1.0,ref=prevclose",X5,LS,4h,0.37004651497858665,0.019369119841093012,2156,0.36588984700218563,0.44552550146713155,5610.3094350123965,-60.35069427682209,39,0.08098760085789575,0.9856203845042091
"V-A|m=1.5,ref=open|X1|L|4h",V-A,"m=1.5,ref=open",X1,L,4h,0.6946055522762622,0.03635731628253829,1158,1.6192402369729257,0.509703566351873,5295.96565389818,-2429.8308844040657,12,0.5535581524151695,0.9232685340639896
"V-A|m=1.5,ref=open|X1|S|4h",V-A,"m=1.5,ref=open",X1,S,4h,0.37729446447885584,0.019748494856909677,1120,0.414654067938242,0.5183099156914017,4557.312375795132,1543.714344904371,16,0.06270855761477802,0.928586730421068
"V-A|m=1.5,ref=open|X1|LS|4h",V-A,"m=1.5,ref=open",X1,LS,4h,1.1293255096929455,0.0591115988164674,1610,6.0488511919075085,0.353747697699753,16463.245406965234,-879.6710540891316,17,0.9850275899098611,1.3771928235897626
"V-A|m=1.5,ref=open|X2|L|4h",V-A,"m=1.5,ref=open",X2,L,4h,0.46843723564409706,0.024519125536814956,120,0.3666919155035324,0.8023232307715622,223.65117602449058,-6225.205335498869,188,0.8197151899641988,-0.03529779492299589
"V-A|m=1.5,ref=open|X2|S|4h",V-A,"m=1.5,ref=open",X2,S,4h,-0.02753812445602465,-0.0014414113123549918,84,-0.24577778819387175,0.7053186086105113,299.74944016631196,1536.511374707962,18,-0.22029821166261207,0.2907587394002943
"V-A|m=1.5,ref=open|X2|LS|4h",V-A,"m=1.5,ref=open",X2,LS,4h,-0.17211376852590668,-0.009008846385361414,90,-0.540821067016152,0.6789501884579993,312.6574778078109,-570.6635299007512,52,0.18029847741118496,-0.5725175077044912
"V-A|m=1.5,ref=open|X3|L|4h",V-A,"m=1.5,ref=open",X3,L,4h,0.40127199110988343,0.021003535961232056,78,0.2432062232248262,0.7834538491848058,112.69903498906497,-4957.411806602456,143,0.8062171403097372,-0.09340914926683674
"V-A|m=1.5,ref=open|X3|S|4h",V-A,"m=1.5,ref=open",X3,S,4h,0.0946751522089898,0.004955523954105498,54,-0.02435741442816286,0.5545212047328472,141.4387694888009,1150.9013834319942,3,-0.14638836128043894,0.47660481368456215
"V-A|m=1.5,ref=open|X3|LS|4h",V-A,"m=1.5,ref=open",X3,LS,4h,-0.5049299354657079,-0.026429240745468426,92,-0.5244477891557278,0.659537417580072,167.7865512840333,11.953791054893859,14,-0.24700573339281534,-0.8562305582613131
"V-A|m=1.5,ref=open|X4|L|4h",V-A,"m=1.5,ref=open",X4,L,4h,0.5673437063975895,0.02969612682594968,1604,0.970836290491427,0.6482610958803102,5952.894827239162,-1479.4074040856235,24,0.6886745164603219,0.2730121941737849
"V-A|m=1.5,ref=open|X4|S|4h",V-A,"m=1.5,ref=open",X4,S,4h,-0.48499432594301245,-0.025385763251908822,1812,-0.6986759480262699,0.8546583281539265,3168.7203463086475,151.0901707641844,30,-0.8092123487463534,0.30403830260340786
"V-A|m=1.5,ref=open|X4|LS|4h",V-A,"m=1.5,ref=open",X4,LS,4h,0.708705160990508,0.03709532353255806,2568,1.6917182285154433,0.44715019057928074,11367.1497004911,-434.037978223285,28,0.6657401446539909,0.8048373382455762
"V-A|m=1.5,ref=open|X5|L|4h",V-A,"m=1.5,ref=open",X5,L,4h,0.47183585117537225,0.024697017204090566,1250,0.6916281649252081,0.6180761546420954,3866.8181527263887,-1716.742132086095,40,0.463055201508894,0.4977863240930513
"V-A|m=1.5,ref=open|X5|S|4h",V-A,"m=1.5,ref=open",X5,S,4h,-0.30190833642334675,-0.015802604571339404,1332,-0.6627015827477211,0.8982638183909796,2655.937686996771,709.3415618779193,54,-0.4489737437806767,-0.0032148728103343206
"V-A|m=1.5,ref=open|X5|LS|4h",V-A,"m=1.5,ref=open",X5,LS,4h,0.3248063736021837,0.017001142615315743,1702,0.2439612974306704,0.5198278385889374,5292.065742931693,-252.29583490631364,43,0.31162663462075785,0.35300573842452193
"V-A|m=1.5,ref=prevclose|X1|L|4h",V-A,"m=1.5,ref=prevclose",X1,L,4h,0.6946055522762622,0.03635731628253829,1158,1.6192402369729257,0.509703566351873,5295.96565389818,-2429.8308844040657,12,0.5535581524151695,0.9232685340639896
"V-A|m=1.5,ref=prevclose|X1|S|4h",V-A,"m=1.5,ref=prevclose",X1,S,4h,0.37729446447885584,0.019748494856909677,1120,0.414654067938242,0.5183099156914017,4557.312375795132,1543.714344904371,16,0.06270855761477802,0.928586730421068
"V-A|m=1.5,ref=prevclose|X1|LS|4h",V-A,"m=1.5,ref=prevclose",X1,LS,4h,1.1293255096929455,0.0591115988164674,1610,6.0488511919075085,0.353747697699753,16463.245406965234,-879.6710540891316,17,0.9850275899098611,1.3771928235897626
"V-A|m=1.5,ref=prevclose|X2|L|4h",V-A,"m=1.5,ref=prevclose",X2,L,4h,0.46843723564409706,0.024519125536814956,120,0.3666919155035324,0.8023232307715622,223.65117602449058,-6225.205335498869,188,0.8197151899641988,-0.03529779492299589
"V-A|m=1.5,ref=prevclose|X2|S|4h",V-A,"m=1.5,ref=prevclose",X2,S,4h,-0.02753812445602465,-0.0014414113123549918,84,-0.24577778819387175,0.7053186086105113,299.74944016631196,1536.511374707962,18,-0.22029821166261207,0.2907587394002943
"V-A|m=1.5,ref=prevclose|X2|LS|4h",V-A,"m=1.5,ref=prevclose",X2,LS,4h,-0.17211376852590668,-0.009008846385361414,90,-0.540821067016152,0.6789501884579993,312.6574778078109,-570.6635299007512,52,0.18029847741118496,-0.5725175077044912
"V-A|m=1.5,ref=prevclose|X3|L|4h",V-A,"m=1.5,ref=prevclose",X3,L,4h,0.40127199110988343,0.021003535961232056,78,0.2432062232248262,0.7834538491848058,112.69903498906497,-4957.411806602456,143,0.8062171403097372,-0.09340914926683674
"V-A|m=1.5,ref=prevclose|X3|S|4h",V-A,"m=1.5,ref=prevclose",X3,S,4h,0.0946751522089898,0.004955523954105498,54,-0.02435741442816286,0.5545212047328472,141.4387694888009,1150.9013834319942,3,-0.14638836128043894,0.47660481368456215
"V-A|m=1.5,ref=prevclose|X3|LS|4h",V-A,"m=1.5,ref=prevclose",X3,LS,4h,-0.5049299354657079,-0.026429240745468426,92,-0.5244477891557278,0.659537417580072,167.7865512840333,11.953791054893859,14,-0.24700573339281534,-0.8562305582613131
"V-A|m=1.5,ref=prevclose|X4|L|4h",V-A,"m=1.5,ref=prevclose",X4,L,4h,0.5673437063975895,0.02969612682594968,1604,0.970836290491427,0.6482610958803102,5952.894827239162,-1479.4074040856235,24,0.6886745164603219,0.2730121941737849
"V-A|m=1.5,ref=prevclose|X4|S|4h",V-A,"m=1.5,ref=prevclose",X4,S,4h,-0.48499432594301245,-0.025385763251908822,1812,-0.6986759480262699,0.8546583281539265,3168.7203463086475,151.0901707641844,30,-0.8092123487463534,0.30403830260340786
"V-A|m=1.5,ref=prevclose|X4|LS|4h",V-A,"m=1.5,ref=prevclose",X4,LS,4h,0.708705160990508,0.03709532353255806,2568,1.6917182285154433,0.44715019057928074,11367.1497004911,-434.037978223285,28,0.6657401446539909,0.8048373382455762
"V-A|m=1.5,ref=prevclose|X5|L|4h",V-A,"m=1.5,ref=prevclose",X5,L,4h,0.47183585117537225,0.024697017204090566,1250,0.6916281649252081,0.6180761546420954,3866.8181527263887,-1716.742132086095,40,0.463055201508894,0.4977863240930513
"V-A|m=1.5,ref=prevclose|X5|S|4h",V-A,"m=1.5,ref=prevclose",X5,S,4h,-0.30190833642334675,-0.015802604571339404,1332,-0.6627015827477211,0.8982638183909796,2655.937686996771,709.3415618779193,54,-0.4489737437806767,-0.0032148728103343206
"V-A|m=1.5,ref=prevclose|X5|LS|4h",V-A,"m=1.5,ref=prevclose",X5,LS,4h,0.3248063736021837,0.017001142615315743,1702,0.2439612974306704,0.5198278385889374,5292.065742931693,-252.29583490631364,43,0.31162663462075785,0.35300573842452193
"V-A|m=2,ref=open|X1|L|4h",V-A,"m=2.0,ref=open",X1,L,4h,0.8338610391800401,0.04364628160227685,548,1.7939231933606368,0.3968445700049352,2045.9152460390471,-1920.61105662756,5,0.683810760721558,1.0849838395063771
"V-A|m=2,ref=open|X1|S|4h",V-A,"m=2.0,ref=open",X1,S,4h,0.37396195635399876,0.019574063409432033,534,0.38333046221813527,0.48173261104239284,1647.2735548742294,1193.876025343219,7,0.12536377707364285,0.7995368514230934
"V-A|m=2,ref=open|X1|LS|4h",V-A,"m=2.0,ref=open",X1,LS,4h,1.3064139139703008,0.0683808295376769,744,5.964805685832129,0.2765427836140728,5075.910927442933,-717.2116054682742,9,1.0990536300290543,1.6876342887087301
"V-A|m=2,ref=open|X2|L|4h",V-A,"m=2.0,ref=open",X2,L,4h,-8.022480037387018,-0.4199157970070797,1186,-0.9999967852763714,0.9999967852763714,399.9821442156221,0.0,77,-8.400722217432943,-7.310056382654953
"V-A|m=2,ref=open|X2|S|4h",V-A,"m=2.0,ref=open",X2,S,4h,-8.254777949788654,-0.432074825458958,1348,-0.9999994022701016,0.9999994022701016,346.2418479755399,0.0,117,-8.306017929426407,-8.158730166344052
"V-A|m=2,ref=open|X2|LS|4h",V-A,"m=2.0,ref=open",X2,LS,4h,-11.898730724430768,-0.6228080309626248,2448,-0.9999999999952388,0.9999999999952388,334.71268689019354,0.0,206,-12.16352257326849,-11.399434329537458
"V-A|m=2,ref=open|X3|L|4h",V-A,"m=2.0,ref=open",X3,L,4h,0.5581122820066143,0.029212931989367762,88,0.8592065285605823,0.8188025826957307,173.24466474691334,-9131.06341794386,204,0.9541431742754898,0.038747058887731625
"V-A|m=2,ref=open|X3|S|4h",V-A,"m=2.0,ref=open",X3,S,4h,0.19442211558347888,0.010176518637699243,52,0.07649870089316568,0.5658329377299022,152.6028452344637,1337.9462758701911,8,-0.03362165944515743,0.5181791480187404
"V-A|m=2,ref=open|X3|LS|4h",V-A,"m=2.0,ref=open",X3,LS,4h,-0.41758460289432137,-0.021857377086022242,96,-0.5156838371667237,0.6954619119220463,189.07359605319525,-87.81203121474678,12,-0.27471618147709265,-0.6720537085988113
"V-A|m=2,ref=open|X4|L|4h",V-A,"m=2.0,ref=open",X4,L,4h,0.7242914763843195,0.037911148566773765,874,1.2560321347304466,0.5670599525617203,3134.8419917088363,-691.1883003724415,9,0.7639229661072933,0.6444232593267925
"V-A|m=2,ref=open|X4|S|4h",V-A,"m=2.0,ref=open",X4,S,4h,-0.3853018195687595,-0.020167618977982686,1052,-0.5039233014265438,0.6588713613419281,2309.8583168671516,232.41732933666393,17,-0.5014584286012912,-0.11700124674334322
"V-A|m=2,ref=open|X4|LS|4h",V-A,"m=2.0,ref=open",X4,LS,4h,0.9738257678143766,0.05097237033088277,1618,2.5395287879047945,0.28785327508282443,9046.016130926522,-608.4308819064689,15,1.0868254924685679,0.7465991213174505
"V-A|m=2,ref=open|X5|L|4h",V-A,"m=2.0,ref=open",X5,L,4h,0.9514036926638806,0.049798745278094254,756,2.651003857615595,0.4275791748380474,3910.7263756803786,-1654.3828684025375,12,0.9548718318896539,0.9507583084864074
"V-A|m=2,ref=open|X5|S|4h",V-A,"m=2.0,ref=open",X5,S,4h,-0.3011189877126069,-0.015761288171492707,872,-0.5610656171889192,0.7479875495676254,1871.1485862807158,324.74457076305094,30,-0.3142919584632747,-0.2767062372460036
"V-A|m=2,ref=open|X5|LS|4h",V-A,"m=2.0,ref=open",X5,LS,4h,1.0969338743358097,0.057416143132693005,1248,4.288839183987269,0.2983263509421109,9966.222043493624,-1048.4214018179546,24,1.28392461826897,0.7669182314023555
"V-A|m=2,ref=prevclose|X1|L|4h",V-A,"m=2.0,ref=prevclose",X1,L,4h,0.8338610391800401,0.04364628160227685,548,1.7939231933606368,0.3968445700049352,2045.9152460390471,-1920.61105662756,5,0.683810760721558,1.0849838395063771
"V-A|m=2,ref=prevclose|X1|S|4h",V-A,"m=2.0,ref=prevclose",X1,S,4h,0.37396195635399876,0.019574063409432033,534,0.38333046221813527,0.48173261104239284,1647.2735548742294,1193.876025343219,7,0.12536377707364285,0.7995368514230934
"V-A|m=2,ref=prevclose|X1|LS|4h",V-A,"m=2.0,ref=prevclose",X1,LS,4h,1.3064139139703008,0.0683808295376769,744,5.964805685832129,0.2765427836140728,5075.910927442933,-717.2116054682742,9,1.0990536300290543,1.6876342887087301
"V-A|m=2,ref=prevclose|X2|L|4h",V-A,"m=2.0,ref=prevclose",X2,L,4h,-8.022480037387018,-0.4199157970070797,1186,-0.9999967852763714,0.9999967852763714,399.9821442156221,0.0,77,-8.400722217432943,-7.310056382654953
"V-A|m=2,ref=prevclose|X2|S|4h",V-A,"m=2.0,ref=prevclose",X2,S,4h,-8.254777949788654,-0.432074825458958,1348,-0.9999994022701016,0.9999994022701016,346.2418479755399,0.0,117,-8.306017929426407,-8.158730166344052
"V-A|m=2,ref=prevclose|X2|LS|4h",V-A,"m=2.0,ref=prevclose",X2,LS,4h,-11.898730724430768,-0.6228080309626248,2448,-0.9999999999952388,0.9999999999952388,334.71268689019354,0.0,206,-12.16352257326849,-11.399434329537458
"V-A|m=2,ref=prevclose|X3|L|4h",V-A,"m=2.0,ref=prevclose",X3,L,4h,0.5581122820066143,0.029212931989367762,88,0.8592065285605823,0.8188025826957307,173.24466474691334,-9131.06341794386,204,0.9541431742754898,0.038747058887731625
"V-A|m=2,ref=prevclose|X3|S|4h",V-A,"m=2.0,ref=prevclose",X3,S,4h,0.19442211558347888,0.010176518637699243,52,0.07649870089316568,0.5658329377299022,152.6028452344637,1337.9462758701911,8,-0.03362165944515743,0.5181791480187404
"V-A|m=2,ref=prevclose|X3|LS|4h",V-A,"m=2.0,ref=prevclose",X3,LS,4h,-0.41758460289432137,-0.021857377086022242,96,-0.5156838371667237,0.6954619119220463,189.07359605319525,-87.81203121474678,12,-0.27471618147709265,-0.6720537085988113
"V-A|m=2,ref=prevclose|X4|L|4h",V-A,"m=2.0,ref=prevclose",X4,L,4h,0.7242914763843195,0.037911148566773765,874,1.2560321347304466,0.5670599525617203,3134.8419917088363,-691.1883003724415,9,0.7639229661072933,0.6444232593267925
"V-A|m=2,ref=prevclose|X4|S|4h",V-A,"m=2.0,ref=prevclose",X4,S,4h,-0.3853018195687595,-0.020167618977982686,1052,-0.5039233014265438,0.6588713613419281,2309.8583168671516,232.41732933666393,17,-0.5014584286012912,-0.11700124674334322
"V-A|m=2,ref=prevclose|X4|LS|4h",V-A,"m=2.0,ref=prevclose",X4,LS,4h,0.9738257678143766,0.05097237033088277,1618,2.5395287879047945,0.28785327508282443,9046.016130926522,-608.4308819064689,15,1.0868254924685679,0.7465991213174505
"V-A|m=2,ref=prevclose|X5|L|4h",V-A,"m=2.0,ref=prevclose",X5,L,4h,0.9514036926638806,0.049798745278094254,756,2.651003857615595,0.4275791748380474,3910.7263756803786,-1654.3828684025375,12,0.9548718318896539,0.9507583084864074
"V-A|m=2,ref=prevclose|X5|S|4h",V-A,"m=2.0,ref=prevclose",X5,S,4h,-0.3011189877126069,-0.015761288171492707,872,-0.5610656171889192,0.7479875495676254,1871.1485862807158,324.74457076305094,30,-0.3142919584632747,-0.2767062372460036
"V-A|m=2,ref=prevclose|X5|LS|4h",V-A,"m=2.0,ref=prevclose",X5,LS,4h,1.0969338743358097,0.057416143132693005,1248,4.288839183987269,0.2983263509421109,9966.222043493624,-1048.4214018179546,24,1.28392461826897,0.7669182314023555
"V-A|m=3,ref=open|X1|L|4h",V-A,"m=3.0,ref=open",X1,L,4h,0.7129660629120119,0.03731834933231064,136,0.851773582864179,0.26398248395586554,378.0466761887995,-1461.050563291387,3,1.030067211512111,0.08466175242386599
"V-A|m=3,ref=open|X1|S|4h",V-A,"m=3.0,ref=open",X1,S,4h,0.14699363514832742,0.007693998510513225,132,0.034750992736432895,0.5215743386141155,255.4849226561199,1041.5420995727386,6,0.0649860374378303,0.39169430914233405
"V-A|m=3,ref=open|X1|LS|4h",V-A,"m=3.0,ref=open",X1,LS,4h,0.7402649582736639,0.038747238821568206,188,1.0308722910131873,0.23739298832882583,499.7197867086448,-149.72153708902255,3,0.8832278112457386,0.44134069835809575
"V-A|m=3,ref=open|X2|L|4h",V-A,"m=3.0,ref=open",X2,L,4h,-4.235487295487139,-0.22169553742848938,314,-0.9931627680304855,0.9931627680304855,384.6256374641601,0.0,35,-4.444778936790053,-3.8336019560518437
"V-A|m=3,ref=open|X2|S|4h",V-A,"m=3.0,ref=open",X2,S,4h,-4.389159723326333,-0.22973911992584467,368,-0.9969775390773558,0.9969775390773558,290.71802398907425,0.0,50,-4.460640072623345,-4.247952623542428
"V-A|m=3,ref=open|X2|LS|4h",V-A,"m=3.0,ref=open",X2,LS,4h,-6.159882599094619,-0.3224229912713306,676,-0.9999772913981394,0.9999772913981394,297.44774159551247,0.0,88,-6.330727286354582,-5.824792741541386
"V-A|m=3,ref=open|X3|L|4h",V-A,"m=3.0,ref=open",X3,L,4h,-4.097961669289668,-0.21449711715639383,328,-0.9684057887992209,0.9684057887992209,379.91836535446345,-4.5248732228593775,17,-4.234795236537783,-3.8248854372781427
"V-A|m=3,ref=open|X3|S|4h",V-A,"m=3.0,ref=open",X3,S,4h,-4.344557370587537,-0.22740452608311534,376,-0.9803724483348439,0.9803724483348439,300.57546161981907,0.0,25,-4.402483603347227,-4.236337109709453
"V-A|m=3,ref=open|X3|LS|4h",V-A,"m=3.0,ref=open",X3,LS,4h,-6.016610169153567,-0.3149237695434529,700,-0.9993537357239264,0.9993537357239264,317.83750673905575,-2.3783407373393715,45,-6.12669561733978,-5.809915344400488
"V-A|m=3,ref=open|X4|L|4h",V-A,"m=3.0,ref=open",X4,L,4h,1.0428274874409225,0.054584085406122446,274,0.9694659052705841,0.1878792022640141,1030.4524778403659,-180.96036224021287,1,1.380126385690083,0.6076048282121265
"V-A|m=3,ref=open|X4|S|4h",V-A,"m=3.0,ref=open",X4,S,4h,-0.2390066043512228,-0.012510177437448429,344,-0.28865755709107543,0.584395123837161,942.1843620061774,-59.8540212273069,10,-0.2488957601587424,-0.22182594770536423
"V-A|m=3,ref=open|X4|LS|4h",V-A,"m=3.0,ref=open",X4,LS,4h,0.5237274326237805,0.027413146715204107,584,0.6141872192862121,0.4873164255037894,2479.4835578612724,-209.17751056870597,11,0.6710999711632668,0.22501895778120912
"V-A|m=3,ref=open|X5|L|4h",V-A,"m=3.0,ref=open",X5,L,4h,0.9152599459961304,0.047906895112300174,264,1.0111519225163397,0.2269995982713241,980.9612369921742,-442.2989545836349,5,1.1650439535430985,0.560199578572779
"V-A|m=3,ref=open|X5|S|4h",V-A,"m=3.0,ref=open",X5,S,4h,-0.16408241788906675,-0.008588466279958197,326,-0.29747042465691265,0.6702650783095294,838.0714247255453,-49.187133379649055,15,-0.3664490648354702,0.30551090620980076
"V-A|m=3,ref=open|X5|LS|4h",V-A,"m=3.0,ref=open",X5,LS,4h,0.416434297802576,0.021797167365692555,548,0.4483019828251702,0.45771760478134615,1901.962622866788,-340.5713639744807,19,0.2815560100524578,0.6562144888546996
"V-A|m=3,ref=prevclose|X1|L|4h",V-A,"m=3.0,ref=prevclose",X1,L,4h,0.7129660629120119,0.03731834933231064,136,0.851773582864179,0.26398248395586554,378.0466761887995,-1461.050563291387,3,1.030067211512111,0.08466175242386599
"V-A|m=3,ref=prevclose|X1|S|4h",V-A,"m=3.0,ref=prevclose",X1,S,4h,0.14699363514832742,0.007693998510513225,132,0.034750992736432895,0.5215743386141155,255.4849226561199,1041.5420995727386,6,0.0649860374378303,0.39169430914233405
"V-A|m=3,ref=prevclose|X1|LS|4h",V-A,"m=3.0,ref=prevclose",X1,LS,4h,0.7402649582736639,0.038747238821568206,188,1.0308722910131873,0.23739298832882583,499.7197867086448,-149.72153708902255,3,0.8832278112457386,0.44134069835809575
"V-A|m=3,ref=prevclose|X2|L|4h",V-A,"m=3.0,ref=prevclose",X2,L,4h,-4.235487295487139,-0.22169553742848938,314,-0.9931627680304855,0.9931627680304855,384.6256374641601,0.0,35,-4.444778936790053,-3.8336019560518437
"V-A|m=3,ref=prevclose|X2|S|4h",V-A,"m=3.0,ref=prevclose",X2,S,4h,-4.389159723326333,-0.22973911992584467,368,-0.9969775390773558,0.9969775390773558,290.71802398907425,0.0,50,-4.460640072623345,-4.247952623542428
"V-A|m=3,ref=prevclose|X2|LS|4h",V-A,"m=3.0,ref=prevclose",X2,LS,4h,-6.159882599094619,-0.3224229912713306,676,-0.9999772913981394,0.9999772913981394,297.44774159551247,0.0,88,-6.330727286354582,-5.824792741541386
"V-A|m=3,ref=prevclose|X3|L|4h",V-A,"m=3.0,ref=prevclose",X3,L,4h,-4.097961669289668,-0.21449711715639383,328,-0.9684057887992209,0.9684057887992209,379.91836535446345,-4.5248732228593775,17,-4.234795236537783,-3.8248854372781427
"V-A|m=3,ref=prevclose|X3|S|4h",V-A,"m=3.0,ref=prevclose",X3,S,4h,-4.344557370587537,-0.22740452608311534,376,-0.9803724483348439,0.9803724483348439,300.57546161981907,0.0,25,-4.402483603347227,-4.236337109709453
"V-A|m=3,ref=prevclose|X3|LS|4h",V-A,"m=3.0,ref=prevclose",X3,LS,4h,-6.016610169153567,-0.3149237695434529,700,-0.9993537357239264,0.9993537357239264,317.83750673905575,-2.3783407373393715,45,-6.12669561733978,-5.809915344400488
"V-A|m=3,ref=prevclose|X4|L|4h",V-A,"m=3.0,ref=prevclose",X4,L,4h,1.0428274874409225,0.054584085406122446,274,0.9694659052705841,0.1878792022640141,1030.4524778403659,-180.96036224021287,1,1.380126385690083,0.6076048282121265
"V-A|m=3,ref=prevclose|X4|S|4h",V-A,"m=3.0,ref=prevclose",X4,S,4h,-0.2390066043512228,-0.012510177437448429,344,-0.28865755709107543,0.584395123837161,942.1843620061774,-59.8540212273069,10,-0.2488957601587424,-0.22182594770536423
"V-A|m=3,ref=prevclose|X4|LS|4h",V-A,"m=3.0,ref=prevclose",X4,LS,4h,0.5237274326237805,0.027413146715204107,584,0.6141872192862121,0.4873164255037894,2479.4835578612724,-209.17751056870597,11,0.6710999711632668,0.22501895778120912
"V-A|m=3,ref=prevclose|X5|L|4h",V-A,"m=3.0,ref=prevclose",X5,L,4h,0.9152599459961304,0.047906895112300174,264,1.0111519225163397,0.2269995982713241,980.9612369921742,-442.2989545836349,5,1.1650439535430985,0.560199578572779
"V-A|m=3,ref=prevclose|X5|S|4h",V-A,"m=3.0,ref=prevclose",X5,S,4h,-0.16408241788906675,-0.008588466279958197,326,-0.29747042465691265,0.6702650783095294,838.0714247255453,-49.187133379649055,15,-0.3664490648354702,0.30551090620980076
"V-A|m=3,ref=prevclose|X5|LS|4h",V-A,"m=3.0,ref=prevclose",X5,LS,4h,0.416434297802576,0.021797167365692555,548,0.4483019828251702,0.45771760478134615,1901.962622866788,-340.5713639744807,19,0.2815560100524578,0.6562144888546996
"V-B|p=10,m=1.5,u=U1|X1|L|4h",V-B,"p=10,m=1.5,u=U1",X1,L,4h,0.4172585126736281,0.021840308743778885,992,0.466441338989269,0.3908013920824631,3408.9459112338927,-1646.4603998931177,8,0.7083773468852755,-0.18404962916647502
"V-B|p=10,m=1.5,u=U1|X1|S|4h",V-B,"p=10,m=1.5,u=U1",X1,S,4h,0.34167405464116873,0.017884037392758356,928,0.32639301071320714,0.3396995718022119,3441.310063112291,61.31304687744423,13,0.545660300311712,-0.09144118727004147
"V-B|p=10,m=1.5,u=U1|X1|LS|4h",V-B,"p=10,m=1.5,u=U1",X1,LS,4h,0.518990327654528,0.027165195308731335,1914,0.8804841887793609,0.48935127061188133,9182.100561854535,-2043.82942653936,25,0.8844013600271521,-0.2447155281975398
"V-B|p=10,m=1.5,u=U1|X2|L|4h",V-B,"p=10,m=1.5,u=U1",X2,L,4h,0.9178669222252007,0.04804335048469212,734,2.7642526585320635,0.3995595417988911,4696.229726781838,-4035.6228606745435,11,1.212091635655075,0.40885858065807107
"V-B|p=10,m=1.5,u=U1|X2|S|4h",V-B,"p=10,m=1.5,u=U1",X2,S,4h,0.3722667040716361,0.019485329849490605,686,0.379776404618978,0.3331532515581769,2511.375597120588,709.3415452424947,7,0.42848629193027427,0.2709667486632938
"V-B|p=10,m=1.5,u=U1|X2|LS|4h",V-B,"p=10,m=1.5,u=U1",X2,LS,4h,0.967616969538402,0.05064738697606457,1388,4.209439101781966,0.4470062011935513,11528.594753963202,-3421.870590005395,21,1.2311585297464094,0.5186376173973948
"V-B|p=10,m=1.5,u=U1|X3|L|4h",V-B,"p=10,m=1.5,u=U1",X3,L,4h,0.8367205263771144,0.04379595400280576,978,2.090593315233975,0.42123060871220264,6064.005114861556,-2843.9659331936755,9,1.0600860638203455,0.496896929748451
"V-B|p=10,m=1.5,u=U1|X3|S|4h",V-B,"p=10,m=1.5,u=U1",X3,S,4h,0.4508838650435123,0.023600340127371177,910,0.5544251851764792,0.3252477290852366,3819.2070235399797,375.7821093738306,10,0.5121137461401132,0.3471188861010231
"V-B|p=10,m=1.5,u=U1|X3|LS|4h",V-B,"p=10,m=1.5,u=U1",X3,LS,4h,0.8945031575224156,0.04682043514797146,1882,3.434365584862892,0.4805175142551934,15128.835634356228,-2988.7478442726347,22,1.1001784172716644,0.5680456114403173
"V-B|p=10,m=1.5,u=U2|X1|L|4h",V-B,"p=10,m=1.5,u=U2",X1,L,4h,-0.5511596115143221,-0.028849012583212482,926,-0.7330365783659173,0.819276900005754,1104.518580774849,-28.533549087517137,47,-0.7120820435516924,-0.19866795972497928
"V-B|p=10,m=1.5,u=U2|X1|S|4h",V-B,"p=10,m=1.5,u=U2",X1,S,4h,-0.7627099456662918,-0.03992206315592192,990,-0.7568924596031523,0.8105878937442105,1458.162437626235,431.4663955198963,38,-1.0070384945575432,-0.2516029303423919
"V-B|p=10,m=1.5,u=U2|X1|LS|4h",V-B,"p=10,m=1.5,u=U2",X1,LS,4h,-0.9090703298436956,-0.04758291579571666,1914,-0.9319567998830627,0.9565996058865245,1520.0555613064948,254.41078045130598,82,-1.1952503626220516,-0.2966680223099472
"V-B|p=10,m=1.5,u=U2|X2|L|4h",V-B,"p=10,m=1.5,u=U2",X2,L,4h,-0.9672547842391868,-0.0506284293310626,2922,-0.7178730035775296,0.7357156401486298,4193.486938732571,79.85864973172794,20,-0.7532043407898797,-1.5982836414174533
"V-B|p=10,m=1.5,u=U2|X2|S|4h",V-B,"p=10,m=1.5,u=U2",X2,S,4h,-1.4974507636367658,-0.07838015525884669,3282,-0.7530195227390237,0.7847048369800129,5081.17848072296,66.35832474051973,13,-1.3870697354165196,-1.694147741277069
"V-B|p=10,m=1.5,u=U2|X2|LS|4h",V-B,"p=10,m=1.5,u=U2",X2,LS,4h,-1.6779738218398843,-0.08782916398311247,6204,-0.9303278278839591,0.9374446989281493,5926.1366426876175,111.92039028970936,33,-1.4005254399097529,-2.331397388880687
"V-B|p=10,m=1.5,u=U2|X3|L|4h",V-B,"p=10,m=1.5,u=U2",X3,L,4h,-1.5105700509112214,-0.07906685013952504,1250,-0.8542566001519272,0.882365285695378,1361.7758244598149,-150.48133317628958,29,-1.4663213799685735,-1.5898789982785189
"V-B|p=10,m=1.5,u=U2|X3|S|4h",V-B,"p=10,m=1.5,u=U2",X3,S,4h,-1.233473776410597,-0.06456296824609989,1318,-0.7869539997340764,0.827140689689611,2215.966345314698,388.7019899293586,22,-1.47380592246323,-0.7535422056948476
"V-B|p=10,m=1.5,u=U2|X3|LS|4h",V-B,"p=10,m=1.5,u=U2",X3,LS,4h,-1.9537936875828872,-0.10226623558866334,2554,-0.9678073263669249,0.9734341886390837,2022.8538668756082,97.49298422281574,51,-2.0884862576697594,-1.7001550433207895
"V-B|p=10,m=2,u=U1|X1|L|4h",V-B,"p=10,m=2.0,u=U1",X1,L,4h,0.5354117054489651,0.028024729506681344,640,0.6463611170277643,0.2990774308641092,2221.9601088562636,-1203.6142487520062,4,0.7123835409142584,0.16886560139965795
"V-B|p=10,m=2,u=U1|X1|S|4h",V-B,"p=10,m=2.0,u=U1",X1,S,4h,0.39909160062634824,0.02088940910726502,570,0.42721372711780137,0.3272772537130201,1975.5773221179818,-142.62986421015103,15,0.44480059649306003,0.3008839550153745
"V-B|p=10,m=2,u=U1|X1|LS|4h",V-B,"p=10,m=2.0,u=U1",X1,LS,4h,0.6451693965238071,0.03376970962636521,1210,1.3054470392209399,0.31134231753923536,5534.766075447512,-1688.7488423766208,21,0.803439564624571,0.30639365352583636
"V-B|p=10,m=2,u=U1|X2|L|4h",V-B,"p=10,m=2.0,u=U1",X2,L,4h,0.6692914180583878,0.035032313939608796,482,0.983882539297463,0.3584826254388155,1647.3296105469985,-2092.591062394293,5,0.9544424575593855,0.0713577532750384
"V-B|p=10,m=2,u=U1|X2|S|4h",V-B,"p=10,m=2.0,u=U1",X2,S,4h,0.5381680633618532,0.028169003873763986,412,0.5795162594952272,0.29622397770339437,1077.1543776983656,311.0826946899364,3,0.5202117881017045,0.5706528276404896
"V-B|p=10,m=2,u=U1|X2|LS|4h",V-B,"p=10,m=2.0,u=U1",X2,LS,4h,0.8493153892962624,0.04445519925816841,882,2.020845420028746,0.25287741100834915,3664.8666167870997,-2071.1162438281317,7,1.0619529263913625,0.4379596443693873
"V-B|p=10,m=2,u=U1|X3|L|4h",V-B,"p=10,m=2.0,u=U1",X3,L,4h,0.8776050327490833,0.04593594687264382,636,1.7261096940858884,0.3139772683324825,3514.6168722584657,-1885.9026603934046,5,0.9817848249772466,0.6819410244496973
"V-B|p=10,m=2,u=U1|X3|S|4h",V-B,"p=10,m=2.0,u=U1",X3,S,4h,0.4880822229279642,0.02554739116715062,562,0.5642782344879678,0.23207912775106643,2105.347345789187,75.43808307002857,8,0.4952639218890428,0.4748784022421688
"V-B|p=10,m=2,u=U1|X3|LS|4h",V-B,"p=10,m=2.0,u=U1",X3,LS,4h,0.9806055918485334,0.051327242539925745,1194,3.266853520880715,0.2848288122958508,8489.09739862006,-2369.122336646502,13,1.08015799251299,0.7962264266571949
"V-B|p=10,m=2,u=U2|X1|L|4h",V-B,"p=10,m=2.0,u=U2",X1,L,4h,-0.48372866169312206,-0.02531951535727284,568,-0.6535339666980702,0.7309880622385325,835.7933076772222,103.64621279019521,36,-0.5082530758673433,-0.4331403485858938
"V-B|p=10,m=2,u=U2|X1|S|4h",V-B,"p=10,m=2.0,u=U2",X1,S,4h,-0.7632788118599855,-0.039951838973375134,640,-0.6940642307353945,0.7774367945891767,1073.9979205812863,354.3820628696597,32,-0.9229061691742994,-0.4279692575595454
"V-B|p=10,m=2,u=U2|X1|LS|4h",V-B,"p=10,m=2.0,u=U2",X1,LS,4h,-0.8613280532437737,-0.04508397082658485,1208,-0.8928086785010824,0.9158648772395327,1228.3942284746417,352.0754266570185,66,-0.9793753240175771,-0.6059311975997635
"V-B|p=10,m=2,u=U2|X2|L|4h",V-B,"p=10,m=2.0,u=U2",X2,L,4h,-0.36841180624573866,-0.019283555275369034,1672,-0.35029450019288244,0.40282223289675867,3570.5323993674688,73.06222614481018,12,-0.23466909498618335,-0.895498789837545
"V-B|p=10,m=2,u=U2|X2|S|4h",V-B,"p=10,m=2.0,u=U2",X2,S,4h,-1.2167698040010644,-0.06368864236995626,1884,-0.5703546000018365,0.6351374074180691,3770.0078698399893,31.860151971398828,4,-0.9669100949255618,-1.639411975107124
"V-B|p=10,m=2,u=U2|X2|LS|4h",V-B,"p=10,m=2.0,u=U2",X2,LS,4h,-1.0106199464328436,-0.05289826566097906,3556,-0.720857020654363,0.7538192952550937,5885.66502791226,86.39516610942768,16,-0.6969202255880089,-1.8444108803565937
"V-B|p=10,m=2,u=U2|X3|L|4h",V-B,"p=10,m=2.0,u=U2",X3,L,4h,-1.3992515919664748,-0.07324017569576934,750,-0.7590296137465905,0.7781311236185091,960.0313844559997,-78.39404234655096,19,-1.2152814528536464,-1.7225639841381355
"V-B|p=10,m=2,u=U2|X3|S|4h",V-B,"p=10,m=2.0,u=U2",X3,S,4h,-1.430250654476957,-0.07486274078535493,900,-0.7778098796105204,0.8131142273873129,1545.3194778221516,285.44050677841267,15,-1.4922413592828543,-1.308949183744532
"V-B|p=10,m=2,u=U2|X3|LS|4h",V-B,"p=10,m=2.0,u=U2",X3,LS,4h,-2.007302114353866,-0.10506699465187304,1650,-0.9459027242548242,0.9485307104950759,1497.9059737385778,116.88054220856523,34,-1.9217717574046362,-2.163975671083381
"V-B|p=10,m=2.5,u=U1|X1|L|4h",V-B,"p=10,m=2.5,u=U1",X1,L,4h,0.7770984010411608,0.04067518933115474,402,0.894524662939608,0.2637335541513568,1638.5202903534255,-946.0902307633565,2,1.106438130400151,0.12101625658785775
"V-B|p=10,m=2.5,u=U1|X1|S|4h",V-B,"p=10,m=2.5,u=U1",X1,S,4h,0.3732293448190902,0.019535716769098366,360,0.35966656825996823,0.40169050535242756,1234.7127512317202,-303.2677603789535,11,0.46628514782519703,0.1681381037550671
"V-B|p=10,m=2.5,u=U1|X1|LS|4h",V-B,"p=10,m=2.5,u=U1",X1,LS,4h,0.7564950243206007,0.039596759304986795,762,1.5286890986067965,0.27495409198219467,3990.359659473718,-1573.4457383126157,13,1.0151347128469375,0.2065560778265669
"V-B|p=10,m=2.5,u=U1|X2|L|4h",V-B,"p=10,m=2.5,u=U1",X2,L,4h,0.7141120969069991,0.03737833549321843,310,0.8254181114984054,0.2418156379502977,874.8133346648718,-1586.9643155512535,2,1.1003080502866978,-0.180516644496592
"V-B|p=10,m=2.5,u=U1|X2|S|4h",V-B,"p=10,m=2.5,u=U1",X2,S,4h,0.1688373020085867,0.008837348289688303,264,0.07071394232345529,0.33503663444645604,386.66742216700374,125.64864848427854,2,-0.08147173397707894,0.552276887203145
"V-B|p=10,m=2.5,u=U1|X2|LS|4h",V-B,"p=10,m=2.5,u=U1",X2,LS,4h,0.6557037242843419,0.03432110154219222,568,0.9166786388846939,0.3026231575095325,1362.6658961437754,-1269.509858591546,4,0.8491596977129913,0.27928663045879815
"V-B|p=10,m=2.5,u=U1|X3|L|4h",V-B,"p=10,m=2.5,u=U1",X3,L,4h,0.9319846486586999,0.04878230605947989,402,1.3872807637066744,0.31421881248113437,2391.4061570096746,-1314.926009794493,4,1.2105650461656894,0.3611489778685073
"V-B|p=10,m=2.5,u=U1|X3|S|4h",V-B,"p=10,m=2.5,u=U1",X3,S,4h,0.41210700068385697,0.02157066628248323,352,0.35321988146589955,0.3193038090623863,1093.9910814585837,1.1684885479907992,7,0.393957399745861,0.44432960202252214
"V-B|p=10,m=2.5,u=U1|X3|LS|4h",V-B,"p=10,m=2.5,u=U1",X3,LS,4h,0.9740849461093528,0.05098593634286344,752,2.2617235633177164,0.2459127381082652,4850.859773246815,-1555.2846101825417,11,1.1942249842479642,0.5712424387441047
"V-B|p=10,m=2.5,u=U2|X1|L|4h",V-B,"p=10,m=2.5,u=U2",X1,L,4h,-0.39364681209896896,-0.020604415850397514,356,-0.5394344369665752,0.5935321394132982,593.0005216296161,164.16999786613752,31,-0.4577011208922628,-0.25348331022530896
"V-B|p=10,m=2.5,u=U2|X1|S|4h",V-B,"p=10,m=2.5,u=U2",X1,S,4h,-0.9144141750619831,-0.04786262543830376,402,-0.6395564387884534,0.6898412853155869,661.3285762344642,268.57806543690117,17,-1.181225497162664,-0.38411547136834984
"V-B|p=10,m=2.5,u=U2|X1|LS|4h",V-B,"p=10,m=2.5,u=U2",X1,LS,4h,-0.8424333031457064,-0.04409497440531563,758,-0.8312096729937609,0.856333185578366,804.1867434142816,331.7663351093213,48,-1.0328153182431867,-0.43693206375931026
"V-B|p=10,m=2.5,u=U2|X2|L|4h",V-B,"p=10,m=2.5,u=U2",X2,L,4h,0.18910311592436946,0.009898109471116537,878,0.06743514602342704,0.12267668928113784,2428.5705927479166,30.124928568300906,3,0.1673740269698749,0.2845785318949325
"V-B|p=10,m=2.5,u=U2|X2|S|4h",V-B,"p=10,m=2.5,u=U2",X2,S,4h,-1.2538505159424955,-0.06562953553963843,970,-0.401173525973189,0.435167430388815,2160.791271831358,14.838091483819916,2,-1.2338630673321274,-1.4322888651505234
"V-B|p=10,m=2.5,u=U2|X2|LS|4h",V-B,"p=10,m=2.5,u=U2",X2,LS,4h,-0.6623736327413461,-0.0346702205069805,1848,-0.360791575254495,0.437704438601383,4296.4505793084745,38.70272896286843,5,-0.4061362215490385,-1.1203362462757667
"V-B|p=10,m=2.5,u=U2|X3|L|4h",V-B,"p=10,m=2.5,u=U2",X3,L,4h,-0.9703094217923425,-0.05078831636807901,476,-0.5386668547851251,0.5616119105715114,786.3064251527622,-35.48651375109047,7,-0.926952281263854,-1.0472720765502745
"V-B|p=10,m=2.5,u=U2|X3|S|4h",V-B,"p=10,m=2.5,u=U2",X3,S,4h,-1.5390431553553368,-0.080557200541171,584,-0.7169863595667969,0.7627896199394264,975.2563114735782,189.28501716690988,9,-1.8138336180720966,-1.031937761466702
"V-B|p=10,m=2.5,u=U2|X3|LS|4h",V-B,"p=10,m=2.5,u=U2",X3,LS,4h,-1.7929888783663495,-0.09384932718751422,1060,-0.86948943096095,0.8779550606776463,1168.0308082745566,114.51213765067263,16,-1.9738758950061153,-1.4707857941747458
"V-B|p=20,m=1.5,u=U1|X1|L|4h",V-B,"p=20,m=1.5,u=U1",X1,L,4h,0.41760163568963093,0.0218582686232756,956,0.46500264639835986,0.34899788253283404,3089.7541704049363,-1471.7802040824333,8,0.620379379341554,0.0002370822162205724
"V-B|p=20,m=1.5,u=U1|X1|S|4h",V-B,"p=20,m=1.5,u=U1",X1,S,4h,0.24689439241570435,0.01292304313437555,922,0.14451489310843346,0.417794587705117,3095.0019233432718,53.57868607292488,14,0.37653294434013534,-0.030672966778845668
"V-B|p=20,m=1.5,u=U1|X1|LS|4h",V-B,"p=20,m=1.5,u=U1",X1,LS,4h,0.5070504137992923,0.02654023165418166,1858,0.8336213078887824,0.4494003878522852,8052.506828745409,-1740.3167663947263,25,0.7758769117737497,-0.05429755913327775
"V-B|p=20,m=1.5,u=U1|X2|L|4h",V-B,"p=20,m=1.5,u=U1",X2,L,4h,0.7647264038665391,0.04002760940201319,714,1.706289003378446,0.38641452576216506,3192.248150338133,-2582.472730572224,7,0.8901493926851379,0.5663459167229786
"V-B|p=20,m=1.5,u=U1|X2|S|4h",V-B,"p=20,m=1.5,u=U1",X2,S,4h,0.36724684262387797,0.01922257829250611,680,0.3735979728673735,0.3504216968784001,2554.5735984713997,776.578106746723,8,0.4820881710320538,0.16234102783197463
"V-B|p=20,m=1.5,u=U1|X2|LS|4h",V-B,"p=20,m=1.5,u=U1",X2,LS,4h,0.9039005874638347,0.04731231911219189,1352,3.379225693586183,0.44699486533955257,9364.446463782697,-2451.714791788827,18,1.111944083392098,0.5659070474413088
"V-B|p=20,m=1.5,u=U1|X3|L|4h",V-B,"p=20,m=1.5,u=U1",X3,L,4h,0.8854445882705299,0.04634628796288375,944,2.315441192096146,0.373952975495372,5729.2452252743815,-2672.519831796865,7,1.0436990980250913,0.6523165615152502
"V-B|p=20,m=1.5,u=U1|X3|S|4h",V-B,"p=20,m=1.5,u=U1",X3,S,4h,0.4865667943921378,0.025468070012287878,900,0.647149395272379,0.33360260437601696,3847.7388254199573,379.52753943250366,10,0.5162222802640588,0.4350298117783271
"V-B|p=20,m=1.5,u=U1|X3|LS|4h",V-B,"p=20,m=1.5,u=U1",X3,LS,4h,0.9981879788795893,0.05224754673875521,1828,4.578890857256284,0.42741388051681284,16069.238343503888,-3047.3241931080497,21,1.1583629690134776,0.7446641471454034
"V-B|p=20,m=1.5,u=U2|X1|L|4h",V-B,"p=20,m=1.5,u=U2",X1,L,4h,-0.4682395742346091,-0.024508779465785068,920,-0.6947174474039196,0.7887529133891452,1180.179407222773,-29.524441899779234,49,-0.5682481534304705,-0.24896568763649518
"V-B|p=20,m=1.5,u=U2|X1|S|4h",V-B,"p=20,m=1.5,u=U2",X1,S,4h,-0.7464448750564509,-0.03907071044994095,956,-0.7469193669243426,0.8078843534056577,1517.5001609423855,476.06849807094915,37,-0.913476947410026,-0.39951999210077777
"V-B|p=20,m=1.5,u=U2|X1|LS|4h",V-B,"p=20,m=1.5,u=U2",X1,LS,4h,-0.882675609914784,-0.04620135301163056,1860,-0.9266545248057261,0.9504467505487848,1600.7171482912345,296.6733263727273,82,-1.0961739780571853,-0.42790048171058775
"V-B|p=20,m=1.5,u=U2|X2|L|4h",V-B,"p=20,m=1.5,u=U2",X2,L,4h,-0.9029787755963626,-0.04726406927383565,2770,-0.7133613414485973,0.7322400019294715,4091.3224511351195,81.39713860048815,23,-0.6663311020635728,-1.573823906425751
"V-B|p=20,m=1.5,u=U2|X2|S|4h",V-B,"p=20,m=1.5,u=U2",X2,S,4h,-1.452888795685527,-0.07604767525250901,3068,-0.7426976307327912,0.7810337107446742,4860.654332126012,90.73512514052022,12,-1.4161502480343193,-1.519183564687562
"V-B|p=20,m=1.5,u=U2|X2|LS|4h",V-B,"p=20,m=1.5,u=U2",X2,LS,4h,-1.5852774242633727,-0.0829772127801645,5838,-0.9262600661020396,0.9342721004268929,5810.314531719144,128.1740824582425,35,-1.3257526442433285,-2.1842313243811056
"V-B|p=20,m=1.5,u=U2|X3|L|4h",V-B,"p=20,m=1.5,u=U2",X3,L,4h,-1.4171487218001055,-0.07417695428583188,1264,-0.8526538298194184,0.880765347632189,1393.5092638197348,-146.84084245543266,32,-1.4457941406886037,-1.3710059513308883
"V-B|p=20,m=1.5,u=U2|X3|S|4h",V-B,"p=20,m=1.5,u=U2",X3,S,4h,-1.4050615411710736,-0.07354428233604145,1322,-0.8383885595760273,0.8643047344169613,2172.794202867507,379.6408307751613,25,-1.5121876975320485,-1.196089892680408
"V-B|p=20,m=1.5,u=U2|X3|LS|4h",V-B,"p=20,m=1.5,u=U2",X3,LS,4h,-2.0642718013360963,-0.10804892435477059,2570,-0.9773671754093533,0.9801168739275674,1983.8140551550337,98.46895117998088,57,-2.1481787591709427,-1.9103423599166331
"V-B|p=20,m=2,u=U1|X1|L|4h",V-B,"p=20,m=2.0,u=U1",X1,L,4h,0.6443179112412669,0.03372514084970371,632,0.8746414584058926,0.29051603149440486,2466.9096977823574,-1405.012551543318,4,0.9205356678995876,0.08186832302587557
"V-B|p=20,m=2,u=U1|X1|S|4h",V-B,"p=20,m=2.0,u=U1",X1,S,4h,0.4081032157850568,0.021361098602789487,594,0.4473150015011036,0.310338597840464,2133.003459793419,-66.42242033386077,15,0.582082477407539,0.03007044837580787
"V-B|p=20,m=2,u=U1|X1|LS|4h",V-B,"p=20,m=2.0,u=U1",X1,LS,4h,0.7194475014043039,0.037657603328276903,1226,1.643090063007437,0.36019511634959434,6517.925743963801,-1936.7445779273014,21,1.0440221864524535,0.034924889962103814
"V-B|p=20,m=2,u=U1|X2|L|4h",V-B,"p=20,m=2.0,u=U1",X2,L,4h,0.8315374986961345,0.043524661934838546,456,1.448447537013425,0.30266243150634153,1779.1604777852283,-2388.0253414889075,4,1.196325936384112,0.05729184408628256
"V-B|p=20,m=2,u=U1|X2|S|4h",V-B,"p=20,m=2.0,u=U1",X2,S,4h,0.7313215085421133,0.038279117267570544,402,0.9873673952180249,0.2758427439333312,1272.4574965958961,537.1113836580389,5,0.7634286856676963,0.6719634861237749
"V-B|p=20,m=2,u=U1|X2|LS|4h",V-B,"p=20,m=2.0,u=U1",X2,LS,4h,1.119694195782296,0.05860747280578641,852,3.809927216553776,0.24306298033881435,5028.669617083091,-2626.1509420644634,9,1.4317016372915514,0.5039708224068133
"V-B|p=20,m=2,u=U1|X3|L|4h",V-B,"p=20,m=2.0,u=U1",X3,L,4h,1.064034328855453,0.05569410221801667,624,2.6452253708261764,0.28600265723397433,4255.80779624634,-2384.4978500504917,5,1.2539085882747374,0.720668208880481
"V-B|p=20,m=2,u=U1|X3|S|4h",V-B,"p=20,m=2.0,u=U1",X3,S,4h,0.5576907029172543,0.02919086553130428,586,0.7468465400387816,0.22348389202555652,2507.1285792875574,149.4953310579577,10,0.6957443910919477,0.30703969382820867
"V-B|p=20,m=2,u=U1|X3|LS|4h",V-B,"p=20,m=2.0,u=U1",X3,LS,4h,1.1460521973785678,0.059987113664502385,1208,5.17848651691903,0.30391931428264063,11681.07924236949,-3170.018590208673,16,1.395957589112661,0.6945869320320622
"V-B|p=20,m=2,u=U2|X1|L|4h",V-B,"p=20,m=2.0,u=U2",X1,L,4h,-0.5086978088357907,-0.02662646025138763,592,-0.669787801785825,0.7372656145635691,826.2569990407848,81.02978357082443,35,-0.642721928397258,-0.21129473693300474
"V-B|p=20,m=2,u=U2|X1|S|4h",V-B,"p=20,m=2.0,u=U2",X1,S,4h,-0.8622283951425794,-0.04513109687541937,632,-0.7298794988968865,0.7750076406764297,958.7358652956642,324.4320267387826,29,-1.1101333721663065,-0.3461587757003399
"V-B|p=20,m=2,u=U2|X1|LS|4h",V-B,"p=20,m=2.0,u=U2",X1,LS,4h,-0.9430504591038187,-0.049361517050462274,1224,-0.9100103298934997,0.9252720351782463,1090.4901758682845,289.53489772506674,62,-1.2041847581365246,-0.3791674315436313
"V-B|p=20,m=2,u=U2|X2|L|4h",V-B,"p=20,m=2.0,u=U2",X2,L,4h,-0.6492458633068086,-0.033983081649751945,1642,-0.5360923783600802,0.5654291914699046,2949.282797546854,125.78217572336983,16,-0.5136418879683955,-1.1618269237725674
"V-B|p=20,m=2,u=U2|X2|S|4h",V-B,"p=20,m=2.0,u=U2",X2,S,4h,-1.3440281634087237,-0.07034964933631149,1966,-0.6353595702951091,0.67500415673282,3562.339463875543,38.61097272824647,4,-1.193119661258829,-1.6108964243824657
"V-B|p=20,m=2,u=U2|X2|LS|4h",V-B,"p=20,m=2.0,u=U2",X2,LS,4h,-1.3076949724995626,-0.06844788320572227,3608,-0.8308380614864751,0.8500699803877522,4624.010784988439,138.8072153182262,20,-1.0579570655612602,-1.97939404196129
"V-B|p=20,m=2,u=U2|X3|L|4h",V-B,"p=20,m=2.0,u=U2",X3,L,4h,-1.4719043770134264,-0.07704299626940725,822,-0.8109538326391383,0.8336215297809757,957.2941600083466,-91.55371496738134,22,-1.5258060137445117,-1.3800218407784146
"V-B|p=20,m=2,u=U2|X3|S|4h",V-B,"p=20,m=2.0,u=U2",X3,S,4h,-1.50808441602174,-0.07893674606312709,944,-0.8120504383147031,0.8285902250063151,1508.5517624117185,270.19159543906244,14,-1.6466030947663373,-1.2331609087002586
"V-B|p=20,m=2,u=U2|X3|LS|4h",V-B,"p=20,m=2.0,u=U2",X3,LS,4h,-2.1526489845269734,-0.11267479754409487,1762,-0.9652954850485003,0.9672550711667541,1329.3111001244094,81.3651950609509,36,-2.2863835265220325,-1.9028159021604452
"V-B|p=20,m=2.5,u=U1|X1|L|4h",V-B,"p=20,m=2.5,u=U1",X1,L,4h,0.8173155572205976,0.042780251495441145,440,1.0837204553959126,0.253978557742379,1950.2912646397554,-1216.8427828475687,2,1.205511526381312,0.020884357864253782
"V-B|p=20,m=2.5,u=U1|X1|S|4h",V-B,"p=20,m=2.5,u=U1",X1,S,4h,0.5774242699207027,0.03022376763606846,392,0.754846104086704,0.30694556961631236,1561.460972757632,-299.36765281075407,11,0.7321426884796184,0.2461486579768227
"V-B|p=20,m=2.5,u=U1|X1|LS|4h",V-B,"p=20,m=2.5,u=U1",X1,LS,4h,0.9617051092580222,0.05033794606628841,832,2.6156141237592836,0.34549755641189916,5757.743387535422,-2301.0907583068783,14,1.3350371160125682,0.17753163668731303
"V-B|p=20,m=2.5,u=U1|X2|L|4h",V-B,"p=20,m=2.5,u=U1",X2,L,4h,0.9492738107280098,0.0496872621623415,308,1.499901658452476,0.2220845391445131,1029.2024574984482,-2115.57202906864,2,1.3264371062085196,0.05609105308286447
"V-B|p=20,m=2.5,u=U1|X2|S|4h",V-B,"p=20,m=2.5,u=U1",X2,S,4h,0.5184128958140304,0.027134971144833157,270,0.4504849579777179,0.29368052075134754,536.9756912384717,171.53983360776124,4,0.4634311271395559,0.6121393987560604
"V-B|p=20,m=2.5,u=U1|X2|LS|4h",V-B,"p=20,m=2.5,u=U1",X2,LS,4h,1.0052534065695715,0.052617368126382,574,2.2264260588486757,0.23158806846633173,2091.659084273151,-2111.5029202122655,6,1.3369584072163903,0.33476162963649736
"V-B|p=20,m=2.5,u=U1|X3|L|4h",V-B,"p=20,m=2.5,u=U1",X3,L,4h,1.0998304432267776,0.05756775647778933,438,2.2233604431612273,0.25602546838797946,3122.009527980653,-1868.6867021790376,5,1.3644041945910834,0.5589909525299914
"V-B|p=20,m=2.5,u=U1|X3|S|4h",V-B,"p=20,m=2.5,u=U1",X3,S,4h,0.6548994419722591,0.034279003481926196,382,0.8439952062392055,0.2832446339214242,1611.1121501169869,-45.041405939651504,10,0.7586393842997623,0.4760141208801249
"V-B|p=20,m=2.5,u=U1|X3|LS|4h",V-B,"p=20,m=2.5,u=U1",X3,LS,4h,1.2505334924204485,0.06545591459331505,818,4.930389069227339,0.24677174844374594,8405.889885044005,-2939.411456317575,15,1.54071189666328,0.705283866896326
"V-B|p=20,m=2.5,u=U2|X1|L|4h",V-B,"p=20,m=2.5,u=U2",X1,L,4h,-0.5703652475420076,-0.029854281517757587,392,-0.6506701029881639,0.6981546938587497,568.3802318616807,142.83621306410552,33,-0.6741955465433677,-0.3475887571818415
"V-B|p=20,m=2.5,u=U2|X1|S|4h",V-B,"p=20,m=2.5,u=U2",X1,S,4h,-0.9679199838310495,-0.05066324746903042,438,-0.7020117163321395,0.7293870903859898,636.9045560998497,261.40118146360174,17,-1.2994750802217294,-0.27284573573495824
"V-B|p=20,m=2.5,u=U2|X1|LS|4h",V-B,"p=20,m=2.5,u=U2",X1,LS,4h,-1.0435178075008622,-0.05462021840948409,830,-0.8948953996264525,0.9108656547481085,711.7587098769823,277.25692995588884,49,-1.332398728871379,-0.4278260391127556
"V-B|p=20,m=2.5,u=U2|X2|L|4h",V-B,"p=20,m=2.5,u=U2",X2,L,4h,-0.22776311213324846,-0.011921666157413961,1020,-0.24005566450291804,0.30461262513559284,2293.0219168736626,95.59589872945638,8,-0.2272169898937593,-0.30525988031714624
"V-B|p=20,m=2.5,u=U2|X2|S|4h",V-B,"p=20,m=2.5,u=U2",X2,S,4h,-1.2263850150709554,-0.06419192551942979,1144,-0.4664824741093243,0.5119634170228691,2411.2011627209176,33.716946524158246,3,-1.213709426002223,-1.302773871907775
"V-B|p=20,m=2.5,u=U2|X2|LS|4h",V-B,"p=20,m=2.5,u=U2",X2,LS,4h,-0.8168816111601399,-0.042757537720525415,2164,-0.5945563783109623,0.6346684304641446,3845.5298062949028,115.31474861699452,11,-0.6704706651108671,-1.2556481747360304
"V-B|p=20,m=2.5,u=U2|X3|L|4h",V-B,"p=20,m=2.5,u=U2",X3,L,4h,-1.1579046408176805,-0.060607498908220286,576,-0.6746857789852225,0.6962243413469107,832.4061817531117,-56.062764054795586,17,-1.2461164952779147,-1.0000965557907804
"V-B|p=20,m=2.5,u=U2|X3|S|4h",V-B,"p=20,m=2.5,u=U2",X3,S,4h,-1.540185032831707,-0.08061696913995092,678,-0.7668863876603769,0.7857460013691512,1146.1784860956761,219.94777231149249,13,-1.7641356609228438,-1.09796504992961
"V-B|p=20,m=2.5,u=U2|X3|LS|4h",V-B,"p=20,m=2.5,u=U2",X3,LS,4h,-1.9174994531099097,-0.10036650853113785,1254,-0.9242149035686005,0.9286737140293877,1182.2206984340698,96.23314740168881,30,-2.1468677391377238,-1.4864603531407015
"V-C|sq=S1,d=D1|X1|L|4h",V-C,"sq=S1,d=D1",X1,L,4h,0.4158988948377654,0.021769143093691795,238,0.4270024618318373,0.3873746135750179,1355.594323494174,-425.3606728983006,2,-0.08697254288396615,0.9605002458405772
"V-C|sq=S1,d=D1|X1|S|4h",V-C,"sq=S1,d=D1",X1,S,4h,0.4036996725585857,0.02113060661589998,224,0.36628327288098306,0.25977354888270965,1276.8149086105932,347.8599451821123,1,0.3461662554975534,0.514636210719237
"V-C|sq=S1,d=D1|X1|LS|4h",V-C,"sq=S1,d=D1",X1,LS,4h,0.44416013501332974,0.023248404012687598,440,0.5384272387234448,0.3912387700845892,2231.8709293579136,-95.6523776561796,4,0.04548235638475138,1.0616217525045772
"V-C|sq=S1,d=D1|X2|L|4h",V-C,"sq=S1,d=D1",X2,L,4h,0.29104708716634065,0.015234100802306187,266,0.1324560388929228,0.20409581839121893,735.3895414195648,-241.42461167719915,1,0.22564273877417348,0.4229635378051038
"V-C|sq=S1,d=D1|X2|S|4h",V-C,"sq=S1,d=D1",X2,S,4h,-0.0443615606195633,-0.002321990207171537,234,-0.042670798273176325,0.19452145759708317,567.6512672956421,68.45554067165435,1,-0.5097348153993322,0.548598710142804
"V-C|sq=S1,d=D1|X2|LS|4h",V-C,"sq=S1,d=D1",X2,LS,4h,0.1877574467237392,0.009827673925966264,500,0.08412605346671675,0.2528998029841478,1253.177608468008,-147.59849468834778,2,-0.1205305158550992,0.6892550355396746
"V-C|sq=S1,d=D1|X3|L|4h",V-C,"sq=S1,d=D1",X3,L,4h,0.4515244223998372,0.023633868431780336,244,0.19991509630662674,0.15007244275825005,684.5337072959726,-196.61286213590282,2,0.3546829481394268,0.6743162423275052
"V-C|sq=S1,d=D1|X3|S|4h",V-C,"sq=S1,d=D1",X3,S,4h,-0.07837092518459389,-0.004102121707714431,234,-0.05056339541411048,0.18643428084352398,591.8672670278078,106.75247397458011,1,-0.3788756330768739,0.40971574432534075
"V-C|sq=S1,d=D1|X3|LS|4h",V-C,"sq=S1,d=D1",X3,LS,4h,0.05380526523891913,0.0028162962987361927,432,-0.0030854807492660674,0.2262268569196494,1052.7435309740513,-55.66152973245175,3,-0.37890764932490995,0.8176408279227635
"V-C|sq=S1,d=D2|X1|L|4h",V-C,"sq=S1,d=D2",X1,L,4h,0.3471413463269466,0.018170208518769826,218,0.2347428904175124,0.23420168290336207,1448.7977035815054,-468.51794154477756,0,0.3343573420873064,0.3704960653457183
"V-C|sq=S1,d=D2|X1|S|4h",V-C,"sq=S1,d=D2",X1,S,4h,0.2997738374461037,0.015690879788596068,212,0.23213234916406633,0.3140733652727492,1344.1396020502568,274.87858363017074,2,0.2848708353499627,0.32940009014699756
"V-C|sq=S1,d=D2|X1|LS|4h",V-C,"sq=S1,d=D2",X1,LS,4h,0.3511226094542553,0.018378597355065796,422,0.33433197416279703,0.31760985711125966,2959.4112640607273,-187.17246402739377,2,0.42859041680404825,0.19132695658455603
"V-C|sq=S1,d=D2|X2|L|4h",V-C,"sq=S1,d=D2",X2,L,4h,0.7629723148168315,0.03993579618491614,222,0.4446936198069682,0.1391330110657104,703.6304043613012,-288.2821409580617,1,0.8630892523024013,0.5626636470823202
"V-C|sq=S1,d=D2|X2|S|4h",V-C,"sq=S1,d=D2",X2,S,4h,-0.01753314724865348,-0.0009177268708242017,214,-0.03051439602557382,0.19572595735338572,527.8960185348208,88.09585800657212,1,-0.4120014559490924,0.4884040077485083
"V-C|sq=S1,d=D2|X2|LS|4h",V-C,"sq=S1,d=D2",X2,LS,4h,0.5716274402221089,0.029920347702125916,434,0.4183658323540893,0.15113610924938614,1260.3543329151557,-162.08033395948465,2,0.4435982590008743,0.7838901729422834
"V-C|sq=S1,d=D2|X3|L|4h",V-C,"sq=S1,d=D2",X3,L,4h,0.5335902763595036,0.027929391550808758,216,0.21490907028273787,0.10900617655613287,627.0398286341259,-184.08839294880465,1,0.6183648926601465,0.3381891031334219
"V-C|sq=S1,d=D2|X3|S|4h",V-C,"sq=S1,d=D2",X3,S,4h,0.061747986195024696,0.0032320373146246194,214,0.007724191443735595,0.14458151116783124,575.6445654516467,106.28567564426393,1,-0.0058591092094766265,0.1609595005251168
"V-C|sq=S1,d=D2|X3|LS|4h",V-C,"sq=S1,d=D2",X3,LS,4h,0.40507956869197986,0.021202833680590803,416,0.21604666833121056,0.15156157835085693,1217.3493853261075,-68.40692527915355,2,0.46395776269874267,0.2958643241832561
"V-C|sq=S2,d=D1|X1|L|4h",V-C,"sq=S2,d=D1",X1,L,4h,0.6818980408280142,0.03569217473367809,712,1.6457083271406971,0.5025576472324371,3997.9328233713777,-1582.7200874319296,18,0.3983000109789049,1.0811304088608147
"V-C|sq=S2,d=D1|X1|S|4h",V-C,"sq=S2,d=D1",X1,S,4h,0.3057172471606073,0.016001972071228693,678,0.2570008077808412,0.46881872544923,4014.556072756565,766.4157793801685,16,0.33586697578655483,0.24702727982848097
"V-C|sq=S2,d=D1|X1|LS|4h",V-C,"sq=S2,d=D1",X1,LS,4h,0.6542490392470265,0.03424495984735573,1288,1.675144139551842,0.3981728855903609,8012.38404370725,-911.655622811631,32,0.4035306275409246,1.08382741021657
"V-C|sq=S2,d=D1|X2|L|4h",V-C,"sq=S2,d=D1",X2,L,4h,0.4062390616073643,0.02126352431358941,738,0.3726498471407338,0.45389705913047085,1793.4155684279135,-768.7932396150264,6,0.21100247790145424,0.8203374090392914
"V-C|sq=S2,d=D1|X2|S|4h",V-C,"sq=S2,d=D1",X2,S,4h,0.031370818427189716,0.0016420236836025002,726,-0.07534883275902704,0.3816497090961032,1999.4496162088246,204.3603403488286,4,0.11695059325216593,-0.1398309477231774
"V-C|sq=S2,d=D1|X2|LS|4h",V-C,"sq=S2,d=D1",X2,LS,4h,0.30838629284666413,0.01614167630748553,1458,0.2581020234489446,0.40523476957547566,3572.7112999817073,-552.1011483582797,10,0.20577229476472828,0.5166421339748779
"V-C|sq=S2,d=D1|X3|L|4h",V-C,"sq=S2,d=D1",X3,L,4h,0.31799541966003464,0.01664464099241765,740,0.2270405315616284,0.45413171581961276,1710.6636395339292,-489.0043588075678,8,0.03854332617253189,0.9657111424762549
"V-C|sq=S2,d=D1|X3|S|4h",V-C,"sq=S2,d=D1",X3,S,4h,-0.0786827189316651,-0.004118441738327542,742,-0.15774368061584132,0.46148583682291455,2015.8493550998317,289.8900830643462,6,-0.12060275035533342,0.007886025865118825
"V-C|sq=S2,d=D1|X3|LS|4h",V-C,"sq=S2,d=D1",X3,LS,4h,-0.012222618514350778,-0.0006397610927105255,1366,-0.15535141794946905,0.4748489522505972,2694.0985819059624,-164.1515012951069,11,-0.2366122511139458,0.4812288425000988
"V-C|sq=S2,d=D2|X1|L|4h",V-C,"sq=S2,d=D2",X1,L,4h,0.5112653731798912,0.02676085271143681,672,0.7997554352491076,0.5574646854856748,3623.59751696071,-1391.4512266661825,14,0.35261057575999094,0.7720310610589655
"V-C|sq=S2,d=D2|X1|S|4h",V-C,"sq=S2,d=D2",X1,S,4h,0.05348298256377095,0.0027994272525352997,626,-0.15288945769430506,0.5989393425613043,2650.6967410629522,432.59472523222763,13,-0.25556948152516146,0.6720704529418086
"V-C|sq=S2,d=D2|X1|LS|4h",V-C,"sq=S2,d=D2",X1,LS,4h,0.3319072522942664,0.017372819593200462,1226,0.2632559286981613,0.528995263761268,4884.9817875233675,-589.2650415432465,29,0.04022920344268668,0.849156685193149
"V-C|sq=S2,d=D2|X2|L|4h",V-C,"sq=S2,d=D2",X2,L,4h,0.36295044460329273,0.018997694542011754,700,0.30581099370785214,0.4841487401102669,1676.9673475641637,-753.9730646845755,1,0.23679689979033197,0.6280067153957746
"V-C|sq=S2,d=D2|X2|S|4h",V-C,"sq=S2,d=D2",X2,S,4h,-0.03169837651983969,-0.001659168857775602,642,-0.1267591980396221,0.48171695851535257,1786.3602853630168,189.37059601170117,6,-0.016603347591355608,-0.06226166596543115
"V-C|sq=S2,d=D2|X2|LS|4h",V-C,"sq=S2,d=D2",X2,LS,4h,0.21667734202976485,0.01134141043016409,1320,0.10552276507572667,0.33860390696359266,3156.5048736567287,-550.871290344887,7,0.12415498411818646,0.40242943586921615
"V-C|sq=S2,d=D2|X3|L|4h",V-C,"sq=S2,d=D2",X3,L,4h,0.39713033345180804,0.020786751691490492,704,0.31550283266715895,0.4617030783086673,1813.8950900333289,-519.322690858161,4,0.37566663969448455,0.44847206092491854
"V-C|sq=S2,d=D2|X3|S|4h",V-C,"sq=S2,d=D2",X3,S,4h,0.0203429917984239,0.0010648008564351585,656,-0.058141422370051266,0.4800671728796825,1814.6913354105684,260.14765552234485,2,-0.27873766395854693,0.6301146519408822
"V-C|sq=S2,d=D2|X3|LS|4h",V-C,"sq=S2,d=D2",X3,LS,4h,0.25493021316043224,0.013343657215919277,1298,0.16878877403100612,0.4176739411254844,3153.7311265989524,-227.76769914605535,5,-0.009918113576308498,0.802229798277259
"V-C|sq=S3,d=D1|X1|L|4h",V-C,"sq=S3,d=D1",X1,L,4h,0.6615052868670913,0.034624769206613754,874,1.6173902792128185,0.5210963272364179,5640.533798563006,-2223.4776162963276,25,0.5844543870720459,0.7878603262016173
"V-C|sq=S3,d=D1|X1|S|4h",V-C,"sq=S3,d=D1",X1,S,4h,0.18283097528506911,0.00956981062547053,814,0.011401736146342323,0.5723454013077762,4193.201865081877,740.6623688598137,18,0.23377165795258179,0.09258128016406475
"V-C|sq=S3,d=D1|X1|LS|4h",V-C,"sq=S3,d=D1",X1,LS,4h,0.684517267947585,0.03582927134698614,1588,2.0602722833915172,0.6616909403104292,12990.461868703018,-1499.0741869243848,39,0.664861086431737,0.728303819543067
"V-C|sq=S3,d=D1|X2|L|4h",V-C,"sq=S3,d=D1",X2,L,4h,0.34053985060555453,0.017824670440224472,894,0.2988804738526156,0.439817916367772,2382.4927106983723,-947.0244241342474,7,0.38793818497062293,0.24609562801347698
"V-C|sq=S3,d=D1|X2|S|4h",V-C,"sq=S3,d=D1",X2,S,4h,-0.1117561484458707,-0.005849584159311186,880,-0.2637262328665376,0.6077345130829453,2220.1196007651865,208.7968340330092,9,-0.08939250929234592,-0.15211547600886266
"V-C|sq=S3,d=D1|X2|LS|4h",V-C,"sq=S3,d=D1",X2,LS,4h,0.14050888894663513,0.007354571381124049,1768,-0.06757270477808086,0.4647344195990897,4191.739746411221,-569.9697512296373,18,0.18792611702521203,0.052585694897797616
"V-C|sq=S3,d=D1|X3|L|4h",V-C,"sq=S3,d=D1",X3,L,4h,0.3324324669951002,0.01740031058709171,946,0.2664211371519418,0.3991467153730319,2487.000337741747,-672.704705173083,8,0.33325042995695603,0.33130558567571566
"V-C|sq=S3,d=D1|X3|S|4h",V-C,"sq=S3,d=D1",X3,S,4h,-0.39240337277494963,-0.0205393312615494,916,-0.4654347524592599,0.6415045534159645,1815.033492874481,200.96245358767618,13,-0.5683550531650742,-0.026766102161755047
"V-C|sq=S3,d=D1|X3|LS|4h",V-C,"sq=S3,d=D1",X3,LS,4h,0.10856431079719056,0.005682515741076858,1698,-0.07791487060314028,0.5084856219206206,3751.180722248594,-292.6833967838648,18,0.023199922260303322,0.2905362055970314
"V-C|sq=S3,d=D2|X1|L|4h",V-C,"sq=S3,d=D2",X1,L,4h,0.4210104680275974,0.02203669506265468,822,0.553796022542649,0.5409074920875339,4902.779932972853,-1777.8176448308616,25,0.5036513035129442,0.30261741314312807
"V-C|sq=S3,d=D2|X1|S|4h",V-C,"sq=S3,d=D2",X1,S,4h,-0.03461359973035039,-0.0018117586145827565,736,-0.30160758301672963,0.6109544252925114,2661.799382505424,446.74865557728003,19,-0.2199387208920948,0.286631194562811
"V-C|sq=S3,d=D2|X1|LS|4h",V-C,"sq=S3,d=D2",X1,LS,4h,0.3379239937052379,0.01768775023225463,1474,0.23525775003895788,0.5377279585126415,6805.621001053231,-780.2771011561656,44,0.23223778156946273,0.5088246849953533
"V-C|sq=S3,d=D2|X2|L|4h",V-C,"sq=S3,d=D2",X2,L,4h,0.2759506154888736,0.014443915360037002,848,0.19900472508759148,0.4449039873682272,2227.496794591372,-888.778435711592,7,0.279013650302416,0.26985202969286093
"V-C|sq=S3,d=D2|X2|S|4h",V-C,"sq=S3,d=D2",X2,S,4h,-0.24667994725242345,-0.01291181856152105,754,-0.36605391449503966,0.6302206981400467,1731.4736296367332,158.41659551022232,12,-0.24641966328023754,-0.24700040635610698
"V-C|sq=S3,d=D2|X2|LS|4h",V-C,"sq=S3,d=D2",X2,LS,4h,0.015066363539852573,0.0007886095103199812,1564,-0.23451362733175085,0.43181696097101385,3311.9928512173406,-499.2009786985309,19,-0.006274376947892515,0.05542716109302782
"V-C|sq=S3,d=D2|X3|L|4h",V-C,"sq=S3,d=D2",X3,L,4h,0.09872199338339636,0.005167345302266245,876,-0.008644578894965504,0.4242030776306076,2116.021009853975,-585.2300850033537,9,0.1398892816494446,0.015095101905233738
"V-C|sq=S3,d=D2|X3|S|4h",V-C,"sq=S3,d=D2",X3,S,4h,-0.5136973045819533,-0.026888145818830575,786,-0.512624363092737,0.6522781803527172,1448.1901346473344,145.59077937928708,16,-0.7415303931876764,-0.0411060247994205
"V-C|sq=S3,d=D2|X3|LS|4h",V-C,"sq=S3,d=D2",X3,LS,4h,-0.255190773461718,-0.013357295565416304,1570,-0.4518090933381793,0.6475205144131597,2676.7967993125776,-217.26901943604696,22,-0.35786493608943887,-0.04336079050223575
"V-C|sq=S4,d=D1|X1|L|4h",V-C,"sq=S4,d=D1",X1,L,4h,0.34507982418821714,0.018062303518333794,536,0.3496531286155029,0.5090616212995126,2971.9072297099137,-1053.2165632586389,12,0.5646570433983102,0.056419161968395186
"V-C|sq=S4,d=D1|X1|S|4h",V-C,"sq=S4,d=D1",X1,S,4h,0.2936227201057818,0.015368915591937673,598,0.232847596977952,0.37537568054538906,3886.219376912101,679.734968824094,12,0.3278368636988565,0.2420635679086545
"V-C|sq=S4,d=D1|X1|LS|4h",V-C,"sq=S4,d=D1",X1,LS,4h,0.34183494233680356,0.017892458639632923,1062,0.3155161397947146,0.52233178431312,6684.737859979953,-488.8564050538744,23,0.5201558504856053,0.04256061721612968
"V-C|sq=S4,d=D1|X2|L|4h",V-C,"sq=S4,d=D1",X2,L,4h,-0.06280023822062482,-0.0032871147029039306,582,-0.11556122711498829,0.3340066879613982,1304.477611534941,-440.15243935934285,4,0.03059643366068434,-0.22838584801463063
"V-C|sq=S4,d=D1|X2|S|4h",V-C,"sq=S4,d=D1",X2,S,4h,0.20985532117911523,0.010984329538800165,646,0.11049336625340755,0.3267727016354013,2112.027636569253,191.55686111700905,3,0.41800545324676847,-0.17207866808655997
"V-C|sq=S4,d=D1|X2|LS|4h",V-C,"sq=S4,d=D1",X2,LS,4h,0.09706718474677827,0.005080728659494764,1220,-0.03528685809066279,0.47141482535450785,3248.5099528073724,-341.5734179448466,7,0.31198718353216087,-0.2883830443339809
"V-C|sq=S4,d=D1|X3|L|4h",V-C,"sq=S4,d=D1",X3,L,4h,-0.010571083551681263,-0.0005533158018649895,572,-0.061297355672295994,0.3088930299598224,1306.8531590153382,-338.9059350212967,5,0.02791952414075118,-0.08362338789918855
"V-C|sq=S4,d=D1|X3|S|4h",V-C,"sq=S4,d=D1",X3,S,4h,0.33224537805914073,0.0173905179046184,636,0.22951544599423856,0.24049557913616715,2041.7553721157399,333.1536949083563,3,0.2857090843643719,0.42239425016988075
"V-C|sq=S4,d=D1|X3|LS|4h",V-C,"sq=S4,d=D1",X3,LS,4h,0.24476565749377938,0.012811620056076674,1120,0.15143328778596232,0.29195189972877744,3179.869301718149,-82.3401435349689,8,0.30271729052884033,0.13093888514190172
"V-C|sq=S4,d=D2|X1|L|4h",V-C,"sq=S4,d=D2",X1,L,4h,0.20573412094012633,0.010768616059313035,536,0.07689639458198227,0.5997038269760704,2548.787948838276,-931.3046967645362,10,0.35976069153584705,0.06572790560270816
"V-C|sq=S4,d=D2|X1|S|4h",V-C,"sq=S4,d=D2",X1,S,4h,0.2602686011769916,0.013623081215512886,546,0.17394334514907706,0.44931170198235704,3736.95274250635,586.066825311277,14,0.3528513212072286,0.10887156515644719
"V-C|sq=S4,d=D2|X1|LS|4h",V-C,"sq=S4,d=D2",X1,LS,4h,0.32987429222896886,0.017266409600015735,1046,0.2804127660719151,0.6419671409387073,6791.701351020216,-688.9282119050121,27,0.5745476418073427,-0.002135746237761274
"V-C|sq=S4,d=D2|X2|L|4h",V-C,"sq=S4,d=D2",X2,L,4h,0.09910838217715172,0.005187569816073478,570,0.010176544058099424,0.33841728339352695,1404.9903947731937,-605.0631541481542,1,0.33874720104491785,-0.3312327771312734
"V-C|sq=S4,d=D2|X2|S|4h",V-C,"sq=S4,d=D2",X2,S,4h,0.13710718968905652,0.007176518304236648,576,0.040437631282052466,0.40861215718127886,1978.1716075461516,188.8753337481578,3,0.5555014770442965,-0.6018579472700963
"V-C|sq=S4,d=D2|X2|LS|4h",V-C,"sq=S4,d=D2",X2,LS,4h,0.13061509633522678,0.0068367066073283045,1134,0.008474899125719526,0.5179633707672678,3420.60406601979,-566.421278750036,4,0.6084261630853991,-0.6938589660865166
"V-C|sq=S4,d=D2|X3|L|4h",V-C,"sq=S4,d=D2",X3,L,4h,0.14135128042412579,0.007398664166274521,558,0.04870955057824422,0.24537378590358394,1404.7342413469771,-393.24635686788133,2,0.20982736398978455,0.016700648400035566
"V-C|sq=S4,d=D2|X3|S|4h",V-C,"sq=S4,d=D2",X3,S,4h,0.3083259001151523,0.016138515207443145,570,0.19449734218005976,0.3519916094858915,2258.7311491424193,316.13200462309476,2,0.8313729913357896,-0.5670399867686802
"V-C|sq=S4,d=D2|X3|LS|4h",V-C,"sq=S4,d=D2",X3,LS,4h,0.2508797372602548,0.013131645617516478,1064,0.1570648297568944,0.3337587675102325,3906.978651275003,-259.8990088837845,3,0.784608319632715,-0.6666193072531154
"V-C|sq=S5,d=D1|X1|L|4h",V-C,"sq=S5,d=D1",X1,L,4h,0.5327072262872276,0.027883170597541328,486,0.8866917022628418,0.3141804518092636,2951.0758583805014,-1034.506111018442,9,0.42570341697332703,0.6913872910411295
"V-C|sq=S5,d=D1|X1|S|4h",V-C,"sq=S5,d=D1",X1,S,4h,0.599777240630132,0.03139377559709582,480,0.9644451675473713,0.4062178233253617,4220.401026640445,687.1967666296434,12,0.816685851839937,0.22368973065262798
"V-C|sq=S5,d=D1|X1|LS|4h",V-C,"sq=S5,d=D1",X1,LS,4h,0.793032004673054,0.04150919226255506,944,2.635038811102097,0.4643479505107162,9103.00569333,-851.521814076244,21,0.8570404648059703,0.7355147788458634
"V-C|sq=S5,d=D1|X2|L|4h",V-C,"sq=S5,d=D1",X2,L,4h,0.5119141351812259,0.026794810466593415,510,0.40471103847867584,0.21274382583302254,1547.0370562527473,-584.1106817581598,1,0.5898345715580051,0.3763058057624264
"V-C|sq=S5,d=D1|X2|S|4h",V-C,"sq=S5,d=D1",X2,S,4h,0.27379280961472213,0.014330970638553344,526,0.1688471753907419,0.3117907924273552,1807.2206592452767,151.3547029818427,2,0.6838544329718343,-0.4074605933918771
"V-C|sq=S5,d=D1|X2|LS|4h",V-C,"sq=S5,d=D1",X2,LS,4h,0.5613892372831195,0.029384455667865867,1032,0.6547414843164003,0.39491675488547884,4018.7051822704775,-574.7416133500851,3,0.9249131703005442,-0.0466824711419926
"V-C|sq=S5,d=D1|X3|L|4h",V-C,"sq=S5,d=D1",X3,L,4h,0.3024209798860915,0.015829437556555415,500,0.17161533820408303,0.20752604762921034,1326.0359600099414,-334.9933129999332,2,0.04743123519700656,0.752184108845381
"V-C|sq=S5,d=D1|X3|S|4h",V-C,"sq=S5,d=D1",X3,S,4h,0.32012042095551496,0.01675586864377661,538,0.20325402974825235,0.22317807371638332,1883.5148983330105,270.1905919960263,3,0.6870995037172251,-0.3084637571528886
"V-C|sq=S5,d=D1|X3|LS|4h",V-C,"sq=S5,d=D1",X3,LS,4h,0.36014132240914554,0.01885065836622218,1002,0.2905975065659736,0.2885437332824743,3317.95330632151,-166.22418807686776,5,0.440594782863309,0.2282456540969866
"V-C|sq=S5,d=D2|X1|L|4h",V-C,"sq=S5,d=D2",X1,L,4h,0.2307599655530493,0.012078528634655967,470,0.13475382761626986,0.3805463256784156,2315.1598389011633,-778.5347356755007,7,0.19118229748082965,0.29170392275427237
"V-C|sq=S5,d=D2|X1|S|4h",V-C,"sq=S5,d=D2",X1,S,4h,0.33811603171925775,0.0176978019613131,454,0.3193180084797378,0.4069733252397417,3538.496987695448,464.37388841597226,9,0.686293459690078,-0.3145319047651398
"V-C|sq=S5,d=D2|X1|LS|4h",V-C,"sq=S5,d=D2",X1,LS,4h,0.4438551331515645,0.02323243948559935,904,0.6173297813549179,0.5439704943749281,6590.651268769702,-723.01615674581,16,0.6444693485230611,0.13161365449120954
"V-C|sq=S5,d=D2|X2|L|4h",V-C,"sq=S5,d=D2",X2,L,4h,0.49745168265779505,0.026037811103584527,486,0.390131421293999,0.26119624285110377,1386.1942651837076,-583.8331673308301,1,0.5524859669685921,0.4007397751749686
"V-C|sq=S5,d=D2|X2|S|4h",V-C,"sq=S5,d=D2",X2,S,4h,-0.06729630781899236,-0.003522449741445545,484,-0.11720596794717875,0.43312890026005313,1490.715233403777,129.69675264382644,3,0.5236314380553907,-1.0250301819320538
"V-C|sq=S5,d=D2|X2|LS|4h",V-C,"sq=S5,d=D2",X2,LS,4h,0.3445981304619802,0.01803709051636639,960,0.29133117464081826,0.4735355579589652,3249.297740569971,-551.8607775154924,4,0.8608962545002078,-0.5035747617959031
"V-C|sq=S5,d=D2|X3|L|4h",V-C,"sq=S5,d=D2",X3,L,4h,0.28432123689228894,0.014882053708986325,490,0.15186023358095713,0.2422262020266086,1271.471221470238,-325.78046811192456,2,0.13874924892419405,0.5543384407797489
"V-C|sq=S5,d=D2|X3|S|4h",V-C,"sq=S5,d=D2",X3,S,4h,0.11141033512949332,0.005831483463056968,490,0.024900919072710748,0.36015424056819767,1714.1913750583988,246.4278482112031,3,0.859252203525273,-1.0658317416449299
"V-C|sq=S5,d=D2|X3|LS|4h",V-C,"sq=S5,d=D2",X3,LS,4h,0.2051553223891989,0.010738320358521439,946,0.10589974513909262,0.3835167826247361,3120.469023485152,-160.41989925845456,5,0.6941612630089953,-0.620380813258547
"V-C|sq=S6,d=D1|X1|L|4h",V-C,"sq=S6,d=D1",X1,L,4h,0.47493212829670817,0.024859083755718162,704,0.750490929706181,0.5069203721685744,3690.2630323788376,-1486.5867266347516,20,0.5025578958357401,0.4598006403032217
"V-C|sq=S6,d=D1|X1|S|4h",V-C,"sq=S6,d=D1",X1,S,4h,0.3911151689009064,0.02047190358906464,678,0.4454463815094243,0.40106903498925395,4749.792359493157,815.0813241239791,15,0.46856275158142013,0.24706887286058954
"V-C|sq=S6,d=D1|X1|LS|4h",V-C,"sq=S6,d=D1",X1,LS,4h,0.5486458637603486,0.028717437012233765,1308,1.130448194296437,0.5439765188995305,8448.254168493306,-991.1552359177363,30,0.5988210837893764,0.4848827793490426
"V-C|sq=S6,d=D1|X2|L|4h",V-C,"sq=S6,d=D1",X2,L,4h,0.3104491898653437,0.016249653272427222,742,0.23490115223862595,0.33562865385359897,2028.9231035157663,-862.340879209087,3,0.46242678386160035,-0.015408890656869489
"V-C|sq=S6,d=D1|X2|S|4h",V-C,"sq=S6,d=D1",X2,S,4h,0.10516871763400053,0.0055047822717771136,738,-0.004626476170582983,0.3871426596079809,2308.5219770308777,231.13432354992432,4,0.308359857042214,-0.28834386380044563
"V-C|sq=S6,d=D1|X2|LS|4h",V-C,"sq=S6,d=D1",X2,LS,4h,0.2569354169963522,0.013448614381658293,1472,0.16696944599654873,0.4363450317447264,4519.133420807046,-686.7040329723297,8,0.4868070299202394,-0.20332009890925112
"V-C|sq=S6,d=D1|X3|L|4h",V-C,"sq=S6,d=D1",X3,L,4h,0.3108690627905847,0.01627163042577913,732,0.21625883306496796,0.28234720052222717,1887.411609485719,-532.517797177242,5,0.21918859516048741,0.5084139240091965
"V-C|sq=S6,d=D1|X3|S|4h",V-C,"sq=S6,d=D1",X3,S,4h,0.20589258448280448,0.010776910420222649,756,0.10598278351958346,0.3998064070493279,2499.300486124642,348.5109225482639,7,0.21078549561685422,0.19630945411006384
"V-C|sq=S6,d=D1|X3|LS|4h",V-C,"sq=S6,d=D1",X3,LS,4h,0.24851107150088503,0.013007663985209032,1420,0.15826644549029956,0.4650300299036645,4073.5640236969357,-233.1212704108695,12,0.10992950244744162,0.5425537970903338
"V-C|sq=S6,d=D2|X1|L|4h",V-C,"sq=S6,d=D2",X1,L,4h,0.2377845207940391,0.01244621066052502,660,0.1280687262915705,0.4975432753843484,2832.167098872383,-1069.4641836186947,8,0.2603948032707906,0.20524418852223536
"V-C|sq=S6,d=D2|X1|S|4h",V-C,"sq=S6,d=D2",X1,S,4h,0.10875248604116859,0.005692365283510593,656,-0.0804383076154882,0.5416582527721803,3355.0948086714475,484.3496998256633,14,0.20007403446116084,-0.05012160065503926
"V-C|sq=S6,d=D2|X1|LS|4h",V-C,"sq=S6,d=D2",X1,LS,4h,0.23003714326593674,0.012040694386970358,1262,0.018409600307902618,0.6678951186284922,5175.673370984492,-567.5693138968722,24,0.26134870268665306,0.17947902107565894
"V-C|sq=S6,d=D2|X2|L|4h",V-C,"sq=S6,d=D2",X2,L,4h,0.41723544881645364,0.02183910152631965,682,0.3658011354228612,0.31734995431556035,1955.8387297105082,-891.2268645241732,0,0.6005795622648217,0.032571288541507135
"V-C|sq=S6,d=D2|X2|S|4h",V-C,"sq=S6,d=D2",X2,S,4h,-0.30364459128362614,-0.01589348430429778,696,-0.34050724136407307,0.612636927259959,1824.0183671970833,173.70449816795193,5,0.011608412853184605,-0.8995481078260055
"V-C|sq=S6,d=D2|X2|LS|4h",V-C,"sq=S6,d=D2",X2,LS,4h,0.08128904533908407,0.004254863097499712,1368,-0.08407067604307217,0.5354518150147438,3789.7920546440528,-636.410573513081,6,0.45220164952180264,-0.6388278740692225
"V-C|sq=S6,d=D2|X3|L|4h",V-C,"sq=S6,d=D2",X3,L,4h,0.415556822541511,0.021751238211380305,684,0.31974825574549115,0.24702879540218703,1934.2837828589545,-572.7968647439837,2,0.5262819251154989,0.17279650688528234
"V-C|sq=S6,d=D2|X3|S|4h",V-C,"sq=S6,d=D2",X3,S,4h,-0.1549290243904679,-0.00810935576695336,712,-0.20467628191584963,0.5972137310040658,2070.584531623164,265.01595875028596,4,0.08188901185285359,-0.5916789771578799
"V-C|sq=S6,d=D2|X3|LS|4h",V-C,"sq=S6,d=D2",X3,LS,4h,0.282648226669905,0.014794484351672955,1358,0.20700293984179274,0.47962820264865724,4379.84430151929,-328.20159641905315,6,0.5688986468459705,-0.2964869801492311
"V-C|sq=S7,d=D1|X1|L|4h",V-C,"sq=S7,d=D1",X1,L,4h,0.16014279008563026,0.008382256736116178,656,-0.036282741391696294,0.578233744629755,2169.401093263486,-754.7831964951316,15,-0.2064712903086602,0.6246506639840333
"V-C|sq=S7,d=D1|X1|S|4h",V-C,"sq=S7,d=D1",X1,S,4h,0.1589589393145894,0.008320291154682212,660,-0.0055179935658113966,0.572150915310428,3558.582260811281,586.7064218404156,18,0.06500324749385701,0.3339083403627955
"V-C|sq=S7,d=D1|X1|LS|4h",V-C,"sq=S7,d=D1",X1,LS,4h,0.40268814403012126,0.021077660792881904,1246,0.4925986018316848,0.5217894682439778,5413.933222642494,-463.4686573584142,31,0.029860869863601498,0.9466170222439074
"V-C|sq=S7,d=D1|X2|L|4h",V-C,"sq=S7,d=D1",X2,L,4h,0.25123509257954973,0.013150245765030343,680,0.1554524432753439,0.33310647290841355,1665.4423513379309,-682.0307129400442,2,0.21511649171194025,0.32137606227214494
"V-C|sq=S7,d=D1|X2|S|4h",V-C,"sq=S7,d=D1",X2,S,4h,0.13970929449329864,0.007312718694599371,706,0.03282055540533335,0.3753183998103756,2226.1849508811597,201.07641747432874,4,0.309981270942644,-0.19049335838313716
"V-C|sq=S7,d=D1|X2|LS|4h",V-C,"sq=S7,d=D1",X2,LS,4h,0.25529796063322957,0.013362905998392698,1374,0.1666023611137748,0.3833241164338893,3914.370747796088,-577.7464668566316,8,0.32502492542864736,0.12303366829338594
"V-C|sq=S7,d=D1|X3|L|4h",V-C,"sq=S7,d=D1",X3,L,4h,0.24604441984580872,0.012878553536712663,692,0.1407783105663587,0.30907418910486517,1736.010910108306,-478.58428255251323,3,0.23488903739234945,0.26794097591665256
"V-C|sq=S7,d=D1|X3|S|4h",V-C,"sq=S7,d=D1",X3,S,4h,0.09724018492436123,0.0050897839026506925,720,0.00035009286502307724,0.42643483161651796,2195.2459287178813,309.06944843480005,3,0.04872975609927876,0.1995590129087235
"V-C|sq=S7,d=D1|X3|LS|4h",V-C,"sq=S7,d=D1",X3,LS,4h,0.21154581900942346,0.011072814239347183,1306,0.11067174003414992,0.38110427361788124,3672.276879657502,-197.55054444435777,6,0.14849268289508585,0.3409124279717663
"V-C|sq=S7,d=D2|X1|L|4h",V-C,"sq=S7,d=D2",X1,L,4h,0.5136572973137643,0.026886051742705818,626,0.8749294583059952,0.43750623318560533,3518.0866663038687,-1233.678117490965,13,0.40612643421583344,0.6734086722931352
"V-C|sq=S7,d=D2|X1|S|4h",V-C,"sq=S7,d=D2",X1,S,4h,0.18393530715710277,0.009627613997500655,616,0.03663546932982653,0.5751112903333369,3025.0473803508357,382.0819569577256,15,-0.048588890754628244,0.5725315028319425
"V-C|sq=S7,d=D2|X1|LS|4h",V-C,"sq=S7,d=D2",X1,LS,4h,0.4881859518298744,0.025552820586022998,1186,0.8389419247748309,0.6003346056909442,5510.069813517201,-610.6642781519334,27,0.07369073245456502,1.0745141058704304
"V-C|sq=S7,d=D2|X2|L|4h",V-C,"sq=S7,d=D2",X2,L,4h,0.46407202647947443,0.024290640046427604,650,0.4085897821225628,0.2553334058681508,1907.8504899003428,-847.4130891163555,0,0.5795347183088759,0.2329015565571149
"V-C|sq=S7,d=D2|X2|S|4h",V-C,"sq=S7,d=D2",X2,S,4h,-0.039724383604210205,-0.0020792692688594077,644,-0.13970936797003775,0.5436941032956962,1933.790896796127,192.64206544589803,9,0.2524824727804407,-0.6173238379631258
"V-C|sq=S7,d=D2|X2|LS|4h",V-C,"sq=S7,d=D2",X2,LS,4h,0.23341383413195843,0.01221743846481712,1272,0.13361044287863333,0.453280130599683,3889.0494097007363,-678.5002146684272,10,0.4747253026816156,-0.22583480308660658
"V-C|sq=S7,d=D2|X3|L|4h",V-C,"sq=S7,d=D2",X3,L,4h,0.3956701002151657,0.0207103195906285,658,0.28301065006285286,0.27054657726527553,1852.3007197534018,-535.601823008143,2,0.5298039463710885,0.13644868146227163
"V-C|sq=S7,d=D2|X3|S|4h",V-C,"sq=S7,d=D2",X3,S,4h,0.044094102529874134,0.0023079908109281786,656,-0.0469640889426961,0.5067172121249548,1995.8757037473124,259.1443411536355,7,0.15707151986802179,-0.17910017588204524
"V-C|sq=S7,d=D2|X3|LS|4h",V-C,"sq=S7,d=D2",X3,LS,4h,0.3100228106753556,0.01622733556561378,1262,0.24352165943080317,0.42604981794163155,4034.708789088129,-303.45858174263503,8,0.5398633333101647,-0.1153258752393134
"Q-A|g=G1,a=A1|X1|L|4h",Q-A,"g=G1,a=A1",X1,L,4h,0.9190879333220324,0.0481072611264751,930,2.837165409985155,0.4071155710082289,5846.200792774217,-3247.818222228171,9,1.0567338075778867,0.7058499412650158
"Q-A|g=G1,a=A1|X1|S|4h",Q-A,"g=G1,a=A1",X1,S,4h,-0.07325844980733505,-0.0038345225161033596,910,-0.27995238965098734,0.6286151726765234,2637.515024586577,423.5793597524396,8,-0.17584742072955514,0.11921220932034735
"Q-A|g=G1,a=A1|X1|LS|4h",Q-A,"g=G1,a=A1",X1,LS,4h,0.758222204003456,0.03968716402144862,1776,2.341873897958225,0.41088356416693905,9843.279798543614,-2086.1272349916408,21,0.8207953003134022,0.6536855352476407
"Q-A|g=G1,a=A2|X1|L|4h",Q-A,"g=G1,a=A2",X1,L,4h,0.7646772170206763,0.04002503484483305,298,1.4168568631874585,0.3320572046342323,1344.249152242822,-2448.649687994258,13,1.0386881137339974,0.036893892412978295
"Q-A|g=G1,a=A2|X1|S|4h",Q-A,"g=G1,a=A2",X1,S,4h,0.07097911280495281,0.003715216564634167,300,-0.08198770729751592,0.5113190927824192,834.7455647620828,27.999059293713557,13,0.01801762974526242,0.18657560208169777
"Q-A|g=G1,a=A2|X1|LS|4h",Q-A,"g=G1,a=A2",X1,LS,4h,-0.20979985464589865,-0.010981426287761295,414,-0.3814744177314957,0.5410964676822678,1016.4247707841259,-705.7783261495695,15,0.012025927735274725,-0.7011938198675632
"Q-A|g=G1,a=A3|X1|L|4h",Q-A,"g=G1,a=A3",X1,L,4h,0.6915865448194732,0.036199294210002134,998,1.2627801016054114,0.34761736481817773,4420.515441122941,-2450.1318908591115,14,1.030158663103061,-0.012075969692612114
"Q-A|g=G1,a=A3|X1|S|4h",Q-A,"g=G1,a=A3",X1,S,4h,0.17389643378444578,0.009102155349590397,1034,0.012376952305687139,0.40763108779919444,3232.5316514760198,259.9003138566575,14,0.35815758344673176,-0.22509390598931
"Q-A|g=G1,a=A3|X1|LS|4h",Q-A,"g=G1,a=A3",X1,LS,4h,0.5814177302513999,0.03043279490316865,1952,1.1604723005397757,0.4647404656988834,9751.182598532823,-2117.6714790440415,27,0.9590532351386535,-0.20441872039903658
"Q-A|g=G1,a=A4|X1|L|4h",Q-A,"g=G1,a=A4",X1,L,4h,-0.5009126671480671,-0.02621896731137674,1086,-0.7074241469175298,0.7991449657675065,1257.0236266784798,-78.76327542059283,46,-0.6661249568138116,-0.1407051473005074
"Q-A|g=G1,a=A4|X1|S|4h",Q-A,"g=G1,a=A4",X1,S,4h,-0.8498271693014937,-0.04448198704795255,1072,-0.7907535855446424,0.8402189082339958,1581.1579656887886,393.588658656515,31,-1.100296950726907,-0.3622694742038692
"Q-A|g=G1,a=A4|X1|LS|4h",Q-A,"g=G1,a=A4",X1,LS,4h,-0.9645247104473808,-0.050485530737755815,2136,-0.9401942836778031,0.9576921496702601,1598.4808745842345,208.4389679758206,75,-1.2689913686202348,-0.34029658200582863
"Q-A|g=G1,a=A5|X2|L|4h",Q-A,"g=G1,a=A5",X2,L,4h,0.18718592512671595,0.00979775911835037,128,-0.20340052399139263,0.7419999162248261,198.7063729056461,-2661.0087923323445,96,0.35525624149469803,-0.09120565774846401
"Q-A|g=G1,a=A5|X2|S|4h",Q-A,"g=G1,a=A5",X2,S,4h,0.006547766262588112,0.0003427257501367733,94,-0.24352254954695507,0.7541796716131679,335.655240015273,1670.647670330118,23,-0.10160699098217424,0.14118211206151246
"Q-A|g=G1,a=A5|X2|LS|4h",Q-A,"g=G1,a=A5",X2,LS,4h,-0.7636868360658494,-0.03997319593640964,160,-0.9932486316999901,0.9970262564533606,354.3094406933685,-391.2766297002415,103,-0.01971572404151746,-1.4237331296302462
"Q-A|g=G2,a=A1|X1|L|4h",Q-A,"g=G2,a=A1",X1,L,4h,0.9885392139694945,0.05174250730101594,718,2.6373489098037024,0.28725710000258553,3994.008740571047,-2406.4614825024037,7,1.0705401735617142,0.8967686181672059
"Q-A|g=G2,a=A1|X1|S|4h",Q-A,"g=G2,a=A1",X1,S,4h,-0.25317265596480715,-0.013251662467768204,766,-0.3784261470927919,0.586025340822175,1798.25802064385,314.8851079291442,4,-0.4242984827331937,0.07613589321347876
"Q-A|g=G2,a=A1|X1|LS|4h",Q-A,"g=G2,a=A1",X1,LS,4h,0.6123226069487425,0.032050430081977645,1442,1.2478860268707956,0.4043021901235405,5527.836841349966,-1207.9003445540054,13,0.5360551278663795,0.7389164676079542
"Q-A|g=G2,a=A2|X1|L|4h",Q-A,"g=G2,a=A2",X1,L,4h,0.718716131046038,0.03761932165409793,182,0.959910260857957,0.23066941787432793,789.5304234319407,-1186.209291505604,7,0.9695148729114944,0.03130416552506024
"Q-A|g=G2,a=A2|X1|S|4h",Q-A,"g=G2,a=A2",X1,S,4h,-0.050272787106988875,-0.002631397942708284,188,-0.12236152429512348,0.4364588623967791,528.4244710912549,-49.75049291295226,4,0.0012483191478438692,-0.17425797921853048
"Q-A|g=G2,a=A2|X1|LS|4h",Q-A,"g=G2,a=A2",X1,LS,4h,0.12504265569658934,0.0065450317335806335,290,0.007931715132895256,0.5422031598104649,993.8363108985105,-757.2659299012234,8,0.4493944791803298,-0.8220547249816242
"Q-A|g=G2,a=A3|X1|L|4h",Q-A,"g=G2,a=A3",X1,L,4h,0.7517169582491245,0.03934666389643407,758,1.2572139918791763,0.25743340890214894,2972.3586942752986,-1708.3670378373686,7,0.8692495484600099,0.5155595370079895
"Q-A|g=G2,a=A3|X1|S|4h",Q-A,"g=G2,a=A3",X1,S,4h,0.3171796833210682,0.016601943400983532,828,0.278093641359731,0.33325108172730744,2849.020301253561,182.1917429152139,10,0.433936816847554,0.05470628628841094
"Q-A|g=G2,a=A3|X1|LS|4h",Q-A,"g=G2,a=A3",X1,LS,4h,0.7361622703516958,0.0385324943210402,1520,1.799514151676246,0.36545415963648065,7703.472221647463,-1748.0041877731214,18,0.9125473902084977,0.3755021560576495
"Q-A|g=G2,a=A4|X1|L|4h",Q-A,"g=G2,a=A4",X1,L,4h,-0.4568020991104714,-0.023910114656384655,954,-0.6687695481630462,0.7666312338552455,1244.9307855681557,-16.944553486237545,39,-0.5773489392431369,-0.19895473219246754
"Q-A|g=G2,a=A4|X1|S|4h",Q-A,"g=G2,a=A4",X1,S,4h,-1.01802733431009,-0.05328598606286462,910,-0.8143673517466887,0.842625893626017,1243.76825460365,375.5754577966326,28,-1.2352811382171534,-0.6071342730744013
"Q-A|g=G2,a=A4|X1|LS|4h",Q-A,"g=G2,a=A4",X1,LS,4h,-1.0358205087541559,-0.054217323379149106,1836,-0.9401928773441544,0.953371305956094,1419.441559260419,254.05139982545296,64,-1.272993533592075,-0.5584516480680206
"Q-A|g=G2,a=A5|X2|L|4h",Q-A,"g=G2,a=A5",X2,L,4h,0.11594706030611371,0.006068946511823011,98,-0.3814187923859057,0.7117353325653961,213.55390577127955,-2426.5294389249007,112,0.24369724050662653,-0.04935618058654979
"Q-A|g=G2,a=A5|X2|S|4h",Q-A,"g=G2,a=A5",X2,S,4h,-0.20318240315761366,-0.010635053046206436,132,-0.5567028704530892,0.839333622318344,368.0942486249874,1853.3100010524902,40,-0.24625519041728502,-0.1269991303000009
"Q-A|g=G2,a=A5|X2|LS|4h",Q-A,"g=G2,a=A5",X2,LS,4h,-0.3233717895845907,-0.01692605305593837,132,-0.5573949577380871,0.7849632973922395,307.7946321175067,185.49492806694792,31,-0.442539375839448,-0.05768141306328426
"Q-A|g=G3,a=A1|X1|L|4h",Q-A,"g=G3,a=A1",X1,L,4h,0.8913100159597752,0.04665329847976116,542,1.6198548716066754,0.27972719657355083,2547.3323232360585,-1551.2573003361538,4,0.9789638909358447,0.8006867363061352
"Q-A|g=G3,a=A1|X1|S|4h",Q-A,"g=G3,a=A1",X1,S,4h,-0.21309827003705664,-0.01115407323999848,560,-0.2713183077849862,0.5865755954532113,1324.4797466100226,216.15045908557266,3,-0.5847720578452268,0.4119318544150197
"Q-A|g=G3,a=A1|X1|LS|4h",Q-A,"g=G3,a=A1",X1,LS,4h,0.5726624389673316,0.02997452201243596,1080,0.9236082897000801,0.48415132993174537,3986.745800614546,-933.9279622292299,7,0.37846999868344083,0.8665430169341563
"Q-A|g=G3,a=A2|X1|L|4h",Q-A,"g=G3,a=A2",X1,L,4h,0.9660591396036361,0.05056584643054621,124,1.4115851119132565,0.1826917026063588,626.1614244716815,-1093.8922828164484,3,1.1629899960102223,0.43510959437686086
"Q-A|g=G3,a=A2|X1|S|4h",Q-A,"g=G3,a=A2",X1,S,4h,0.03883313709485049,0.0020326192944670183,108,-0.025408055891514625,0.3201116399908337,328.28139877562495,-95.51177334533882,2,0.3328318121202532,-0.8040417654827092
"Q-A|g=G3,a=A2|X1|LS|4h",Q-A,"g=G3,a=A2",X1,LS,4h,0.9231578988097109,0.04832029285651185,194,1.5564101463199815,0.2673446715062441,1185.0056371409837,-1237.3150797050932,4,1.2774075295467773,-0.11197770623171117
"Q-A|g=G3,a=A3|X1|L|4h",Q-A,"g=G3,a=A3",X1,L,4h,0.6830960309461529,0.03575488040236414,562,0.8963125222927064,0.2569225041937767,2172.4017907978246,-1235.679237303688,4,0.8666362704510501,0.346719926362146
"Q-A|g=G3,a=A3|X1|S|4h",Q-A,"g=G3,a=A3",X1,S,4h,0.5588782008303134,0.029253022012876388,574,0.7042903367683924,0.25216145182863525,2525.248278781722,194.74093916935402,5,0.8765599978600402,-0.19016150807176038
"Q-A|g=G3,a=A3|X1|LS|4h",Q-A,"g=G3,a=A3",X1,LS,4h,0.8299292164267577,0.04344048059343159,1088,1.9084794987192808,0.35559729337779256,6429.34891208131,-1521.6979659511182,7,1.1636396040532262,0.160395999177977
"Q-A|g=G3,a=A4|X1|L|4h",Q-A,"g=G3,a=A4",X1,L,4h,-0.4966086117497953,-0.025993682755415838,780,-0.6640018595990833,0.7479759401153188,1020.4471892939838,25.533813780470375,35,-0.6684237961777474,-0.13943022727465093
"Q-A|g=G3,a=A4|X1|S|4h",Q-A,"g=G3,a=A4",X1,S,4h,-1.05198138844696,-0.055063222483280716,736,-0.7913625787267412,0.8094986900658702,1056.7042508331488,299.2151978594882,23,-1.2496167791364796,-0.7043136536843597
"Q-A|g=G3,a=A4|X1|LS|4h",Q-A,"g=G3,a=A4",X1,LS,4h,-1.0779449517268285,-0.05642221749691752,1494,-0.9312626800913062,0.9399808821554482,1178.695318574806,232.22734003221993,55,-1.3304525252871948,-0.5904078474830172
"Q-A|g=G3,a=A5|X2|L|4h",Q-A,"g=G3,a=A5",X2,L,4h,0.525392490756573,0.027500299841124808,74,0.9203971096388348,0.6908723580270176,185.11237089634218,-6905.884085298281,101,0.8941435579212395,-0.04195421165498717
"Q-A|g=G3,a=A5|X2|S|4h",Q-A,"g=G3,a=A5",X2,S,4h,-0.14466613116469226,-0.007572171384017359,120,-0.47808345534610597,0.8447763303750425,346.22330900360924,1894.7685905444166,34,-0.3357159928770422,0.14574448599916587
"Q-A|g=G3,a=A5|X2|LS|4h",Q-A,"g=G3,a=A5",X2,LS,4h,-0.9632053855989968,-0.050416474119024626,212,-0.9366936262137293,0.9706837469690437,416.5851369824011,771.3016969424456,83,-0.289411078153938,-1.8519220528996971
"Q-A|g=G4,a=A1|X1|L|4h",Q-A,"g=G4,a=A1",X1,L,4h,0.4535811886871157,0.023741524499574198,240,0.2691965766748239,0.1639526865950537,740.8924346430699,-465.1026293849791,1,0.29546353199723135,0.750652384811017
"Q-A|g=G4,a=A1|X1|S|4h",Q-A,"g=G4,a=A1",X1,S,4h,-0.03162620532269806,-0.0016553912446650115,274,-0.05807893696397082,0.352924066841913,663.5618875770534,77.51111469927093,1,-0.2551974192782583,0.27041369141551885
"Q-A|g=G4,a=A1|X1|LS|4h",Q-A,"g=G4,a=A1",X1,LS,4h,0.3408448680706308,0.017840635784027347,504,0.2428673572929656,0.2987852031845667,1442.784223948595,-372.93012057328957,2,0.1243542404830109,0.6853124790306339
"Q-A|g=G4,a=A2|X1|L|4h",Q-A,"g=G4,a=A2",X1,L,4h,0.9069980709201105,0.04747444880627611,56,0.8101163021029334,0.13735320648739757,221.2570317398152,-661.2901963066084,2,1.1709881673075369,0.10478494276328522
"Q-A|g=G4,a=A2|X1|S|4h",Q-A,"g=G4,a=A2",X1,S,4h,0.35132422373508626,0.01838915032883807,40,0.17200179857105047,0.16657461135507456,118.13764626371358,-158.89098758390566,1,0.43720003293581644,0.08277590746769924
"Q-A|g=G4,a=A2|X1|LS|4h",Q-A,"g=G4,a=A2",X1,LS,4h,0.868594586845175,0.045464318578712755,86,0.9425138593088545,0.1700378426457263,387.16340665870973,-816.1723696663454,3,1.2685666288100579,-1.008703309114267
"Q-A|g=G4,a=A3|X1|L|4h",Q-A,"g=G4,a=A3",X1,L,4h,0.4352345074245844,0.022781215312279546,242,0.29658944955170363,0.20508582393553543,710.4665891773966,-495.02168715810205,4,0.714528766429393,0.0007585704344355208
"Q-A|g=G4,a=A3|X1|S|4h",Q-A,"g=G4,a=A3",X1,S,4h,0.5791424249078789,0.030313699978369028,278,0.5009966335701757,0.19612402299471687,1080.446745467861,145.74028706579816,3,0.9840028693419569,-0.3782361940010638
"Q-A|g=G4,a=A3|X1|LS|4h",Q-A,"g=G4,a=A3",X1,LS,4h,0.733533131341589,0.0383948788956697,502,0.9266158369375055,0.2951943529967759,2115.351432450958,-600.577744526655,5,1.2411951866589774,-0.2264289741655063
"Q-A|g=G4,a=A4|X1|L|4h",Q-A,"g=G4,a=A4",X1,L,4h,-0.5038690928220074,-0.026373713703686765,450,-0.6132271780670133,0.6886761997673657,705.12494447082,154.66007469824024,28,-0.5195588033455777,-0.47233915868710197
"Q-A|g=G4,a=A4|X1|S|4h",Q-A,"g=G4,a=A4",X1,S,4h,-0.8543062061441581,-0.0447164305513139,358,-0.5608199879489462,0.5859051100454483,652.7450441069457,223.17818388144082,13,-1.2984003677457743,-0.17947150340019435
"Q-A|g=G4,a=A4|X1|LS|4h",Q-A,"g=G4,a=A4",X1,LS,4h,-0.8401579787894298,-0.043975878485342894,800,-0.8151897494931017,0.8384690191958842,889.1602284925966,294.05876186349633,39,-1.0214821558263947,-0.5015632390381229
"Q-A|g=G4,a=A5|X2|L|4h",Q-A,"g=G4,a=A5",X2,L,4h,0.6655040846311059,0.0348340758477423,50,1.8803992444124744,0.7063736148672934,168.1395956104384,-10696.69160711646,124,1.0835506743458232,-0.020239206422819005
"Q-A|g=G4,a=A5|X2|S|4h",Q-A,"g=G4,a=A5",X2,S,4h,-0.2988065479904599,-0.015640249544480747,126,-0.5969910828074128,0.8325777489962637,370.65111931952504,1363.841652819468,29,-0.41299005271798467,-0.13836513895053046
"Q-A|g=G4,a=A5|X2|LS|4h",Q-A,"g=G4,a=A5",X2,LS,4h,-0.7626498203208916,-0.039918916051508276,156,-0.7785770124525592,0.8753202137476864,387.9917510534888,665.6341687744791,26,-0.6471168312480862,-0.9783955840861216
"Q-A|g=G5,a=A1|X1|L|4h",Q-A,"g=G5,a=A1",X1,L,4h,0.9521264373516398,0.04983657546404407,682,2.204890256580536,0.32189203164059943,3384.828273726201,-2098.9550379174457,6,0.9234073951699805,1.0119407529163453
"Q-A|g=G5,a=A1|X1|S|4h",Q-A,"g=G5,a=A1",X1,S,4h,-0.4076095913389229,-0.021335261118401304,736,-0.46295311756998403,0.642882819414522,1583.2920032537884,252.08885838096123,3,-0.5884660460437202,-0.05453536037481997
"Q-A|g=G5,a=A1|X1|LS|4h",Q-A,"g=G5,a=A1",X1,LS,4h,0.45303460322830075,0.02371291490908583,1384,0.6299729201586874,0.4821643375973761,4424.900610569457,-983.8362710064081,11,0.26275056939249425,0.7688015138693489
"Q-A|g=G5,a=A2|X1|L|4h",Q-A,"g=G5,a=A2",X1,L,4h,0.7268108188475183,0.038043016978217326,160,0.9397438244475038,0.21997351954690936,670.1778136193182,-1012.5232155272499,6,0.9018813774452474,0.25014989019236716
"Q-A|g=G5,a=A2|X1|S|4h",Q-A,"g=G5,a=A2",X1,S,4h,-0.08792485188900014,-0.004602197086890402,160,-0.1339642603662562,0.386009561278023,446.51058166679724,9.397209304986582,3,0.027182992221675563,-0.3971288321540644
"Q-A|g=G5,a=A2|X1|LS|4h",Q-A,"g=G5,a=A2",X1,LS,4h,0.5837513229835031,0.030554940729325197,260,0.754228364770082,0.3815483151088138,1213.3203265270647,-912.8667139953579,7,0.9238106952324714,-0.5112375203560574
"Q-A|g=G5,a=A3|X1|L|4h",Q-A,"g=G5,a=A3",X1,L,4h,0.6592410623089086,0.03450625427662684,708,0.9550944287101659,0.2559680103473482,2610.3397798400447,-1500.6616245022321,7,0.7553251313030515,0.4705872528653674
"Q-A|g=G5,a=A3|X1|S|4h",Q-A,"g=G5,a=A3",X1,S,4h,0.3906942648558429,0.02044987246443452,788,0.4197682928256423,0.3078589009522874,3135.7764778632754,208.99182102385245,9,0.659081377153122,-0.28573638108956495
"Q-A|g=G5,a=A3|X1|LS|4h",Q-A,"g=G5,a=A3",X1,LS,4h,0.70413372324924,0.036856043545116915,1430,1.5899602103498744,0.4022542576689161,7577.134240674515,-1696.280491653084,17,0.9706415519457162,0.12735295532274804
"Q-A|g=G5,a=A4|X1|L|4h",Q-A,"g=G5,a=A4",X1,L,4h,-0.42008440156867366,-0.02198822252880377,928,-0.6457591580734072,0.7518853946805123,1239.7469826297765,-22.276609667788176,40,-0.552047330485584,-0.13742501125262896
"Q-A|g=G5,a=A4|X1|S|4h",Q-A,"g=G5,a=A4",X1,S,4h,-0.9768362871858709,-0.051129948116728906,870,-0.7987276205287847,0.8246841107543599,1224.5801836560975,378.0768575419195,27,-1.168723717169819,-0.6173456926537564
"Q-A|g=G5,a=A4|X1|LS|4h",Q-A,"g=G5,a=A4",X1,LS,4h,-0.9750356625315252,-0.05103569911475988,1772,-0.9301915789243825,0.944191383242828,1387.371610509746,245.71949876881516,64,-1.21458100418655,-0.4946401526455383
"Q-A|g=G5,a=A5|X2|L|4h",Q-A,"g=G5,a=A5",X2,L,4h,0.46324776907088855,0.024247496441824997,90,0.6046628778920793,0.690872358027018,201.69428537317205,-5828.154072840957,108,0.7812530700122761,-0.04195421165498569
"Q-A|g=G5,a=A5|X2|S|4h",Q-A,"g=G5,a=A5",X2,S,4h,-0.26386537335482085,-0.01381134487571116,136,-0.6012691694758682,0.8383381928453283,381.7524393042571,1845.5451415383968,36,-0.23465412793366625,-0.31545546375569394
"Q-A|g=G5,a=A5|X2|LS|4h",Q-A,"g=G5,a=A5",X2,LS,4h,-0.36433429556236957,-0.01907012861173978,136,-0.6676040660207085,0.8515728795015157,330.8496380697135,304.6093878723198,45,-0.4355557419037726,-0.26714829365845305
"Q-A|g=G6,a=A1|X1|L|4h",Q-A,"g=G6,a=A1",X1,L,4h,0.8074963493967869,0.0422662906678544,476,1.3028347971602927,0.24925668122563105,1850.2026025432567,-1107.5232211158275,4,0.7223297786255737,0.9553564997848509
"Q-A|g=G6,a=A1|X1|S|4h",Q-A,"g=G6,a=A1",X1,S,4h,-0.3538994929876039,-0.018523946082225948,518,-0.3286106332453692,0.5787314669003654,1131.3753981760537,202.44755862972139,1,-0.5755900812036713,0.05016784160786898
"Q-A|g=G6,a=A1|X1|LS|4h",Q-A,"g=G6,a=A1",X1,LS,4h,0.49358851742152765,0.025835603793426407,974,0.6702420850127633,0.41155748849056184,2971.1342689291946,-685.4294505695575,5,0.2547151448339031,0.8382036317152705
"Q-A|g=G6,a=A2|X1|L|4h",Q-A,"g=G6,a=A2",X1,L,4h,1.0063347722267129,0.05267396939178353,108,1.4527954417521465,0.18121278453812595,564.636075891908,-1080.5007727657578,3,1.2990666720263944,0.08746103795464402
"Q-A|g=G6,a=A2|X1|S|4h",Q-A,"g=G6,a=A2",X1,S,4h,-0.08723941081294369,-0.004566319461217009,96,-0.10606150687343674,0.4005047820254122,285.8626411902076,-116.7577712424102,3,0.25466476786987613,-1.3248501091685052
"Q-A|g=G6,a=A2|X1|LS|4h",Q-A,"g=G6,a=A2",X1,LS,4h,0.7563054422457179,0.039586836125658005,174,1.0713785306511907,0.4265114494404988,1039.7132942401183,-1033.2575669234166,5,1.2303588978377413,-0.9590101226446403
"Q-A|g=G6,a=A3|X1|L|4h",Q-A,"g=G6,a=A3",X1,L,4h,0.43769431742548015,0.022909967652229097,490,0.40020445674239125,0.2676431961158394,1507.8156317119276,-896.0105876625827,5,0.6150821385290277,0.1521464733117486
"Q-A|g=G6,a=A3|X1|S|4h",Q-A,"g=G6,a=A3",X1,S,4h,0.6624948477143134,0.034676565188643226,518,0.9179138231194068,0.255683495290732,2333.610909964248,102.42983604742341,7,0.9392740864872974,-0.021618333612723792
"Q-A|g=G6,a=A3|X1|LS|4h",Q-A,"g=G6,a=A3",X1,LS,4h,0.7023211412264591,0.03676116866587887,964,1.2795630122197523,0.35429332580789985,4534.970407329025,-1246.0972055952584,10,1.043736444297647,0.024352057562608442
"Q-A|g=G6,a=A4|X1|L|4h",Q-A,"g=G6,a=A4",X1,L,4h,-0.5010876299611272,-0.026228125283568673,722,-0.6591255656000505,0.7428244049173234,994.7025885844184,36.773137534544816,32,-0.6320649099996809,-0.22803552557359752
"Q-A|g=G6,a=A4|X1|S|4h",Q-A,"g=G6,a=A4",X1,S,4h,-0.8763755366286075,-0.04587159210442492,668,-0.7186384278395677,0.7430646488878077,1046.7366521764166,324.78193425880323,20,-1.1370205886990747,-0.4080827902690052
"Q-A|g=G6,a=A4|X1|LS|4h",Q-A,"g=G6,a=A4",X1,LS,4h,-0.9643584011223222,-0.05047682570982726,1372,-0.9060102398768647,0.9211623205952443,1231.8333557487847,268.5962227771448,50,-1.2059353887721078,-0.49454154708642645
"Q-A|g=G6,a=A5|X2|L|4h",Q-A,"g=G6,a=A5",X2,L,4h,0.46436626660985214,0.02430604127875018,96,0.2851514679487881,0.8272452549596243,251.50610057403853,-6421.803409893203,202,0.794991833715314,0.04395317141561541
"Q-A|g=G6,a=A5|X2|S|4h",Q-A,"g=G6,a=A5",X2,S,4h,-0.38742293911659653,-0.020278643449383852,160,-0.677474959239379,0.9055325080279023,374.34211737499976,1823.0339439413096,40,-0.3626310400504844,-0.4315961627837048
"Q-A|g=G6,a=A5|X2|LS|4h",Q-A,"g=G6,a=A5",X2,LS,4h,-0.48516697412854604,-0.02539480007095883,154,-0.8297964204997385,0.9198448374916293,346.95130314940803,576.4121015406615,87,-0.24764915289426928,-0.7884165687565395
"Q-B|K=2,S=20|X1|L|4h",Q-B,"K=2,S=20",X1,L,4h,-0.30461500349348447,-0.01594427800083913,606,-0.43616563478949655,0.5652137606705032,2483.3253708494326,-741.9247983374381,12,-0.0836269232338947,-0.7226625696776406
"Q-B|K=2,S=20|X1|S|4h",Q-B,"K=2,S=20",X1,S,4h,-0.6913453310952209,-0.036186668506629056,708,-0.6901057969360544,0.7950424536828266,2220.603453753251,773.4201545906055,8,-1.1127765759727841,0.016147941740633595
"Q-B|K=2,S=20|X1|LS|4h",Q-B,"K=2,S=20",X1,LS,4h,-0.6628620609681536,-0.03469578600881844,922,-0.6704501868060104,0.7497681114228754,2222.2560864354023,154.88132200410223,8,-1.1044767474307233,0.048909704082754274
"Q-B|K=2,S=20|X2|L|4h",Q-B,"K=2,S=20",X2,L,4h,-0.12379477780391837,-0.006479714819431088,706,-0.1925365265939767,0.3537878478839114,3393.9023909411408,-571.9718592227691,2,0.25846581518823125,-0.8173897674405325
"Q-B|K=2,S=20|X2|S|4h",Q-B,"K=2,S=20",X2,S,4h,-0.5787410959718456,-0.030292693461774278,834,-0.5165720114000676,0.6323011065477,3082.131631002873,601.2703137026953,2,-0.9700903742430297,0.1766202957652792
"Q-B|K=2,S=20|X2|LS|4h",Q-B,"K=2,S=20",X2,LS,4h,-0.5742536520850032,-0.03005780991360883,1276,-0.5696376304091851,0.6877236971930578,3942.7466385448724,128.10367915393724,3,-0.9665011899125334,0.13372320694669843
"Q-B|K=2,S=20|X3|L|4h",Q-B,"K=2,S=20",X3,L,4h,0.006973887054803918,0.00036502993179265796,658,-0.27064256777860596,0.49563085709820176,2559.656941434277,-958.704570522497,21,0.08280976494978762,-0.13614351063184998
"Q-B|K=2,S=20|X3|S|4h",Q-B,"K=2,S=20",X3,S,4h,0.11868191516812218,0.0062120953577817495,792,-0.14203325171553294,0.7244650435036482,3142.602244800788,1090.7544037042942,35,-0.3633740868511732,0.934877956125005
"Q-B|K=2,S=20|X3|LS|4h",Q-B,"K=2,S=20",X3,LS,4h,0.07770472255321163,0.004067251068258628,1118,-0.25179981384185857,0.7389725707855344,3177.1541078159653,328.16032703480994,35,-0.5549095126884519,1.0069058389329437
"Q-B|K=2,S=50|X1|L|4h",Q-B,"K=2,S=50",X1,L,4h,-0.30461500349348447,-0.01594427800083913,606,-0.43616563478949655,0.5652137606705032,2483.3253708494326,-741.9247983374381,12,-0.0836269232338947,-0.7226625696776406
"Q-B|K=2,S=50|X1|S|4h",Q-B,"K=2,S=50",X1,S,4h,-0.6789993558557511,-0.035540450627824564,712,-0.685373370371219,0.7996473127042776,2233.8452991103036,776.0007489743732,8,-1.1375348178610607,0.08960705011600219
"Q-B|K=2,S=50|X1|LS|4h",Q-B,"K=2,S=50",X1,LS,4h,-0.6343450661623123,-0.03320313828064262,924,-0.657727634163147,0.7497681114228754,2242.7533646869138,158.2358954139331,8,-1.1044767474307233,0.12182746054473595
"Q-B|K=2,S=50|X2|L|4h",Q-B,"K=2,S=50",X2,L,4h,-0.12379477780391837,-0.006479714819431088,706,-0.1925365265939767,0.3537878478839114,3393.9023909411408,-571.9718592227691,2,0.25846581518823125,-0.8173897674405325
"Q-B|K=2,S=50|X2|S|4h",Q-B,"K=2,S=50",X2,S,4h,-0.582376317214047,-0.030482969637981912,838,-0.5189441024301994,0.6405623372128607,3094.6219370773024,602.3528759224116,2,-1.001164936724899,0.2261393954961542
"Q-B|K=2,S=50|X2|LS|4h",Q-B,"K=2,S=50",X2,LS,4h,-0.5775348594876871,-0.03022955615856331,1280,-0.571746999837804,0.69473806056809,3949.6652435030683,129.9984734377186,3,-0.994539312666357,0.17533878094744568
"Q-B|K=2,S=50|X3|L|4h",Q-B,"K=2,S=50",X3,L,4h,0.006973887054803918,0.00036502993179265796,658,-0.27064256777860596,0.49563085709820176,2559.656941434277,-958.704570522497,21,0.08280976494978762,-0.13614351063184998
"Q-B|K=2,S=50|X3|S|4h",Q-B,"K=2,S=50",X3,S,4h,0.1202015083379632,0.006291634499551698,794,-0.13704167697582903,0.7228620054704114,3147.5663180622005,1088.5300293984703,33,-0.3819065092003321,0.9831229252348677
"Q-B|K=2,S=50|X3|LS|4h",Q-B,"K=2,S=50",X3,LS,4h,0.07886378988438883,0.004127919425161722,1120,-0.24742871640778208,0.7389452354477639,3179.0372442464086,327.0660328248824,33,-0.5728904151267787,1.0463947799088598
"Q-B|K=3,S=20|X1|L|4h",Q-B,"K=3,S=20",X1,L,4h,0.3150819313418638,0.016492142044025875,418,0.24404017938298805,0.286671699448523,2074.198851372879,-790.8762565968966,3,0.4958051230852563,-0.061124671135690097
"Q-B|K=3,S=20|X1|S|4h",Q-B,"K=3,S=20",X1,S,4h,-0.6687868401964658,-0.03500590312723486,498,-0.5801278502044351,0.6501840393586392,1667.8835997436936,629.9376964019049,6,-0.6670652565735012,-0.6718579364852529
"Q-B|K=3,S=20|X1|LS|4h",Q-B,"K=3,S=20",X1,LS,4h,-0.13977917486062363,-0.0073163764001971015,696,-0.26638746920340095,0.49686142025927504,2831.7253960088397,101.74402956198016,3,0.035891956886321234,-0.43895545728392354
"Q-B|K=3,S=20|X2|L|4h",Q-B,"K=3,S=20",X2,L,4h,0.019343344706673187,0.0010124769362381528,478,-0.0485955504672807,0.2597469100951826,2402.563302653727,-516.784831380448,2,0.2760959247183006,-0.5170835702868796
"Q-B|K=3,S=20|X2|S|4h",Q-B,"K=3,S=20",X2,S,4h,-0.5525372842594962,-0.028921123270444948,592,-0.43038439685916496,0.49719661982600316,2307.7722344234976,498.35237645264385,2,-0.5626820214491117,-0.5324493172892195
"Q-B|K=3,S=20|X2|LS|4h",Q-B,"K=3,S=20",X2,LS,4h,-0.49321545511486764,-0.025816076819834152,896,-0.4487534575138885,0.5610559008263689,3595.9677749243824,18.873624678685353,2,-0.27464365893316184,-0.8976730048455082
"Q-B|K=3,S=20|X3|L|4h",Q-B,"K=3,S=20",X3,L,4h,0.4737345776760999,0.02479640109138425,466,0.6557452302324847,0.38195155988908247,2217.974410714446,-878.5232592720048,14,0.17805696957550327,0.9235305274443864
"Q-B|K=3,S=20|X3|S|4h",Q-B,"K=3,S=20",X3,S,4h,-0.08620964052190921,-0.004512418820706996,572,-0.2727031407740891,0.5610339641104598,2345.636128949934,884.5859226777683,12,-0.18033270958199257,0.09842295351601839
"Q-B|K=3,S=20|X3|LS|4h",Q-B,"K=3,S=20",X3,LS,4h,0.006801999869080404,0.00035603294529321853,844,-0.23950994118128932,0.6758143323997889,3029.5571270465766,240.00968976512567,17,-0.24337975286625696,0.45642082545723195
"Q-B|K=3,S=50|X1|L|4h",Q-B,"K=3,S=50",X1,L,4h,0.2889695105312882,0.015125355471126097,426,0.21035450610975848,0.30168636158390816,2134.8163744468893,-800.4296116980757,3,0.5157967667877615,-0.17777443393625747
"Q-B|K=3,S=50|X1|S|4h",Q-B,"K=3,S=50",X1,S,4h,-0.6444375530623546,-0.033731403188833664,502,-0.5724948330620923,0.643824600597243,1702.288686907418,650.5877463127289,6,-0.6114478453464254,-0.703106977695141
"Q-B|K=3,S=50|X1|LS|4h",Q-B,"K=3,S=50",X1,LS,4h,-0.1571831158752664,-0.008227340307638404,704,-0.28631798759672944,0.4893649010755978,2842.2778431737092,107.97135471716886,4,0.030447010551035845,-0.47541675435078495
"Q-B|K=3,S=50|X2|L|4h",Q-B,"K=3,S=50",X2,L,4h,0.011186075446944745,0.0005855059488829897,486,-0.05535991486872738,0.2624134220574884,2433.3415365409905,-514.0291049275878,2,0.2685545764084663,-0.5236245776744103
"Q-B|K=3,S=50|X2|S|4h",Q-B,"K=3,S=50",X2,S,4h,-0.48382312187890547,-0.025324459629369977,598,-0.39621482732673374,0.47416180043779155,2340.4397555324426,505.58992440071495,1,-0.5319952623141798,-0.3872254932788049
"Q-B|K=3,S=50|X2|LS|4h",Q-B,"K=3,S=50",X2,LS,4h,-0.4776194420594279,-0.024999744186809506,906,-0.44119966292297885,0.5466397326347532,3608.744509551924,20.275658660718083,1,-0.2801328121351483,-0.839012309935923
"Q-B|K=3,S=50|X3|L|4h",Q-B,"K=3,S=50",X3,L,4h,0.5168315140652725,0.027052197841028414,474,0.7784929726709255,0.3950694156559409,2410.050665825633,-980.3090352966236,14,0.298780249720725,0.8533515504533093
"Q-B|K=3,S=50|X3|S|4h",Q-B,"K=3,S=50",X3,S,4h,-0.10688633592234911,-0.0055946865219771245,580,-0.2982124943452572,0.5672167935670795,2372.5649026193687,909.229772671292,13,-0.17944666434728973,0.034555316867929065
"Q-B|K=3,S=50|X3|LS|4h",Q-B,"K=3,S=50",X3,LS,4h,0.009353126991968816,0.0004895650418620724,858,-0.2438929192030913,0.6424373496786862,3067.4149244193063,240.2415185249323,19,-0.19692665627860903,0.38419209943209787
Q-C|len=20|X1|L|4h,Q-C,len=20,X1,L,4h,0.15594870322561202,0.008162728196520697,3900,-0.08280997809723178,0.5726149123341792,10428.240756798063,-1826.6749005394195,20,0.46121366529364716,-0.5018890168684227
Q-C|len=20|X1|S|4h,Q-C,len=20,X1,S,4h,-0.18785511024775536,-0.009832785868449717,3920,-0.5423964593783708,0.745944643902807,9550.71971139724,871.6777786926608,23,-0.16088689077659746,-0.2466037667005513
Q-C|len=20|X1|LS|4h,Q-C,len=20,X1,LS,4h,-0.18785511024775536,-0.009832785868449717,3920,-0.5423964593783708,0.745944643902807,9550.71971139724,871.6777786926608,23,-0.16088689077659746,-0.2466037667005513
Q-C|len=20|X2|L|4h,Q-C,len=20,X2,L,4h,0.3589845090508126,0.01879010798764984,3650,0.36979184946213217,0.5826279986818719,13118.841087321569,-2267.5429346460915,9,0.4761761600292598,0.16839910328190694
Q-C|len=20|X2|S|4h,Q-C,len=20,X2,S,4h,-0.023338399126340177,-0.0012215876417684993,3600,-0.3304454484318319,0.605317066465656,12155.294658479417,1392.5963567385384,15,0.1340051138449289,-0.3341895694396535
Q-C|len=20|X2|LS|4h,Q-C,len=20,X2,LS,4h,0.8593763209332846,0.044981812488404625,3810,2.251027483831018,0.397364520752323,29535.285765158762,-382.23658675774834,8,1.0947359447951546,0.4161037929176701
Q-C|len=50|X1|L|4h,Q-C,len=50,X1,L,4h,0.10813731606534834,0.0056601658153302365,2504,-0.14513708668308156,0.6064906980052529,5063.317262821597,-1420.6599385020313,22,0.1476750931351923,0.018281294402279852
Q-C|len=50|X1|S|4h,Q-C,len=50,X1,S,4h,-0.17954226062258793,-0.009397671432578945,2494,-0.5206468908147219,0.7854992247342912,5448.8809317006035,703.5921983073206,29,-0.3790242701819203,0.24181249402331467
Q-C|len=50|X1|LS|4h,Q-C,len=50,X1,LS,4h,0.1651943814991584,0.008646669115415373,2504,-0.03909104262811802,0.5576757311546509,5661.269196013674,-1502.5013528650443,19,0.23191535000488928,0.018281294402284015
Q-C|len=50|X2|L|4h,Q-C,len=50,X2,L,4h,0.6032650445526042,0.03157633559812841,2386,1.2458198052587321,0.4800734919867843,10004.50252482863,-2769.86011997809,22,0.6432476420670686,0.5384958900590967
Q-C|len=50|X2|S|4h,Q-C,len=50,X2,S,4h,0.10772838785757034,0.005638761534672942,2340,-0.1494839400507828,0.6583788569911931,7249.00986510578,1113.3756329966454,23,-0.05756357868381523,0.3989087832571547
Q-C|len=50|X2|LS|4h,Q-C,len=50,X2,LS,4h,0.8347369522938893,0.04369212899006677,2468,2.04527171900627,0.4205202784059453,13635.149299728653,-1710.7753754540122,11,0.8406830823259063,0.8233779750993161
Q-C|len=100|X1|L|4h,Q-C,len=100,X1,L,4h,0.66689501104155,0.0349068802635212,1526,1.386145795239011,0.5071614007691688,5583.815335585574,-2564.3228327523634,23,0.76100860189709,0.45071372930660003
Q-C|len=100|X1|S|4h,Q-C,len=100,X1,S,4h,0.2547183068439339,0.013332565532378955,1512,0.1236686872994659,0.5708572393784554,4341.517863340989,803.4301154210207,22,0.06817698438217167,0.6215403648426152
Q-C|len=100|X1|LS|4h,Q-C,len=100,X1,LS,4h,0.7101431564198956,0.03717059165338975,1526,1.367958271865962,0.3879127833371083,5570.50198484471,-1625.7718611356083,15,0.6792214600045108,0.8539726330330363
Q-C|len=100|X2|L|4h,Q-C,len=100,X2,L,4h,0.8411957142393016,0.044030196041321176,1480,2.2948488579424238,0.40569458698570793,8792.120529605325,-3856.9218454980746,21,1.009861053511809,0.48365665122779494
Q-C|len=100|X2|S|4h,Q-C,len=100,X2,S,4h,0.44747707423665256,0.023422020546614096,1438,0.6009413027231199,0.5015766848625658,6342.028728173459,1411.451151214936,20,0.3655231347385913,0.5945874737878525
Q-C|len=100|X2|LS|4h,Q-C,len=100,X2,LS,4h,0.9927812284848545,0.05196454448874738,1516,2.9992984442493515,0.3106794235583158,9420.669400972962,-1922.130028912117,17,1.0700408203335166,0.8372169819989221
