cell,sym,strategy,bar_close,action,price,qty,pnl,cost,direction,funding
E11,ETH,BRK24TP,1787893200000,enter,2480.36,1.569774329602757,0.0,3.1148843649387965,-1,0.0
E11,ETH,BRK24TP,1787904000000,funding,2495.3,1.569774329602757,0.1596201087998037,0.0,-1,0.1596201087998037
E12,XRP,BRK24TP,1787911200000,enter,1.4151,1944.5273961236828,0.0,2.201360574603699,-1,0.0
E17,ETH,RSI2,1787896800000,enter,2485.01,1.3413762251795094,0.0,2.6666666666666665,1,0.0
E18,XRP,RSI2,1787896800000,enter,1.4207,2346.2612327256516,0.0,2.666666666666667,1,0.0
E17,ETH,RSI2,1787904000000,exit_signal,2502.41,1.3413762251795094,23.339946318122976,2.6853386237211647,1,0.0
E18,XRP,RSI2,1787904000000,funding,1.4202,2346.2612327256516,0.061278426127965,0.0,1,0.061278426127965
E14,XRP,BRK24GATE,1787914800000,enter,1.408,1968.65461642653,0.0,2.2174925599428432,-1,0.0
E15,BTC,BBMR,1787914800000,enter,79244.7,0.042063801532889,0.0,2.666666666666666,1,0.0
E18,XRP,RSI2,1787918400000,exit_signal,1.4204,2346.2612327256516,-0.703878369817618,2.666103563970813,1,0.0
E11,ETH,BRK24TP,1787929200000,exit,2519.3,1.569774329602757,-61.12701239473146,3.163785974854582,-1,0.0
E11,BTC,BRK24TP,1787929200000,enter,78933.7,0.0657936726841832,0.0,4.15467041724121,-1,0.0
E11,SOL,BRK24TP,1787929200000,enter,104.32,22.474051136623853,0.0,1.8755944116580805,-1,0.0
E11,SOL,BRK24TP,1787932800000,exit,107.79,22.474051136623853,-77.98495744408507,1.937982377613348,-1,0.0
E11,BTC,BRK24TP,1787932800000,funding,78285.0,0.0657936726841832,0.3439609189409081,0.0,-1,0.3439609189409081
E12,HYPE,BRK24TP,1787932800000,enter,82.21,26.612604388240182,0.0,1.7502577654057805,-1,0.0
E12,XRP,BRK24TP,1787932800000,funding,1.4028,1944.5273961236828,-0.1364164293944279,0.0,-1,-0.1364164293944279
E12,HYPE,BRK24TP,1787932800000,funding,81.68,26.612604388240182,0.2173717526431458,0.0,-1,0.2173717526431458
E11,ETH,BRK24TP,1787936400000,enter,2465.0,1.4445425347329863,0.0,2.8486378784934496,-1,0.0
E12,XRP,BRK24TP,1787950800000,timeout,1.3794,1944.5273961236828,69.41962804161561,2.1458248721704067,-1,0.0
E11,BTC,BRK24TP,1787961600000,funding,77809.8,0.0657936726841832,0.4597726415765222,0.0,-1,0.4597726415765222
E11,ETH,BRK24TP,1787961600000,funding,2441.64,1.4445425347329863,0.0406669191818478,0.0,-1,0.0406669191818478
E12,HYPE,BRK24TP,1787961600000,funding,80.89,26.612604388240182,0.048177282073431,0.0,-1,0.048177282073431
E11,BTC,BRK24TP,1787968800000,timeout,77762.5,0.0657936726841832,77.0575494477152,4.093024377683038,-1,0.0
E12,HYPE,BRK24TP,1787972400000,timeout,80.7,26.612604388240182,40.18503262624244,1.7181097393047866,-1,0.0
E14,XRP,BRK24GATE,1787932800000,funding,1.4028,1968.65461642653,-0.138109051083116,0.0,-1,-0.138109051083116
E15,BTC,BBMR,1787932800000,funding,78285.0,0.042063801532889,-0.2199041828664882,0.0,1,-0.2199041828664882
E15,ETH,BBMR,1787936400000,enter,2470.19,1.3490343427226876,0.0,2.665896914440125,1,0.0
E16,HYPE,BBMR,1787936400000,enter,81.68,40.80966372837087,0.0,2.6666666666666665,1,0.0
E16,XRP,BBMR,1787940000000,enter,1.3921,2393.825475500643,0.0,2.665955555555556,1,0.0
E15,SOL,BBMR,1787947200000,enter,103.08,32.319387958336655,0.0,2.665186008596274,1,0.0
E17,SOL,RSI2,1787947200000,enter,103.08,32.395511386068215,0.0,2.6714634509407293,1,0.0
E14,XRP,BRK24GATE,1787961600000,funding,1.3828,1968.65461642653,-0.0050906179787219,0.0,-1,-0.0050906179787219
E15,BTC,BBMR,1787961600000,funding,77809.8,0.042063801532889,-0.2939459731691835,0.0,1,-0.2939459731691835
E15,ETH,BBMR,1787961600000,funding,2441.64,1.3490343427226876,-0.0379781621308793,0.0,1,-0.0379781621308793
E15,SOL,BBMR,1787961600000,funding,104.09,32.319387958336655,-0.3364125092583263,0.0,1,-0.3364125092583263
E16,BTR,BBMR,1787961600000,enter,0.15772,21123.229727317983,0.0,2.665244634074074,1,0.0
E16,HYPE,BBMR,1787961600000,funding,80.89,40.80966372837087,-0.0738784769833496,0.0,1,-0.0738784769833496
E16,XRP,BBMR,1787961600000,funding,1.3828,2393.825475500643,0.0061900400922666,0.0,1,0.0061900400922666
E16,BTR,BBMR,1787961600000,funding,0.1579,21123.229727317983,-0.1667678986971755,0.0,1,-0.1667678986971755
E17,SOL,RSI2,1787961600000,exit_signal,104.08,32.395511386068215,32.395511386068215,2.6973798600495837,1,0.0
E16,BTR,BBMR,1787972400000,exit_signal,0.16372,21123.229727317983,126.73937836390802,2.7666361367652006,1,0.0
E19,1000PEPE,BRK24,1787929200000,enter,0.003751,295976.1534995313,0.0,1.2212272069544163,-1,0.0
E19,AAVE,BRK24,1787929200000,enter,123.8,9.447852096988909,0.0,1.2866084985679491,-1,0.0
E19,ADA,BRK24,1787929200000,enter,0.2059,6220.121400901111,0.0,1.408795296090093,-1,0.0
E19,BTC,BRK24,1787929200000,enter,78933.7,0.033106580654659,0.0,2.0905799243365286,-1,0.0
E19,DOGE,BRK24,1787929200000,enter,0.08557,17089.0443586494,0.0,1.6085404783465922,-1,0.0
E19,ETH,BRK24,1787929200000,enter,2474.47,0.8417766494461334,0.0,1.666360852603979,-1,0.0
E20,ADA,BRK24GATE,1787929200000,enter,0.2059,6221.681696451786,0.0,1.409148687429365,-1,0.0
E20,HEMI,BRK24GATE,1787929200000,enter,0.01285,23070.99252103557,0.0,0.3261084792848377,1,0.0
E20,KORU,BRK24GATE,1787929200000,enter,21.71,39.230931032999216,0.0,0.9368738639990544,1,0.0
E20,NEAR,BRK24GATE,1787929200000,enter,1.843,608.0108339418002,0.0,1.2326203636502118,-1,0.0
E20,ONDO,BRK24GATE,1787929200000,enter,0.3633,3395.6181289977376,0.0,1.356990872891366,-1,0.0
E20,SPCX,BRK24GATE,1787929200000,enter,142.8,20.114291581092058,0.0,3.1595529215579403,1,0.0
E19,ADA,BRK24,1787932800000,exit,0.2114,6220.121400901111,-34.210667704956144,1.4464270305655444,-1,0.0
E19,HEMI,BRK24,1787932800000,enter,0.013524,21575.12138442413,0.0,0.3209601357632471,1,0.0
E19,1000PEPE,BRK24,1787932800000,funding,0.003725,295976.1534995313,0.0755661157141956,0.0,-1,0.0755661157141956
E19,AAVE,BRK24,1787932800000,funding,123.08,9.447852096988909,0.0447810314061106,0.0,-1,0.0447810314061106
E19,BTC,BRK24,1787932800000,funding,78285.0,0.033106580654659,0.1730769759522078,0.0,-1,0.1730769759522078
E19,DOGE,BRK24,1787932800000,funding,0.08584,17089.0443586494,0.0237935002688476,0.0,-1,0.0237935002688476
E19,ETH,BRK24,1787932800000,funding,2470.19,0.8417766494461334,0.1162147743461528,0.0,-1,0.1162147743461528
E19,HEMI,BRK24,1787932800000,funding,0.012781,21575.12138442413,-0.0137875813207162,0.0,1,-0.0137875813207162
E20,ADA,BRK24GATE,1787932800000,exit,0.2114,6221.681696451786,-34.21924933048485,1.4467898616928985,-1,0.0
E20,XAU,BRK24GATE,1787932800000,enter,4533.53,0.8043021418792372,0.0,4.010960678201156,-1,0.0
E20,HEMI,BRK24GATE,1787932800000,funding,0.012781,23070.99252103557,-0.0147435177705677,0.0,1,-0.0147435177705677
E20,NEAR,BRK24GATE,1787932800000,funding,1.834,608.0108339418002,0.1115091869449261,0.0,-1,0.1115091869449261
E20,ONDO,BRK24GATE,1787932800000,funding,0.3607,3395.6181289977376,0.0529970725965327,0.0,-1,0.0529970725965327
E20,XAU,BRK24GATE,1787932800000,funding,4528.04,0.8043021418792372,0.3563611156698791,0.0,-1,0.3563611156698791
E21,HEMI,MR,1787932800000,enter,0.013455,33112.51013092654,0.0,0.4900817061927782,-1,0.0
E21,KORU,MR,1787932800000,enter,21.73,56.17962071349086,0.0,1.342861473914572,-1,0.0
E21,MU,MR,1787932800000,enter,940.8,2.631838642020507,0.0,2.7236371738541822,-1,0.0
E21,SNDK,MR,1787932800000,enter,1495.8,1.3013410217280594,0.0,2.1412004903309145,-1,0.0
E21,SPCX,MR,1787932800000,enter,142.63,28.557568434212317,0.0,4.480482584348874,-1,0.0
E21,HEMI,MR,1787932800000,funding,0.012781,33112.51013092654,0.0211605495991686,0.0,-1,0.0211605495991686
E20,KORU,BRK24GATE,1787936400000,exit,20.85,39.230931032999216,-33.7386006883793,0.8997614032418372,1,0.0
E20,SPCX,BRK24GATE,1787936400000,exit,138.98,20.114291581092058,-76.83659383977208,3.0750326683341913,1,0.0
E20,1000PEPE,BRK24GATE,1787936400000,enter,0.003714,265250.04670305725,0.0,1.08365254080067,-1,0.0
E20,AAVE,BRK24GATE,1787936400000,enter,122.65,8.214122525866928,0.0,1.1082083405773366,-1,0.0
E21,1000PEPE,MR,1787936400000,enter,0.003725,402274.36396538833,0.0,1.6483192063481789,1,0.0
E21,KORU,MR,1787940000000,exit_signal,20.9,56.17962071349086,46.62908519219752,1.291569480203155,-1,0.0
E21,SPCX,MR,1787940000000,exit_signal,139.52,28.557568434212317,88.81403783039988,4.382787142735434,-1,0.0
E21,AAVE,MR,1787940000000,enter,122.94,12.70489397533689,0.0,1.7181336318607092,1,0.0
E21,ADA,MR,1787940000000,enter,0.203,7838.478072492173,0.0,1.7503321535875025,1,0.0
E19,HEMI,BRK24,1787947200000,funding,0.01164,21575.12138442413,-0.0125567206457348,0.0,1,-0.0125567206457348
E20,HEMI,BRK24GATE,1787947200000,funding,0.01164,23070.99252103557,-0.0134273176472427,0.0,1,-0.0134273176472427
E20,ONDO,BRK24GATE,1787947200000,funding,0.3525,3395.6181289977376,0.058076275545687,0.0,-1,0.058076275545687
E20,XAU,BRK24GATE,1787947200000,funding,4464.61,0.8043021418792372,1.1314193181123229,0.0,-1,1.1314193181123229
E21,HEMI,MR,1787947200000,funding,0.01164,33112.51013092654,0.0192714808961992,0.0,-1,0.0192714808961992
E21,HEMI,MR,1787958000000,exit_signal,0.01134,33112.51013092654,70.03295892690964,0.4130454513731776,-1,0.0
E21,AKE,MR,1787958000000,enter,0.009874,49109.30748267451,0.0,0.533395832292321,-1,0.0
E19,1000PEPE,BRK24,1787961600000,funding,0.003691,295976.1534995313,0.0660275560663355,0.0,-1,0.0660275560663355
E19,AAVE,BRK24,1787961600000,funding,122.11,9.447852096988909,0.1060921571110424,0.0,-1,0.1060921571110424
E19,BTC,BRK24,1787961600000,funding,77809.8,0.033106580654659,0.2313520346283697,0.0,-1,0.2313520346283697
E19,DOGE,BRK24,1787961600000,funding,0.08519,17089.0443586494,0.0407773974464627,0.0,-1,0.0407773974464627
E19,ETH,BRK24,1787961600000,funding,2441.64,0.8417766494461334,0.0236977881572176,0.0,-1,0.0236977881572176
E19,HEMI,BRK24,1787961600000,funding,0.01134,21575.12138442413,-0.0122330938249684,0.0,1,-0.0122330938249684
E20,HEMI,BRK24GATE,1787961600000,funding,0.01134,23070.99252103557,-0.0130812527594271,0.0,1,-0.0130812527594271
E20,NEAR,BRK24GATE,1787961600000,funding,1.824,608.0108339418002,0.1109011761109843,0.0,-1,0.1109011761109843
E20,ONDO,BRK24GATE,1787961600000,funding,0.3557,3395.6181289977376,-0.0724330474680151,0.0,-1,-0.0724330474680151
E20,XAU,BRK24GATE,1787961600000,funding,4467.46,0.8043021418792372,0.478217343907264,0.0,-1,0.478217343907264
E20,1000PEPE,BRK24GATE,1787961600000,funding,0.003691,265250.04670305725,0.0591730520287066,0.0,-1,0.0591730520287066
E20,AAVE,BRK24GATE,1787961600000,funding,122.11,8.214122525866928,0.0922383170902268,0.0,-1,0.0922383170902268
E21,SNDK,MR,1787961600000,funding,1483.89,1.3013410217280594,0.1371622633478375,0.0,-1,0.1371622633478375
E21,1000PEPE,MR,1787961600000,funding,0.003691,402274.36396538833,-0.0897409903018292,0.0,1,-0.0897409903018292
E21,AAVE,MR,1787961600000,funding,122.11,12.70489397533689,-0.1426662477220785,0.0,1,-0.1426662477220785
E21,ADA,MR,1787961600000,funding,0.2029,7838.478072492173,-0.0230611944131755,0.0,1,-0.0230611944131755
E21,AKE,MR,1787961600000,funding,0.011132,49109.30748267451,0.0273342405448566,0.0,-1,0.0273342405448566
E11,ETH,BRK24TP,1787976000000,timeout,2433.88,1.4445425347329863,44.95416368089038,2.812674547548738,-1,0.0
E12,BTR,BRK24TP,1787976000000,enter,0.1723,3511.561281586487,0.0,0.4840336070538815,1,0.0
E12,BTR,BRK24TP,1787976000000,funding,0.1717,3511.561281586487,-0.0301467536024199,0.0,1,-0.0301467536024199
E12,BTR,BRK24TP,1787990400000,funding,0.16672,3511.561281586487,0.1641887504960975,0.0,1,0.1641887504960975
E16,HYPE,BBMR,1787983200000,exit_signal,81.8,40.80966372837087,4.89715964740411,2.67058439438459,1,0.0
E14,XRP,BRK24GATE,1787990400000,funding,1.3821,1968.65461642653,0.0101216644687507,0.0,-1,0.0101216644687507
E15,BTC,BBMR,1787990400000,funding,77574.8,0.042063801532889,-0.1110756173388672,0.0,1,-0.1110756173388672
E15,ETH,BBMR,1787990400000,funding,2434.77,1.3490343427226876,-0.0069304814113912,0.0,1,-0.0069304814113912
E15,SOL,BBMR,1787990400000,funding,103.68,32.319387958336655,-0.136045490226926,0.0,1,-0.136045490226926
E16,XRP,BBMR,1787990400000,funding,1.3821,2393.825475500643,-0.0123076430256447,0.0,1,-0.0123076430256447
E19,HEMI,BRK24,1787976000000,funding,0.012256,21575.12138442413,-0.013221234384375105,0.0,1,-0.013221234384375105
E20,HEMI,BRK24GATE,1787976000000,funding,0.012256,23070.99252103557,-0.014137904216890597,0.0,1,-0.014137904216890597
E20,ONDO,BRK24GATE,1787976000000,funding,0.3499,3395.6181289977376,-0.021196181814719738,0.0,-1,-0.021196181814719738
E20,XAU,BRK24GATE,1787976000000,funding,4468.77,0.8043021418792372,0.08823862348698742,0.0,-1,0.08823862348698742
E21,AKE,MR,1787976000000,funding,0.011465,49109.30748267451,0.028151910514443164,0.0,-1,0.028151910514443164
E21,AKE,MR,1787979600000,stop,0.01194756498909658,49109.30748267451,-101.83134063485251,0.6454103069906588,-1,0.0
E21,ONG,MR,1787983200000,enter,0.12079,3805.174265438454,0.0,0.5055896994745419,-1,0.0
E21,ONG,MR,1787983200000,funding,0.11849,3805.174265438454,0.0056359387338975305,0.0,-1,0.0056359387338975305
E21,ONG,MR,1787986800000,funding,0.11757,3805.174265438454,0.005592179229844988,0.0,-1,0.005592179229844988
E19,HEMI,BRK24,1787990400000,exit,0.011002,21575.12138442413,-54.41245613151765,0.2611064340185777,1,0.0
E19,ONDO,BRK24,1787990400000,enter,0.3481,3522.7886196713403,0.0,1.3489109903583532,-1,0.0
E19,1000PEPE,BRK24,1787990400000,funding,0.003616,295976.1534995313,0.10702497710543053,0.0,-1,0.10702497710543053
E19,AAVE,BRK24,1787990400000,funding,121.7,9.447852096988907,0.114980360020355,0.0,-1,0.114980360020355
E19,BTC,BRK24,1787990400000,funding,77574.8,0.033106580654659046,0.08742276613586628,0.0,-1,0.08742276613586628
E19,DOGE,BRK24,1787990400000,funding,0.08438,17089.0443586494,-0.013597810698928146,0.0,-1,-0.013597810698928146
E19,ETH,BRK24,1787990400000,funding,2434.77,0.8417766494461334,0.0043245136441488405,0.0,-1,0.0043245136441488405
E19,ONDO,BRK24,1787990400000,funding,0.3485,3522.7886196713403,-0.0669583126239309,0.0,-1,-0.0669583126239309
E20,HEMI,BRK24GATE,1787990400000,exit,0.011002,23070.99252103557,-42.635194178873746,0.27920976568807665,1,0.0
E20,NEAR,BRK24GATE,1787990400000,funding,1.791,608.0108339418002,0.10889474035897642,0.0,-1,0.10889474035897642
E20,ONDO,BRK24GATE,1787990400000,funding,0.3485,3395.6181289977376,-0.06454115894530452,0.0,-1,-0.06454115894530452
E20,1000PEPE,BRK24GATE,1787990400000,funding,0.003616,265250.04670305725,0.09591441688782551,0.0,-1,0.09591441688782551
E20,AAVE,BRK24GATE,1787990400000,funding,121.7,8.214122525866928,0.09996587113980053,0.0,-1,0.09996587113980053
E21,1000PEPE,MR,1787990400000,funding,0.003616,402274.36396538833,-0.1454624100098844,0.0,1,-0.1454624100098844
E21,AAVE,MR,1787990400000,funding,121.7,12.70489397533689,-0.15461855967984997,0.0,1,-0.15461855967984997
E21,ADA,MR,1787990400000,funding,0.2001,7838.478072492173,0.05626135831290487,0.0,1,0.05626135831290487
E21,ONG,MR,1787990400000,funding,0.12596,3805.174265438454,-0.13047977107170786,0.0,-1,-0.13047977107170786
E20,ONG,BRK24GATE,1787994000000,enter,0.12673,2469.0162279464353,0.0,0.344188269224417,1,0.0
E20,ONG,BRK24GATE,1787994000000,funding,0.12922,2469.0162279464353,0.49659233964918875,0.0,1,0.49659233964918875
E21,ONG,MR,1787994000000,funding,0.12922,3805.174265438454,-0.7653333217735173,0.0,-1,-0.7653333217735173
E20,ONG,BRK24GATE,1787997600000,funding,0.13127,2469.0162279464353,0.14087019691181263,0.0,1,0.14087019691181263
E21,ONG,MR,1787997600000,funding,0.13127,3805.174265438454,-0.21710495135218938,0.0,-1,-0.21710495135218938
E12,BTR,BRK24TP,1788004800000,funding,0.19058,3511.5612815864874,0.025484405931624186,0.0,1,0.025484405931624186
E12,BTR,BRK24TP,1788015600000,exit,0.15923,3511.5612815864874,-45.89610595033538,0.44731672229361313,1,0.0
E12,BTR,BRK24TP,1788019200000,enter,0.15226,2380.8374984855814,0.0,0.2900050540155317,-1,0.0
E12,BTR,BRK24TP,1788019200000,funding,0.16686,2380.8374984855814,0.01986332724986521,0.0,-1,0.01986332724986521
E12,HYPE,BRK24TP,1788022800000,enter,83.17,31.857351929916575,0.0,2.1196607680089294,1,0.0
E11,BTC,BRK24TP,1788030000000,enter,78133.4,0.08546706216200253,0.0,5.342265723782886,1,0.0
E11,SOL,BRK24TP,1788033600000,enter,105.45,31.758556074105616,0.0,2.67915179041155,1,0.0
E12,BTR,BRK24TP,1788033600000,funding,0.18013,2380.8374984855814,0.021443012930110392,0.0,-1,0.021443012930110392
E11,BTC,BRK24TP,1788048000000,funding,78196.6,0.08546706216200253,-0.282166125676477,0.0,1,-0.282166125676477
E11,SOL,BRK24TP,1788048000000,funding,105.56,31.758556074105616,0.22018781120871245,0.0,1,0.22018781120871245
E12,BTR,BRK24TP,1788048000000,funding,0.1962,2380.8374984855814,0.10392492817129476,0.0,-1,0.10392492817129476
E12,HYPE,BRK24TP,1788048000000,funding,83.34,31.857351929916575,-0.030373105160560993,0.0,1,-0.030373105160560993
E12,BTR,BRK24TP,1788058800000,timeout,0.17249,2380.8374984855814,-48.164342594363305,0.3285365280910224,-1,0.0
E12,HYPE,BRK24TP,1788062400000,timeout,82.77,31.857351929916575,-12.742940771966811,2.1094664153913563,1,0.0
E11,BTC,BRK24TP,1788069600000,timeout,78104.1,0.08546706216200253,-2.5041849213456793,5.3402623758458105,1,0.0
E11,SOL,BRK24TP,1788073200000,timeout,105.37,31.758556074105616,-2.540684485928395,2.677119242822807,1,0.0
E12,HYPE,BRK24TP,1788080400000,enter,83.55,41.617819245786734,0.0,2.781735038388385,1,0.0
E12,XRP,BRK24TP,1788084000000,enter,1.3788,3237.1464360600044,0.0,3.5707020048316274,-1,0.0
E11,BTC,BRK24TP,1788094800000,enter,78327.6,0.11925907532673229,0.0,7.473021718849726,1,0.0
E11,ETH,BRK24TP,1788094800000,enter,2467.0,3.088821482600376,0.0,6.096098078060103,1,0.0
E12,XRP,BRK24TP,1788098400000,exit,1.4032,3237.1464360600044,-78.98637303986403,3.633891103263519,-1,0.0
E11,BTC,BRK24TP,1788105600000,funding,78791.6,0.11925907532673229,-0.6581387997003438,0.0,1,-0.6581387997003438
E11,ETH,BRK24TP,1788105600000,funding,2479.79,3.088821482600376,-0.27122744958779393,0.0,1,-0.27122744958779393
E12,HYPE,BRK24TP,1788105600000,funding,83.12,41.617819245786734,-0.24681913823289375,0.0,1,-0.24681913823289375
E11,ETH,BRK24TP,1788109200000,target,2531.304679936336,3.088821482600376,198.62567681909607,6.254998619515379,1,0.0
E12,XRP,BRK24TP,1788109200000,enter,1.4102,3241.38773873931,0.0,3.65680399133614,1,0.0
E12,HYPE,BRK24TP,1788112800000,exit,82.6,41.617819245786734,-39.53692828349752,2.7501054957615874,1,0.0
E12,BTR,BRK24TP,1788112800000,enter,0.15613,2597.274869794404,0.0,0.3244100203368002,-1,0.0
E12,BTR,BRK24TP,1788120000000,funding,0.16155,2597.274869794404,0.1493571692664332,0.0,-1,0.1493571692664332
E11,SOL,BRK24TP,1788123600000,enter,104.34,37.72341881479734,0.0,3.148849215308764,-1,0.0
E12,XRP,BRK24TP,1788130800000,exit,1.382,3241.38773873931,-91.40713423244856,3.583678283950181,1,0.0
E12,HYPE,BRK24TP,1788130800000,enter,81.28,39.812241443988285,0.0,2.5887511876538944,-1,0.0
E11,BTC,BRK24TP,1788134400000,exit,78080.7,0.11925907532673229,-29.44506569817124,7.449465666291188,1,0.0
E11,ETH,BRK24TP,1788134400000,enter,2450.38,2.067039815416334,0.0,4.052026418319901,-1,0.0
E11,SOL,BRK24TP,1788134400000,funding,101.7,37.72341881479734,-0.4402351268250961,0.0,-1,-0.4402351268250961
E11,ETH,BRK24TP,1788134400000,funding,2415.47,2.067039815416334,0.28154808946339477,0.0,-1,0.28154808946339477
E12,BTR,BRK24TP,1788134400000,funding,0.1617,2597.274869794404,0.09467594406926658,0.0,-1,0.09467594406926658
E12,HYPE,BRK24TP,1788134400000,funding,79.98,39.812241443988285,-0.051774816729422385,0.0,-1,-0.051774816729422385
E12,BTR,BRK24TP,1788148800000,funding,0.16077,2597.274869794404,0.16540122883036099,0.0,-1,0.16540122883036099
E12,BTR,BRK24TP,1788152400000,timeout,0.15187,2597.274869794404,11.064390945324124,0.3155585075805409,-1,0.0
E12,BTR,BRK24TP,1788159600000,enter,0.14075,3089.5585890679986,0.0,0.3478842971290566,-1,0.0
E11,SOL,BRK24TP,1788163200000,timeout,102.91,37.72341881479734,53.944488905160455,3.1056936241846356,-1,0.0
E11,ETH,BRK24TP,1788163200000,funding,2439.25,2.067039815416334,0.2734795374154728,0.0,-1,0.2734795374154728
E12,HYPE,BRK24TP,1788163200000,funding,81.15,39.812241443988285,0.323076339317965,0.0,-1,0.323076339317965
E12,BTR,BRK24TP,1788163200000,funding,0.09472,3089.5585890679986,0.014632149477826043,0.0,-1,0.014632149477826043
E12,HYPE,BRK24TP,1788170400000,timeout,81.25,39.812241443988285,1.194367243319694,2.587795693859239,-1,0.0
E11,ETH,BRK24TP,1788174000000,timeout,2454.53,2.067039815416334,-8.578215233977973,4.058888990507084,-1,0.0
E12,BTR,BRK24TP,1788177600000,funding,0.10041,3089.5585890679986,0.015511128896415888,0.0,-1,0.015511128896415888
E12,BTR,BRK24TP,1788192000000,funding,0.09983,3089.5585890679986,0.015421531697332916,0.0,-1,0.015421531697332916
E12,HYPE,BRK24TP,1788195600000,enter,84.02,37.44042384062018,0.0,2.516595528871126,1,0.0
E12,BTR,BRK24TP,1788199200000,timeout,0.09983,3089.5585890679986,126.42473746466246,0.24674450715732665,-1,0.0
E11,BTC,BRK24TP,1788202800000,enter,79154.5,0.06942032553711602,0.0,4.39594492618212,1,0.0
E11,BTC,BRK24TP,1788220800000,funding,78541.8,0.06942032553711602,-0.11880773769586639,0.0,1,-0.11880773769586639
E12,HYPE,BRK24TP,1788220800000,funding,84.16,37.44042384062018,-0.3150986070426594,0.0,1,-0.3150986070426594
E14,BTR,BRK24GATE,1788004800000,enter,0.19245,3269.0919610481455,0.0,0.5033093983229726,1,0.0
E14,BTR,BRK24GATE,1788004800000,funding,0.19058,3269.0919610481455,0.023724736629264036,0.0,1,0.023724736629264036
E16,XRP,BBMR,1788004800000,exit_signal,1.3846,2393.825475500643,-17.95369106625444,2.6515926027025523,1,0.0
E14,XRP,BRK24GATE,1788015600000,exit,1.3921,1968.6546164265299,31.301608401181873,2.1924512732218977,-1,0.0
E14,BTR,BRK24GATE,1788015600000,exit,0.15923,3269.0919610481455,-108.5992349460194,0.416430010366157,1,0.0
E15,BTC,BBMR,1788015600000,exit_signal,77663.7,0.04206380153288905,-66.5028702234976,2.6134643704878684,1,0.0
E15,SOL,BBMR,1788015600000,exit_signal,103.75,32.319387958336655,21.653989932085615,2.6825092005419426,1,0.0
E15,ETH,BBMR,1788019200000,exit_signal,2447.76,1.3490343427226876,-30.25884030726966,2.641689842194309,1,0.0
E17,BTC,RSI2,1788019200000,enter,77976.0,0.04294062535952435,0.0,2.678670562427417,-1,0.0
E17,ETH,RSI2,1788019200000,enter,2447.76,1.3675545449091393,0.0,2.6779562502774366,-1,0.0
E17,BTC,RSI2,1788019200000,funding,77822.5,0.04294062535952435,0.22035478511572204,0.0,-1,0.22035478511572204
E17,ETH,RSI2,1788019200000,funding,2443.59,1.3675545449091393,0.15301839412996524,0.0,-1,0.15301839412996524
E18,XRP,RSI2,1788019200000,enter,1.3999,2379.6996523146113,0.0,2.6650732346201793,-1,0.0
E18,XRP,RSI2,1788019200000,funding,1.3923,2379.6996523146113,-0.024617490786568018,0.0,-1,-0.024617490786568018
E14,HYPE,BRK24GATE,1788022800000,enter,83.17,31.421021524203184,0.0,2.090629088134383,1,0.0
E18,XRP,RSI2,1788030000000,exit_signal,1.3917,2379.6996523146113,19.513537148979776,2.6494624049009956,-1,0.0
E13,SOL,BRK24GATE,1788033600000,enter,105.45,31.9035249134903,0.0,2.691381361702042,1,0.0
E17,ETH,RSI2,1788044400000,exit_signal,2450.29,1.3675545449091393,-3.459912998619774,2.6807241806763322,-1,0.0
E13,SOL,BRK24GATE,1788048000000,funding,105.56,31.9035249134903,0.2211929063825326,0.0,1,0.2211929063825326
E14,HYPE,BRK24GATE,1788048000000,funding,83.34,31.421021524203184,-0.02995710356298195,0.0,1,-0.02995710356298195
E17,BTC,RSI2,1788048000000,funding,78196.6,0.04294062535952435,0.14176677640861793,0.0,-1,0.14176677640861793
E17,BTC,RSI2,1788055200000,exit_signal,78137.5,0.04294062535952435,-6.9349109955631825,2.6842184912238674,-1,0.0
E14,HYPE,BRK24GATE,1788066000000,exit,82.51,31.421021524203184,-20.737874205973995,2.0740387887696037,1,0.0
E13,SOL,BRK24GATE,1788076800000,funding,104.77,31.9035249134903,0.022428391767800603,0.0,1,0.022428391767800603
E17,BTC,RSI2,1788076800000,enter,78253.1,0.04270081464538222,0.0,2.6731768948212475,-1,0.0
E17,BTC,RSI2,1788076800000,funding,78079.3,0.04270081464538222,0.22391477898977044,0.0,-1,0.22391477898977044
E18,XRP,RSI2,1788076800000,enter,1.401,2381.203667343408,0.0,2.668853070358492,-1,0.0
E18,XRP,RSI2,1788076800000,funding,1.391,2381.203667343408,0.33122543012746813,0.0,-1,0.33122543012746813
E13,SOL,BRK24GATE,1788080400000,exit,104.6,31.9035249134903,-27.117996176467027,2.6696869647608685,1,0.0
E17,BTC,RSI2,1788080400000,exit_signal,78079.3,0.04270081464538222,7.421401585367554,2.6672397735529536,-1,0.0
E18,XRP,RSI2,1788080400000,exit_signal,1.391,2381.203667343408,23.812036673434104,2.649803441019745,-1,0.0
E15,SOL,BBMR,1788087600000,enter,104.55,31.588759999942578,0.0,2.642083886395197,1,0.0
E16,XRP,BBMR,1788087600000,enter,1.3856,2429.1160034103864,0.0,2.692626507460345,1,0.0
E13,BTC,BRK24GATE,1788098400000,enter,78847.9,0.11232058079470056,0.0,7.084993537953976,1,0.0
E13,ETH,BRK24GATE,1788098400000,enter,2472.69,3.0435050431858226,0.0,6.020515588188122,1,0.0
E15,SOL,BBMR,1788098400000,exit_signal,106.04,31.588759999942578,47.06725239991473,2.679737688315129,1,0.0
E16,XRP,BBMR,1788098400000,exit_signal,1.4019,2429.1160034103864,39.59459085558925,2.7243021801448166,1,0.0
E16,BTR,BBMR,1788102000000,enter,0.16129,20938.53114502713,0.0,2.7017405507051406,1,0.0
E18,XRP,RSI2,1788102000000,enter,1.4078,2374.159118112547,0.0,2.6738729651830746,-1,0.0
E13,BTC,BRK24GATE,1788105600000,funding,78791.6,0.11232058079470056,-0.6198482758930107,0.0,1,-0.6198482758930107
E13,ETH,BRK24GATE,1788105600000,funding,2479.79,3.0435050431858226,-0.26724824186858914,0.0,1,-0.26724824186858914
E16,BTR,BBMR,1788105600000,funding,0.16343,20938.53114502713,-0.47894090093864844,0.0,1,-0.47894090093864844
E18,XRP,RSI2,1788105600000,funding,1.3976,2374.159118112547,0.30015756791306664,0.0,-1,0.30015756791306664
E18,XRP,RSI2,1788109200000,exit_signal,1.3976,2374.159118112547,24.216423004747945,2.6544998267792765,-1,0.0
E16,BTR,BBMR,1788120000000,funding,0.16155,20938.53114502713,-1.204077310718312,0.0,1,-1.204077310718312
E16,HYPE,BBMR,1788127200000,enter,81.67,41.3335876347166,0.0,2.700571281701844,1,0.0
E18,HYPE,RSI2,1788127200000,enter,81.67,41.0032726305752,0.0,2.6789898205912617,1,0.0
E13,BTC,BRK24GATE,1788134400000,exit,78080.7,0.11232058079470056,-86.17234958569394,7.0160556582854205,1,0.0
E13,ETH,BRK24GATE,1788134400000,exit,2455.56,3.0435050431858226,-52.135241389773476,5.978807395076303,1,0.0
E14,XRP,BRK24GATE,1788134400000,enter,1.3785,2521.6555661814527,0.0,2.7808817583849064,-1,0.0
E14,HYPE,BRK24GATE,1788134400000,enter,80.6,39.02453039115385,0.0,2.5163017196216004,-1,0.0
E14,XRP,BRK24GATE,1788134400000,funding,1.3565,2521.6555661814527,-0.03868727752118934,0.0,-1,-0.03868727752118934
E14,HYPE,BRK24GATE,1788134400000,funding,79.98,39.02453039115385,-0.05075041835552973,0.0,-1,-0.05075041835552973
E16,BTR,BBMR,1788134400000,funding,0.1617,20938.53114502713,-0.7632519863929944,0.0,1,-0.7632519863929944
E16,HYPE,BBMR,1788134400000,funding,79.98,41.3335876347166,0.05375328911254055,0.0,1,0.05375328911254055
E17,SOL,RSI2,1788134400000,enter,103.74,32.21746113770214,0.0,2.673791534740176,1,0.0
E17,SOL,RSI2,1788134400000,funding,101.7,32.21746113770214,0.3759801877865693,0.0,1,0.3759801877865693
E18,HYPE,RSI2,1788134400000,funding,79.98,41.0032726305752,0.05332372277359276,0.0,1,0.05332372277359276
E15,ETH,BBMR,1788138000000,enter,2415.47,1.3730329921722886,0.0,2.653216001281918,1,0.0
E15,SOL,BBMR,1788138000000,enter,101.7,32.602119923978734,0.0,2.65250847701491,1,0.0
E16,XRP,BBMR,1788138000000,enter,1.3565,2487.709113257877,0.0,2.6996619297074482,1,0.0
E16,BTR,BBMR,1788148800000,funding,0.16077,20938.53114502713,-1.3334202019074008,0.0,1,-1.3334202019074008
E17,SOL,RSI2,1788152400000,exit_signal,101.89,32.21746113770214,-59.60230310474877,2.6261096922563767,1,0.0
E18,HYPE,RSI2,1788152400000,exit_signal,80.35,41.0032726305752,-54.12431987235957,2.635690364693374,1,0.0
E18,BTR,RSI2,1788159600000,enter,0.14992,22204.789556390875,0.0,2.6631536402352958,1,0.0
E14,XRP,BRK24GATE,1788163200000,funding,1.372,2521.6555661814527,0.07493734972110865,0.0,-1,0.07493734972110865
E14,HYPE,BRK24GATE,1788163200000,funding,81.15,39.02453039115385,0.31668406412421357,0.0,-1,0.31668406412421357
E15,ETH,BBMR,1788163200000,funding,2439.25,1.3730329921722886,-0.1816590201867153,0.0,1,-0.1816590201867153
E15,SOL,BBMR,1788163200000,funding,102.91,32.602119923978734,0.23519139971250327,0.0,1,0.23519139971250327
E16,BTR,BBMR,1788163200000,funding,0.09472,20938.53114502713,-0.09916488350284848,0.0,1,-0.09916488350284848
E16,HYPE,BBMR,1788163200000,funding,81.15,41.3335876347166,-0.33542206365572524,0.0,1,-0.33542206365572524
E16,XRP,BBMR,1788163200000,funding,1.372,2487.709113257877,-0.07392854532742324,0.0,1,-0.07392854532742324
E18,BTR,RSI2,1788163200000,funding,0.09472,22204.789556390875,-0.1051618833390672,0.0,1,-0.1051618833390672
E17,BTC,RSI2,1788170400000,enter,78440.6,0.042334335497738414,0.0,2.65658454163512,-1,0.0
E17,ETH,RSI2,1788170400000,enter,2445.12,1.35774323913074,0.0,2.655876119090684,-1,0.0
E14,HYPE,BRK24GATE,1788174000000,exit,82.08,39.02453039115385,-57.756304978907856,2.5625067636047265,-1,0.0
E16,XRP,BBMR,1788177600000,exit_signal,1.3802,2487.709113257877,58.958705984211825,2.746828894494818,1,0.0
E16,HYPE,BBMR,1788177600000,exit_signal,81.75,41.3335876347166,3.3066870107772575,2.7032166313104655,1,0.0
E16,BTR,BBMR,1788177600000,funding,0.10041,20938.53114502713,-0.1051218956136087,0.0,1,-0.1051218956136087
E18,BTR,RSI2,1788177600000,exit_signal,0.09828,22204.789556390875,-1146.6553326920246,1.7458293740816764,1,0.0
E17,BTC,RSI2,1788181200000,exit_signal,78286.1,0.042334335497738414,6.540654834400585,2.6513520177676,-1,0.0
E17,ETH,RSI2,1788181200000,exit_signal,2445.01,1.35774323913074,0.14935175630393685,2.655756637685641,-1,0.0
E15,ETH,BBMR,1788184800000,exit_signal,2450.87,1.3730329921722886,48.60536792289914,2.6921002956202376,1,0.0
E14,XRP,BRK24GATE,1788192000000,funding,1.3722,2521.6555661814527,-0.2401735764509239,0.0,-1,-0.2401735764509239
E15,SOL,BBMR,1788192000000,exit_signal,103.46,32.602119923978734,57.379731066202275,2.6984122618678716,1,0.0
E16,BTR,BBMR,1788192000000,funding,0.09983,20938.53114502713,-0.10451467821040292,0.0,1,-0.10451467821040292
E14,HYPE,BRK24GATE,1788195600000,enter,84.02,37.67235984234999,0.0,2.532185339163397,1,0.0
E14,XRP,BRK24GATE,1788199200000,exit,1.3829,2521.6555661814527,-11.09528449119829,2.789757985977865,-1,0.0
E13,BTC,BRK24GATE,1788202800000,enter,79154.5,0.06730300763192555,0.0,4.261868734081001,1,0.0
E16,BTR,BBMR,1788206400000,funding,0.09841,20938.53114502713,-0.10302804249910598,0.0,1,-0.10302804249910598
E13,BTC,BRK24GATE,1788220800000,funding,78541.8,0.06730300763192555,-0.11518410515954046,0.0,1,-0.11518410515954046
E14,HYPE,BRK24GATE,1788220800000,funding,84.16,37.67235984234999,-0.31705058043321754,0.0,1,-0.31705058043321754
E16,BTR,BBMR,1788220800000,funding,0.09517,20938.53114502713,-0.0996360004536116,0.0,1,-0.0996360004536116
E16,BTR,BBMR,1788228000000,exit_signal,0.1247,20938.53114502713,-766.1408545965423,2.0888278670279066,1,0.0
E20,ONG,BRK24GATE,1788001200000,funding,0.1223,2469.0162279464353,0.03773300715734401,0.0,1,0.03773300715734401
E21,ONG,MR,1788001200000,funding,0.1223,3805.174265438454,-0.058152986670383836,0.0,-1,-0.058152986670383836
E19,ONDO,BRK24,1788004800000,funding,0.3494,3522.7886196713403,-0.13594874586311922,0.0,-1,-0.13594874586311922
E20,ONDO,BRK24GATE,1788004800000,funding,0.3494,3395.6181289977376,-0.13104108020832136,0.0,-1,-0.13104108020832136
E20,XAU,BRK24GATE,1788004800000,funding,4466.29,0.8043021418792372,0.08689644557460986,0.0,-1,0.08689644557460986
E20,ONG,BRK24GATE,1788004800000,funding,0.12724,2469.0162279464353,0.8608390157160245,0.0,1,0.8608390157160245
E21,ONG,MR,1788004800000,funding,0.12724,3805.174265438454,-1.3266994490402555,0.0,-1,-1.3266994490402555
E20,ONG,BRK24GATE,1788008400000,funding,0.12971,2469.0162279464353,0.7205890238293943,0.0,1,0.7205890238293943
E21,ONG,MR,1788008400000,funding,0.12971,3805.174265438454,-1.110550339198708,0.0,-1,-1.110550339198708
E19,AAVE,BRK24,1788012000000,exit,122.44,9.447852096988907,12.849078851904908,1.272474511830854,-1,0.0
E19,BTR,BRK24,1788012000000,enter,0.2215,1394.8838797511664,0.0,0.33986345730137174,1,0.0
E20,AAVE,BRK24GATE,1788012000000,exit,122.44,8.214122525866928,1.7249657304321204,1.1063108782738613,-1,0.0
E20,BTR,BRK24GATE,1788012000000,enter,0.2215,1328.3723980736925,0.0,0.3236579347906552,1,0.0
E20,ONG,BRK24GATE,1788012000000,funding,0.12578,2469.0162279464353,0.09707261333861167,0.0,1,0.09707261333861167
E21,ONG,MR,1788012000000,funding,0.12578,3805.174265438454,-0.14960542015641878,0.0,-1,-0.14960542015641878
E19,BTC,BRK24,1788015600000,exit,77796.4,0.033106580654659046,37.652114178543826,2.0604582329936934,-1,0.0
E19,BTR,BRK24,1788015600000,exit,0.15923,1394.8838797511664,-86.85941919210512,0.2443180961900561,1,0.0
E19,DOGE,BRK24,1788015600000,exit,0.0853,17089.0443586494,4.6140419768352094,1.6034650321720731,-1,0.0
E19,ETH,BRK24,1788015600000,exit,2444.1,0.8417766494461334,25.56475684367898,1.6459090471290359,-1,0.0
E19,ONDO,BRK24,1788015600000,exit,0.3533,3522.7886196713403,-18.318500822290908,1.3690613412628732,-1,0.0
E19,ZEC,BRK24,1788015600000,enter,817.61,1.3344921428594942,0.0,1.2002035330156862,1,0.0
E20,BTR,BRK24GATE,1788015600000,exit,0.15923,1328.3723980736925,-82.71774922804882,0.23266841063980148,1,0.0
E20,NEAR,BRK24GATE,1788015600000,exit,1.817,608.0108339418002,15.80828168248682,1.215231253799476,-1,0.0
E20,ONDO,BRK24GATE,1788015600000,exit,0.3533,3395.6181289977376,33.95618128997741,1.3196390734723908,-1,0.0
E20,XAU,BRK24GATE,1788015600000,exit,4470.99,0.8043021418792372,50.30105595312747,3.955629516652716,-1,0.0
E20,ONG,BRK24GATE,1788015600000,funding,0.12402,2469.0162279464353,0.025277420258297642,0.0,1,0.025277420258297642
E21,AAVE,MR,1788015600000,exit_signal,123.08,12.70489397533689,1.778685156547172,1.7200901855329112,1,0.0
E21,BTR,MR,1788015600000,enter,0.21475,2100.5136052153157,0.0,0.496193826391988,-1,0.0
E21,ONG,MR,1788015600000,funding,0.12402,3805.174265438454,-0.03895680715859334,0.0,-1,-0.03895680715859334
E19,BTR,BRK24,1788019200000,enter,0.15226,1167.9464043735268,0.0,0.1956146714829045,-1,0.0
E19,LIT,BRK24,1788019200000,enter,3.556,243.67496855428678,0.0,0.9531590069969482,1,0.0
E19,1000PEPE,BRK24,1788019200000,funding,0.003643,295976.1534995313,0.03808347661266136,0.0,-1,0.03808347661266136
E19,ZEC,BRK24,1788019200000,funding,834.55,1.3344921428594942,-0.11137004178233909,0.0,1,-0.11137004178233909
E19,BTR,BRK24,1788019200000,funding,0.16686,1167.9464043735268,0.009744176851688335,0.0,-1,0.009744176851688335
E19,LIT,BRK24,1788019200000,funding,3.508,243.67496855428678,-0.0427405894844219,0.0,1,-0.0427405894844219
E20,1000PEPE,BRK24GATE,1788019200000,funding,0.003643,265250.04670305725,0.03412992509931787,0.0,-1,0.03412992509931787
E20,ONG,BRK24GATE,1788019200000,funding,0.12192,2469.0162279464353,-0.0037627807313903674,0.0,1,-0.0037627807313903674
E21,1000PEPE,MR,1788019200000,exit_signal,0.00367,402274.36396538833,-22.12509001809633,1.623981607328273,1,0.0
E21,ADA,MR,1788019200000,exit_signal,0.2024,7838.478072492173,-4.703086843495439,1.7451587580596575,1,0.0
E21,MU,MR,1788019200000,exit_timeout,933.34,2.631838642020507,19.63351626947278,2.7020403059577625,-1,0.0
E21,SNDK,MR,1788019200000,exit_timeout,1488.63,1.3013410217280594,9.330615125789985,2.1309368136925455,-1,0.0
E21,PUMPFUN,MR,1788019200000,enter,0.004803,230449.3342719396,0.0,1.2175329677589386,-1,0.0
E21,XPL,MR,1788019200000,enter,0.08597,17516.370232352285,0.0,1.6564705837628586,-1,0.0
E21,ZEC,MR,1788019200000,enter,839.49,1.8637028414144816,0.0,1.7210158881729476,-1,0.0
E21,ONG,MR,1788019200000,funding,0.12192,3805.174265438454,0.005799085580528204,0.0,-1,0.005799085580528204
E21,BTR,MR,1788019200000,funding,0.16686,2100.5136052153157,0.01752458500831138,0.0,-1,0.01752458500831138
E21,PUMPFUN,MR,1788019200000,funding,0.004787,230449.3342719396,0.05515804815798874,0.0,-1,0.05515804815798874
E21,XPL,MR,1788019200000,funding,0.08637,17516.370232352285,0.0007564444484841334,0.0,-1,0.0007564444484841334
E21,ZEC,MR,1788019200000,funding,834.55,1.8637028414144816,0.15553532063024558,0.0,-1,0.15553532063024558
E19,HYPE,BRK24,1788022800000,enter,83.17,15.62641114124685,0.0,1.4296134760792507,1,0.0
E19,PUMPFUN,BRK24,1788022800000,enter,0.00485,149845.00024451956,0.0,0.7994230763045119,1,0.0
E20,HYPE,BRK24GATE,1788022800000,enter,83.17,15.537129515410763,0.0,1.4214453679763845,1,0.0
E20,PUMPFUN,BRK24GATE,1788022800000,enter,0.00485,151254.63012433462,0.0,0.8069434517133253,1,0.0
E20,UNI,BRK24GATE,1788022800000,enter,4.514,274.1289949925277,0.0,1.3611601117358971,1,0.0
E20,ONG,BRK24GATE,1788022800000,funding,0.11956,2469.0162279464353,-0.0036899447526659475,0.0,1,-0.0036899447526659475
E21,BTR,MR,1788022800000,exit_signal,0.16686,2100.5136052153157,100.59359655376144,0.3855408701828504,-1,0.0
E21,HYPE,MR,1788022800000,enter,82.9,24.154138359061566,0.0,2.2026158769628243,-1,0.0
E21,NEAR,MR,1788022800000,enter,1.839,1152.9164275808519,0.0,2.3322346413533053,-1,0.0
E21,ONG,MR,1788022800000,funding,0.11956,3805.174265438454,0.005686832939697769,0.0,-1,0.005686832939697769
E20,WLD,BRK24GATE,1788026400000,enter,0.3713,3043.6267540659323,0.0,1.243108475163149,-1,0.0
E20,ONG,BRK24GATE,1788026400000,funding,0.12232,2469.0162279464353,0.08137057181359877,0.0,1,0.08137057181359877
E21,ONG,MR,1788026400000,funding,0.12232,3805.174265438454,-0.12540590147787195,0.0,-1,-0.12540590147787195
E20,ONG,BRK24GATE,1788030000000,funding,0.12103,2469.0162279464353,0.07495129504502532,0.0,1,0.07495129504502532
E21,ONG,MR,1788030000000,funding,0.12103,3805.174265438454,-0.11551270333440776,0.0,-1,-0.11551270333440776
E19,BTR,BRK24,1788033600000,funding,0.18013,1167.9464043735268,0.01051910929099017,0.0,-1,0.01051910929099017
E19,LIT,BRK24,1788033600000,funding,3.499,243.67496855428678,-0.04263093574857248,0.0,1,-0.04263093574857248
E19,PUMPFUN,BRK24,1788033600000,funding,0.004841,149845.00024451956,-0.03626998230918596,0.0,1,-0.03626998230918596
E20,ONG,BRK24GATE,1788033600000,funding,0.12082,2469.0162279464353,0.046219615409936056,0.0,1,0.046219615409936056
E20,PUMPFUN,BRK24GATE,1788033600000,funding,0.004841,151254.63012433462,-0.0366111832215952,0.0,1,-0.0366111832215952
E21,ONG,MR,1788033600000,funding,0.12082,3805.174265438454,-0.07123229451700745,0.0,-1,-0.07123229451700745
E21,PUMPFUN,MR,1788033600000,funding,0.004841,230449.3342719396,0.05578026136052298,0.0,-1,0.05578026136052298
E21,XPL,MR,1788033600000,funding,0.0869,17516.370232352285,0.07610862865957069,0.0,-1,0.07610862865957069
E20,ONG,BRK24GATE,1788037200000,funding,0.12248,2469.0162279464353,0.21566020248414083,0.0,1,0.21566020248414083
E21,ONG,MR,1788037200000,funding,0.12248,3805.174265438454,-0.33236908015563765,0.0,-1,-0.33236908015563765
E20,ONG,BRK24GATE,1788040800000,funding,0.124,2469.0162279464353,0.6159929822580228,0.0,1,0.6159929822580228
E21,ONG,MR,1788040800000,funding,0.124,3805.174265438454,-0.949350035551798,0.0,-1,-0.949350035551798
E20,ONG,BRK24GATE,1788044400000,funding,0.12519,2469.0162279464353,0.9157776844175296,0.0,1,0.9157776844175296
E21,ONG,MR,1788044400000,funding,0.12519,3805.174265438454,-1.4113692887740716,0.0,-1,-1.4113692887740716
E19,1000PEPE,BRK24,1788048000000,funding,0.003655,295976.1534995313,0.10032546807812258,0.0,-1,0.10032546807812258
E19,ZEC,BRK24,1788048000000,funding,842.09,1.3344921428594942,-0.11237624885805515,0.0,1,-0.11237624885805515
E19,BTR,BRK24,1788048000000,funding,0.1962,1167.9464043735268,0.050981533288033364,0.0,-1,0.050981533288033364
E19,LIT,BRK24,1788048000000,funding,3.555,243.67496855428678,-0.04331322566052448,0.0,1,-0.04331322566052448
E19,HYPE,BRK24,1788048000000,funding,83.34,15.62641114124685,-0.014898370395611706,0.0,1,-0.014898370395611706
E19,PUMPFUN,BRK24,1788048000000,funding,0.005057,149845.00024451956,-0.03788830831182677,0.0,1,-0.03788830831182677
E20,WLD,BRK24GATE,1788048000000,exit,0.3799,3043.6267540659323,-26.175190084967006,1.2719011842566126,-1,0.0
E20,KORU,BRK24GATE,1788048000000,enter,21.36,74.54591409020598,0.0,1.75153079746348,1,0.0
E20,1000PEPE,BRK24GATE,1788048000000,funding,0.003655,265250.04670305725,0.08991040250568778,0.0,-1,0.08991040250568778
E20,ONG,BRK24GATE,1788048000000,funding,0.1249,2469.0162279464353,0.9043956494769501,0.0,1,0.9043956494769501
E20,HYPE,BRK24GATE,1788048000000,funding,83.34,15.537129515410763,-0.014813248436435972,0.0,1,-0.014813248436435972
E20,PUMPFUN,BRK24GATE,1788048000000,funding,0.005057,151254.63012433462,-0.03824473322693801,0.0,1,-0.03824473322693801
E20,UNI,BRK24GATE,1788048000000,funding,4.677,274.1289949925277,-0.1038117430366968,0.0,1,-0.1038117430366968
E20,KORU,BRK24GATE,1788048000000,funding,21.32,74.54591409020598,-0.9681177076819202,0.0,1,-0.9681177076819202
E21,ONG,MR,1788048000000,funding,0.1249,3805.174265438454,-1.3938276355625665,0.0,-1,-1.3938276355625665
E21,PUMPFUN,MR,1788048000000,funding,0.005057,230449.3342719396,0.05826911417065993,0.0,-1,0.05826911417065993
E21,XPL,MR,1788048000000,funding,0.08675,17516.370232352285,0.07597725588282803,0.0,-1,0.07597725588282803
E21,ZEC,MR,1788048000000,funding,842.09,1.8637028414144816,0.15694055257267212,0.0,-1,0.15694055257267212
E21,HYPE,MR,1788048000000,funding,83.34,24.154138359061566,0.02302878739125755,0.0,-1,0.02302878739125755
E21,NEAR,MR,1788048000000,funding,1.866,1152.9164275808519,0.13981572008074286,0.0,-1,0.13981572008074286
E20,ONG,BRK24GATE,1788051600000,funding,0.12238,2469.0162279464353,1.09718176963006,0.0,1,1.09718176963006
E21,ONG,MR,1788051600000,funding,0.12238,3805.174265438454,-1.6909438613844145,0.0,-1,-1.6909438613844145
E20,ONG,BRK24GATE,1788055200000,funding,0.12233,2469.0162279464353,0.9797161760227998,0.0,1,0.9797161760227998
E21,ONG,MR,1788055200000,exit_signal,0.12238,3805.174265438454,-6.050227082047172,0.5122449492647938,-1,0.0
E21,CL,MR,1788055200000,enter,82.86,100.7464906367342,0.0,9.182639635575775,1,0.0
E20,ONG,BRK24GATE,1788058800000,exit,0.11902,2469.0162279464353,-19.036115117467038,0.32324854259520325,1,0.0
E19,BTR,BRK24,1788062400000,funding,0.17287,1167.9464043735268,0.01009514474620258,0.0,-1,0.01009514474620258
E19,LIT,BRK24,1788062400000,funding,3.507,243.67496855428678,-0.042728405735994186,0.0,1,-0.042728405735994186
E19,PUMPFUN,BRK24,1788062400000,funding,0.004957,149845.00024451956,-0.03713908331060417,0.0,1,-0.03713908331060417
E20,PUMPFUN,BRK24GATE,1788062400000,funding,0.004957,151254.63012433462,-0.037488460076316336,0.0,1,-0.037488460076316336
E21,PUMPFUN,MR,1788062400000,funding,0.004957,230449.3342719396,0.05711686749930023,0.0,-1,0.05711686749930023
E21,XPL,MR,1788062400000,funding,0.08685,17516.370232352285,0.0760648377339898,0.0,-1,0.0760648377339898
E19,HYPE,BRK24,1788066000000,exit,82.51,15.62641114124685,-10.313431353222867,1.4182687015907056,1,0.0
E19,ZEC,BRK24,1788066000000,exit,825.4,1.3344921428594942,10.395693792875411,1.2116387961878492,1,0.0
E19,MOVR,BRK24,1788066000000,enter,0.878,486.01004900315286,0.0,0.469388505327245,1,0.0
E19,NEAR,BRK24,1788066000000,enter,1.886,780.5616055382056,0.0,1.6193531068495615,1,0.0
E20,HYPE,BRK24GATE,1788066000000,exit,82.51,15.537129515410763,-10.254505480171051,1.4101654119481966,1,0.0
E20,MOVR,BRK24GATE,1788069600000,enter,0.893,467.10883538354017,0.0,0.4588410089972515,1,0.0
E19,LIT,BRK24,1788076800000,exit,3.466,243.67496855428678,-21.930747169885777,0.9290351851100739,1,0.0
E19,PUMPFUN,BRK24,1788076800000,exit,0.004821,149845.00024451956,-4.345505007091124,0.7946430207967116,1,0.0
E19,ENA,BRK24,1788076800000,enter,0.16253,4364.740560985566,0.0,0.7803414117146825,1,0.0
E19,NVDA,BRK24,1788076800000,enter,219.06,28.316951571953584,0.0,6.823422552487369,1,0.0
E19,1000PEPE,BRK24,1788076800000,funding,0.003633,295976.1534995313,0.0455596714631751,0.0,-1,0.0455596714631751
E19,BTR,BRK24,1788076800000,funding,0.18363,1167.9464043735268,0.026596424481136076,0.0,-1,0.026596424481136076
E19,MOVR,BRK24,1788076800000,funding,0.914,486.01004900315286,0.10215126397405125,0.0,1,0.10215126397405125
E19,NEAR,BRK24,1788076800000,funding,1.882,780.5616055382056,-0.14690169416229032,0.0,1,-0.14690169416229032
E19,ENA,BRK24,1788076800000,funding,0.16019,4364.740560985566,-0.03495938952321389,0.0,1,-0.03495938952321389
E20,PUMPFUN,BRK24GATE,1788076800000,exit,0.004821,151254.63012433462,-4.386384273605762,0.802118429012359,1,0.0
E20,1000PEPE,BRK24GATE,1788076800000,funding,0.003633,265250.04670305725,0.040829995391511414,0.0,-1,0.040829995391511414
E20,UNI,BRK24GATE,1788076800000,funding,4.884,274.1289949925277,-0.13388460115435052,0.0,1,-0.13388460115435052
E20,KORU,BRK24GATE,1788076800000,funding,21.65,74.54591409020598,-0.2791272979771593,0.0,1,-0.2791272979771593
E20,MOVR,BRK24GATE,1788076800000,funding,0.914,467.10883538354017,0.0981785418753062,0.0,1,0.0981785418753062
E21,PUMPFUN,MR,1788076800000,funding,0.004825,230449.3342719396,0.05559590189310543,0.0,-1,0.05559590189310543
E21,XPL,MR,1788076800000,funding,0.08613,17516.370232352285,0.004842878747641132,0.0,-1,0.004842878747641132
E21,ZEC,MR,1788076800000,funding,836.1,1.8637028414144816,0.15582419457066482,0.0,-1,0.15582419457066482
E21,HYPE,MR,1788076800000,funding,82.83,24.154138359061566,0.17055859064396117,0.0,-1,0.17055859064396117
E21,NEAR,MR,1788076800000,funding,1.882,1152.9164275808519,0.2169788716707163,0.0,-1,0.2169788716707163
E20,WLD,BRK24GATE,1788080400000,enter,0.3707,3493.8774094647347,0.0,1.424698391257435,-1,0.0
E21,CL,MR,1788080400000,exit_signal,83.08,100.7464906367342,22.164227940081407,9.207020286309865,1,0.0
E21,PUMPFUN,MR,1788080400000,exit_signal,0.004825,230449.3342719396,-5.069885353982744,1.2231098416483195,-1,0.0
E21,MOVR,MR,1788080400000,enter,0.914,703.5759390688441,0.0,0.707375249139816,-1,0.0
E21,SNDK,MR,1788080400000,enter,1500.0,3.6300329721291265,0.0,5.9895544040130595,-1,0.0
E19,BTR,BRK24,1788091200000,funding,0.17989,1167.9464043735268,0.07380038590610408,0.0,-1,0.07380038590610408
E19,MOVR,BRK24,1788091200000,funding,0.847,486.01004900315286,-0.020582525575283526,0.0,1,-0.020582525575283526
E19,ENA,BRK24,1788091200000,funding,0.15726,4364.740560985566,0.012149264080984446,0.0,1,0.012149264080984446
E20,MOVR,BRK24GATE,1788091200000,funding,0.847,467.10883538354017,-0.019782059178492926,0.0,1,-0.019782059178492926
E21,XPL,MR,1788091200000,funding,0.0883,17516.370232352285,0.07733477457583535,0.0,-1,0.07733477457583535
E21,MOVR,MR,1788091200000,funding,0.847,703.5759390688441,0.029796441019565554,0.0,-1,0.029796441019565554
E19,NVDA,BRK24,1788094800000,exit,218.83,28.316951571953584,-6.512898861549035,6.816258363739664,1,0.0
E19,AAVE,BRK24,1788094800000,enter,126.96,12.629226010114287,0.0,1.7637471876685211,1,0.0
E19,1000PEPE,BRK24,1788098400000,exit,0.003663,295976.1534995313,26.04590150795875,1.1925767152956617,-1,0.0
E19,ADA,BRK24,1788098400000,enter,0.2033,10016.788532760307,0.0,2.240054419581188,1,0.0
E20,1000PEPE,BRK24GATE,1788098400000,exit,0.003663,265250.04670305725,13.527752381855874,1.0687720131806286,-1,0.0
E20,WLD,BRK24GATE,1788098400000,exit,0.38,3493.8774094647347,-32.49305990802214,1.4604407571562592,-1,0.0
E20,BTC,BRK24GATE,1788098400000,enter,78847.9,0.054751486768682224,0.0,3.453631802870703,1,0.0
E20,ETH,BRK24GATE,1788098400000,enter,2472.69,1.484106375335484,0.0,2.9357879945826384,1,0.0
E20,SOL,BRK24GATE,1788098400000,enter,106.22,20.017864197456554,0.0,1.7010380280430681,1,0.0
E21,SNDK,MR,1788098400000,exit_signal,1492.32,3.6300329721291265,27.878653225951922,5.958887885464512,-1,0.0
E21,ADA,MR,1788098400000,enter,0.2032,15530.274952394555,0.0,3.4713270573592307,-1,0.0
E19,MOVR,BRK24,1788105600000,exit,0.825,486.01004900315286,-25.758532597167125,0.4410541194703612,1,0.0
E19,1000PEPE,BRK24,1788105600000,enter,0.003682,516474.0183774071,0.0,2.0918230692321744,1,0.0
E19,BTR,BRK24,1788105600000,funding,0.16343,1167.9464043735268,0.026715212222112497,0.0,-1,0.026715212222112497
E19,NEAR,BRK24,1788105600000,funding,1.869,780.5616055382056,-0.08087973288323023,0.0,1,-0.08087973288323023
E19,ENA,BRK24,1788105600000,funding,0.158,4364.740560985566,0.042853546596623604,0.0,1,0.042853546596623604
E19,AAVE,BRK24,1788105600000,funding,125.82,12.629226010114287,0.06885176935495647,0.0,1,0.06885176935495647
E19,ADA,BRK24,1788105600000,funding,0.2032,10016.788532760307,0.006330129546854941,0.0,1,0.006330129546854941
E19,1000PEPE,BRK24,1788105600000,funding,0.003675,516474.0183774071,0.18310411343179162,0.0,1,0.18310411343179162
E20,MOVR,BRK24GATE,1788105600000,exit,0.825,467.10883538354017,-31.76340080608076,0.4239012681105627,1,0.0
E20,LINK,BRK24GATE,1788105600000,enter,11.556,207.5276734753782,0.0,2.6380087741496174,1,0.0
E20,UNI,BRK24GATE,1788105600000,funding,5.16,274.1289949925277,-0.1414505614161443,0.0,1,-0.1414505614161443
E20,BTC,BRK24GATE,1788105600000,funding,78791.6,0.054751486768682224,-0.30214956543162647,0.0,1,-0.30214956543162647
E20,ETH,BRK24GATE,1788105600000,funding,2479.79,1.484106375335484,-0.1303184367781435,0.0,1,-0.1303184367781435
E20,SOL,BRK24GATE,1788105600000,funding,106.22,20.017864197456554,-0.012311262727961705,0.0,1,-0.012311262727961705
E20,LINK,BRK24GATE,1788105600000,funding,11.556,207.5276734753782,-0.004100904548905314,0.0,1,-0.004100904548905314
E21,MOVR,MR,1788105600000,exit_signal,0.835,703.5759390688441,55.58249918643874,0.6462345000347334,-1,0.0
E21,XPL,MR,1788105600000,exit_timeout,0.08801,17516.370232352285,-35.73339527399867,1.6957773185642573,-1,0.0
E21,ZEC,MR,1788105600000,exit_timeout,850.21,1.8637028414144816,-19.978894459963293,1.742992672078907,-1,0.0
E21,BTC,MR,1788105600000,enter,78748.8,0.08542307291001634,0.0,5.381571587181036,-1,0.0
E21,ETH,MR,1788105600000,enter,2475.7,2.2724707229173076,0.0,4.500764614981103,-1,0.0
E21,HEMI,MR,1788105600000,enter,0.010854,49475.31949260883,0.0,0.590705629550054,1,0.0
E21,HYPE,MR,1788105600000,funding,83.12,24.154138359061566,0.14324882280191084,0.0,-1,0.14324882280191084
E21,NEAR,MR,1788105600000,funding,1.869,1152.9164275808519,0.11946215652655906,0.0,-1,0.11946215652655906
E21,ADA,MR,1788105600000,funding,0.2032,15530.274952394555,-0.009814388316715644,0.0,-1,-0.009814388316715644
E21,BTC,MR,1788105600000,funding,78791.6,0.08542307291001634,0.47141266622843897,0.0,-1,0.47141266622843897
E21,ETH,MR,1788105600000,funding,2479.79,2.2724707229173076,0.19954420866074193,0.0,-1,0.19954420866074193
E21,HEMI,MR,1788105600000,funding,0.010611,49475.31949260883,-0.026249130756803622,0.0,1,-0.026249130756803622
E21,HYPE,MR,1788109200000,exit_signal,83.12,24.154138359061566,-5.313910438993517,2.2084611784457175,-1,0.0
E21,NEAR,MR,1788109200000,exit_timeout,1.869,1152.9164275808519,-34.587492827425585,2.370280883463473,-1,0.0
E21,1000PEPE,MR,1788109200000,enter,0.003675,786424.4320544297,0.0,3.1791207665800316,-1,0.0
E21,LINK,MR,1788109200000,enter,11.556,322.35176102790365,0.0,4.0976066454823,-1,0.0
E21,ETH,MR,1788109200000,stop,2520.3595640595727,2.2724707229173076,-101.48755182362935,4.581954656440006,-1,0.0
E21,HEMI,MR,1788112800000,exit_signal,0.011657,49475.31949260883,39.728681552564886,0.6344071792578754,1,0.0
E21,AAVE,MR,1788112800000,enter,128.71,19.150193583555957,0.0,2.7113035577534363,-1,0.0
E21,DOGE,MR,1788112800000,enter,0.08631,43200.650845235934,0.0,4.101512991897545,-1,0.0
E21,1000PEPE,MR,1788112800000,stop,0.0038034304093241367,786424.4320544297,-101.0008117112522,3.2902216594624094,-1,0.0
E21,ETH,MR,1788116400000,enter,2504.72,1.6806825139129298,0.0,3.367711284998395,-1,0.0
E19,BTR,BRK24,1788120000000,funding,0.16155,1167.9464043735268,0.06716315274938434,0.0,-1,0.06716315274938434
E19,ENA,BRK24,1788120000000,funding,0.15974,4364.740560985566,0.04708351357151517,0.0,1,0.04708351357151517
E20,KORU,BRK24GATE,1788120000000,exit,21.49,74.54591409020598,9.690968831726703,1.7621908631783794,1,0.0
E20,FARTCOIN,BRK24GATE,1788120000000,enter,0.18444,4817.646452700397,0.0,0.9774233829096675,-1,0.0
E20,FARTCOIN,BRK24GATE,1788120000000,funding,0.18075,4817.646452700397,0.04353947981627984,0.0,-1,0.04353947981627984
E20,SOL,BRK24GATE,1788123600000,exit,104.34,20.017864197456554,-37.63358469121823,1.6709311602900936,1,0.0
E20,CL,BRK24GATE,1788123600000,enter,84.31,70.25895266497436,0.0,6.515885529102388,1,0.0
E19,ADA,BRK24,1788127200000,exit,0.1997,10016.788532760307,-36.0604387179373,2.2003879369914565,1,0.0
E19,NEAR,BRK24,1788127200000,exit,1.864,780.5616055382056,-17.172355321840367,1.6004635159955372,1,0.0
E19,CL,BRK24,1788127200000,enter,85.15,63.66266453056288,0.0,5.962963473255173,1,0.0
E19,DOGE,BRK24,1788127200000,enter,0.08427,25355.884470426863,0.0,2.350414422755159,-1,0.0
E21,ADA,MR,1788127200000,exit_signal,0.2011,15530.274952394555,32.61357740002842,3.4354521222192,-1,0.0
E21,DOGE,MR,1788127200000,exit_signal,0.08506,43200.650845235934,54.00081355654496,4.0421120969853455,-1,0.0
E21,CL,MR,1788127200000,enter,84.89,97.90845384987665,0.0,9.142593512047632,-1,0.0
E21,FARTCOIN,MR,1788127200000,enter,0.18132,6874.416260297475,0.0,1.371116071948852,1,0.0
E19,1000PEPE,BRK24,1788130800000,exit,0.003612,516474.0183774071,-36.153181286418366,2.052054569817114,1,0.0
E19,ENA,BRK24,1788130800000,exit,0.15585,4364.740560985566,-29.156466947383663,0.7482692980725605,1,0.0
E19,ADA,BRK24,1788130800000,enter,0.1982,8138.046849944098,0.0,1.7742569742248122,-1,0.0
E19,AKE,BRK24,1788130800000,enter,0.007711,43246.10468412142,0.0,0.36681778454118635,-1,0.0
E21,AAVE,MR,1788130800000,exit_signal,125.94,19.150193583555957,53.0460362264502,2.6529529179043414,-1,0.0
E21,HEMI,MR,1788130800000,enter,0.014058,42942.27271321984,0.0,0.664050716782689,-1,0.0
E19,AAVE,BRK24,1788134400000,exit,124.28,12.629226010114287,-33.846325707106196,1.7265162293907041,1,0.0
E19,1000PEPE,BRK24,1788134400000,enter,0.003569,341683.7096955317,0.0,1.341416075893688,-1,0.0
E19,BTR,BRK24,1788134400000,funding,0.1617,1167.9464043735268,0.04257401853856234,0.0,-1,0.04257401853856234
E19,DOGE,BRK24,1788134400000,funding,0.08198,25355.884470426863,-0.036023444835987344,0.0,-1,-0.036023444835987344
E19,ADA,BRK24,1788134400000,funding,0.1925,8138.046849944098,0.0644175236454175,0.0,-1,0.0644175236454175
E19,AKE,BRK24,1788134400000,funding,0.007938,43246.10468412142,0.01716437894912779,0.0,-1,0.01716437894912779
E19,1000PEPE,BRK24,1788134400000,funding,0.003401,341683.7096955317,-0.15395054298343822,0.0,-1,-0.15395054298343822
E20,BTC,BRK24GATE,1788134400000,exit,78080.7,0.054751486768682224,-42.005340648932844,3.420027530351557,1,0.0
E20,ETH,BRK24GATE,1788134400000,exit,2455.56,1.484106375335484,-25.422742209497002,2.9154498008150407,1,0.0
E20,LINK,BRK24GATE,1788134400000,exit,11.355,207.5276734753782,-41.71306236855076,2.5921244055442116,1,0.0
E20,1000PEPE,BRK24GATE,1788134400000,enter,0.003569,352223.7748666503,0.0,1.3827953177489825,-1,0.0
E20,AAVE,BRK24GATE,1788134400000,enter,123.23,10.941665537428767,0.0,1.483175588595082,-1,0.0
E20,ADA,BRK24GATE,1788134400000,enter,0.1969,7306.9520850453355,0.0,1.5826127520999693,-1,0.0
E20,UNI,BRK24GATE,1788134400000,funding,5.127,274.1289949925277,-0.14054593573266894,0.0,1,-0.14054593573266894
E20,FARTCOIN,BRK24GATE,1788134400000,funding,0.17486,4817.646452700397,0.04212068293595957,0.0,-1,0.04212068293595957
E20,1000PEPE,BRK24GATE,1788134400000,funding,0.003401,352223.7748666503,-0.15869952196642936,0.0,-1,-0.15869952196642936
E20,AAVE,BRK24GATE,1788134400000,funding,122.33,10.941665537428767,-0.0629627551819098,0.0,-1,-0.0629627551819098
E20,ADA,BRK24GATE,1788134400000,funding,0.1925,7306.9520850453355,0.057838909924384854,0.0,-1,0.057838909924384854
E21,BTC,MR,1788134400000,exit_signal,78394.5,0.08542307291001634,30.26539473201904,5.3573592713954215,-1,0.0
E21,ETH,MR,1788134400000,exit_signal,2469.57,1.6806825139129298,59.07599036403887,3.3204504927071636,-1,0.0
E21,LINK,MR,1788134400000,exit_signal,11.43,322.35176102790365,40.61632188951568,4.0529286914038325,-1,0.0
E21,ADA,MR,1788134400000,enter,0.1982,12118.495162970623,0.0,2.6420743154308552,1,0.0
E21,DOGE,MR,1788134400000,enter,0.08363,35298.80584108623,0.0,3.2472430457390455,1,0.0
E21,ENA,MR,1788134400000,enter,0.15563,6961.6007156519645,0.0,1.1917773113146066,1,0.0
E21,ADA,MR,1788134400000,same_bar_stop,0.1898269003434673,12118.495162970623,-101.46936768676233,2.5304580109754164,1,0.0
E21,DOGE,MR,1788134400000,same_bar_stop,0.08075616490766571,35298.80584108623,-101.442946943608,3.1356558041010762,1,0.0
E21,FARTCOIN,MR,1788134400000,funding,0.17486,6874.416260297475,-0.06010302136378082,0.0,1,-0.06010302136378082
E21,HEMI,MR,1788134400000,funding,0.01378,42942.27271321984,0.029587225899408476,0.0,-1,0.029587225899408476
E21,ENA,MR,1788134400000,funding,0.148,6961.6007156519645,0.027128244132781202,0.0,1,0.027128244132781202
E21,1000PEPE,MR,1788138000000,enter,0.003401,463792.15532404656,0.0,1.7350928322827905,1,0.0
E21,AAVE,MR,1788138000000,enter,122.33,15.245613985430639,0.0,2.051495554721503,1,0.0
E20,UNI,BRK24GATE,1788145200000,exit,5.052,274.1289949925277,147.48139930597972,1.5233896509724747,1,0.0
E20,HEMI,BRK24GATE,1788145200000,enter,0.014999,23638.595436947995,0.0,0.39001082225466127,1,0.0
E19,BTR,BRK24,1788148800000,funding,0.16077,1167.9464043735268,0.07437786918050565,0.0,-1,0.07437786918050565
E19,AKE,BRK24,1788148800000,funding,0.007994,43246.10468412142,0.01728546804224333,0.0,-1,0.01728546804224333
E20,FARTCOIN,BRK24GATE,1788148800000,funding,0.17404,4817.646452700397,0.04192315943139886,0.0,-1,0.04192315943139886
E20,HEMI,BRK24GATE,1788148800000,funding,0.015743,23638.595436947995,-0.018607120398193615,0.0,1,-0.018607120398193615
E21,FARTCOIN,MR,1788148800000,funding,0.17404,6874.416260297475,-0.05982117029710862,0.0,1,-0.05982117029710862
E21,HEMI,MR,1788148800000,funding,0.015743,42942.27271321984,0.033802009966211,0.0,-1,0.033802009966211
E21,ENA,MR,1788148800000,funding,0.14914,6961.6007156519645,-0.0519126565366167,0.0,1,-0.0519126565366167
E21,CL,MR,1788156000000,stop,85.91039140485834,97.90845384987665,-99.904944771384,9.252488951296154,-1,0.0
E21,ONG,MR,1788159600000,enter,0.09493,6352.788164782596,0.0,0.6633771985310931,1,0.0
E21,ONG,MR,1788159600000,funding,0.0942,6352.788164782596,-0.007480408064031508,0.0,1,-0.007480408064031508
E19,BTR,BRK24,1788163200000,funding,0.09472,1167.9464043735268,0.005531394171113023,0.0,-1,0.005531394171113023
E19,DOGE,BRK24,1788163200000,funding,0.08269,25355.884470426863,0.03107276924725923,0.0,-1,0.03107276924725923
E19,ADA,BRK24,1788163200000,funding,0.1961,8138.046849944098,0.12567484024783046,0.0,-1,0.12567484024783046
E19,AKE,BRK24,1788163200000,funding,0.008008,43246.10468412142,0.017315740315522216,0.0,-1,0.017315740315522216
E19,1000PEPE,BRK24,1788163200000,funding,0.003511,341683.7096955317,0.11996515047410118,0.0,-1,0.11996515047410118
E20,FARTCOIN,BRK24GATE,1788163200000,funding,0.17644,4817.646452700397,0.04250127700572291,0.0,-1,0.04250127700572291
E20,1000PEPE,BRK24GATE,1788163200000,funding,0.003511,352223.7748666503,0.12366576735568093,0.0,-1,0.12366576735568093
E20,AAVE,BRK24GATE,1788163200000,funding,123.53,10.941665537428767,0.031749646440768144,0.0,-1,0.031749646440768144
E20,ADA,BRK24GATE,1788163200000,funding,0.1961,7306.9520850453355,0.11284034768034448,0.0,-1,0.11284034768034448
E20,HEMI,BRK24GATE,1788163200000,funding,0.015276,23638.595436947995,-0.018055159194740877,0.0,1,-0.018055159194740877
E21,FARTCOIN,MR,1788163200000,funding,0.17644,6874.416260297475,-0.060646100248344326,0.0,1,-0.060646100248344326
E21,HEMI,MR,1788163200000,funding,0.015276,42942.27271321984,0.03279930789835732,0.0,-1,0.03279930789835732
E21,ENA,MR,1788163200000,funding,0.15043,6961.6007156519645,0.03174165028431896,0.0,1,0.03174165028431896
E21,1000PEPE,MR,1788163200000,funding,0.003511,463792.15532404656,-0.16283742573427273,0.0,1,-0.16283742573427273
E21,AAVE,MR,1788163200000,funding,123.53,15.245613985430639,-0.044238498440119595,0.0,1,-0.044238498440119595
E21,ONG,MR,1788163200000,funding,0.09595,6352.788164782596,0.92814353566973,0.0,1,0.92814353566973
E21,HEMI,MR,1788166800000,stop,0.016393780855812758,42942.27271321984,-100.3037385086295,0.7743848291421815,-1,0.0
E21,ONG,MR,1788166800000,funding,0.09549,6352.788164782596,0.9005934792806483,0.0,1,0.9005934792806483
E21,BTR,MR,1788170400000,enter,0.08868,1929.5557059437017,0.0,0.1882243000033962,1,0.0
E21,ONG,MR,1788170400000,funding,0.09437,6352.788164782596,0.6891337605413672,0.0,1,0.6891337605413672
E21,ONG,MR,1788174000000,funding,0.09443,6352.788164782596,0.35560503870244126,0.0,1,0.35560503870244126
E19,BTR,BRK24,1788177600000,funding,0.10041,1167.9464043735268,0.005863674923157291,0.0,-1,0.005863674923157291
E19,AKE,BRK24,1788177600000,funding,0.007985,43246.10468412142,0.01726600729513548,0.0,-1,0.01726600729513548
E20,FARTCOIN,BRK24GATE,1788177600000,funding,0.17392,4817.646452700397,0.041894253552682656,0.0,-1,0.041894253552682656
E20,HEMI,BRK24GATE,1788177600000,funding,0.014889,23638.595436947995,-0.017597752373035933,0.0,1,-0.017597752373035933
E21,1000PEPE,MR,1788177600000,exit_signal,0.00359,463792.15532404656,87.65671735624477,1.83151522137466,1,0.0
E21,FARTCOIN,MR,1788177600000,funding,0.17392,6874.416260297475,-0.05977992379954684,0.0,1,-0.05977992379954684
E21,ENA,MR,1788177600000,funding,0.14922,6961.6007156519645,0.044907758841473806,0.0,1,0.044907758841473806
E21,ONG,MR,1788177600000,funding,0.09423,6352.788164782596,0.3137982965199046,0.0,1,0.3137982965199046
E21,BTR,MR,1788177600000,funding,0.10041,1929.5557059437017,-0.009687334421690355,0.0,1,-0.009687334421690355
E19,1000PEPE,BRK24,1788181200000,exit,0.00361,341683.7096955317,-14.009032097516732,1.3568260112009563,-1,0.0
E19,XAG,BRK24,1788181200000,enter,67.51,50.47503692977074,0.0,3.748326717441705,1,0.0
E20,1000PEPE,BRK24GATE,1788181200000,exit,0.00361,352223.7748666503,-14.441174769532592,1.3986806099954683,-1,0.0
E21,ONG,MR,1788181200000,funding,0.09381,6352.788164782596,0.6264739162450313,0.0,1,0.6264739162450313
E21,ONG,MR,1788184800000,funding,0.09274,6352.788164782596,0.26945710822847035,0.0,1,0.26945710822847035
E20,AAVE,BRK24GATE,1788188400000,exit,124.42,10.941665537428767,-13.020581989540208,1.497498228783576,-1,0.0
E20,MU,BRK24GATE,1788188400000,enter,950.97,2.921318741625241,0.0,3.0558951320956913,1,0.0
E20,NVDA,BRK24GATE,1788188400000,enter,219.44,24.280205734358823,0.0,5.86085318098247,1,0.0
E21,MU,MR,1788188400000,enter,950.44,4.462915500155737,0.0,4.6659067487648205,-1,0.0
E21,ONG,MR,1788188400000,funding,0.09304,6352.788164782596,-0.00738829263564216,0.0,1,-0.00738829263564216
E19,DOGE,BRK24,1788192000000,exit,0.08325,25355.884470426863,25.863002159835226,2.3219651203793403,-1,0.0
E19,XAG,BRK24,1788192000000,exit,66.15,50.47503692977074,-68.64605022448818,3.672816062194768,1,0.0
E19,SNDK,BRK24,1788192000000,enter,1541.11,1.1869994939681443,0.0,2.0122264691641716,1,0.0
E19,BTR,BRK24,1788192000000,funding,0.09983,1167.9464043735268,0.00582980447743046,0.0,-1,0.00582980447743046
E19,CL,BRK24,1788192000000,funding,85.51,63.66266453056288,0.06026280449517335,0.0,1,0.06026280449517335
E19,ADA,BRK24,1788192000000,funding,0.1957,8138.046849944098,0.15926157685340603,0.0,-1,0.15926157685340603
E19,AKE,BRK24,1788192000000,funding,0.007995,43246.10468412142,0.016112071483849064,0.0,-1,0.016112071483849064
E20,FARTCOIN,BRK24GATE,1788192000000,funding,0.17255,4817.646452700397,0.041564244770672686,0.0,-1,0.041564244770672686
E20,CL,BRK24GATE,1788192000000,funding,85.51,70.25895266497436,0.06650682247916828,0.0,1,0.06650682247916828
E20,ADA,BRK24GATE,1788192000000,funding,0.1957,7306.9520850453355,0.14299705230433724,0.0,-1,0.14299705230433724
E20,HEMI,BRK24GATE,1788192000000,funding,0.014753,23638.595436947995,-0.01743700992406469,0.0,1,-0.01743700992406469
E21,AAVE,MR,1788192000000,exit_signal,124.82,15.245613985430639,37.96157882372221,2.093253291427598,1,0.0
E21,SNDK,MR,1788192000000,enter,1525.85,1.8319130837092392,0.0,3.0747470366555167,-1,0.0
E21,FARTCOIN,MR,1788192000000,funding,0.17255,6874.416260297475,-0.059309026285716465,0.0,1,-0.059309026285716465
E21,ENA,MR,1788192000000,funding,0.15133,6961.6007156519645,-0.05267495181498059,0.0,1,-0.05267495181498059
E21,ONG,MR,1788192000000,funding,0.09422,6352.788164782596,0.03201097280337345,0.0,1,0.03201097280337345
E21,BTR,MR,1788192000000,funding,0.09983,1929.5557059437017,-0.009631377306217988,0.0,1,-0.009631377306217988
E19,HYPE,BRK24,1788195600000,enter,84.02,17.223879174075854,0.0,1.5918653610264386,1,0.0
E21,ONG,MR,1788195600000,funding,0.09239,6352.788164782596,-0.007336676231803302,0.0,1,-0.007336676231803302
E20,FARTCOIN,BRK24GATE,1788199200000,exit,0.1771,4817.646452700397,35.361524962820845,0.9385257054505645,-1,0.0
E21,ONG,MR,1788199200000,funding,0.09142,6352.788164782596,0.033754462480699576,0.0,1,0.033754462480699576
E19,ADA,BRK24,1788202800000,exit,0.1984,8138.046849944098,-1.627609369988866,1.7760473445318,-1,0.0
E19,SNDK,BRK24,1788202800000,exit,1475.2,1.1869994939681443,-78.23513664744021,1.9261678188519875,1,0.0
E19,BTC,BRK24,1788202800000,enter,79154.5,0.032524483414594005,0.0,2.059567377952385,1,0.0
E19,HEMI,BRK24,1788202800000,enter,0.01689,18857.22011560145,0.0,0.35034829252775934,1,0.0
E20,ADA,BRK24GATE,1788202800000,exit,0.1984,7306.9520850453355,-10.960428127568013,1.5946692230402941,-1,0.0
E20,BTC,BRK24GATE,1788202800000,enter,79154.5,0.033098363105443174,0.0,2.0959075059438415,1,0.0
E21,ONG,MR,1788202800000,funding,0.09127,6352.788164782596,-0.007247737197496345,0.0,1,-0.007247737197496345
E19,BTR,BRK24,1788206400000,funding,0.09841,1167.9464043735268,0.005746880282719939,0.0,-1,0.005746880282719939
E19,AKE,BRK24,1788206400000,funding,0.007808,43246.10468412142,0.016883279268681002,0.0,-1,0.016883279268681002
E19,HEMI,BRK24,1788206400000,funding,0.016121,18857.22011560145,-0.015199862274180548,0.0,1,-0.015199862274180548
E20,HEMI,BRK24GATE,1788206400000,funding,0.016121,23638.595436947995,-0.01905388985195193,0.0,1,-0.01905388985195193
E21,FARTCOIN,MR,1788206400000,exit_signal,0.17886,6874.416260297475,-16.91106400033191,1.352513901548487,1,0.0
E21,SNDK,MR,1788206400000,exit_signal,1473.19,1.8319130837092392,96.46854298812828,2.9686316393685757,-1,0.0
E21,HEMI,MR,1788206400000,enter,0.017145,28323.516106156618,0.0,0.5341673520040607,-1,0.0
E21,HYPE,MR,1788206400000,enter,83.8,25.502531790784648,0.0,2.350823380474529,-1,0.0
E21,ENA,MR,1788206400000,funding,0.14889,6961.6007156519645,-0.05182563652767105,0.0,1,-0.05182563652767105
E21,ONG,MR,1788206400000,funding,0.09154,6352.788164782596,0.6314531267875833,0.0,1,0.6314531267875833
E21,BTR,MR,1788206400000,funding,0.09841,1929.5557059437017,-0.009494378851095985,0.0,1,-0.009494378851095985
E21,HEMI,MR,1788206400000,funding,0.016121,28323.516106156618,0.022830170157367543,0.0,-1,0.022830170157367543
E20,SNDK,BRK24GATE,1788210000000,enter,1573.2,0.7959973883790862,0.0,1.3774894005377762,1,0.0
E21,ONG,MR,1788210000000,funding,0.09058,6352.788164782596,0.5678052765469382,0.0,1,0.5678052765469382
E21,ONG,MR,1788213600000,funding,0.09083,6352.788164782596,0.28698276156873254,0.0,1,0.28698276156873254
E21,ONG,MR,1788217200000,funding,0.09063,6352.788164782596,3.3329546194187216,0.0,1,3.3329546194187216
E19,BTR,BRK24,1788220800000,funding,0.09517,1167.9464043735268,0.005557672965211428,0.0,-1,0.005557672965211428
E19,CL,BRK24,1788220800000,funding,86.38,63.66266453056288,0.8644162554403619,0.0,1,0.8644162554403619
E19,AKE,BRK24,1788220800000,funding,0.008097,43246.10468412142,0.010049698466304402,0.0,-1,0.010049698466304402
E19,HYPE,BRK24,1788220800000,funding,84.16,17.223879174075854,-0.1449561671290224,0.0,1,-0.1449561671290224
E19,BTC,BRK24,1788220800000,funding,78541.8,0.032524483414594005,-0.05566324076294692,0.0,1,-0.05566324076294692
E19,HEMI,BRK24,1788220800000,funding,0.015998,18857.22011560145,-0.015083890370469599,0.0,1,-0.015083890370469599
E20,CL,BRK24GATE,1788220800000,funding,86.38,70.25895266497436,0.9539811319814043,0.0,1,0.9539811319814043
E20,HEMI,BRK24GATE,1788220800000,funding,0.015998,23638.595436947995,-0.0189085124900147,0.0,1,-0.0189085124900147
E20,BTC,BRK24GATE,1788220800000,funding,78541.8,0.033098363105443174,-0.05664539328458756,0.0,1,-0.05664539328458756
E21,ENA,MR,1788220800000,exit_signal,0.15038,6961.6007156519645,-36.54840375717265,1.151574067181717,1,0.0
E21,AKE,MR,1788220800000,enter,0.007701,98957.00482250724,0.0,0.8382746835519411,1,0.0
E21,ONG,MR,1788220800000,funding,0.0886,6352.788164782596,2.2310245582107116,0.0,1,2.2310245582107116
E21,BTR,MR,1788220800000,funding,0.09517,1929.5557059437017,-0.009181790826733106,0.0,1,-0.009181790826733106
E21,HEMI,MR,1788220800000,funding,0.015998,28323.516106156618,0.02265598053331468,0.0,-1,0.02265598053331468
E21,HYPE,MR,1788220800000,funding,84.16,25.502531790784648,0.2146293075512436,0.0,-1,0.2146293075512436
E21,AKE,MR,1788220800000,funding,0.008097,98957.00482250724,-0.02299601471297304,0.0,1,-0.02299601471297304
E19,AKE,BRK24,1788224400000,exit,0.00814,43246.10468412142,-18.552578909488076,0.3872256213416232,-1,0.0
E19,BTR,BRK24,1788224400000,exit,0.10485,1167.9464043735268,55.372339031348915,0.13470509854842072,-1,0.0
E19,AAVE,BRK24,1788224400000,enter,125.11,11.76246748317362,0.0,1.6187625375018366,1,0.0
E19,MU,BRK24,1788224400000,enter,960.31,2.4305794295633953,0.0,2.5675207052044264,1,0.0
E21,ONG,MR,1788224400000,funding,0.09079,6352.788164782596,3.1744304984621663,0.0,1,3.1744304984621663
E21,AKE,MR,1788228000000,exit_signal,0.008132,98957.00482250724,42.65046907850061,0.8851901995382918,1,0.0
E21,BTR,MR,1788228000000,exit_signal,0.1247,1929.5557059437017,69.50259652809216,0.2646771561842976,1,0.0
E21,HEMI,MR,1788228000000,exit_signal,0.015453,28323.516106156618,47.92338925161702,0.481451623827282,-1,0.0
E21,AAVE,MR,1788228000000,enter,125.3,18.524423391565083,0.0,2.5532212760594155,-1,0.0
E21,NEAR,MR,1788228000000,enter,1.951,834.203132922072,0.0,1.7902833435640588,-1,0.0
E21,PUMPFUN,MR,1788228000000,enter,0.004604,248986.26525292444,0.0,1.2609660417469106,-1,0.0
E21,ONG,MR,1788228000000,funding,0.09094,6352.788164782596,2.3706613984345903,0.0,1,2.3706613984345903
E21,ONG,MR,1788231600000,funding,0.09255,6352.788164782596,1.2432567036964346,0.0,1,1.2432567036964346
E12,HYPE,BRK24TP,1788235200000,timeout,84.29,37.44042384062018,10.108914436967831,2.5246826604207,1,0.0
E12,BTR,BRK24TP,1788235200000,enter,0.16469,3023.64146351864,0.0,0.3983708101015079,1,0.0
E12,BTR,BRK24TP,1788235200000,funding,0.16608,3023.64146351864,-0.02510831871305879,0.0,1,-0.02510831871305879
E19,HEMI,BRK24,1788235200000,funding,0.015037,18857.22011560145,-0.01417780094391495,0.0,1,-0.01417780094391495
E20,HEMI,BRK24GATE,1788235200000,funding,0.015037,23638.595436947995,-0.01777267797926935,0.0,1,-0.01777267797926935
E21,ONG,MR,1788235200000,funding,0.093,6352.788164782596,0.8758984186209615,0.0,1,0.8758984186209615
E21,PUMPFUN,MR,1788235200000,funding,0.004517,248986.26525292444,0.05623354800737299,0.0,-1,0.05623354800737299
E11,BTC,BRK24TP,1788242400000,timeout,79155.1,0.06942032553711602,0.041652195322673696,4.395978247938379,1,0.0
E12,XRP,BRK24TP,1788242400000,enter,1.3958,2437.4831484521537,0.0,2.7217911828876127,1,0.0
E12,BTR,BRK24TP,1788249600000,funding,0.20865,3023.64146351864,-0.031544139568158214,0.0,1,-0.031544139568158214
E12,XRP,BRK24TP,1788249600000,funding,1.3794,2437.4831484521537,-0.3362264254974901,0.0,1,-0.3362264254974901
E11,SOL,BRK24TP,1788253200000,enter,102.1,34.61693572140393,0.0,2.827511309724273,-1,0.0
E12,XRP,BRK24TP,1788253200000,exit,1.3686,2437.4831484521537,-66.29954163789832,2.668751549577294,1,0.0
E12,BTR,BRK24TP,1788260400000,exit,0.09922451836116711,3023.64146351864,-197.94414471239335,0.24001549433159322,1,0.0
E11,BTC,BRK24TP,1788271200000,enter,77650.3,0.07508225327529713,0.0,4.664127593202244,-1,0.0
E12,XRP,BRK24TP,1788271200000,enter,1.3583,2350.130374382891,0.0,2.553745670019425,-1,0.0
E11,SOL,BRK24TP,1788278400000,funding,101.96,34.61693572140393,-0.3989442188584255,0.0,-1,-0.3989442188584255
E11,BTC,BRK24TP,1788278400000,funding,77872.3,0.07508225327529713,0.14073314398413922,0.0,-1,0.14073314398413922
E12,XRP,BRK24TP,1788278400000,funding,1.3772,2350.130374382891,-0.02220307292397681,0.0,-1,-0.02220307292397681
E12,HYPE,BRK24TP,1788285600000,enter,81.86,34.939460068784165,0.0,2.2881153609845373,-1,0.0
E11,SOL,BRK24TP,1788292800000,timeout,100.01,34.61693572140393,72.34939565773384,2.769631793198086,-1,0.0
E11,BTC,BRK24TP,1788307200000,funding,77392.6,0.07508225327529713,0.11859864832255707,0.0,-1,0.11859864832255707
E12,XRP,BRK24TP,1788307200000,funding,1.351,2350.130374382891,0.21837829761972466,0.0,-1,0.21837829761972466
E12,HYPE,BRK24TP,1788307200000,funding,82.75,34.939460068784165,-0.11897453919647126,0.0,-1,-0.11897453919647126
E11,BTC,BRK24TP,1788310800000,timeout,77175.1,0.07508225327529713,35.67908675642098,4.635584323797107,-1,0.0
E12,XRP,BRK24TP,1788310800000,timeout,1.3407,2350.130374382891,41.362294589139026,2.520655834348114,-1,0.0
E12,XRP,BRK24TP,1788314400000,enter,1.337,2240.7395936614616,0.0,2.396695069380299,-1,0.0
E12,BTR,BRK24TP,1788321600000,enter,0.07946,2349.2276019996216,0.0,0.14933570020391196,-1,0.0
E12,BTR,BRK24TP,1788321600000,funding,0.07108,2349.2276019996216,-0.024040556611880662,0.0,-1,-0.024040556611880662
E12,HYPE,BRK24TP,1788325200000,timeout,83.07,34.939460068784165,-42.27674668322862,2.3219367583311206,-1,0.0
E12,XRP,BRK24TP,1788336000000,funding,1.3448,2240.7395936614616,0.3013346605555934,0.0,-1,0.3013346605555934
E12,BTR,BRK24TP,1788336000000,funding,0.05574,2349.2276019996216,-0.31667312980402706,0.0,-1,-0.31667312980402706
E11,ETH,BRK24TP,1788343200000,enter,2381.92,1.8413623551872957,0.0,3.508782256854179,-1,0.0
E11,SOL,BRK24TP,1788343200000,enter,98.27,35.15157489006775,0.0,2.7634762115575664,-1,0.0
E12,BTR,BRK24TP,1788350400000,funding,0.04866,2349.2276019996216,-0.1713935326818265,0.0,-1,-0.1713935326818265
E12,XRP,BRK24TP,1788354000000,timeout,1.3173,2240.7395936614616,44.142569995130906,2.361381013384195,-1,0.0
E12,BTR,BRK24TP,1788361200000,timeout,0.04955,2349.2276019996216,70.26539757580869,0.093123382143265,-1,0.0
E11,ETH,BRK24TP,1788364800000,funding,2389.97,1.8413623551872957,0.1218581738204671,0.0,-1,0.1218581738204671
E11,SOL,BRK24TP,1788364800000,funding,99.27,35.15157489006775,0.005618089911332611,0.0,-1,0.005618089911332611
E11,ETH,BRK24TP,1788382800000,timeout,2392.63,1.8413623551872957,-19.720990824056006,3.524559049513424,-1,0.0
E11,SOL,BRK24TP,1788382800000,timeout,99.65,35.15157489006775,-48.509173348293835,2.802283550236201,-1,0.0
E12,BTR,BRK24TP,1788386400000,enter,0.04376,3030.73568962903,0.0,0.10609999502253309,-1,0.0
E12,BTR,BRK24TP,1788393600000,funding,0.04536,3030.73568962903,-0.01835830077952523,0.0,-1,-0.01835830077952523
E12,XRP,BRK24TP,1788400800000,enter,1.3574,2470.0250739542375,0.0,2.682249628308386,1,0.0
E11,BTC,BRK24TP,1788404400000,enter,77777.9,0.07426843144215581,0.0,4.62115410709188,1,0.0
E11,SOL,BRK24TP,1788404400000,enter,100.67,34.70877063234535,0.0,2.7953055516465652,1,0.0
E12,BTR,BRK24TP,1788408000000,funding,0.04431,3030.73568962903,-0.08928665449416946,0.0,-1,-0.08928665449416946
E11,BTC,BRK24TP,1788422400000,funding,77630.8,0.07426843144215581,-0.5412668061446607,0.0,1,-0.5412668061446607
E11,SOL,BRK24TP,1788422400000,funding,100.33,34.70877063234535,-0.04582747540126862,0.0,1,-0.04582747540126862
E12,BTR,BRK24TP,1788422400000,funding,0.0446,3030.73568962903,-0.0533032579084347,0.0,-1,-0.0533032579084347
E12,XRP,BRK24TP,1788422400000,funding,1.365,2470.0250739542375,-0.3371584225947534,0.0,1,-0.3371584225947534
E12,BTR,BRK24TP,1788426000000,exit,0.05156,3030.73568962903,-23.639738379106436,0.12501178572581823,-1,0.0
E12,XRP,BRK24TP,1788440400000,timeout,1.3861,2470.0250739542375,70.88971962248704,2.7389614040063752,1,0.0
E12,HYPE,BRK24TP,1788440400000,enter,82.65,41.06970872531888,0.0,2.715529140918085,1,0.0
E11,BTC,BRK24TP,1788444000000,timeout,78800.4,0.07426843144215581,75.93947114960432,4.681905684011563,1,0.0
E11,SOL,BRK24TP,1788444000000,timeout,101.41,34.70877063234535,25.68449026793538,2.8158531438609136,1,0.0
E11,ETH,BRK24TP,1788444000000,enter,2427.08,1.8605698335632257,0.0,3.6126014653157075,1,0.0
E12,XRP,BRK24TP,1788444000000,enter,1.3909,2394.3013647658177,0.0,2.664187014602221,1,0.0
E11,BTC,BRK24TP,1788447600000,enter,78963.4,0.0734372865171487,0.0,4.639086264134575,1,0.0
E11,ETH,BRK24TP,1788451200000,funding,2516.41,1.8605698335632257,-0.46819565348768366,0.0,1,-0.46819565348768366
E11,BTC,BRK24TP,1788451200000,funding,81321.4,0.0734372865171487,-0.5036804157527588,0.0,1,-0.5036804157527588
E12,HYPE,BRK24TP,1788451200000,funding,84.51,41.06970872531888,-0.19103289168409354,0.0,1,-0.19103289168409354
E12,XRP,BRK24TP,1788451200000,funding,1.4642,2394.3013647658177,-0.3162524498183508,0.0,1,-0.3162524498183508
E11,BTC,BRK24TP,1788465600000,target,81740.40383808785,0.0734372865171487,203.93562651687938,4.8022347653480795,1,0.0
E11,SOL,BRK24TP,1788465600000,enter,105.62,31.92036082818387,0.0,2.6971428085382247,1,0.0
E12,XRP,BRK24TP,1788465600000,target,1.472456990799045,2394.3013647658177,195.27201437634665,2.8204046261032985,1,0.0
E12,XRP,BRK24TP,1788469200000,enter,1.4748,2000.0475416641061,0.0,2.359736091556979,1,0.0
E11,BTC,BRK24TP,1788472800000,enter,81771.4,0.06429634622105254,0.0,4.20608179630414,1,0.0
E11,ETH,BRK24TP,1788480000000,funding,2506.26,1.8605698335632257,-0.466307175106617,0.0,1,-0.466307175106617
E11,SOL,BRK24TP,1788480000000,funding,103.87,31.92036082818387,-0.13786131241811142,0.0,1,-0.13786131241811142
E11,BTC,BRK24TP,1788480000000,funding,81224.6,0.06429634622105254,-0.3839541566401534,0.0,1,-0.3839541566401534
E12,HYPE,BRK24TP,1788480000000,target,87.40597054426513,41.06970872531888,195.326324959165,2.8717902008854166,1,0.0
E12,XRP,BRK24TP,1788480000000,funding,1.4506,2000.0475416641061,-0.29012689639379524,0.0,1,-0.29012689639379524
E11,ETH,BRK24TP,1788483600000,timeout,2500.22,1.8605698335632257,136.08207762681408,3.7214671274171582,1,0.0
E12,BTR,BRK24TP,1788501600000,enter,0.05489,6722.731204658414,0.0,0.29520857265896033,1,0.0
E11,BTC,BRK24TP,1788505200000,exit,80631.6,0.06429634622105254,-73.28497542275494,4.147453815965937,1,0.0
E11,SOL,BRK24TP,1788505200000,timeout,103.56,31.92036082818387,-65.75594330605884,2.644538053893377,1,0.0
E12,XRP,BRK24TP,1788508800000,timeout,1.4434,2000.0475416641061,-62.80149280825312,2.3094948973103766,1,0.0
E12,BTR,BRK24TP,1788508800000,funding,0.05168,6722.731204658414,0.017253410978294047,0.0,1,0.017253410978294047
E11,ETH,BRK24TP,1788512400000,enter,2530.0,1.7892569254973478,0.0,3.621456017206632,1,0.0
E12,BTR,BRK24TP,1788523200000,funding,0.04932,6722.731204658414,-0.01657825515068765,0.0,1,-0.01657825515068765
E11,ETH,BRK24TP,1788526800000,exit,2496.0,1.7892569254973478,-60.83473546690983,3.5727882288331045,1,0.0
E11,SOL,BRK24TP,1788526800000,enter,100.53,37.2698734136475,0.0,2.997392299419187,-1,0.0
E12,BTR,BRK24TP,1788526800000,exit,0.04835,6722.731204658414,-43.96666207846605,0.26003524299618747,1,0.0
E11,BTC,BRK24TP,1788534000000,enter,78644.4,0.05972695532299158,0.0,3.7577524521627836,-1,0.0
E12,XRP,BRK24TP,1788534000000,enter,1.3881,1890.6562069647248,0.0,2.099535904710187,-1,0.0
E11,SOL,BRK24TP,1788537600000,funding,101.38,37.2698734136475,-0.2950945837773631,0.0,-1,-0.2950945837773631
E11,BTC,BRK24TP,1788537600000,funding,79384.9,0.05972695532299158,0.20985517730494804,0.0,-1,0.20985517730494804
E12,XRP,BRK24TP,1788537600000,funding,1.3983,1890.6562069647248,0.016205909039838488,0.0,-1,0.016205909039838488
E12,HYPE,BRK24TP,1788559200000,enter,83.48,33.24606988703439,0.0,2.220305531335705,-1,0.0
E11,SOL,BRK24TP,1788566400000,timeout,101.85,37.2698734136475,-49.19623290601445,3.036749285743998,-1,0.0
E11,BTC,BRK24TP,1788566400000,funding,79621.0,0.05972695532299158,-0.10547743159874103,0.0,-1,-0.10547743159874103
E12,XRP,BRK24TP,1788566400000,funding,1.3978,1890.6562069647248,-0.06059846951296505,0.0,-1,-0.06059846951296505
E12,HYPE,BRK24TP,1788566400000,funding,84.36,33.24606988703439,0.2804638455670221,0.0,-1,0.2804638455670221
E11,BTC,BRK24TP,1788573600000,timeout,79500.7,0.05972695532299158,-51.14419184307787,3.7986678056372454,-1,0.0
E12,XRP,BRK24TP,1788573600000,timeout,1.3958,1890.6562069647248,-14.558052793628457,2.1111823469450903,-1,0.0
E12,HYPE,BRK24TP,1788595200000,funding,84.51,33.24606988703439,0.28096253661532766,0.0,-1,0.28096253661532766
E12,HYPE,BRK24TP,1788598800000,timeout,84.72,33.24606988703439,-41.22512665992247,2.253285632663643,-1,0.0
E11,SOL,BRK24TP,1788616800000,enter,103.22,47.78272444230558,0.0,3.9457062535478253,1,0.0
E12,XRP,BRK24TP,1788620400000,enter,1.4181,2960.198643353256,0.0,3.3582861569114018,1,0.0
E11,SOL,BRK24TP,1788624000000,funding,102.88,47.78272444230558,-0.147083329783482,0.0,1,-0.147083329783482
E12,XRP,BRK24TP,1788624000000,funding,1.4116,2960.198643353256,-0.060255648559486515,0.0,1,-0.060255648559486515
E11,BTC,BRK24TP,1788627600000,enter,79840.4,0.10411809297065358,0.0,6.650264152011335,1,0.0
E12,HYPE,BRK24TP,1788627600000,enter,85.67,46.62160578663546,0.0,3.195258374192848,1,0.0
E11,SOL,BRK24TP,1788652800000,funding,103.11,47.78272444230558,-0.28945400713821,0.0,1,-0.28945400713821
E11,BTC,BRK24TP,1788652800000,funding,79795.3,0.10411809297065358,-0.13342863949218037,0.0,1,-0.13342863949218037
E12,XRP,BRK24TP,1788652800000,exit,1.4015,2960.198643353256,-49.139297479663895,3.3189747189276706,1,0.0
E12,HYPE,BRK24TP,1788652800000,funding,85.36,46.62160578663546,-0.2442690921693593,0.0,1,-0.2442690921693593
E11,SOL,BRK24TP,1788656400000,timeout,103.25,47.78272444230558,1.4334817332692218,3.946853038934441,1,0.0
E11,ETH,BRK24TP,1788660000000,enter,2493.12,2.7109477528907684,0.0,5.406974449349626,1,0.0
E12,HYPE,BRK24TP,1788660000000,exit,84.97,46.62160578663546,-32.635124050644954,3.1691502749523326,1,0.0
E11,BTC,BRK24TP,1788667200000,timeout,79991.0,0.10411809297065358,15.680184801381035,6.662808299852441,1,0.0
E11,SOL,BRK24TP,1788667200000,enter,104.72,48.38629386585535,0.0,4.053610154905898,1,0.0
E12,XRP,BRK24TP,1788667200000,enter,1.4273,3181.4212732858127,0.0,3.632674066688673,1,0.0
E12,BTR,BRK24TP,1788667200000,enter,0.04733,17140.88866599399,0.0,0.6490226084491965,-1,0.0
E12,BTR,BRK24TP,1788667200000,funding,0.04691,17140.88866599399,0.0402039543660889,0.0,-1,0.0402039543660889
E11,ETH,BRK24TP,1788681600000,funding,2495.78,2.7109477528907684,-0.42273525533570344,0.0,1,-0.42273525533570344
E11,SOL,BRK24TP,1788681600000,funding,105.17,48.38629386585535,-0.5088786525872008,0.0,1,-0.5088786525872008
E12,XRP,BRK24TP,1788681600000,funding,1.4161,3181.4212732858127,-0.09897947831224786,0.0,1,-0.09897947831224786
E12,BTR,BRK24TP,1788681600000,funding,0.04776,17140.88866599399,0.04093244213439364,0.0,-1,0.04093244213439364
E12,BTR,BRK24TP,1788696000000,funding,0.04756,17140.88866599399,0.08949492459872412,0.0,-1,0.08949492459872412
E11,ETH,BRK24TP,1788699600000,timeout,2499.31,2.7109477528907684,16.780766590394006,5.420399062621941,1,0.0
E14,BTR,BRK24GATE,1788238800000,enter,0.16722,2770.3081639385637,0.0,0.3706007449390453,1,0.0
E13,BTC,BRK24GATE,1788249600000,funding,78606.5,0.06730300763192555,-0.5290453869418956,0.0,1,-0.5290453869418956
E14,HYPE,BRK24GATE,1788249600000,exit,83.33,37.67235984234999,-25.99392829122141,2.51139019653042,1,0.0
E14,BTR,BRK24GATE,1788249600000,funding,0.20865,2770.3081639385637,-0.02890123992028907,0.0,1,-0.02890123992028907
E13,BTC,BRK24GATE,1788253200000,exit,78124.4,0.06730300763192555,-69.3288281616469,4.206405671551684,1,0.0
E15,BTC,BBMR,1788256800000,enter,77838.6,0.043015943242984134,0.0,2.678640639770676,1,0.0
E15,ETH,BBMR,1788256800000,enter,2446.81,1.368070230013809,0.0,2.6779263356000707,1,0.0
E15,SOL,BBMR,1788256800000,enter,102.01,32.80575705703579,0.0,2.6772122219105774,1,0.0
E16,XRP,BBMR,1788256800000,enter,1.3621,2302.1716474971654,0.0,2.5086304008447113,1,0.0
E14,BTR,BRK24GATE,1788260400000,exit,0.09639724676278516,2770.3081639385637,-196.20085148566264,0.21364006375051522,1,0.0
E16,XRP,BBMR,1788267600000,exit_signal,1.3816,2302.1716474971654,44.89234712619438,2.5445442785456667,1,0.0
E13,BTC,BRK24GATE,1788271200000,enter,77650.3,0.07229338008927078,0.0,4.490882121556722,-1,0.0
E13,ETH,BRK24GATE,1788271200000,enter,2436.0,1.8612383060608635,0.0,3.627181210851411,-1,0.0
E14,XRP,BRK24GATE,1788271200000,enter,1.3583,2339.921217184507,0.0,2.542651991441373,-1,0.0
E13,BTC,BRK24GATE,1788278400000,funding,77872.3,0.07229338008927078,0.1355057184005801,0.0,-1,0.1355057184005801
E13,ETH,BRK24GATE,1788278400000,funding,2448.06,1.8612383060608635,0.23570376424900405,0.0,-1,0.23570376424900405
E14,XRP,BRK24GATE,1788278400000,funding,1.3772,2339.921217184507,-0.02210662097210261,0.0,-1,-0.02210662097210261
E15,BTC,BBMR,1788278400000,funding,77872.3,0.043015943242984134,-0.08062849301860525,0.0,1,-0.08062849301860525
E15,ETH,BBMR,1788278400000,funding,2448.06,1.368070230013809,-0.17324987451698784,0.0,1,-0.17324987451698784
E15,SOL,BBMR,1788278400000,funding,101.96,32.80575705703579,0.37807122006718274,0.0,1,0.37807122006718274
E16,HYPE,BBMR,1788285600000,enter,82.28,38.27257808950928,0.0,2.519254180163859,1,0.0
E14,HYPE,BRK24GATE,1788289200000,enter,81.53,34.80056130278955,0.0,2.2698318104131463,-1,0.0
E16,XRP,BBMR,1788292800000,enter,1.3554,2322.7298021332713,0.0,2.518582379049149,1,0.0
E13,BTC,BRK24GATE,1788307200000,funding,77392.6,0.07229338008927078,0.11419339174357569,0.0,-1,0.11419339174357569
E13,ETH,BRK24GATE,1788307200000,funding,2417.18,1.8612383060608635,0.06514476716516798,0.0,-1,0.06514476716516798
E14,XRP,BRK24GATE,1788307200000,funding,1.351,2339.921217184507,0.21742964456055097,0.0,-1,0.21742964456055097
E14,HYPE,BRK24GATE,1788307200000,funding,82.75,34.80056130278955,-0.11850156632721012,0.0,-1,-0.11850156632721012
E15,BTC,BBMR,1788307200000,funding,77392.6,0.043015943242984134,-0.06794725121304054,0.0,1,-0.06794725121304054
E15,ETH,BBMR,1788307200000,funding,2417.18,1.368070230013809,-0.0478835065395076,0.0,1,-0.0478835065395076
E15,SOL,BBMR,1788307200000,funding,99.93,32.80575705703579,0.2718349197806789,0.0,1,0.2718349197806789
E16,HYPE,BBMR,1788307200000,funding,82.75,38.27257808950928,0.13032434768871864,0.0,1,0.13032434768871864
E16,XRP,BBMR,1788307200000,funding,1.351,2322.7298021332713,-0.21583218767327136,0.0,1,-0.21583218767327136
E16,HYPE,BBMR,1788321600000,exit_signal,82.93,38.27257808950928,24.87717575818125,2.539155920770404,1,0.0
E14,HYPE,BRK24GATE,1788328800000,exit,83.35,34.80056130278955,-63.33702157107675,2.3205014276700076,-1,0.0
E15,BTC,BBMR,1788332400000,exit_signal,77620.8,0.043015943242984134,-9.36887243832207,2.6711455418200187,1,0.0
E13,ETH,BRK24GATE,1788336000000,exit,2426.54,1.8612383060608635,17.607314375335836,3.613095359351142,-1,0.0
E13,BTC,BRK24GATE,1788336000000,funding,77437.0,0.07229338008927078,0.48155565641114556,0.0,-1,0.48155565641114556
E14,BTR,BRK24GATE,1788336000000,enter,0.06168,2156.7925739645975,0.0,0.1064247727697091,-1,0.0
E14,XRP,BRK24GATE,1788336000000,funding,1.3448,2339.921217184507,0.3146726052869725,0.0,-1,0.3146726052869725
E14,BTR,BRK24GATE,1788336000000,funding,0.05574,2156.7925739645975,-0.2907331133663236,0.0,-1,-0.2907331133663236
E15,ETH,BBMR,1788336000000,funding,2416.51,1.368070230013809,-0.13521357551360438,0.0,1,-0.13521357551360438
E15,SOL,BBMR,1788336000000,funding,99.78,32.80575705703579,-0.021407764192047745,0.0,1,-0.021407764192047745
E16,BTR,BBMR,1788336000000,enter,0.06513,48438.59896132189,0.0,2.5238447602807157,1,0.0
E16,XRP,BBMR,1788336000000,funding,1.3448,2322.7298021332713,-0.3123607037908824,0.0,1,-0.3123607037908824
E16,BTR,BBMR,1788336000000,funding,0.05574,48438.59896132189,6.529466418386807,0.0,1,6.529466418386807
E13,ETH,BRK24GATE,1788343200000,enter,2381.92,1.757550499945593,0.0,3.3490757494643257,-1,0.0
E13,SOL,BRK24GATE,1788346800000,enter,98.09,33.217107758324296,0.0,2.606612880011224,-1,0.0
E14,BTR,BRK24GATE,1788350400000,funding,0.04866,2156.7925739645975,-0.15735397379082108,0.0,-1,-0.15735397379082108
E15,BTC,BBMR,1788350400000,enter,76650.1,0.04359616916193398,0.0,2.673320580703325,1,0.0
E16,BTR,BBMR,1788350400000,funding,0.04866,48438.59896132189,3.5339541332958286,0.0,1,3.5339541332958286
E13,BTC,BRK24GATE,1788364800000,funding,77262.6,0.07229338008927078,0.33055429941215964,0.0,-1,0.33055429941215964
E13,ETH,BRK24GATE,1788364800000,funding,2389.97,1.757550499945593,0.1163116502937491,0.0,-1,0.1163116502937491
E13,SOL,BRK24GATE,1788364800000,funding,99.27,33.217107758324296,0.005308914282341853,0.0,-1,0.005308914282341853
E14,XRP,BRK24GATE,1788364800000,funding,1.3362,2339.921217184507,0.31266027304019384,0.0,-1,0.31266027304019384
E14,BTR,BRK24GATE,1788364800000,funding,0.05033,2156.7925739645975,-0.04086633435712835,0.0,-1,-0.04086633435712835
E15,ETH,BBMR,1788364800000,funding,2389.97,1.368070230013809,-0.09053652010316679,0.0,1,-0.09053652010316679
E15,SOL,BBMR,1788364800000,funding,99.27,32.80575705703579,-0.005243170279913628,0.0,1,-0.005243170279913628
E15,BTC,BBMR,1788364800000,funding,77262.6,0.04359616916193398,-0.19933915299826793,0.0,1,-0.19933915299826793
E16,XRP,BBMR,1788364800000,funding,1.3362,2322.7298021332713,-0.31036315616104776,0.0,1,-0.31036315616104776
E16,BTR,BBMR,1788364800000,funding,0.05033,48438.59896132189,0.9178017417342623,0.0,1,0.9178017417342623
E15,BTC,BBMR,1788368400000,exit_signal,77262.6,0.04359616916193398,26.70265361168456,2.6946827035926724,1,0.0
E15,SOL,BBMR,1788375600000,exit_signal,99.27,32.80575705703579,-89.88777433627837,2.6053020024415545,1,0.0
E16,XRP,BBMR,1788375600000,exit_signal,1.3378,2322.7298021332713,-40.8800445175452,2.4858783434351124,1,0.0
E14,BTR,BRK24GATE,1788379200000,funding,0.04888,2156.7925739645975,0.005271201050769477,0.0,-1,0.005271201050769477
E16,BTR,BBMR,1788379200000,funding,0.04888,48438.59896132189,-0.1183839358614707,0.0,1,-0.1183839358614707
E14,XRP,BRK24GATE,1788382800000,exit,1.3484,2339.921217184507,23.165220050126667,2.5241198154012716,-1,0.0
E18,XRP,RSI2,1788386400000,enter,1.3509,2180.190162926612,0.0,2.3561751128780486,-1,0.0
E13,SOL,BRK24GATE,1788393600000,exit,99.98,33.217107758324296,-62.78033366323294,2.656837146941811,-1,0.0
E13,BTC,BRK24GATE,1788393600000,funding,77298.1,0.07229338008927078,0.38262000903057025,0.0,-1,0.38262000903057025
E13,ETH,BRK24GATE,1788393600000,funding,2390.64,1.757550499945593,0.41361244669657693,0.0,-1,0.41361244669657693
E14,BTR,BRK24GATE,1788393600000,funding,0.04536,2156.7925739645975,-0.013064500123643259,0.0,-1,-0.013064500123643259
E15,ETH,BBMR,1788393600000,funding,2390.64,1.368070230013809,-0.3219542625411201,0.0,1,-0.3219542625411201
E16,BTR,BBMR,1788393600000,funding,0.04536,48438.59896132189,0.2934107293201778,0.0,1,0.2934107293201778
E18,XRP,RSI2,1788393600000,exit_signal,1.3441,2180.190162926612,14.825293107900782,2.3443148783917276,-1,0.0
E13,BTC,BRK24GATE,1788404400000,exit,77548.1,0.07229338008927078,7.388383445123263,4.484971414800624,-1,0.0
E13,ETH,BRK24GATE,1788408000000,exit,2408.88,1.757550499945593,-47.38356147853325,3.3869825986471525,-1,0.0
E14,BTR,BRK24GATE,1788408000000,funding,0.04431,2156.7925739645975,-0.06353994973106313,0.0,-1,-0.06353994973106313
E15,ETH,BBMR,1788408000000,exit_signal,2404.95,1.368070230013809,-57.267419828378216,2.632112399737368,1,0.0
E16,BTR,BBMR,1788408000000,funding,0.04431,48438.59896132189,1.4270200019225583,0.0,1,1.4270200019225583
E14,BTR,BRK24GATE,1788422400000,funding,0.0446,2156.7925739645975,-0.037932727429327094,0.0,-1,-0.037932727429327094
E16,BTR,BBMR,1788422400000,funding,0.0446,48438.59896132189,0.8519169593025824,0.0,1,0.8519169593025824
E14,BTR,BRK24GATE,1788426000000,exit,0.05156,2156.7925739645975,21.82674084852172,0.08896338009089173,-1,0.0
E16,BTR,BBMR,1788429600000,exit_signal,0.05175,48438.59896132189,-648.1084541024867,2.0053579969987263,1,0.0
E18,BTR,RSI2,1788429600000,enter,0.05175,56977.65846318397,0.0,2.358875060375816,-1,0.0
E18,BTR,RSI2,1788436800000,funding,0.04918,56977.65846318397,-1.508795699799047,0.0,-1,-1.508795699799047
E18,BTR,RSI2,1788440400000,exit_signal,0.04918,56977.65846318397,146.43258225038258,2.2417289945755106,-1,0.0
E13,BTC,BRK24GATE,1788444000000,enter,78753.4,0.06982508739259448,0.0,4.399170429971161,1,0.0
E14,HYPE,BRK24GATE,1788444000000,enter,82.84,39.79604183204287,0.0,2.637363284293145,1,0.0
E14,XRP,BRK24GATE,1788447600000,enter,1.4011,2306.7869053984646,0.0,2.585631306523031,1,0.0
E17,ETH,RSI2,1788447600000,enter,2428.8,1.3666917089929491,0.0,2.6555366582416604,-1,0.0
E13,ETH,BRK24GATE,1788451200000,enter,2489.91,1.574389251146017,0.0,3.136070032256783,1,0.0
E13,BTC,BRK24GATE,1788451200000,funding,81321.4,0.06982508739259448,-0.478905617511645,0.0,1,-0.478905617511645
E13,ETH,BRK24GATE,1788451200000,funding,2516.41,1.574389251146017,-0.39618088554763486,0.0,1,-0.39618088554763486
E14,HYPE,BRK24GATE,1788451200000,funding,84.51,39.79604183204287,-0.1851085187772359,0.0,1,-0.1851085187772359
E14,XRP,BRK24GATE,1788451200000,funding,1.4642,2306.7869053984646,-0.3046930602708446,0.0,1,-0.3046930602708446
E17,ETH,RSI2,1788451200000,funding,2516.41,1.3666917089929491,0.3439156683426947,0.0,-1,0.3439156683426947
E17,ETH,RSI2,1788472800000,exit_signal,2504.1,1.3666917089929491,-102.91188568716869,2.7378661667913953,-1,0.0
E13,BTC,BRK24GATE,1788480000000,funding,81224.6,0.06982508739259448,-0.4169697676128655,0.0,1,-0.4169697676128655
E13,ETH,BRK24GATE,1788480000000,funding,2506.26,1.574389251146017,-0.3945828804577217,0.0,1,-0.3945828804577217
E14,HYPE,BRK24GATE,1788480000000,funding,87.46,39.79604183204287,-0.34805618186304693,0.0,1,-0.34805618186304693
E14,XRP,BRK24GATE,1788480000000,funding,1.4506,2306.7869053984646,-0.33462250849710123,0.0,1,-0.33462250849710123
E18,XRP,RSI2,1788487200000,enter,1.4409,2078.817558217073,0.0,2.3962945757079845,1,0.0
E18,XRP,RSI2,1788498000000,exit_signal,1.4464,2078.817558217073,11.433496570193565,2.4054413729641393,1,0.0
E13,BTC,BRK24GATE,1788505200000,exit,80631.6,0.06982508739259448,131.14547914077176,4.504086813283777,1,0.0
E13,ETH,BRK24GATE,1788508800000,funding,2503.61,1.574389251146017,-0.39416566730616803,0.0,1,-0.39416566730616803
E14,HYPE,BRK24GATE,1788508800000,funding,86.25,39.79604183204287,-0.3432408608013698,0.0,1,-0.3432408608013698
E14,XRP,BRK24GATE,1788508800000,funding,1.4434,2306.7869053984646,-0.3329616219252144,0.0,1,-0.3329616219252144
E13,ETH,BRK24GATE,1788526800000,exit,2496.0,1.574389251146017,9.588030539479472,3.143740456688367,1,0.0
E14,XRP,BRK24GATE,1788526800000,exit,1.4335,2306.7869053984646,74.73989573491022,2.6454232231109596,1,0.0
E14,HYPE,BRK24GATE,1788526800000,exit,85.61,39.79604183204287,110.23503587475858,2.725551312992952,1,0.0
E15,BTC,BBMR,1788530400000,enter,79425.0,0.0415204161002711,0.0,2.638207239011226,1,0.0
E15,ETH,BBMR,1788530400000,enter,2450.13,1.3455937629232033,0.0,2.637503717080823,1,0.0
E15,SOL,BBMR,1788530400000,enter,101.53,32.4633160489051,0.0,2.636800382756268,1,0.0
E16,XRP,BBMR,1788530400000,enter,1.4085,2078.150924984046,0.0,2.3416604622720234,1,0.0
E17,BTC,RSI2,1788530400000,enter,79425.0,0.04134005286145155,0.0,2.6267469588166317,1,0.0
E18,XRP,RSI2,1788530400000,enter,1.4085,2128.2064653949737,0.0,2.398063045207057,1,0.0
E15,BTC,BBMR,1788537600000,funding,79384.9,0.0415204161002711,-0.14588512398427048,0.0,1,-0.14588512398427048
E15,ETH,BBMR,1788537600000,funding,2450.85,1.3455937629232033,-0.13659688378729498,0.0,1,-0.13659688378729498
E15,SOL,BBMR,1788537600000,funding,101.38,32.4633160489051,0.25703732961906767,0.0,1,0.25703732961906767
E16,HYPE,BBMR,1788537600000,enter,83.69,34.965886298872086,0.0,2.341036019482084,1,0.0
E16,XRP,BBMR,1788537600000,funding,1.3983,2078.150924984046,-0.017813034827423826,0.0,1,-0.017813034827423826
E16,HYPE,BBMR,1788537600000,funding,84.64,34.965886298872086,-0.2959512616336534,0.0,1,-0.2959512616336534
E17,BTC,RSI2,1788537600000,funding,79384.9,0.04134005286145155,-0.14525140409587026,0.0,1,-0.14525140409587026
E18,HYPE,RSI2,1788537600000,enter,83.69,35.808094780265485,0.0,2.397423561728335,1,0.0
E18,XRP,RSI2,1788537600000,funding,1.3983,2128.2064653949737,-0.018242089846443783,0.0,1,-0.018242089846443783
E18,HYPE,RSI2,1788537600000,funding,84.64,35.808094780265485,-0.3030797142201671,0.0,1,-0.3030797142201671
E17,BTC,RSI2,1788544800000,exit_signal,79705.2,0.04134005286145155,11.583482811778604,2.636013745066055,1,0.0
E18,XRP,RSI2,1788544800000,exit_signal,1.4021,2128.2064653949737,-13.620521378528222,2.387166628104234,1,0.0
E18,HYPE,RSI2,1788544800000,exit_signal,85.04,35.808094780265485,48.34092795335871,2.4360963040910217,1,0.0
E18,BTR,RSI2,1788562800000,enter,0.05245,57308.6543041506,0.0,2.404671134602159,-1,0.0
E15,BTC,BBMR,1788566400000,funding,79621.0,0.0415204161002711,0.07332479657609062,0.0,1,0.07332479657609062
E15,ETH,BBMR,1788566400000,funding,2454.77,1.3455937629232033,-0.1035529123642346,0.0,1,-0.1035529123642346
E15,SOL,BBMR,1788566400000,funding,101.85,32.4633160489051,0.34346766226767267,0.0,1,0.34346766226767267
E16,XRP,BBMR,1788566400000,funding,1.3978,2078.150924984046,0.0666079665922761,0.0,1,0.0666079665922761
E16,HYPE,BBMR,1788566400000,funding,84.36,34.965886298872086,-0.2949722168172849,0.0,1,-0.2949722168172849
E18,BTR,RSI2,1788566400000,funding,0.05036,57308.6543041506,0.14430319153785123,0.0,-1,0.14430319153785123
E18,BTR,RSI2,1788570000000,exit_signal,0.05036,57308.6543041506,119.77508749567446,2.3088510646056197,-1,0.0
E15,BTC,BBMR,1788595200000,exit_signal,79599.9,0.0415204161002711,7.261920775937174,2.6440167756319757,1,0.0
E15,SOL,BBMR,1788595200000,exit_signal,102.23,32.4633160489051,22.724321234233663,2.654979839743655,1,0.0
E15,ETH,BBMR,1788595200000,funding,2456.11,1.3455937629232033,-0.1030806512050927,0.0,1,-0.1030806512050927
E16,XRP,BBMR,1788595200000,exit_signal,1.4026,2078.150924984046,-12.261090457405906,2.3318515899060985,1,0.0
E16,HYPE,BBMR,1788595200000,funding,84.51,34.965886298872086,-0.29549670511176807,0.0,1,-0.29549670511176807
E15,ETH,BBMR,1788598800000,exit_signal,2456.11,1.3455937629232033,8.04665070228078,2.6439410376426475,1,0.0
E16,HYPE,BBMR,1788598800000,exit_signal,84.51,34.965886298872086,28.67202676507537,2.363973640894144,1,0.0
E13,SOL,BRK24GATE,1788616800000,enter,103.22,45.670076700039694,0.0,3.7712522535824777,1,0.0
E14,XRP,BRK24GATE,1788620400000,enter,1.4181,2888.9518210787674,0.0,3.27745806197744,1,0.0
E13,SOL,BRK24GATE,1788624000000,funding,102.88,45.670076700039694,-0.1405802417277305,0.0,1,-0.1405802417277305
E14,XRP,BRK24GATE,1788624000000,funding,1.4116,2888.9518210787674,-0.05880540011295363,0.0,1,-0.05880540011295363
E13,ETH,BRK24GATE,1788627600000,enter,2463.93,2.5433433044324834,0.0,5.013295894472263,1,0.0
E14,HYPE,BRK24GATE,1788627600000,enter,85.67,45.49950498806576,0.0,3.1183540738620747,1,0.0
E16,BTR,BBMR,1788631200000,enter,0.04867,60183.69647875764,0.0,2.3433124060969077,1,0.0
E16,BTR,BBMR,1788638400000,funding,0.04897,60183.69647875764,-0.14735978082823808,0.0,1,-0.14735978082823808
E13,SOL,BRK24GATE,1788652800000,funding,103.11,45.670076700039694,-0.2766561945017892,0.0,1,-0.2766561945017892
E13,ETH,BRK24GATE,1788652800000,funding,2479.17,2.5433433044324834,-0.14073609097551332,0.0,1,-0.14073609097551332
E14,XRP,BRK24GATE,1788652800000,exit,1.4015,2888.9518210787674,-47.95660022990739,3.2390927817935142,1,0.0
E14,HYPE,BRK24GATE,1788652800000,funding,85.36,45.49950498806576,-0.23838996083605576,0.0,1,-0.23838996083605576
E16,BTR,BBMR,1788652800000,funding,0.04856,60183.69647875764,-0.14612601505042355,0.0,1,-0.14612601505042355
E14,HYPE,BRK24GATE,1788660000000,exit,84.97,45.49950498806576,-31.849653491646162,3.092874351068758,1,0.0
E16,BTR,BBMR,1788667200000,funding,0.04691,60183.69647875764,-0.14116086009092604,0.0,1,-0.14116086009092604
E14,BTR,BRK24GATE,1788670800000,enter,0.04663,16891.96799881232,0.0,0.6301379742276948,-1,0.0
E14,HYPE,BRK24GATE,1788674400000,enter,86.69,45.22352131552523,0.0,3.136341650274306,1,0.0
E13,SOL,BRK24GATE,1788681600000,funding,105.17,45.670076700039694,-0.48031219665431746,0.0,1,-0.48031219665431746
E13,ETH,BRK24GATE,1788681600000,funding,2495.78,2.5433433044324834,-0.39659963201398474,0.0,1,-0.39659963201398474
E14,BTR,BRK24GATE,1788681600000,funding,0.04776,16891.96799881232,0.04033801958116382,0.0,-1,0.04033801958116382
E14,HYPE,BRK24GATE,1788681600000,funding,86.53,45.22352131552523,-0.39131912994323986,0.0,1,-0.39131912994323986
E16,BTR,BBMR,1788681600000,funding,0.04776,60183.69647875764,-0.14371866719127324,0.0,1,-0.14371866719127324
E16,BTR,BBMR,1788692400000,exit_signal,0.04843,60183.69647875764,-14.444087154901663,2.3317571363729863,1,0.0
E14,BTR,BRK24GATE,1788696000000,funding,0.04756,16891.96799881232,0.08819527574302136,0.0,-1,0.08819527574302136
E19,HEMI,BRK24,1788238800000,exit,0.014688,18857.22011560145,-41.52359869455437,0.30467233396374954,1,0.0
E19,BTR,BRK24,1788238800000,enter,0.16722,1336.111080929338,0.0,0.24576694444830433,1,0.0
E20,HEMI,BRK24GATE,1788238800000,exit,0.014688,23638.595436947995,-7.351603180890838,0.38192405875568136,1,0.0
E20,BTR,BRK24GATE,1788238800000,enter,0.16722,1359.8705718303845,0.0,0.2501373127236246,1,0.0
E21,ONG,MR,1788238800000,exit_signal,0.093,6352.788164782596,-12.260881158030418,0.6498902292572597,1,0.0
E21,ADA,MR,1788238800000,enter,0.2009,10602.225072902325,0.0,2.342985718860685,-1,0.0
E19,HYPE,BRK24,1788249600000,exit,83.33,17.223879174075854,-11.8844766301123,1.578792436733315,1,0.0
E19,AKE,BRK24,1788249600000,enter,0.008941,53333.81687299516,0.0,0.5245434223275947,1,0.0
E19,CL,BRK24,1788249600000,funding,86.92,63.66266453056288,0.9000333389820848,0.0,1,0.9000333389820848
E19,BTC,BRK24,1788249600000,funding,78606.5,0.032524483414594005,-0.25566358055292837,0.0,1,-0.25566358055292837
E19,AAVE,BRK24,1788249600000,funding,126.93,11.76246748317362,-0.12166538470762066,0.0,1,-0.12166538470762066
E19,BTR,BRK24,1788249600000,funding,0.20865,1336.111080929338,-0.01393897885179532,0.0,1,-0.01393897885179532
E19,AKE,BRK24,1788249600000,funding,0.008904,53333.81687299516,-0.023744215271857445,0.0,1,-0.023744215271857445
E20,CL,BRK24GATE,1788249600000,funding,86.92,70.25895266497436,0.9932886131412763,0.0,1,0.9932886131412763
E20,BTC,BRK24GATE,1788249600000,funding,78606.5,0.033098363105443174,-0.2601746479448019,0.0,1,-0.2601746479448019
E20,BTR,BRK24GATE,1788249600000,funding,0.20865,1359.8705718303845,-0.014186849740620488,0.0,1,-0.014186849740620488
E21,HYPE,MR,1788249600000,funding,83.48,25.502531790784648,-0.0007877120009410399,0.0,-1,-0.0007877120009410399
E21,AAVE,MR,1788249600000,funding,126.93,18.524423391565083,0.1916078494283346,0.0,-1,0.1916078494283346
E21,NEAR,MR,1788249600000,funding,1.938,834.203132922072,0.16166856716029754,0.0,-1,0.16166856716029754
E21,PUMPFUN,MR,1788249600000,funding,0.00449,248986.26525292444,0.05589741654928154,0.0,-1,0.05589741654928154
E21,ADA,MR,1788249600000,funding,0.2003,10602.225072902325,0.1588472010212547,0.0,-1,0.1588472010212547
E19,BTC,BRK24,1788253200000,exit,78124.4,0.032524483414594005,-33.503470365373474,2.0327646016600864,1,0.0
E19,MU,BRK24,1788253200000,exit,952.02,2.4305794295633953,-20.149503471080457,2.5453562513862384,1,0.0
E19,1000PEPE,BRK24,1788253200000,enter,0.003507,342772.65149379504,0.0,1.3223140576676131,-1,0.0
E19,KORU,BRK24,1788253200000,enter,20.4,43.682136537687214,0.0,0.9802271439057011,-1,0.0
E20,BTC,BRK24GATE,1788253200000,exit,78124.4,0.033098363105443174,-34.09462383491721,2.0686318068759078,1,0.0
E20,MU,BRK24GATE,1788253200000,exit,952.02,2.921318741625241,3.0673846787063703,3.0592692552422682,1,0.0
E20,NVDA,BRK24GATE,1788253200000,exit,219.9,24.280205734358823,11.168894637805252,5.873138965084056,1,0.0
E20,SNDK,BRK24GATE,1788253200000,exit,1537.42,0.7959973883790862,-28.480786556203682,1.3461605353259523,1,0.0
E20,AKE,BRK24GATE,1788253200000,enter,0.009025,57073.90945287676,0.0,0.566601236093434,1,0.0
E20,XAG,BRK24GATE,1788253200000,enter,66.05,41.40284880098825,0.0,3.0081239796358012,-1,0.0
E20,XAU,BRK24GATE,1788253200000,enter,4419.26,1.1214865403152678,0.0,5.451754668969016,-1,0.0
E20,KORU,BRK24GATE,1788256800000,enter,20.39,43.10756483623324,0.0,0.9668595717118753,-1,0.0
E21,ADA,MR,1788256800000,exit_signal,0.1967,10602.225072902325,44.52934530618957,2.2940034390238764,-1,0.0
E21,HYPE,MR,1788256800000,exit_signal,83.03,25.502531790784648,19.63694947890408,2.3292227360477344,-1,0.0
E21,MU,MR,1788256800000,exit_signal,941.44,4.462915500155737,40.166239501401634,4.62172388531328,-1,0.0
E21,PUMPFUN,MR,1788256800000,exit_signal,0.0044,248986.26525292444,50.79319811159642,1.2050935238241545,-1,0.0
E21,1000PEPE,MR,1788256800000,enter,0.003467,540631.6625815604,0.0,2.061806971587297,1,0.0
E21,BTC,MR,1788256800000,enter,77838.6,0.05527693420047196,0.0,3.4421433363654854,1,0.0
E21,CL,MR,1788256800000,enter,87.94,50.59109032575362,0.0,4.893878531571451,-1,0.0
E21,DOGE,MR,1788256800000,enter,0.08226,35449.244998065195,0.0,3.2076603828949275,1,0.0
E19,BTR,BRK24,1788260400000,exit,0.09639724676334821,1336.111080929338,-94.6270653814146,0.14167717252874826,1,0.0
E19,ENA,BRK24,1788260400000,enter,0.15342,4843.617441867051,0.0,0.8174185667243673,1,0.0
E20,BTR,BRK24GATE,1788260400000,exit,0.09639724676334821,1359.8705718303845,-96.3097779425279,0.14419655698684392,1,0.0
E19,AKE,BRK24,1788264000000,funding,0.008618,53333.81687299516,-0.022981541690573617,0.0,1,-0.022981541690573617
E19,ENA,BRK24,1788264000000,funding,0.1654,4843.617441867051,-0.04005671624424051,0.0,1,-0.04005671624424051
E20,ENA,BRK24GATE,1788264000000,enter,0.15841,4728.500124373489,0.0,0.8239458751722047,1,0.0
E20,AKE,BRK24GATE,1788264000000,funding,0.008618,57073.90945287676,-0.024593147583244598,0.0,1,-0.024593147583244598
E20,XAG,BRK24GATE,1788264000000,funding,64.84,41.40284880098825,0.1813152307759355,0.0,-1,0.1813152307759355
E20,XAU,BRK24GATE,1788264000000,funding,4379.36,1.1214865403152678,0.8836087677385452,0.0,-1,0.8836087677385452
E20,ENA,BRK24GATE,1788264000000,funding,0.1654,4728.500124373489,-0.039104696028568746,0.0,1,-0.039104696028568746
E21,DOGE,MR,1788267600000,exit_signal,0.08315,35449.244998065195,31.54982804827809,3.242365193748033,1,0.0
E21,ENA,MR,1788267600000,enter,0.1654,7260.785187035317,0.0,1.3210272569292054,-1,0.0
E19,CL,BRK24,1788278400000,funding,88.26,63.66266453056288,0.5092378954980977,0.0,1,0.5092378954980977
E19,AAVE,BRK24,1788278400000,funding,127.1,11.76246748317362,-0.1495009617111367,0.0,1,-0.1495009617111367
E19,AKE,BRK24,1788278400000,funding,0.008608,53333.81687299516,-0.022954874782137116,0.0,1,-0.022954874782137116
E19,1000PEPE,BRK24,1788278400000,funding,0.003513,342772.65149379504,0.12041603246977019,0.0,-1,0.12041603246977019
E19,ENA,BRK24,1788278400000,funding,0.16246,4843.617441867051,-0.039344704480286055,0.0,1,-0.039344704480286055
E20,CL,BRK24GATE,1788278400000,funding,88.26,70.25895266497436,0.5620016293511501,0.0,1,0.5620016293511501
E20,AKE,BRK24GATE,1788278400000,funding,0.008608,57073.90945287676,-0.024564610628518155,0.0,1,-0.024564610628518155
E20,XAG,BRK24GATE,1788278400000,funding,65.31,41.40284880098825,0.21364462456076283,0.0,-1,0.21364462456076283
E20,XAU,BRK24GATE,1788278400000,funding,4378.26,1.1214865403152678,0.8164613482649205,0.0,-1,0.8164613482649205
E20,ENA,BRK24GATE,1788278400000,funding,0.16246,4728.500124373489,-0.03840960651028585,0.0,1,-0.03840960651028585
E21,AAVE,MR,1788278400000,funding,127.1,18.524423391565083,0.2354454213067922,0.0,-1,0.2354454213067922
E21,NEAR,MR,1788278400000,funding,2.016,834.203132922072,0.1681753515970897,0.0,-1,0.1681753515970897
E21,1000PEPE,MR,1788278400000,funding,0.003513,540631.6625815604,-0.1899239030649022,0.0,1,-0.1899239030649022
E21,BTC,MR,1788278400000,funding,77872.3,0.05527693420047196,-0.10361032601556568,0.0,1,-0.10361032601556568
E21,CL,MR,1788278400000,funding,88.26,50.59109032575362,-0.4046783237618465,0.0,-1,-0.4046783237618465
E21,ENA,MR,1788278400000,funding,0.16246,7260.785187035317,0.05897935807428788,0.0,-1,0.05897935807428788
E21,CL,MR,1788285600000,stop,89.94828277033237,50.59109032575362,-101.60121503353972,5.005639868108344,-1,0.0
E21,DOGE,MR,1788289200000,enter,0.08198,33515.08518407942,0.0,3.022323351729914,1,0.0
E19,AKE,BRK24,1788292800000,funding,0.008805,53333.81687299516,-0.02348021287833612,0.0,1,-0.02348021287833612
E19,ENA,BRK24,1788292800000,funding,0.15696,4843.617441867051,-0.038012709683772614,0.0,1,-0.038012709683772614
E20,AKE,BRK24GATE,1788292800000,funding,0.008805,57073.90945287676,-0.025126788636628993,0.0,1,-0.025126788636628993
E20,XAG,BRK24GATE,1788292800000,funding,64.18,41.40284880098825,0.3968845951120436,0.0,-1,0.3968845951120436
E20,XAU,BRK24GATE,1788292800000,funding,4335.2,1.1214865403152678,1.7440980689159498,0.0,-1,1.7440980689159498
E20,ENA,BRK24GATE,1788292800000,funding,0.15696,4728.500124373489,-0.03710926897608314,0.0,1,-0.03710926897608314
E21,NEAR,MR,1788292800000,exit_signal,1.918,834.203132922072,27.528703386428493,1.7600017698389874,-1,0.0
E21,CL,MR,1788292800000,enter,90.39,42.01300682908108,0.0,4.177311256008703,-1,0.0
E21,ENA,MR,1788292800000,funding,0.15696,7260.785187035317,0.05698264214785316,0.0,-1,0.05698264214785316
E19,CL,BRK24,1788307200000,funding,90.67,63.66266453056288,2.869234075679618,0.0,1,2.869234075679618
E19,AAVE,BRK24,1788307200000,funding,127.81,11.76246748317362,-0.14905824007877128,0.0,1,-0.14905824007877128
E19,AKE,BRK24,1788307200000,funding,0.00873,53333.81687299516,-0.023280211065062388,0.0,1,-0.023280211065062388
E19,1000PEPE,BRK24,1788307200000,funding,0.003473,342772.65149379504,0.11904494186379501,0.0,-1,0.11904494186379501
E19,KORU,BRK24,1788307200000,funding,19.09,43.682136537687214,0.022773590151436502,0.0,-1,0.022773590151436502
E19,ENA,BRK24,1788307200000,funding,0.15923,4843.617441867051,-0.038562460263424525,0.0,1,-0.038562460263424525
E20,CL,BRK24GATE,1788307200000,funding,90.67,70.25895266497436,3.1665244078988817,0.0,1,3.1665244078988817
E20,AKE,BRK24GATE,1788307200000,funding,0.00873,57073.90945287676,-0.024912761476180705,0.0,1,-0.024912761476180705
E20,XAG,BRK24GATE,1788307200000,funding,64.24,41.40284880098825,0.3379438970263051,0.0,-1,0.3379438970263051
E20,XAU,BRK24GATE,1788307200000,funding,4331.64,1.1214865403152678,1.917549376700512,0.0,-1,1.917549376700512
E20,KORU,BRK24GATE,1788307200000,funding,19.09,43.10756483623324,0.022474038401484042,0.0,-1,0.022474038401484042
E20,ENA,BRK24GATE,1788307200000,funding,0.15923,4728.500124373489,-0.03764595374019953,0.0,1,-0.03764595374019953
E21,AAVE,MR,1788307200000,funding,127.81,18.524423391565083,0.2347481897969688,0.0,-1,0.2347481897969688
E21,1000PEPE,MR,1788307200000,funding,0.003473,540631.6625815604,-0.18776137641457594,0.0,1,-0.18776137641457594
E21,BTC,MR,1788307200000,funding,77392.6,0.05527693420047196,-0.08731450367576835,0.0,1,-0.08731450367576835
E21,ENA,MR,1788307200000,funding,0.15923,7260.785187035317,0.05780674126658168,0.0,-1,0.05780674126658168
E21,DOGE,MR,1788307200000,funding,0.08162,33515.08518407942,0.030801744105678572,0.0,1,0.030801744105678572
E21,CL,MR,1788307200000,funding,90.67,42.01300682908108,-1.893498358961856,0.0,-1,-1.893498358961856
E21,AAVE,MR,1788314400000,exit_timeout,126.85,18.524423391565083,-28.712856256925825,2.5848054179420337,-1,0.0
E21,FARTCOIN,MR,1788314400000,enter,0.16622,7437.952534615865,0.0,1.3599701173342342,1,0.0
E19,AKE,BRK24,1788321600000,funding,0.008629,53333.81687299516,-0.023010875289853763,0.0,1,-0.023010875289853763
E19,ENA,BRK24,1788321600000,funding,0.15991,4843.617441867051,0.00048796200503124483,0.0,1,0.00048796200503124483
E20,AKE,BRK24GATE,1788321600000,funding,0.008629,57073.90945287676,-0.024624538233443675,0.0,1,-0.024624538233443675
E20,XAG,BRK24GATE,1788321600000,funding,63.8,41.40284880098825,0.5216437662817824,0.0,-1,0.5216437662817824
E20,XAU,BRK24GATE,1788321600000,funding,4309.34,1.1214865403152678,0.5290539294325912,0.0,-1,0.5290539294325912
E20,ENA,BRK24GATE,1788321600000,funding,0.15991,4728.500124373489,0.0004763647065797957,0.0,1,0.0004763647065797957
E21,ENA,MR,1788321600000,funding,0.15991,7260.785187035317,-0.0007314754603330551,0.0,-1,-0.0007314754603330551
E21,FARTCOIN,MR,1788321600000,funding,0.16602,7437.952534615865,-0.14684822878545045,0.0,1,-0.14684822878545045
E19,AKE,BRK24,1788325200000,exit,0.008572,53333.81687299516,-19.68017842613519,0.502895226058846,1,0.0
E19,UNI,BRK24,1788325200000,enter,6.087,115.16114389862504,0.0,0.7710844712020237,1,0.0
E20,AKE,BRK24GATE,1788325200000,exit,0.008572,57073.90945287676,-25.854480982153188,0.5381613070130656,1,0.0
E20,AAVE,BRK24GATE,1788325200000,enter,130.34,9.304840244767718,0.0,1.334072165253327,1,0.0
E19,CL,BRK24,1788336000000,exit,90.06,63.66266453056288,312.5836828450635,6.3068055243847425,1,0.0
E19,BTR,BRK24,1788336000000,enter,0.06168,1085.979230439653,0.0,0.07368151882686959,-1,0.0
E19,AAVE,BRK24,1788336000000,funding,131.38,11.76246748317362,-0.15453529779393502,0.0,1,-0.15453529779393502
E19,1000PEPE,BRK24,1788336000000,funding,0.003447,342772.65149379504,0.11815373296991115,0.0,-1,0.11815373296991115
E19,ENA,BRK24,1788336000000,funding,0.15693,4843.617441867051,0.15540426156936651,0.0,1,0.15540426156936651
E19,UNI,BRK24,1788336000000,funding,6.293,115.16114389862504,0.006058567896711836,0.0,1,0.006058567896711836
E19,BTR,BRK24,1788336000000,funding,0.05574,1085.979230439653,-0.14638872858158639,0.0,-1,-0.14638872858158639
E20,CL,BRK24GATE,1788336000000,exit,90.06,70.25895266497436,403.98897782360257,6.960273404708351,1,0.0
E20,BTR,BRK24GATE,1788336000000,enter,0.06168,1115.740837996461,0.0,0.0757007843763839,-1,0.0
E20,XAG,BRK24GATE,1788336000000,funding,64.12,41.40284880098825,0.2996151600653717,0.0,-1,0.2996151600653717
E20,XAU,BRK24GATE,1788336000000,funding,4330.58,1.1214865403152678,0.5325357494798187,0.0,-1,0.5325357494798187
E20,ENA,BRK24GATE,1788336000000,funding,0.15693,4728.500124373489,0.15171079858769113,0.0,1,0.15171079858769113
E20,AAVE,BRK24GATE,1788336000000,funding,131.38,9.304840244767718,-0.12224699113575828,0.0,1,-0.12224699113575828
E20,BTR,BRK24GATE,1788336000000,funding,0.05574,1115.740837996461,-0.15040055842940164,0.0,-1,-0.15040055842940164
E21,ENA,MR,1788336000000,exit_signal,0.15681,7260.785187035317,62.37014475663327,1.2524200976969089,-1,0.0
E21,AAVE,MR,1788336000000,enter,133.15,13.139505390142709,0.0,1.924477656967252,-1,0.0
E21,1000PEPE,MR,1788336000000,funding,0.003447,540631.6625815604,-0.18635573409186387,0.0,1,-0.18635573409186387
E21,BTC,MR,1788336000000,funding,77437.0,0.05527693420047196,-0.3682068856157211,0.0,1,-0.3682068856157211
E21,DOGE,MR,1788336000000,funding,0.0816,33515.08518407942,0.05341124847343781,0.0,1,0.05341124847343781
E21,CL,MR,1788336000000,funding,90.08,42.01300682908108,-1.8770520103280541,0.0,-1,-1.8770520103280541
E21,FARTCOIN,MR,1788336000000,funding,0.16336,7437.952534615865,-0.48240467992229563,0.0,1,-0.48240467992229563
E21,AAVE,MR,1788336000000,funding,131.38,13.139505390142709,0.1726268218156949,0.0,-1,0.1726268218156949
E19,ENA,BRK24,1788343200000,exit,0.15502,4843.617441867051,7.749787906987234,0.8259433334220532,1,0.0
E19,ETH,BRK24,1788343200000,enter,2381.92,0.8658725202776495,0.0,1.6499512587997913,-1,0.0
E20,ENA,BRK24GATE,1788343200000,exit,0.15502,4728.500124373489,-16.029615421626147,0.806313298208416,1,0.0
E20,1000PEPE,BRK24GATE,1788343200000,enter,0.003411,394015.75722717575,0.0,1.4783865226920863,-1,0.0
E21,1000PEPE,MR,1788343200000,exit_timeout,0.003418,540631.6625815604,-26.490951466496462,2.0326669249741514,1,0.0
E21,BTC,MR,1788343200000,exit_timeout,76818.9,0.05527693420047196,-56.3658898042219,3.397050624522108,1,0.0
E21,AKE,MR,1788343200000,enter,0.008054,91348.54583278905,0.0,0.8092933069510114,1,0.0
E21,BTR,MR,1788343200000,enter,0.05826,1710.2315790957377,0.0,0.10960190097792946,1,0.0
E21,AAVE,MR,1788346800000,exit_signal,126.36,13.139505390142709,89.21724159906907,1.826338691208276,-1,0.0
E21,ETH,MR,1788346800000,enter,2375.44,1.3226388593468283,0.0,2.513479401637464,1,0.0
E19,UNI,BRK24,1788350400000,exit,5.772,115.16114389862504,-36.27576032806683,0.7311811348411501,1,0.0
E19,HYPE,BRK24,1788350400000,enter,80.57,17.665002094634456,0.0,1.565596140641168,-1,0.0
E19,BTR,BRK24,1788350400000,funding,0.04866,1085.979230439653,-0.07923021871772365,0.0,-1,-0.07923021871772365
E20,XAG,BRK24GATE,1788350400000,funding,64.45,41.40284880098825,0.18649542686908388,0.0,-1,0.18649542686908388
E20,XAU,BRK24GATE,1788350400000,funding,4337.76,1.1214865403152678,0.19935702287073384,0.0,-1,0.19935702287073384
E20,BTR,BRK24GATE,1788350400000,funding,0.04866,1115.740837996461,-0.08140154815941317,0.0,-1,-0.08140154815941317
E21,FARTCOIN,MR,1788350400000,funding,0.16186,7437.952534615865,-0.06019534986264621,0.0,1,-0.06019534986264621
E21,AKE,MR,1788350400000,funding,0.008638,91348.54583278905,-0.03945343694518159,0.0,1,-0.03945343694518159
E21,BTR,MR,1788350400000,funding,0.04866,1710.2315790957377,0.12477404564620993,0.0,1,0.12477404564620993
E20,XAG,BRK24GATE,1788354000000,exit,64.5,41.40284880098825,64.17441564153167,2.9375321224301167,-1,0.0
E20,XAU,BRK24GATE,1788354000000,exit,4343.03,1.1214865403152678,85.4909189682334,5.357714658103959,-1,0.0
E21,CL,MR,1788354000000,exit_signal,89.05,42.01300682908108,56.29742915096879,4.1153840839426366,-1,0.0
E21,ENA,MR,1788354000000,enter,0.15085,6604.539758996026,0.0,1.0959243049090057,1,0.0
E19,KORU,BRK24,1788357600000,exit,19.88,43.682136537687214,22.714710999597333,0.955240961806144,-1,0.0
E19,AKE,BRK24,1788357600000,enter,0.009012,55277.40552716745,0.0,0.5479759764719164,1,0.0
E20,KORU,BRK24GATE,1788357600000,exit,19.88,43.10756483623324,21.984858066479017,0.9426762278387485,-1,0.0
E19,AKE,BRK24,1788361200000,exit,0.008,55277.40552716745,-55.94073439349341,0.4864411686390736,1,0.0
E19,NVDA,BRK24,1788361200000,enter,221.64,16.904203634721107,0.0,4.121312462959544,1,0.0
E20,AKE,BRK24GATE,1788361200000,enter,0.010333,47655.61235886412,0.0,0.5416679867545573,1,0.0
E20,AKE,BRK24GATE,1788361200000,same_bar_stop,0.008236951707784892,47655.61235886412,-99.88846489926232,0.43179067536536875,1,0.0
E20,SPCX,BRK24GATE,1788361200000,enter,138.76,22.31589730656091,0.0,3.406209301284231,-1,0.0
E21,AKE,MR,1788361200000,exit_signal,0.010235,91348.54583278905,199.23117846131282,1.0284476032584555,1,0.0
E21,DOGE,MR,1788361200000,exit_signal,0.08167,33515.08518407942,-10.389676407064313,3.0108947076821435,1,0.0
E21,NVDA,MR,1788361200000,enter,221.6,27.734868404896286,0.0,6.760651522377519,-1,0.0
E21,SPCX,MR,1788361200000,enter,138.84,34.99548980556305,0.0,5.344651185064811,1,0.0
E19,AAVE,BRK24,1788364800000,funding,127.07,11.76246748317362,0.09319184793146645,0.0,1,0.09319184793146645
E19,1000PEPE,BRK24,1788364800000,funding,0.003411,342772.65149379504,0.11691975142453348,0.0,-1,0.11691975142453348
E19,BTR,BRK24,1788364800000,funding,0.05033,1085.979230439653,-0.020576846782472402,0.0,-1,-0.020576846782472402
E19,ETH,BRK24,1788364800000,funding,2389.97,0.8658725202776495,0.057301944826403994,0.0,-1,0.057301944826403994
E19,HYPE,BRK24,1788364800000,funding,81.66,17.665002094634456,0.029687145382164746,0.0,-1,0.029687145382164746
E20,PUMPFUN,BRK24GATE,1788364800000,enter,0.004103,182579.56871205362,0.0,0.8240363674681116,-1,0.0
E20,AAVE,BRK24GATE,1788364800000,funding,127.07,9.304840244767718,0.07372052321142922,0.0,1,0.07372052321142922
E20,BTR,BRK24GATE,1788364800000,funding,0.05033,1115.740837996461,-0.02114076183860896,0.0,-1,-0.02114076183860896
E20,1000PEPE,BRK24GATE,1788364800000,funding,0.003411,394015.75722717575,0.13439877479018963,0.0,-1,0.13439877479018963
E20,SPCX,BRK24GATE,1788364800000,funding,141.01,22.31589730656091,-0.3837164849814229,0.0,-1,-0.3837164849814229
E20,PUMPFUN,BRK24GATE,1788364800000,funding,0.00415,182579.56871205362,0.03788526050775113,0.0,-1,0.03788526050775113
E21,NVDA,MR,1788364800000,stop,225.3296842527952,27.734868404896286,-103.44230194308906,6.874438054514917,-1,0.0
E21,FARTCOIN,MR,1788364800000,funding,0.16097,7437.952534615865,-0.0598643609748558,0.0,1,-0.0598643609748558
E21,BTR,MR,1788364800000,funding,0.05033,1710.2315790957377,0.032405014920360735,0.0,1,0.032405014920360735
E21,ETH,MR,1788364800000,funding,2389.97,1.3226388593468283,-0.08752995062049922,0.0,1,-0.08752995062049922
E21,ENA,MR,1788364800000,funding,0.15091,6604.539758996026,0.025415622923267298,0.0,1,0.025415622923267298
E21,SPCX,MR,1788364800000,funding,141.01,34.99548980556305,0.6017390272918093,0.0,1,0.6017390272918093
E20,AKE,BRK24GATE,1788368400000,enter,0.011289,29783.734376991222,0.0,0.3698514351200394,1,0.0
E21,AKE,MR,1788368400000,enter,0.010465,46206.69785944035,0.0,0.5319084024089477,-1,0.0
E21,AKE,MR,1788368400000,same_bar_stop,0.012677302715951149,46206.69785944035,-102.22320316957399,0.644353925895479,-1,0.0
E21,MU,MR,1788372000000,enter,944.55,3.0912965062086326,0.0,3.2118725264333006,-1,0.0
E19,BTR,BRK24,1788379200000,funding,0.04888,1085.979230439653,0.002654133239194512,0.0,-1,0.002654133239194512
E20,BTR,BRK24GATE,1788379200000,funding,0.04888,1115.740837996461,0.002726870608063351,0.0,-1,0.002726870608063351
E20,PUMPFUN,BRK24GATE,1788379200000,funding,0.004051,182579.56871205362,0.03698149164262646,0.0,-1,0.03698149164262646
E20,AKE,BRK24GATE,1788379200000,funding,0.018865,29783.734376991222,0.07217222064186812,0.0,1,0.07217222064186812
E21,FARTCOIN,MR,1788379200000,funding,0.15479,7437.952534615865,-0.06098545603997407,0.0,1,-0.06098545603997407
E21,BTR,MR,1788379200000,funding,0.04888,1710.2315790957377,-0.004179805979309983,0.0,1,-0.004179805979309983
E21,ENA,MR,1788379200000,funding,0.14888,6604.539758996026,-0.04916419396596643,0.0,1,-0.04916419396596643
E19,AAVE,BRK24,1788393600000,funding,127.1,11.76246748317362,-0.03146995244019427,0.0,1,-0.03146995244019427
E19,1000PEPE,BRK24,1788393600000,funding,0.00343,342772.65149379504,0.1175710194623717,0.0,-1,0.1175710194623717
E19,BTR,BRK24,1788393600000,funding,0.04536,1085.979230439653,-0.0065781827893968544,0.0,-1,-0.0065781827893968544
E19,ETH,BRK24,1788393600000,funding,2390.64,0.8658725202776495,0.20376976459592855,0.0,-1,0.20376976459592855
E19,HYPE,BRK24,1788393600000,funding,81.88,17.665002094634456,-0.05301094011579273,0.0,-1,-0.05301094011579273
E20,AAVE,BRK24GATE,1788393600000,funding,127.1,9.304840244767718,-0.024894681357065015,0.0,1,-0.024894681357065015
E20,BTR,BRK24GATE,1788393600000,funding,0.04536,1115.740837996461,-0.006758459989114311,0.0,-1,-0.006758459989114311
E20,1000PEPE,BRK24GATE,1788393600000,funding,0.00343,394015.75722717575,0.13514740472892128,0.0,-1,0.13514740472892128
E20,PUMPFUN,BRK24GATE,1788393600000,funding,0.004086,182579.56871205362,0.03730100588787256,0.0,-1,0.03730100588787256
E20,AKE,BRK24GATE,1788393600000,funding,0.016532,29783.734376991222,-0.7015694112751217,0.0,1,-0.7015694112751217
E21,FARTCOIN,MR,1788393600000,funding,0.15889,7437.952534615865,-0.05909081391125575,0.0,1,-0.05909081391125575
E21,BTR,MR,1788393600000,funding,0.04536,1710.2315790957377,0.010359512985286097,0.0,1,0.010359512985286097
E21,ETH,MR,1788393600000,funding,2390.64,1.3226388593468283,-0.3112626890250642,0.0,1,-0.3112626890250642
E21,ENA,MR,1788393600000,funding,0.14903,6604.539758996026,-0.04921372801415889,0.0,1,-0.04921372801415889
E19,1000PEPE,BRK24,1788397200000,exit,0.003434,342772.65149379504,25.02240355904709,1.2947894137526614,-1,0.0
E19,HYPE,BRK24,1788397200000,exit,82.01,17.665002094634456,-25.437603016273826,1.5935775039590692,-1,0.0
E19,ADA,BRK24,1788397200000,enter,0.2011,6918.00986135322,0.0,1.530332961429946,1,0.0
E19,LIT,BRK24,1788397200000,enter,3.816,170.0974508101525,0.0,0.7140010595206961,1,0.0
E20,1000PEPE,BRK24GATE,1788397200000,exit,0.003434,394015.75722717575,-9.06236241622505,1.4883551213499338,-1,0.0
E20,LIT,BRK24GATE,1788397200000,enter,3.816,178.95046922782993,0.0,0.7511624896307388,1,0.0
E21,FARTCOIN,MR,1788400800000,exit_timeout,0.15651,7437.952534615865,-72.22251911112002,1.2805253463120023,1,0.0
E21,ADA,MR,1788400800000,enter,0.2004,10292.792938312481,0.0,2.2689432753216034,-1,0.0
E20,PUMPFUN,BRK24GATE,1788404400000,exit,0.004223,182579.56871205362,-21.90954824544649,0.8481368705381027,-1,0.0
E20,LTC,BRK24GATE,1788404400000,enter,50.03,41.284954012770356,0.0,2.2720348741847913,1,0.0
E19,ETH,BRK24,1788408000000,exit,2408.88,0.8658725202776495,-23.343923146685462,1.6686263973171394,-1,0.0
E19,LTC,BRK24,1788408000000,enter,50.19,39.16595157059727,0.0,2.162313020261105,1,0.0
E19,BTR,BRK24,1788408000000,funding,0.04431,1085.979230439653,-0.03199337133485829,0.0,-1,-0.03199337133485829
E19,LIT,BRK24,1788408000000,funding,3.888,170.0974508101525,0.0530922859888398,0.0,1,0.0530922859888398
E20,BTR,BRK24GATE,1788408000000,funding,0.04431,1115.740837996461,-0.03287015989158031,0.0,-1,-0.03287015989158031
E20,AKE,BRK24GATE,1788408000000,funding,0.013765,29783.734376991222,-0.0749635820114141,0.0,1,-0.0749635820114141
E20,LIT,BRK24GATE,1788408000000,funding,3.888,178.95046922782993,0.0558555665874444,0.0,1,0.0558555665874444
E21,ENA,MR,1788408000000,exit_signal,0.153,6604.539758996026,14.199760481841357,1.1115440414390312,1,0.0
E21,ETH,MR,1788408000000,exit_signal,2404.95,1.3226388593468283,39.03107273932459,2.544704259828924,1,0.0
E21,BTC,MR,1788408000000,enter,77782.8,0.05441801904723033,0.0,3.386228713557526,-1,0.0
E21,DOGE,MR,1788408000000,enter,0.08313,32806.147131208636,0.0,2.9998925121191116,-1,0.0
E21,BTR,MR,1788408000000,funding,0.04431,1710.2315790957377,0.050384088797406815,0.0,1,0.050384088797406815
E19,AAVE,BRK24,1788422400000,funding,127.47,11.76246748317362,-0.14993617300801412,0.0,1,-0.14993617300801412
E19,BTR,BRK24,1788422400000,funding,0.0446,1085.979230439653,-0.019099729218028147,0.0,-1,-0.019099729218028147
E19,ADA,BRK24,1788422400000,funding,0.205,6918.00986135322,-0.07859620183582006,0.0,1,-0.07859620183582006
E19,LIT,BRK24,1788422400000,funding,3.955,170.0974508101525,0.026667231967702633,0.0,1,0.026667231967702633
E19,LTC,BRK24,1788422400000,funding,50.4,39.16595157059727,0.06632518902771224,0.0,1,0.06632518902771224
E20,AAVE,BRK24GATE,1788422400000,funding,127.47,9.304840244767718,-0.1186087986000541,0.0,1,-0.1186087986000541
E20,BTR,BRK24GATE,1788422400000,funding,0.0446,1115.740837996461,-0.01962316339567639,0.0,-1,-0.01962316339567639
E20,SPCX,BRK24GATE,1788422400000,funding,140.77,22.31589730656091,-0.04743527384405315,0.0,-1,-0.04743527384405315
E20,AKE,BRK24GATE,1788422400000,funding,0.012895,29783.734376991222,-0.01920306273956509,0.0,1,-0.01920306273956509
E20,LIT,BRK24GATE,1788422400000,funding,3.955,178.95046922782993,0.028055174553756113,0.0,1,0.028055174553756113
E20,LTC,BRK24GATE,1788422400000,funding,50.4,41.284954012770356,0.06991359252338582,0.0,1,0.06991359252338582
E21,BTR,MR,1788422400000,funding,0.0446,1710.2315790957377,0.03007880735216735,0.0,1,0.03007880735216735
E21,SPCX,MR,1788422400000,funding,140.77,34.99548980556305,0.07438735800892957,0.0,1,0.07438735800892957
E21,ADA,MR,1788422400000,funding,0.205,10292.792938312481,0.11693744985146193,0.0,-1,0.11693744985146193
E21,BTC,MR,1788422400000,funding,77630.8,0.05441801904723033,0.3965974074644963,0.0,-1,0.3965974074644963
E21,DOGE,MR,1788422400000,funding,0.08284,32806.147131208636,0.1634673228852118,0.0,-1,0.1634673228852118
E19,BTR,BRK24,1788426000000,exit,0.05156,1085.979230439653,10.990109812049285,0.06159239803361537,-1,0.0
E19,1000PEPE,BRK24,1788426000000,enter,0.003488,402567.0168032096,0.0,1.5445691300705546,1,0.0
E20,BTR,BRK24GATE,1788426000000,exit,0.05156,1115.740837996461,11.291297280524184,0.0632803573678073,-1,0.0
E20,XPL,BRK24GATE,1788426000000,enter,0.08844,10004.857291080038,0.0,0.9733125367054305,1,0.0
E21,BTR,MR,1788429600000,exit_signal,0.05175,1710.2315790957377,-11.133607579913257,0.09735493264002487,1,0.0
E21,AAVE,MR,1788429600000,enter,129.97,15.610686265586274,0.0,2.2318129833320732,-1,0.0
E20,AKE,BRK24GATE,1788433200000,exit,0.01245,29783.734376991222,34.578915611686774,0.4078882422928948,1,0.0
E20,CL,BRK24GATE,1788433200000,enter,92.9,22.4113211334995,0.0,2.290212906632314,1,0.0
E19,NVDA,BRK24,1788436800000,exit,224.58,16.904203634721107,49.698358686080496,4.175980657514233,1,0.0
E19,ENA,BRK24,1788436800000,enter,0.15389,5157.749380610465,0.0,0.873098657400359,1,0.0
E19,LIT,BRK24,1788436800000,funding,3.937,170.0974508101525,-0.033483683191978524,0.0,1,-0.033483683191978524
E19,ENA,BRK24,1788436800000,funding,0.15408,5157.749380610465,-0.03973530122822302,0.0,1,-0.03973530122822302
E20,LIT,BRK24GATE,1788436800000,funding,3.937,178.95046922782993,-0.03522639986749832,0.0,1,-0.03522639986749832
E20,XPL,BRK24GATE,1788436800000,funding,0.08763,10004.857291080038,-0.04383628222086719,0.0,1,-0.04383628222086719
E20,SPCX,BRK24GATE,1788440400000,exit,140.97,22.31589730656091,-49.318133047499785,3.460459247636481,-1,0.0
E20,NEAR,BRK24GATE,1788440400000,enter,1.914,577.3787286079618,0.0,1.2156131752112027,1,0.0
E21,MU,MR,1788440400000,exit_signal,949.14,3.0912965062086326,-14.189050963497722,3.227480482493148,-1,0.0
E21,CL,MR,1788440400000,enter,92.86,33.55411234036521,0.0,3.4274183591189447,-1,0.0
E21,SPCX,MR,1788444000000,exit_signal,141.26,34.99548980556305,84.68908532946213,5.437809178927219,1,0.0
E21,1000PEPE,MR,1788444000000,enter,0.003503,661637.6495825419,0.0,2.549488355136409,-1,0.0
E21,ADA,MR,1788444000000,stop,0.2096285940781447,10292.792938312481,-94.98800795808006,2.3734300840754914,-1,0.0
E21,ENA,MR,1788447600000,enter,0.15575,7809.181392822669,0.0,1.337908002125344,-1,0.0
E21,1000PEPE,MR,1788447600000,stop,0.0036560804410449583,661637.6495825419,-101.28378321004504,2.6609005166674584,-1,0.0
E21,BTC,MR,1788447600000,stop,79636.7792913428,0.05441801904723033,-100.88988038946283,3.466940617869096,-1,0.0
E21,DOGE,MR,1788447600000,stop,0.08620430243786179,32806.147131208636,-100.85601810232725,3.1108341320316715,-1,0.0
E19,AAVE,BRK24,1788451200000,funding,134.12,11.76246748317362,-0.1577582138843246,0.0,1,-0.1577582138843246
E19,ADA,BRK24,1788451200000,funding,0.2205,6918.00986135322,-0.09173882943012307,0.0,1,-0.09173882943012307
E19,LIT,BRK24,1788451200000,funding,4.2,170.0974508101525,-0.035720464670132034,0.0,1,-0.035720464670132034
E19,LTC,BRK24,1788451200000,funding,51.26,39.16595157059727,-0.06605157569004005,0.0,1,-0.06605157569004005
E19,1000PEPE,BRK24,1788451200000,funding,0.003857,402567.0168032096,-0.15527009838099798,0.0,1,-0.15527009838099798
E19,ENA,BRK24,1788451200000,funding,0.16943,5157.749380610465,-0.020815761515403715,0.0,1,-0.020815761515403715
E20,AAVE,BRK24GATE,1788451200000,funding,134.12,9.304840244767718,-0.12479651736282464,0.0,1,-0.12479651736282464
E20,LIT,BRK24GATE,1788451200000,funding,4.2,178.95046922782993,-0.03757959853784429,0.0,1,-0.03757959853784429
E20,LTC,BRK24GATE,1788451200000,funding,51.26,41.284954012770356,-0.06962517583465261,0.0,1,-0.06962517583465261
E20,XPL,BRK24GATE,1788451200000,funding,0.09307,10004.857291080038,-0.046557603404040956,0.0,1,-0.046557603404040956
E20,CL,BRK24GATE,1788451200000,funding,91.11,22.4113211334995,0.7374918053031285,0.0,1,0.7374918053031285
E20,NEAR,BRK24GATE,1788451200000,funding,1.987,577.3787286079618,-0.11472515337440202,0.0,1,-0.11472515337440202
E21,ADA,MR,1788451200000,enter,0.2169,8445.909277507943,0.0,2.0151094945206203,-1,0.0
E21,ETH,MR,1788451200000,enter,2488.56,1.193611868637606,0.0,2.3762998014534404,-1,0.0
E21,FARTCOIN,MR,1788451200000,enter,0.16964,7141.579703992689,0.0,1.332647339083852,-1,0.0
E21,ENA,MR,1788451200000,stop,0.16822644079001547,7809.181392822669,-97.43078926604261,1.4450818703179908,-1,0.0
E21,AAVE,MR,1788451200000,funding,134.12,15.610686265586274,0.20937052419404314,0.0,-1,0.20937052419404314
E21,CL,MR,1788451200000,funding,91.11,33.55411234036521,-1.1041688590259329,0.0,-1,-1.1041688590259329
E21,ADA,MR,1788451200000,funding,0.2205,8445.909277507943,0.11200010496082674,0.0,-1,0.11200010496082674
E21,ETH,MR,1788451200000,funding,2516.41,1.193611868637606,0.3003616842358358,0.0,-1,0.3003616842358358
E21,FARTCOIN,MR,1788451200000,funding,0.17312,7141.579703992689,0.06181751391776072,0.0,-1,0.06181751391776072
E19,LIT,BRK24,1788465600000,funding,4.247,170.0974508101525,-0.03612019367953589,0.0,1,-0.03612019367953589
E19,ENA,BRK24,1788465600000,funding,0.17076,5157.749380610465,-0.04403686421165214,0.0,1,-0.04403686421165214
E20,LIT,BRK24GATE,1788465600000,funding,4.247,178.95046922782993,-0.038000132140529684,0.0,1,-0.038000132140529684
E20,XPL,BRK24GATE,1788465600000,funding,0.09718,10004.857291080038,-0.048613601577357904,0.0,1,-0.048613601577357904
E21,FARTCOIN,MR,1788465600000,funding,0.17419,7141.579703992689,0.06219958843192434,0.0,-1,0.06219958843192434
E19,AAVE,BRK24,1788480000000,funding,132.63,11.76246748317362,-0.0221995977664339,0.0,1,-0.0221995977664339
E19,ADA,BRK24,1788480000000,funding,0.221,6918.00986135322,-0.15288801793590617,0.0,1,-0.15288801793590617
E19,LIT,BRK24,1788480000000,funding,4.443,170.0974508101525,-0.03778714869747538,0.0,1,-0.03778714869747538
E19,LTC,BRK24,1788480000000,funding,51.46,39.16595157059727,-0.20154798678229358,0.0,1,-0.20154798678229358
E19,1000PEPE,BRK24,1788480000000,funding,0.003711,402567.0168032096,-0.1493926199356711,0.0,1,-0.1493926199356711
E19,ENA,BRK24,1788480000000,funding,0.16833,5157.749380610465,-0.04341019766190798,0.0,1,-0.04341019766190798
E20,AAVE,BRK24GATE,1788480000000,funding,132.63,9.304840244767718,-0.01756125668447221,0.0,1,-0.01756125668447221
E20,LIT,BRK24GATE,1788480000000,funding,4.443,178.95046922782993,-0.039753846738962414,0.0,1,-0.039753846738962414
E20,LTC,BRK24GATE,1788480000000,funding,51.46,41.284954012770356,-0.21245237334971628,0.0,1,-0.21245237334971628
E20,XPL,BRK24GATE,1788480000000,funding,0.09638,10004.857291080038,-0.0482134072857147,0.0,1,-0.0482134072857147
E20,CL,BRK24GATE,1788480000000,funding,91.67,22.4113211334995,0.7288146504972272,0.0,1,0.7288146504972272
E20,NEAR,BRK24GATE,1788480000000,funding,1.954,577.3787286079618,-0.11281980356999573,0.0,1,-0.11281980356999573
E21,AAVE,MR,1788480000000,funding,132.63,15.610686265586274,0.029462436895128986,0.0,-1,0.029462436895128986
E21,CL,MR,1788480000000,funding,91.67,33.55411234036521,-1.0911774684060935,0.0,-1,-1.0911774684060935
E21,ADA,MR,1788480000000,funding,0.221,8445.909277507943,0.18665459503292553,0.0,-1,0.18665459503292553
E21,ETH,MR,1788480000000,funding,2506.26,1.193611868637606,0.29915016818916873,0.0,-1,0.29915016818916873
E21,FARTCOIN,MR,1788480000000,funding,0.16971,7141.579703992689,0.6261542640670189,0.0,-1,0.6261542640670189
E21,HYPE,MR,1788483600000,enter,87.46,23.728101670945584,0.0,2.282785749354991,-1,0.0
E19,LIT,BRK24,1788494400000,funding,4.324,170.0974508101525,-0.036775068865154976,0.0,1,-0.036775068865154976
E19,ENA,BRK24,1788494400000,funding,0.16607,5157.749380610465,-0.04282737198189899,0.0,1,-0.04282737198189899
E20,LIT,BRK24GATE,1788494400000,funding,4.324,178.95046922782993,-0.03868909144705683,0.0,1,-0.03868909144705683
E20,XPL,BRK24GATE,1788494400000,funding,0.09238,10004.857291080038,-0.021285447942145902,0.0,1,-0.021285447942145902
E21,FARTCOIN,MR,1788494400000,funding,0.16792,7141.579703992689,0.338514145956126,0.0,-1,0.338514145956126
E19,ENA,BRK24,1788498000000,exit,0.16508,5157.749380610465,57.71521556903113,0.9365853945262932,1,0.0
E19,KORU,BRK24,1788498000000,enter,20.81,41.113321477658815,0.0,0.941125041945088,1,0.0
E20,XPL,BRK24GATE,1788498000000,exit,0.0923,10004.857291080038,38.61874914356883,1.0157931607633561,1,0.0
E19,1000PEPE,BRK24,1788501600000,exit,0.003639,402567.0168032096,60.78761953728451,1.6114355115615677,1,0.0
E19,LTC,BRK24,1788501600000,exit,50.95,39.16595157059727,29.766123193654128,2.195055755774124,1,0.0
E19,BTR,BRK24,1788501600000,enter,0.05489,3205.1532144215507,0.0,0.19352394593355882,1,0.0
E19,MU,BRK24,1788501600000,enter,970.54,2.0247905508629453,0.0,2.161654243357975,1,0.0
E20,LTC,BRK24GATE,1788501600000,exit,50.95,41.284954012770356,37.982157691748796,2.313815247645715,1,0.0
E20,NEAR,BRK24GATE,1788501600000,exit,1.928,577.3787286079618,8.083302200511472,1.2245048076317653,1,0.0
E20,SKHYNIX,BRK24GATE,1788501600000,enter,1231.34,1.3772107637008157,0.0,1.8653961719528989,1,0.0
E21,CL,MR,1788505200000,exit_signal,91.31,33.55411234036521,52.008874127565974,3.370208597578622,-1,0.0
E21,MU,MR,1788505200000,enter,969.92,3.063270615877413,0.0,3.268240179327002,-1,0.0
E19,AAVE,BRK24,1788508800000,funding,133.64,11.76246748317362,-0.0918953875892243,0.0,1,-0.0918953875892243
E19,ADA,BRK24,1788508800000,funding,0.2199,6918.00986135322,-0.13101180413621666,0.0,1,-0.13101180413621666
E19,LIT,BRK24,1788508800000,funding,4.398,170.0974508101525,-0.03740442943315254,0.0,1,-0.03740442943315254
E19,KORU,BRK24,1788508800000,funding,20.86,41.113321477658815,-0.06595985307410297,0.0,1,-0.06595985307410297
E19,BTR,BRK24,1788508800000,funding,0.05168,3205.1532144215507,0.008225797517904043,0.0,1,0.008225797517904043
E19,MU,BRK24,1788508800000,funding,972.1,2.0247905508629453,-0.2483599545072364,0.0,1,-0.2483599545072364
E20,CL,BRK24GATE,1788508800000,exit,91.11,22.4113211334995,-40.11626482896424,2.2460850153204532,1,0.0
E20,AAVE,BRK24GATE,1788508800000,funding,133.64,9.304840244767718,-0.0726949427891669,0.0,1,-0.0726949427891669
E20,LIT,BRK24GATE,1788508800000,funding,4.398,178.95046922782993,-0.0393512081831998,0.0,1,-0.0393512081831998
E21,AAVE,MR,1788508800000,funding,133.64,15.610686265586274,0.12195996009867623,0.0,-1,0.12195996009867623
E21,ADA,MR,1788508800000,funding,0.2199,8445.909277507943,0.15994683936467857,0.0,-1,0.15994683936467857
E21,ETH,MR,1788508800000,funding,2503.61,1.193611868637606,0.29883386104397974,0.0,-1,0.29883386104397974
E21,FARTCOIN,MR,1788508800000,funding,0.17219,7141.579703992689,0.2662319138984035,0.0,-1,0.2662319138984035
E21,HYPE,MR,1788508800000,funding,86.25,23.728101670945584,0.20465487691190568,0.0,-1,0.20465487691190568
E21,MU,MR,1788508800000,funding,972.1,3.063270615877413,0.37573948104332355,0.0,-1,0.37573948104332355
E20,ETH,BRK24GATE,1788516000000,enter,2539.3,0.8201236949417942,0.0,1.6660320788525584,1,0.0
E20,LINK,BRK24GATE,1788516000000,enter,12.084,132.71427458878517,0.0,1.764091223543968,1,0.0
E20,SNDK,BRK24GATE,1788516000000,enter,1599.67,1.1373534507886829,0.0,2.001329214085446,1,0.0
E21,AAVE,MR,1788516000000,exit_timeout,135.81,15.610686265586274,-91.1664077910239,2.3320960319021995,-1,0.0
E21,CL,MR,1788516000000,enter,90.59,36.95002083216537,0.0,3.682032625904448,1,0.0
E19,LIT,BRK24,1788523200000,funding,4.635,170.0974508101525,-0.039420084225252845,0.0,1,-0.039420084225252845
E19,BTR,BRK24,1788523200000,funding,0.04932,3205.1532144215507,-0.007903907826763545,0.0,1,-0.007903907826763545
E20,LIT,BRK24GATE,1788523200000,funding,4.635,178.95046922782993,-0.04147177124354959,0.0,1,-0.04147177124354959
E21,FARTCOIN,MR,1788523200000,funding,0.175,7141.579703992689,0.06248882240993603,0.0,-1,0.06248882240993603
E19,AAVE,BRK24,1788526800000,exit,132.14,11.76246748317362,82.6901464067104,1.7097216985492183,1,0.0
E19,ADA,BRK24,1788526800000,exit,0.2181,6918.00986135322,117.60616764300465,1.6596997458372509,1,0.0
E19,BTR,BRK24,1788526800000,exit,0.04835,3205.1532144215507,-20.961702022316956,0.17046607370901018,1,0.0
E19,1000PEPE,BRK24,1788526800000,enter,0.003472,312020.6509309977,0.0,1.1916692700356664,-1,0.0
E19,CL,BRK24,1788526800000,enter,90.23,25.875183277183197,0.0,2.5681895658102643,-1,0.0
E19,HEMI,BRK24,1788526800000,enter,0.015209,17996.436897589418,0.0,0.30107858965298123,-1,0.0
E20,AAVE,BRK24GATE,1788526800000,exit,132.14,9.304840244767718,16.748712440581734,1.3524957489379668,1,0.0
E20,ETH,BRK24GATE,1788526800000,exit,2496.0,0.8201236949417942,-35.51135599097984,1.6376229940597746,1,0.0
E20,LINK,BRK24GATE,1788526800000,exit,11.746,132.71427458878517,-44.85742481100928,1.714748056251858,1,0.0
E20,KORU,BRK24GATE,1788530400000,enter,21.44,42.13400269983867,0.0,0.9936883196729952,1,0.0
E20,MU,BRK24GATE,1788530400000,enter,980.5,2.0596155452889557,0.0,2.2213983463714033,1,0.0
E20,NVDA,BRK24GATE,1788530400000,enter,232.62,14.499139968056351,0.0,3.710068933306195,1,0.0
E21,ADA,MR,1788530400000,exit_signal,0.2144,8445.909277507943,21.114773193769874,1.9918832440074734,-1,0.0
E21,ETH,MR,1788530400000,exit_signal,2450.13,1.193611868637606,45.870504111743,2.3396033981640465,-1,0.0
E21,FARTCOIN,MR,1788530400000,exit_signal,0.1644,7141.579703992689,37.42187764892185,1.291483273670038,-1,0.0
E21,HYPE,MR,1788530400000,exit_signal,85.49,23.728101670945584,46.744360291762774,2.2313669530340516,-1,0.0
E21,AAVE,MR,1788530400000,enter,131.17,12.673428548615838,0.0,1.8286109849941334,1,0.0
E21,BTC,MR,1788530400000,enter,79425.0,0.04274091927486378,0.0,2.7157580107248447,1,0.0
E21,LTC,MR,1788530400000,enter,50.41,61.185754101980066,0.0,3.3928112507088963,1,0.0
E21,ONDO,MR,1788530400000,enter,0.3554,5369.431666214612,0.0,2.0991256155899403,1,0.0
E21,MU,MR,1788534000000,stop,1001.4439775757728,3.063270615877413,-96.56647420344343,3.3744633009507905,-1,0.0
E19,LIT,BRK24,1788537600000,funding,4.733,170.0974508101525,-0.04025356173422259,0.0,1,-0.04025356173422259
E19,MU,BRK24,1788537600000,funding,1000.11,2.0247905508629453,-0.24688961883224605,0.0,1,-0.24688961883224605
E19,1000PEPE,BRK24,1788537600000,funding,0.003515,312020.6509309977,0.10967525880224568,0.0,-1,0.10967525880224568
E19,CL,BRK24,1788537600000,funding,90.83,25.875183277183197,-0.4860302311133625,0.0,-1,-0.4860302311133625
E19,HEMI,BRK24,1788537600000,funding,0.014773,17996.436897589418,0.013293068114404423,0.0,-1,0.013293068114404423
E20,LIT,BRK24GATE,1788537600000,funding,4.733,178.95046922782993,-0.04234862854276595,0.0,1,-0.04234862854276595
E20,SKHYNIX,BRK24GATE,1788537600000,funding,1251.86,1.3772107637008157,-1.2876082227742744,0.0,1,-1.2876082227742744
E20,MU,BRK24GATE,1788537600000,funding,1000.11,2.0596155452889557,-0.25113594919763044,0.0,1,-0.25113594919763044
E21,1000PEPE,MR,1788537600000,enter,0.003501,362527.2340808315,0.0,1.3961286311686902,1,0.0
E21,CL,MR,1788537600000,funding,90.83,36.95002083216537,0.6940560371039781,0.0,1,0.6940560371039781
E21,AAVE,MR,1788537600000,funding,131.19,12.673428548615838,-0.13192945969409256,0.0,1,-0.13192945969409256
E21,BTC,MR,1788537600000,funding,79384.9,0.04274091927486378,-0.15017345424855907,0.0,1,-0.15017345424855907
E21,LTC,MR,1788537600000,funding,50.22,61.185754101980066,0.00039945731423018704,0.0,1,0.00039945731423018704
E21,ONDO,MR,1788537600000,funding,0.3534,5369.431666214612,-0.0948778575420122,0.0,1,-0.0948778575420122
E21,1000PEPE,MR,1788537600000,funding,0.003515,362527.2340808315,-0.1274283227794123,0.0,1,-0.1274283227794123
E19,LIT,BRK24,1788552000000,funding,4.641,170.0974508101525,0.007744232460949293,0.0,1,0.007744232460949293
E19,HEMI,BRK24,1788552000000,funding,0.014593,17996.436897589418,0.01313110018232612,0.0,-1,0.01313110018232612
E20,NVDA,BRK24GATE,1788552000000,exit,229.85,14.499139968056351,-40.16261771151624,3.665890053823528,1,0.0
E20,NEAR,BRK24GATE,1788552000000,enter,2.039,403.1577496429622,0.0,0.9042425166742001,1,0.0
E20,LIT,BRK24GATE,1788552000000,funding,4.641,178.95046922782993,0.008147294542603179,0.0,1,0.008147294542603179
E21,CL,MR,1788552000000,exit_signal,91.32,36.95002083216537,26.973515207480343,3.7117034926326755,1,0.0
E21,HEMI,MR,1788552000000,enter,0.014266,27373.477701872736,0.0,0.4295610361844081,1,0.0
E21,ONDO,MR,1788552000000,funding,0.3579,5369.431666214612,-0.09608597966691049,0.0,1,-0.09608597966691049
E21,HEMI,MR,1788552000000,funding,0.014593,27373.477701872736,-0.01997305800517144,0.0,1,-0.01997305800517144
E19,LIT,BRK24,1788566400000,funding,4.82,170.0974508101525,-0.04099348564524676,0.0,1,-0.04099348564524676
E19,1000PEPE,BRK24,1788566400000,funding,0.003521,312020.6509309977,0.10924724135412457,0.0,-1,0.10924724135412457
E19,CL,BRK24,1788566400000,funding,90.97,25.875183277183197,-0.021537868617937002,0.0,-1,-0.021537868617937002
E19,HEMI,BRK24,1788566400000,funding,0.01426,17996.436897589418,0.012831459507981256,0.0,-1,0.012831459507981256
E20,LIT,BRK24GATE,1788566400000,funding,4.82,178.95046922782993,-0.04312706308390702,0.0,1,-0.04312706308390702
E20,NEAR,BRK24GATE,1788566400000,funding,2.172,403.1577496429622,-0.0875658632224514,0.0,1,-0.0875658632224514
E21,AAVE,MR,1788566400000,funding,130.25,12.673428548615838,-0.03370758127789629,0.0,1,-0.03370758127789629
E21,BTC,MR,1788566400000,funding,79621.0,0.04274091927486378,0.07548019759089154,0.0,1,0.07548019759089154
E21,LTC,MR,1788566400000,funding,50.72,61.185754101980066,-0.019799318438574496,0.0,1,-0.019799318438574496
E21,ONDO,MR,1788566400000,funding,0.3574,5369.431666214612,-0.09595174387525512,0.0,1,-0.09595174387525512
E21,1000PEPE,MR,1788566400000,funding,0.003521,362527.2340808315,-0.12693102242078955,0.0,1,-0.12693102242078955
E21,HEMI,MR,1788566400000,funding,0.01426,27373.477701872736,-0.019517289601435263,0.0,1,-0.019517289601435263
E21,LTC,MR,1788573600000,exit_signal,50.98,61.185754101980066,34.875879838128654,3.431174718530838,1,0.0
E21,ONDO,MR,1788573600000,exit_signal,0.364,5369.431666214612,46.17711232944564,2.1499204391523308,1,0.0
E21,MOVR,MR,1788573600000,enter,0.829,1883.1913150786668,0.0,1.7172821602202362,-1,0.0
E21,NEAR,MR,1788573600000,enter,2.222,501.8224598274977,0.0,1.22655445631037,-1,0.0
E19,LIT,BRK24,1788580800000,funding,4.731,170.0974508101525,-0.040236551989141583,0.0,1,-0.040236551989141583
E19,HEMI,BRK24,1788580800000,funding,0.014044,17996.436897589418,0.012637097989487289,0.0,-1,0.012637097989487289
E20,LIT,BRK24GATE,1788580800000,funding,4.731,178.95046922782993,-0.04233073349584317,0.0,1,-0.04233073349584317
E21,HEMI,MR,1788580800000,funding,0.014044,27373.477701872736,-0.019221656042255036,0.0,1,-0.019221656042255036
E21,MOVR,MR,1788580800000,funding,0.831,1883.1913150786668,0.0782465991415186,0.0,-1,0.0782465991415186
E19,LIT,BRK24,1788595200000,exit,4.595,170.0974508101525,132.50591418110878,0.8597575651199159,1,0.0
E19,LTC,BRK24,1788595200000,enter,53.8,35.654693357012256,0.0,2.110044752867985,1,0.0
E19,KORU,BRK24,1788595200000,funding,23.04,41.113321477658815,-0.01721154934077836,0.0,1,-0.01721154934077836
E19,1000PEPE,BRK24,1788595200000,funding,0.003516,312020.6509309977,-0.07676161066887695,0.0,-1,-0.07676161066887695
E19,HEMI,BRK24,1788595200000,funding,0.01392,17996.436897589418,0.012525520080722235,0.0,-1,0.012525520080722235
E19,LTC,BRK24,1788595200000,funding,53.7,35.654693357012256,-0.17861835463390366,0.0,1,-0.17861835463390366
E20,LIT,BRK24GATE,1788595200000,exit,4.595,178.95046922782993,139.4024155284795,0.9045051467120664,1,0.0
E20,LTC,BRK24GATE,1788595200000,enter,53.8,35.33570211082854,0.0,2.091166850918833,1,0.0
E20,SNDK,BRK24GATE,1788595200000,funding,1759.39,1.1373534507886829,-0.039360619820693596,0.0,1,-0.039360619820693596
E20,KORU,BRK24GATE,1788595200000,funding,23.04,42.13400269983867,-0.01763884406145182,0.0,1,-0.01763884406145182
E20,NEAR,BRK24GATE,1788595200000,funding,2.226,403.1577496429622,-0.08974291507052339,0.0,1,-0.08974291507052339
E20,LTC,BRK24GATE,1788595200000,funding,53.7,35.33570211082854,-0.17702031280066075,0.0,1,-0.17702031280066075
E21,AAVE,MR,1788595200000,funding,129.77,12.673428548615838,0.015887133747802457,0.0,1,0.015887133747802457
E21,BTC,MR,1788595200000,funding,79666.0,0.04274091927486378,-0.07174330943922384,0.0,1,-0.07174330943922384
E21,1000PEPE,MR,1788595200000,funding,0.003516,362527.2340808315,0.0891869634793234,0.0,1,0.0891869634793234
E21,HEMI,MR,1788595200000,funding,0.01392,27373.477701872736,-0.019051940480503425,0.0,1,-0.019051940480503425
E21,MOVR,MR,1788595200000,funding,0.808,1883.1913150786668,0.07608092912917815,0.0,-1,0.07608092912917815
E21,NEAR,MR,1788595200000,funding,2.226,501.8224598274977,0.111705679557601,0.0,-1,0.111705679557601
E19,1000PEPE,BRK24,1788606000000,exit,0.003539,312020.6509309977,-20.905383612376912,1.2146651920092808,-1,0.0
E19,ONG,BRK24,1788606000000,enter,0.09505,8784.201625238444,0.0,0.9184322009268056,-1,0.0
E19,ONG,BRK24,1788606000000,funding,0.09472,8784.201625238444,-0.03432163259013164,0.0,-1,-0.03432163259013164
E19,CL,BRK24,1788609600000,exit,91.2,25.875183277183197,-25.098927778867672,2.5957983863670187,-1,0.0
E19,NEAR,BRK24,1788609600000,enter,2.286,344.87555338283767,0.0,0.8672240665364837,1,0.0
E19,HEMI,BRK24,1788609600000,funding,0.013922,17996.436897589418,0.012527319724411994,0.0,-1,0.012527319724411994
E19,ONG,BRK24,1788609600000,funding,0.09556,8784.201625238444,-1.0618053994628374,0.0,-1,-1.0618053994628374
E21,HEMI,MR,1788609600000,funding,0.013922,27373.477701872736,-0.019054677828273612,0.0,1,-0.019054677828273612
E21,MOVR,MR,1788609600000,funding,0.812,1883.1913150786668,0.07645756739219388,0.0,-1,0.07645756739219388
E19,ONG,BRK24,1788613200000,funding,0.09543,8784.201625238444,-0.43952506165011934,0.0,-1,-0.43952506165011934
E21,1000PEPE,MR,1788613200000,exit_signal,0.003524,362527.2340808315,8.338126383858974,1.4053005701909353,1,0.0
E21,TAO,MR,1788613200000,enter,239.58,7.310898124126032,0.0,1.9266994698359263,-1,0.0
E19,ONG,BRK24,1788616800000,funding,0.09521,8784.201625238444,-0.41114663014086894,0.0,-1,-0.41114663014086894
E21,AAVE,MR,1788616800000,exit_signal,130.61,12.673428548615838,-7.097119987224538,1.8208041530081864,1,0.0
E21,BTC,MR,1788616800000,exit_signal,79661.8,0.04274091927486378,10.121049684287868,2.723854850472275,1,0.0
E21,ADA,MR,1788616800000,enter,0.2162,9720.498741593306,0.0,2.3117290107257205,-1,0.0
E21,DOGE,MR,1788616800000,enter,0.08726,33283.7286842536,0.0,3.194771981486766,-1,0.0
E19,ONG,BRK24,1788620400000,funding,0.09512,8784.201625238444,-0.6047483819716245,0.0,-1,-0.6047483819716245
E21,MOVR,MR,1788620400000,exit_signal,0.811,1883.1913150786668,33.89744367141582,1.679994972181679,-1,0.0
E21,LINK,MR,1788620400000,enter,11.838,236.9131757055951,0.0,3.0850359914031182,-1,0.0
E19,NEAR,BRK24,1788624000000,exit,2.183,344.87555338283767,-35.52218199843235,0.8281496663382081,1,0.0
E19,AAVE,BRK24,1788624000000,enter,132.0,11.343324055810138,0.0,1.647050652903632,1,0.0
E19,HEMI,BRK24,1788624000000,funding,0.012651,17996.436897589418,0.011383646159570188,0.0,-1,0.011383646159570188
E19,LTC,BRK24,1788624000000,funding,53.64,35.654693357012256,-0.19125177516701375,0.0,1,-0.19125177516701375
E19,ONG,BRK24,1788624000000,funding,0.0951,8784.201625238444,-0.5458941836478383,0.0,-1,-0.5458941836478383
E19,AAVE,BRK24,1788624000000,funding,131.85,11.343324055810138,-0.06338426018902804,0.0,1,-0.06338426018902804
E20,NEAR,BRK24GATE,1788624000000,exit,2.183,403.1577496429622,58.05471594858643,0.9681027042176451,1,0.0
E20,SKHYNIX,BRK24GATE,1788624000000,exit,1275.35,1.3772107637008157,60.61104571047289,1.9320683222344188,1,0.0
E20,HEMI,BRK24GATE,1788624000000,enter,0.012704,26439.727574186552,0.0,0.3694793290127126,-1,0.0
E20,PUMPFUN,BRK24GATE,1788624000000,enter,0.004033,202398.96026269332,0.0,0.8979025074133865,-1,0.0
E20,LTC,BRK24GATE,1788624000000,funding,53.64,35.33570211082854,-0.18954070612248433,0.0,1,-0.18954070612248433
E20,HEMI,BRK24GATE,1788624000000,funding,0.012651,26439.727574186552,0.016724449677051705,0.0,-1,0.016724449677051705
E20,PUMPFUN,BRK24GATE,1788624000000,funding,0.004031,202398.96026269332,0.040793510440945834,0.0,-1,0.040793510440945834
E21,HEMI,MR,1788624000000,funding,0.012651,27373.477701872736,-0.0173150933203196,0.0,1,-0.0173150933203196
E21,NEAR,MR,1788624000000,funding,2.176,501.8224598274977,0.10919656725846351,0.0,-1,0.10919656725846351
E21,TAO,MR,1788624000000,funding,235.71,7.310898124126032,0.08616258984188735,0.0,-1,0.08616258984188735
E21,ADA,MR,1788624000000,funding,0.2172,9720.498741593306,0.1139253339473326,0.0,-1,0.1139253339473326
E21,DOGE,MR,1788624000000,funding,0.08754,33283.7286842536,0.15110228360375438,0.0,-1,0.15110228360375438
E21,LINK,MR,1788624000000,funding,11.939,236.9131757055951,0.28285064047491004,0.0,-1,0.28285064047491004
E19,ONG,BRK24,1788627600000,funding,0.09443,8784.201625238444,-0.35928623395338427,0.0,-1,-0.35928623395338427
E19,ONG,BRK24,1788631200000,funding,0.0938,8784.201625238444,-0.9056535592965221,0.0,-1,-0.9056535592965221
E21,DOGE,MR,1788631200000,stop,0.09017022632431958,33283.7286842536,-96.86318338842528,3.3013214832140343,-1,0.0
E21,HEMI,MR,1788631200000,stop,0.010754183098741585,27373.477701872736,-96.13064163965701,0.32381733038078536,1,0.0
E19,ONG,BRK24,1788634800000,funding,0.09395,8784.201625238444,-1.7054488277861193,0.0,-1,-1.7054488277861193
E21,1000PEPE,MR,1788634800000,enter,0.00367,507242.5076055672,0.0,2.047738003203675,-1,0.0
E21,AAVE,MR,1788634800000,enter,132.86,14.725296568425229,0.0,2.152043192289074,-1,0.0
E19,HEMI,BRK24,1788638400000,funding,0.010846,17996.436897589418,-0.20642445384152744,0.0,-1,-0.20642445384152744
E19,ONG,BRK24,1788638400000,funding,0.09545,8784.201625238444,-0.48445759167554164,0.0,-1,-0.48445759167554164
E20,HEMI,BRK24GATE,1788638400000,funding,0.010846,26439.727574186552,-0.3032714950897471,0.0,-1,-0.3032714950897471
E20,PUMPFUN,BRK24GATE,1788638400000,funding,0.003921,202398.96026269332,0.039680316159501024,0.0,-1,0.039680316159501024
E21,TAO,MR,1788638400000,funding,232.89,7.310898124126032,0.08513175320638558,0.0,-1,0.08513175320638558
E19,ONG,BRK24,1788642000000,exit,0.09617,8784.201625238444,-9.838305820267143,0.9292543373290993,-1,0.0
E19,FARTCOIN,BRK24,1788642000000,enter,0.17466,5452.863229295188,0.0,1.0476368007915675,1,0.0
E21,NEAR,MR,1788642000000,exit_signal,2.186,501.8224598274977,18.065608553789932,1.206682286901201,-1,0.0
E21,CL,MR,1788642000000,enter,92.03,54.07226417521222,0.0,5.47389751924926,-1,0.0
E19,KORU,BRK24,1788649200000,exit,23.03,41.113321477658815,91.27157368040267,1.041523772993531,1,0.0
E19,ENA,BRK24,1788649200000,enter,0.174,5064.49897016752,0.0,0.9693451028900634,1,0.0
E20,KORU,BRK24GATE,1788649200000,exit,23.03,42.13400269983867,66.99306429274347,1.0673806903950132,1,0.0
E20,ENA,BRK24GATE,1788649200000,enter,0.174,5119.9492277664685,0.0,0.9799582821945021,1,0.0
E19,HEMI,BRK24,1788652800000,funding,0.010785,17996.436897589418,-0.6586652767058483,0.0,-1,-0.6586652767058483
E19,LTC,BRK24,1788652800000,funding,54.65,35.654693357012256,0.0016952202230058261,0.0,1,0.0016952202230058261
E19,AAVE,BRK24,1788652800000,funding,134.31,11.343324055810138,-0.15235218539358597,0.0,1,-0.15235218539358597
E19,FARTCOIN,BRK24,1788652800000,funding,0.17159,5452.863229295188,-0.04678284007573807,0.0,1,-0.04678284007573807
E19,ENA,BRK24,1788652800000,funding,0.17178,5064.49897016752,-0.04349898165476883,0.0,1,-0.04349898165476883
E20,LTC,BRK24GATE,1788652800000,funding,54.65,35.33570211082854,0.0016800536247103986,0.0,1,0.0016800536247103986
E20,HEMI,BRK24GATE,1788652800000,funding,0.010785,26439.727574186552,-0.9676876916125283,0.0,-1,-0.9676876916125283
E20,PUMPFUN,BRK24GATE,1788652800000,funding,0.00384,202398.96026269332,0.03886060037043712,0.0,-1,0.03886060037043712
E20,ENA,BRK24GATE,1788652800000,funding,0.17178,5119.9492277664685,-0.0439752439172862,0.0,1,-0.0439752439172862
E21,TAO,MR,1788652800000,funding,236.04,7.310898124126032,0.08628321966093543,0.0,-1,0.08628321966093543
E21,ADA,MR,1788652800000,funding,0.2182,9720.498741593306,0.1460529431581223,0.0,-1,0.1460529431581223
E21,LINK,MR,1788652800000,funding,12.04,236.9131757055951,0.10097618609653591,0.0,-1,0.10097618609653591
E21,1000PEPE,MR,1788652800000,funding,0.003612,507242.5076055672,0.1832159937471309,0.0,-1,0.1832159937471309
E21,AAVE,MR,1788652800000,funding,134.31,14.725296568425229,0.19777545821051926,0.0,-1,0.19777545821051926
E21,CL,MR,1788652800000,funding,91.6,54.07226417521222,-0.127738370286011,0.0,-1,-0.127738370286011
E21,AAVE,MR,1788656400000,stop,138.82757213640215,14.725296568425229,-87.87426950199244,2.2487048887412655,-1,0.0
E21,ENA,MR,1788660000000,enter,0.18152,5724.601812280876,0.0,1.143042693061747,-1,0.0
E21,LINK,MR,1788660000000,stop,12.248080232415322,236.9131757055951,-97.15341015560274,3.1919047425742813,-1,0.0
E21,AAVE,MR,1788663600000,enter,138.84,13.172166359419403,0.0,2.011705935075969,-1,0.0
E19,HEMI,BRK24,1788667200000,funding,0.011666,17996.436897589418,-0.805772309803525,0.0,-1,-0.805772309803525
E19,FARTCOIN,BRK24,1788667200000,funding,0.17801,5452.863229295188,-0.04853320917234182,0.0,1,-0.04853320917234182
E19,ENA,BRK24,1788667200000,funding,0.17766,5064.49897016752,-0.044987944351998085,0.0,1,-0.044987944351998085
E20,HEMI,BRK24GATE,1788667200000,funding,0.011666,26439.727574186552,-1.1838121334385878,0.0,-1,-1.1838121334385878
E20,PUMPFUN,BRK24GATE,1788667200000,funding,0.004099,202398.96026269332,0.041481666905838994,0.0,-1,0.041481666905838994
E20,ENA,BRK24GATE,1788667200000,funding,0.17766,5119.9492277664685,-0.04548050899024955,0.0,1,-0.04548050899024955
E21,TAO,MR,1788667200000,funding,238.67,7.310898124126032,0.087244602764258,0.0,-1,0.087244602764258
E21,ENA,MR,1788667200000,funding,0.17766,5724.601812280876,0.05085163789849103,0.0,-1,0.05085163789849103
E19,LTC,BRK24,1788681600000,exit,53.52,35.654693357012256,-9.98331413996322,2.099063107314026,1,0.0
E19,BTC,BRK24,1788681600000,enter,79499.0,0.05908951535295101,0.0,3.758045904835402,-1,0.0
E19,MU,BRK24,1788681600000,funding,1027.6,2.0247905508629453,-0.5858347882599976,0.0,1,-0.5858347882599976
E19,HEMI,BRK24,1788681600000,funding,0.011691,17996.436897589418,-0.4210051878466432,0.0,-1,-0.4210051878466432
E19,AAVE,BRK24,1788681600000,funding,134.66,11.343324055810138,0.017856381682884545,0.0,1,0.017856381682884545
E19,FARTCOIN,BRK24,1788681600000,funding,0.17614,5452.863229295188,-0.17918478493705464,0.0,1,-0.17918478493705464
E19,ENA,BRK24,1788681600000,funding,0.17543,5064.49897016752,-0.0444232527168244,0.0,1,-0.0444232527168244
E19,BTC,BRK24,1788681600000,funding,79773.6,0.05908951535295101,0.0983295209304892,0.0,-1,0.0983295209304892
E20,LTC,BRK24GATE,1788681600000,exit,53.52,35.33570211082854,-9.893996591031781,2.0802834546686984,1,0.0
E20,NEAR,BRK24GATE,1788681600000,enter,2.289,375.06533833292724,0.0,0.9443770153884776,1,0.0
E20,SNDK,BRK24GATE,1788681600000,funding,1782.09,1.1373534507886829,-0.2601482781967391,0.0,1,-0.2601482781967391
E20,MU,BRK24GATE,1788681600000,funding,1027.6,2.0596155452889557,-0.5959107406724693,0.0,1,-0.5959107406724693
E20,HEMI,BRK24GATE,1788681600000,funding,0.011691,26439.727574186552,-0.6185259080632506,0.0,-1,-0.6185259080632506
E20,PUMPFUN,BRK24GATE,1788681600000,funding,0.003969,202398.96026269332,0.04016607366413149,0.0,-1,0.04016607366413149
E20,ENA,BRK24GATE,1788681600000,funding,0.17543,5119.9492277664685,-0.044909634651353586,0.0,1,-0.044909634651353586
E20,NEAR,BRK24GATE,1788681600000,funding,2.302,375.06533833292724,-0.08634004088423987,0.0,1,-0.08634004088423987
E21,TAO,MR,1788681600000,exit_signal,235.84,7.310898124126032,27.342758984231427,1.8966224349532719,-1,0.0
E21,AKE,MR,1788681600000,enter,0.014542,14663.044360079082,0.0,0.23455299019269701,1,0.0
E21,ADA,MR,1788681600000,funding,0.2189,9720.498741593306,0.1359675174527721,0.0,-1,0.1359675174527721
E21,1000PEPE,MR,1788681600000,funding,0.00363,507242.5076055672,0.18412903026082092,0.0,-1,0.18412903026082092
E21,CL,MR,1788681600000,funding,91.84,54.07226417521222,-0.5747644629018914,0.0,-1,-0.5747644629018914
E21,ENA,MR,1788681600000,funding,0.17543,5724.601812280876,0.050213344796421706,0.0,-1,0.050213344796421706
E21,AAVE,MR,1788681600000,funding,134.66,13.172166359419403,-0.02073530024770558,0.0,-1,-0.02073530024770558
E21,AKE,MR,1788681600000,funding,0.014598,14663.044360079082,-0.010702556078421722,0.0,1,-0.010702556078421722
E21,ADA,MR,1788688800000,exit_signal,0.2175,9720.498741593306,-12.636648364071256,2.325629323926199,-1,0.0
E21,KORU,MR,1788688800000,enter,23.44,131.55526566223676,0.0,3.3920209698351127,-1,0.0
E19,HEMI,BRK24,1788696000000,funding,0.011638,17996.436897589418,-0.49057514971678723,0.0,-1,-0.49057514971678723
E19,FARTCOIN,BRK24,1788696000000,funding,0.18523,5452.863229295188,-0.05050169279811739,0.0,1,-0.05050169279811739
E19,ENA,BRK24,1788696000000,funding,0.17459,5064.49897016752,-0.00814358216060625,0.0,1,-0.00814358216060625
E20,HEMI,BRK24GATE,1788696000000,funding,0.011638,26439.727574186552,-0.7207356315579906,0.0,-1,-0.7207356315579906
E20,PUMPFUN,BRK24GATE,1788696000000,funding,0.003979,202398.96026269332,0.04026727314426284,0.0,-1,0.04026727314426284
E20,ENA,BRK24GATE,1788696000000,funding,0.17459,5119.9492277664685,-0.008232744727573637,0.0,1,-0.008232744727573637
E21,ENA,MR,1788696000000,funding,0.17459,5724.601812280876,0.009205010302040349,0.0,-1,0.009205010302040349
E21,AKE,MR,1788696000000,funding,0.013977,14663.044360079082,0.07888552275962589,0.0,1,0.07888552275962589
E19,ENA,BRK24,1788699600000,exit,0.17166,5064.49897016752,-11.850927590191901,0.9563090825408522,1,0.0
E19,HYPE,BRK24,1788699600000,enter,88.73,21.816623387343217,0.0,2.12936789247486,1,0.0
E20,ENA,BRK24GATE,1788699600000,exit,0.17166,5119.9492277664685,-11.980681192973439,0.9667795328822313,1,0.0
E20,FARTCOIN,BRK24GATE,1788699600000,enter,0.1867,4753.674749895438,0.0,0.9762621833860262,1,0.0
E23,BTR,BRK24R15,1788238800000,enter,0.16722,2823.951214239255,0.0,0.3777768976360706,1,0.0
E23,XRP,BRK24R15,1788242400000,enter,1.3958,2462.811278837322,0.0,2.750073586400907,1,0.0
E23,BTR,BRK24R15,1788249600000,funding,0.20865,2823.951214239255,-0.02946087104255103,0.0,1,-0.02946087104255103
E23,XRP,BRK24R15,1788249600000,funding,1.3794,2462.811278837322,-0.33972018780282015,0.0,1,-0.33972018780282015
E22,SOL,BRK24R15,1788253200000,enter,102.1,34.267472430328844,0.0,2.79896714810926,-1,0.0
E23,XRP,BRK24R15,1788253200000,exit,1.3686,2462.811278837322,-66.98846678437489,2.696482812973407,1,0.0
E23,BTR,BRK24R15,1788260400000,exit,0.09639724676278516,2823.951214239255,-200.0,0.2177768976360706,1,0.0
E22,BTC,BRK24R15,1788271200000,enter,77650.3,0.07432428637891772,0.0,4.6170425076871,-1,0.0
E23,XRP,BRK24R15,1788271200000,enter,1.3583,2374.5576846075805,0.0,2.5802893624019814,-1,0.0
E22,SOL,BRK24R15,1788278400000,funding,101.96,34.267472430328844,-0.394916815601255,0.0,-1,-0.394916815601255
E22,BTC,BRK24R15,1788278400000,funding,77872.3,0.07432428637891772,0.13931242124727283,0.0,-1,0.13931242124727283
E23,XRP,BRK24R15,1788278400000,funding,1.3772,2374.5576846075805,-0.0224338521846371,0.0,-1,-0.0224338521846371
E23,HYPE,BRK24R15,1788285600000,enter,81.86,35.302621636111006,0.0,2.311898085705638,-1,0.0
E22,SOL,BRK24R15,1788307200000,funding,99.93,34.267472430328844,-0.2839469792753122,0.0,-1,-0.2839469792753122
E22,BTC,BRK24R15,1788307200000,funding,77392.6,0.07432428637891772,0.11740137672424425,0.0,-1,0.11740137672424425
E23,XRP,BRK24R15,1788307200000,funding,1.351,2374.5576846075805,0.220648126766415,0.0,-1,0.220648126766415
E23,HYPE,BRK24R15,1788307200000,funding,82.75,35.302621636111006,-0.12021116334697385,0.0,-1,-0.12021116334697385
E23,HYPE,BRK24R15,1788328800000,exit,83.35,35.302621636111006,-52.60090623780522,2.353978810695882,-1,0.0
E23,BTR,BRK24R15,1788332400000,enter,0.07002,2278.931753491097,0.0,0.1276566411035573,-1,0.0
E22,SOL,BRK24R15,1788336000000,funding,99.78,34.267472430328844,0.02236162293010231,0.0,-1,0.02236162293010231
E22,BTC,BRK24R15,1788336000000,funding,77437.0,0.07432428637891772,0.4950837887271722,0.0,-1,0.4950837887271722
E23,XRP,BRK24R15,1788336000000,funding,1.3448,2374.5576846075805,0.3193305174260274,0.0,-1,0.3193305174260274
E23,BTR,BRK24R15,1788336000000,funding,0.05574,2278.931753491097,-0.30719733174151653,0.0,-1,-0.30719733174151653
E23,BTR,BRK24R15,1788350400000,funding,0.04866,2278.931753491097,-0.16626493049850152,0.0,-1,-0.16626493049850152
E22,SOL,BRK24R15,1788364800000,funding,99.27,34.267472430328844,0.005476788500935578,0.0,-1,0.005476788500935578
E22,BTC,BRK24R15,1788364800000,funding,77262.6,0.07432428637891772,0.3398404166875867,0.0,-1,0.3398404166875867
E23,XRP,BRK24R15,1788364800000,funding,1.3362,2374.5576846075805,0.3172883978172649,0.0,-1,0.3172883978172649
E23,BTR,BRK24R15,1788364800000,funding,0.05033,2278.931753491097,-0.04318059517612781,0.0,-1,-0.04318059517612781
E23,BTR,BRK24R15,1788379200000,funding,0.04888,2278.931753491097,0.005569709205532241,0.0,-1,0.005569709205532241
E23,XRP,BRK24R15,1788382800000,exit,1.3484,2374.5576846075805,23.508121077615094,2.56148286553989,-1,0.0
E22,SOL,BRK24R15,1788393600000,exit,99.98,34.267472430328844,72.64704155229681,2.740849514867423,-1,0.0
E22,BTC,BRK24R15,1788393600000,funding,77298.1,0.07432428637891772,0.3933687855011877,0.0,-1,0.3933687855011877
E23,BTR,BRK24R15,1788393600000,funding,0.04536,2278.931753491097,-0.013804342862944081,0.0,-1,-0.013804342862944081
E23,XRP,BRK24R15,1788400800000,enter,1.3574,2460.543736478446,0.0,2.6719536543166744,1,0.0
E22,BTC,BRK24R15,1788404400000,exit,77548.1,0.07432428637891772,7.595942067925175,4.61096575403276,-1,0.0
E22,SOL,BRK24R15,1788404400000,enter,100.67,34.559970993407724,0.0,2.7833218239250845,1,0.0
E23,BTR,BRK24R15,1788408000000,funding,0.04431,2278.931753491097,-0.06713821755755206,0.0,-1,-0.06713821755755206
E22,BTC,BRK24R15,1788422400000,enter,77884.9,0.07486208501504266,0.0,4.664500804150476,1,0.0
E22,SOL,BRK24R15,1788422400000,funding,100.33,34.559970993407724,-0.045631008869354735,0.0,1,-0.045631008869354735
E22,BTC,BRK24R15,1788422400000,funding,77630.8,0.07486208501504266,-0.5455933412163364,0.0,1,-0.5455933412163364
E23,BTR,BRK24R15,1788422400000,funding,0.0446,2278.931753491097,-0.04008085806615689,0.0,-1,-0.04008085806615689
E23,XRP,BRK24R15,1788422400000,funding,1.365,2460.543736478446,-0.33586422002930794,0.0,1,-0.33586422002930794
E23,BTR,BRK24R15,1788426000000,exit,0.05156,2278.931753491097,42.06908016944564,0.09400137696800077,-1,0.0
E23,HYPE,BRK24R15,1788440400000,enter,82.65,40.90278460257929,0.0,2.704492117922543,1,0.0
E22,SOL,BRK24R15,1788451200000,funding,105.12,34.559970993407724,-0.1852074928091615,0.0,1,-0.1852074928091615
E22,BTC,BRK24R15,1788451200000,funding,81321.4,0.07486208501504266,-0.5134526055192686,0.0,1,-0.5134526055192686
E23,XRP,BRK24R15,1788451200000,funding,1.4642,2460.543736478446,-0.32500210541483654,0.0,1,-0.32500210541483654
E23,HYPE,BRK24R15,1788451200000,funding,84.51,40.90278460257929,-0.19025645574508923,0.0,1,-0.19025645574508923
E23,XRP,BRK24R15,1788469200000,target,1.4755173301487878,2460.543736478446,290.63285686715676,2.9044599398103994,1,0.0
E22,BTC,BRK24R15,1788472800000,target,81917.72615609286,0.07486208501504266,301.9057745483118,4.906025423789126,1,0.0
E22,SOL,BRK24R15,1788480000000,funding,103.87,34.559970993407724,-0.1492615632990051,0.0,1,-0.1492615632990051
E23,HYPE,BRK24R15,1788480000000,funding,87.46,40.90278460257929,-0.3577357541341585,0.0,1,-0.3577357541341585
E23,BTR,BRK24R15,1788501600000,enter,0.05489,6635.297409321658,0.0,0.29136917983813265,1,0.0
E22,SOL,BRK24R15,1788508800000,funding,103.54,34.559970993407724,0.2073647680362984,0.0,1,0.2073647680362984
E23,HYPE,BRK24R15,1788508800000,funding,86.25,40.90278460257929,-0.3527865171972464,0.0,1,-0.3527865171972464
E23,BTR,BRK24R15,1788508800000,funding,0.05168,6635.297409321658,0.01702901836784849,0.0,1,0.01702901836784849
E22,ETH,BRK24R15,1788512400000,enter,2530.0,1.7867874601413192,0.0,3.61645781932603,1,0.0
E23,BTR,BRK24R15,1788523200000,funding,0.04932,6635.297409321658,-0.016362643411387212,0.0,1,-0.016362643411387212
E22,ETH,BRK24R15,1788526800000,exit,2496.0,1.7867874601413192,-60.75077364480485,3.5678572004101867,1,0.0
E22,SOL,BRK24R15,1788526800000,exit,103.14,34.559970993407724,85.36312835371704,2.851612326608058,1,0.0
E23,HYPE,BRK24R15,1788526800000,exit,85.61,40.90278460257929,121.07224242363444,2.8013499118614504,1,0.0
E23,BTR,BRK24R15,1788526800000,exit,0.04835,6635.297409321658,-43.39484505696367,0.25665330379256174,1,0.0
E22,BTC,BRK24R15,1788534000000,enter,78644.4,0.06014044225085955,0.0,3.783767197242799,-1,0.0
E23,XRP,BRK24R15,1788534000000,enter,1.3881,1900.3978387034977,0.0,2.11035379192346,-1,0.0
E22,BTC,BRK24R15,1788537600000,funding,79384.9,0.06014044225085955,0.2113079949162219,0.0,-1,0.2113079949162219
E23,XRP,BRK24R15,1788537600000,funding,1.3983,1900.3978387034977,0.01628941020587629,0.0,-1,0.01628941020587629
E23,HYPE,BRK24R15,1788559200000,enter,83.48,33.417370712857675,0.0,2.231745685687487,-1,0.0
E22,BTC,BRK24R15,1788566400000,funding,79621.0,0.06014044225085955,-0.10620764694146717,0.0,-1,-0.10620764694146717
E23,XRP,BRK24R15,1788566400000,funding,1.3978,1900.3978387034977,-0.060910703948688444,0.0,-1,-0.060910703948688444
E23,HYPE,BRK24R15,1788566400000,funding,84.36,33.417370712857675,0.28190893933366734,0.0,-1,0.28190893933366734
E22,BTC,BRK24R15,1788595200000,funding,79666.0,0.06014044225085955,0.1009494983125615,0.0,-1,0.1009494983125615
E23,XRP,BRK24R15,1788595200000,exit,1.4043,1900.3978387034977,-30.78644498699707,2.1349829479130573,-1,0.0
E23,HYPE,BRK24R15,1788595200000,funding,84.51,33.417370712857675,0.2824101998943602,0.0,-1,0.2824101998943602
E23,HYPE,BRK24R15,1788602400000,exit,84.77,33.417370712857675,-43.10840821958614,2.266232412263156,-1,0.0
E22,BTC,BRK24R15,1788613200000,exit,79728.9,0.06014044225085955,-65.22230962105718,3.835945044939645,-1,0.0
E22,SOL,BRK24R15,1788616800000,enter,103.22,48.29766613457708,0.0,3.9882280787288367,1,0.0
E23,XRP,BRK24R15,1788620400000,enter,1.4181,2970.1541878462617,0.0,3.369580523027827,1,0.0
E22,SOL,BRK24R15,1788624000000,funding,102.88,48.29766613457708,-0.14866840764640468,0.0,1,-0.14866840764640468
E23,XRP,BRK24R15,1788624000000,funding,1.4116,2970.1541878462617,-0.060458296375549746,0.0,1,-0.060458296375549746
E22,BTC,BRK24R15,1788627600000,enter,79840.4,0.10524014592213661,0.0,6.721932277185405,1,0.0
E23,HYPE,BRK24R15,1788627600000,enter,85.67,46.77840049086467,0.0,3.206004456041901,1,0.0
E22,SOL,BRK24R15,1788652800000,funding,103.11,48.29766613457708,-0.29257337586425425,0.0,1,-0.29257337586425425
E22,BTC,BRK24R15,1788652800000,funding,79795.3,0.10524014592213661,-0.1348665643953647,0.0,1,-0.1348665643953647
E23,XRP,BRK24R15,1788652800000,exit,1.4015,2970.1541878462617,-49.30455951824779,3.330136875413229,1,0.0
E23,HYPE,BRK24R15,1788652800000,funding,85.36,46.77840049086467,-0.2450906018409548,0.0,1,-0.2450906018409548
E23,HYPE,BRK24R15,1788660000000,exit,84.97,46.77840049086467,-32.7448803436054,3.179808551767017,1,0.0
E23,XRP,BRK24R15,1788667200000,enter,1.4273,3192.1208191113305,0.0,3.644891236094082,1,0.0
E23,BTR,BRK24R15,1788667200000,enter,0.04733,17198.535770233815,0.0,0.6512053584041332,-1,0.0
E23,BTR,BRK24R15,1788667200000,funding,0.04691,17198.535770233815,0.040339165649083415,0.0,-1,0.040339165649083415
E22,BTC,BRK24R15,1788678000000,exit,79640.0,0.10524014592213661,-21.090125242795565,6.705060176991168,1,0.0
E22,BTC,BRK24R15,1788681600000,enter,79499.0,0.12200593802087585,0.0,7.759480053377287,-1,0.0
E22,SOL,BRK24R15,1788681600000,funding,105.17,48.29766613457708,-0.5079465547373472,0.0,1,-0.5079465547373472
E22,BTC,BRK24R15,1788681600000,funding,79773.6,0.12200593802087585,0.20302731143772268,0.0,-1,0.20302731143772268
E23,XRP,BRK24R15,1788681600000,funding,1.4161,3192.1208191113305,-0.09931235955399992,0.0,1,-0.09931235955399992
E23,BTR,BRK24R15,1788681600000,funding,0.04776,17198.535770233815,0.04107010341931835,0.0,-1,0.04107010341931835
E23,BTR,BRK24R15,1788696000000,funding,0.04756,17198.535770233815,0.0897959080160841,0.0,-1,0.0897959080160841
E24,BTC,BBADD,1788256800000,enter,77838.6,0.010705913689780305,0.0,0.6666666666666666,1,0.0
E24,ETH,BBADD,1788256800000,enter,2446.81,0.3405567975354759,0.0,0.6666222222222223,1,0.0
E24,SOL,BBADD,1788256800000,enter,102.01,8.16804456353226,0.0,0.6665777807407407,1,0.0
E25,XRP,BBADD,1788256800000,enter,1.3621,611.8004062354696,0.0,0.6666666666666666,1,0.0
E25,XRP,BBADD,1788267600000,exit_signal,1.3816,611.8004062354696,11.930107921591565,0.6762107530039398,1,0.0
E24,BTC,BBADD,1788278400000,funding,77872.3,0.010705913689780305,-0.02006701753157602,0.0,1,-0.02006701753157602
E24,ETH,BBADD,1788278400000,funding,2448.06,0.3405567975354759,-0.043127480698365084,0.0,1,-0.043127480698365084
E24,SOL,BBADD,1788278400000,funding,101.96,8.16804456353226,0.09413294649255657,0.0,1,0.09413294649255657
E24,SOL,BBADD,1788285600000,add,100.85,8.26147006426924,0.0,0.6665354047852422,1,0.0
E25,HYPE,BBADD,1788285600000,enter,82.28,10.138740915676067,0.0,0.6673724820334614,1,0.0
E24,BTC,BBADD,1788289200000,add,77232.6,0.010787073222505618,0.0,0.66649096909159,1,0.0
E24,ETH,BBADD,1788289200000,add,2417.35,0.34461628247891135,0.0,0.6664465363603171,1,0.0
E24,SOL,BBADD,1788292800000,add,99.54,8.368521531434931,0.0,0.6664021065912266,1,0.0
E25,XRP,BBADD,1788292800000,enter,1.3554,615.4345493347528,0.0,0.6673279905346591,1,0.0
E24,BTC,BBADD,1788307200000,funding,77392.6,0.021492986912285923,-0.03394995601510778,0.0,1,-0.03394995601510778
E24,ETH,BBADD,1788307200000,funding,2417.18,0.6851730800143873,-0.023981582917152074,0.0,1,-0.023981582917152074
E24,SOL,BBADD,1788307200000,funding,99.93,24.798036159236432,0.20548137811130582,0.0,1,0.20548137811130582
E25,HYPE,BBADD,1788307200000,funding,82.75,10.138740915676067,0.03452406036327581,0.0,1,0.03452406036327581
E25,XRP,BBADD,1788307200000,funding,1.351,615.4345493347528,-0.05718727379768305,0.0,1,-0.05718727379768305
E24,ETH,BBADD,1788318000000,add,2398.12,0.34733849663489813,0.0,0.6663675164400655,1,0.0
E25,XRP,BBADD,1788318000000,add,1.3342,625.1705058471941,0.0,0.6672819911210611,1,0.0
E25,HYPE,BBADD,1788321600000,exit_signal,82.93,10.138740915676067,6.590181595189501,0.672644627309613,1,0.0
E24,BTC,BBADD,1788332400000,exit_signal,77620.8,0.021492986912285923,1.8557938233423634,1.3346422708169308,1,0.0
E24,ETH,BBADD,1788336000000,funding,2416.51,1.0325115766492854,-0.10204854909863047,0.0,1,-0.10204854909863047
E24,SOL,BBADD,1788336000000,funding,99.78,24.798036159236432,-0.016182236233714717,0.0,1,-0.016182236233714717
E25,BTR,BBADD,1788336000000,enter,0.06513,12813.450178863653,0.0,0.6676320081195117,1,0.0
E25,XRP,BBADD,1788336000000,funding,1.3448,1240.605055181947,-0.16683656782086823,0.0,1,-0.16683656782086823
E25,BTR,BBADD,1788336000000,funding,0.05574,12813.450178863653,1.727238079560661,0.0,1,1.727238079560661
E24,ETH,BBADD,1788346800000,add,2375.44,0.35064554004913245,0.0,0.666349953323449,1,0.0
E24,BTC,BBADD,1788350400000,enter,76650.1,0.010866025125753706,0.0,0.6663055299932273,1,0.0
E24,SOL,BBADD,1788350400000,add,98.18,8.482648065091682,0.0,0.6662611096245612,1,0.0
E25,XRP,BBADD,1788350400000,add,1.3194,632.5711744793275,0.0,0.6676915260864198,1,0.0
E25,BTR,BBADD,1788350400000,add,0.04934,16914.446020419888,0.0,0.6676470133180138,1,0.0
E25,BTR,BBADD,1788350400000,funding,0.04866,29727.89619928354,2.1688699487682372,0.0,1,2.1688699487682372
E24,ETH,BBADD,1788364800000,funding,2389.97,1.3831571166984178,-0.0915349441530794,0.0,1,-0.0915349441530794
E24,SOL,BBADD,1788364800000,funding,99.27,33.28068422432811,-0.005319075371947974,0.0,1,-0.005319075371947974
E24,BTC,BBADD,1788364800000,funding,77262.6,0.010866025125753706,-0.049683820543501026,0.0,1,-0.049683820543501026
E25,XRP,BBADD,1788364800000,funding,1.3362,1873.1762296612744,-0.2502938078073395,0.0,1,-0.2502938078073395
E25,BTR,BBADD,1788364800000,funding,0.05033,29727.89619928354,0.5632763022643212,0.0,1,0.5632763022643212
E24,BTC,BBADD,1788368400000,exit_signal,77262.6,0.010866025125753706,6.655440389524145,0.6716298823048468,1,0.0
E24,SOL,BBADD,1788375600000,exit_signal,99.27,33.28068422432811,-28.446979228161396,2.6430188183592414,1,0.0
E25,XRP,BBADD,1788375600000,exit_signal,1.3378,1873.1762296612744,3.058275363178211,2.0047481280326824,1,0.0
E25,BTR,BBADD,1788379200000,funding,0.04888,29727.89619928354,-0.07265497831104897,0.0,1,-0.07265497831104897
E24,ETH,BBADD,1788393600000,funding,2390.64,1.3831571166984178,-0.32550472900842686,0.0,1,-0.32550472900842686
E25,BTR,BBADD,1788393600000,funding,0.04536,29727.89619928354,0.18007299740339738,0.0,1,0.18007299740339738
E24,ETH,BBADD,1788408000000,exit_signal,2404.95,1.3831571166984178,-5.809077628707876,2.6611389662430875,1,0.0
E25,BTR,BBADD,1788408000000,funding,0.04431,29727.89619928354,0.875795406992042,0.0,1,0.875795406992042
E25,BTR,BBADD,1788422400000,funding,0.0446,29727.89619928354,0.522841276990256,0.0,1,0.522841276990256
E25,BTR,BBADD,1788429600000,exit_signal,0.05175,29727.89619928354,-130.68014848398363,1.2307349026503385,1,0.0
E24,BTC,BBADD,1788530400000,enter,79425.0,0.010449272832394779,0.0,0.6639467957703643,1,0.0
E24,ETH,BBADD,1788530400000,enter,2450.13,0.33870780971348774,0.0,0.6639025326506462,1,0.0
E24,SOL,BBADD,1788530400000,enter,101.53,8.173178770828853,0.0,0.6638582724818028,1,0.0
E25,XRP,BBADD,1788530400000,enter,1.4085,584.9703055112827,0.0,0.6591445402501135,1,0.0
E24,BTC,BBADD,1788537600000,funding,79384.9,0.010449272832394779,-0.03671431083489137,0.0,1,-0.03671431083489137
E24,ETH,BBADD,1788537600000,funding,2450.85,0.33870780971348774,-0.034383654707771605,0.0,1,-0.034383654707771605
E24,SOL,BBADD,1788537600000,funding,101.38,8.173178770828853,0.06471341506173574,0.0,1,0.06471341506173574
E25,XRP,BBADD,1788537600000,add,1.3887,593.2712224389388,0.0,0.6591005972807635,1,0.0
E25,HYPE,BBADD,1788537600000,enter,83.69,9.843718742396714,0.0,0.6590566572409449,1,0.0
E25,XRP,BBADD,1788537600000,funding,1.3983,1178.2415279502216,-0.010099390337906033,0.0,1,-0.010099390337906033
E25,HYPE,BBADD,1788537600000,funding,84.64,9.843718742396714,-0.0833172354356458,0.0,1,-0.0833172354356458
E24,BTC,BBADD,1788566400000,funding,79621.0,0.010449272832394779,0.01845335082753216,0.0,1,0.01845335082753216
E24,ETH,BBADD,1788566400000,funding,2454.77,0.33870780971348774,-0.026065950291079363,0.0,1,-0.026065950291079363
E24,SOL,BBADD,1788566400000,funding,101.85,8.173178770828853,0.08647368622119048,0.0,1,0.08647368622119048
E25,XRP,BBADD,1788566400000,funding,1.3978,1178.2415279502216,0.037764471958139034,0.0,1,0.037764471958139034
E25,HYPE,BBADD,1788566400000,funding,84.36,9.843718742396714,-0.08304161131085869,0.0,1,-0.08304161131085869
E24,BTC,BBADD,1788595200000,exit_signal,79599.9,0.010449272832394779,1.827577818385786,0.665408858025073,1,0.0
E24,SOL,BBADD,1788595200000,exit_signal,102.23,8.173178770828853,5.721225139580221,0.668435252593467,1,0.0
E24,ETH,BBADD,1788595200000,funding,2456.11,0.33870780971348774,-0.02594707448529515,0.0,1,-0.02594707448529515
E25,XRP,BBADD,1788595200000,exit_signal,1.4026,1178.2415279502216,4.795145189384608,1.3220812536823847,1,0.0
E25,HYPE,BBADD,1788595200000,funding,84.51,9.843718742396714,-0.08318926709199465,0.0,1,-0.08318926709199465
E24,ETH,BBADD,1788598800000,exit_signal,2456.11,0.33870780971348774,2.0254727020866627,0.6655229108123155,1,0.0
E25,HYPE,BBADD,1788598800000,exit_signal,84.51,9.843718742396714,8.071849368765378,0.665514136735957,1,0.0
E25,BTR,BBADD,1788631200000,enter,0.04867,16943.785216924258,0.0,0.6597232212061629,1,0.0
E25,BTR,BBADD,1788638400000,funding,0.04897,16943.785216924258,-0.04148685810363905,0.0,1,-0.04148685810363905
E25,BTR,BBADD,1788652800000,funding,0.04856,16943.785216924258,-0.0411395105066921,0.0,1,-0.0411395105066921
E25,BTR,BBADD,1788667200000,funding,0.04691,16943.785216924258,-0.03974164822629585,0.0,1,-0.03974164822629585
E25,BTR,BBADD,1788678000000,add,0.04624,17832.803897877737,0.0,0.6596710817902933,1,0.0
E25,BTR,BBADD,1788681600000,funding,0.04776,34776.589114801995,-0.08304649480614716,0.0,1,-0.08304649480614716
E25,BTR,BBADD,1788692400000,exit_signal,0.04843,34776.589114801995,34.987332084290536,1.3473841686638885,1,0.0
E11,SOL,BRK24TP,1788706800000,timeout,105.69,48.38629386585535,46.93470504987963,4.091157918945802,1,0.0
E11,BTC,BRK24TP,1788706800000,enter,79483.3,0.1328892118213223,0.0,8.449978471966165,-1,0.0
E12,XRP,BRK24TP,1788706800000,exit,1.4062,3181.4212732858127,-67.12798886633102,3.578971675595608,1,0.0
E12,BTR,BRK24TP,1788706800000,timeout,0.04744,17140.88866599399,-1.8854977532594404,0.650531006651804,-1,0.0
E11,BTC,BRK24TP,1788710400000,funding,79675.0,0.1328892118213223,0.3150973310474683,0.0,-1,0.3150973310474683
E12,BTR,BRK24TP,1788714000000,enter,0.0496,19939.97234147812,0.0,0.7912181025098518,1,0.0
E12,BTR,BRK24TP,1788724800000,funding,0.04758,19939.97234147812,-0.04743719420037644,0.0,1,-0.04743719420037644
E11,BTC,BRK24TP,1788732000000,exit,79997.1,0.1328892118213223,-68.27847703379578,8.504601253593203,-1,0.0
E12,BTR,BRK24TP,1788735600000,exit,0.04623,19939.97234147812,-67.19770679078123,0.7374599370772268,1,0.0
E11,BTC,BRK24TP,1788739200000,enter,80082.0,0.12670577170906144,0.0,8.117481288004047,1,0.0
E11,ETH,BRK24TP,1788739200000,enter,2524.13,2.4688559031968125,0.0,4.985370600748937,1,0.0
E11,BTC,BRK24TP,1788739200000,funding,80299.6,0.12670577170906144,-0.26524720202916774,0.0,1,-0.26524720202916774
E11,ETH,BRK24TP,1788739200000,funding,2513.13,2.4688559031968125,-0.3960988445703042,0.0,1,-0.3960988445703042
E11,BTC,BRK24TP,1788757200000,exit,79520.6,0.12670577170906144,-71.13262023746636,8.060575191814074,1,0.0
E12,BTR,BRK24TP,1788760800000,enter,0.04578,21541.726317124325,0.0,0.7889441846383614,-1,0.0
E11,ETH,BRK24TP,1788768000000,exit,2486.84,2.4688559031968125,-92.06363663020905,4.91171969144477,1,0.0
E11,BTC,BRK24TP,1788768000000,enter,79132.2,0.11136415773654934,0.0,7.049992642272136,-1,0.0
E11,SOL,BRK24TP,1788768000000,enter,104.63,36.01978278739451,0.0,3.01499989843607,-1,0.0
E11,BTC,BRK24TP,1788768000000,funding,79353.0,0.11136415773654934,0.06583624606606957,0.0,-1,0.06583624606606957
E11,SOL,BRK24TP,1788768000000,funding,104.43,36.01978278739451,0.11897769733850307,0.0,-1,0.11897769733850307
E12,XRP,BRK24TP,1788768000000,enter,1.3954,2893.7708750355328,0.0,3.230374303219666,-1,0.0
E12,BTR,BRK24TP,1788768000000,funding,0.04449,21541.726317124325,0.04791957019244306,0.0,-1,0.04791957019244306
E12,XRP,BRK24TP,1788768000000,funding,1.3983,2893.7708750355328,-0.07137778712887695,0.0,-1,-0.07137778712887695
E12,BTR,BRK24TP,1788782400000,funding,0.04461,21541.726317124325,0.0480488205503458,0.0,-1,0.0480488205503458
E11,BTC,BRK24TP,1788796800000,funding,78787.8,0.11136415773654934,0.1739033950806692,0.0,-1,0.1739033950806692
E11,SOL,BRK24TP,1788796800000,funding,103.19,36.01978278739451,-0.1499761639182905,0.0,-1,-0.1499761639182905
E12,BTR,BRK24TP,1788796800000,funding,0.0448,21541.726317124325,0.04825346695035849,0.0,-1,0.04825346695035849
E12,XRP,BRK24TP,1788796800000,funding,1.3828,2893.7708750355328,-0.14881602175150782,0.0,-1,-0.14881602175150782
E12,BTR,BRK24TP,1788800400000,timeout,0.0455,21541.726317124325,6.031683368794864,0.7841188379433255,-1,0.0
E11,BTC,BRK24TP,1788807600000,timeout,79162.8,0.11136415773654934,-3.407743226739058,7.0527188368535265,-1,0.0
E11,SOL,BRK24TP,1788807600000,timeout,103.85,36.01978278739451,28.09543057416776,2.9925235539767363,-1,0.0
E12,XRP,BRK24TP,1788807600000,timeout,1.394,2893.7708750355328,4.051279225049942,3.227133279839626,-1,0.0
E12,HYPE,BRK24TP,1788822000000,enter,84.67,39.10299148062959,0.0,2.648680230931926,-1,0.0
E12,HYPE,BRK24TP,1788825600000,funding,85.13,39.10299148062959,0.3328837664745997,0.0,-1,0.3328837664745997
E11,SOL,BRK24TP,1788840000000,enter,102.85,39.43315911964903,0.0,3.244560332364722,-1,0.0
E11,BTC,BRK24TP,1788843600000,enter,78633.3,0.10784479839949339,0.0,6.7841539087895075,-1,0.0
E12,BTR,BRK24TP,1788843600000,enter,0.04713,28664.169886735715,0.0,1.0807538614094834,1,0.0
E11,SOL,BRK24TP,1788854400000,funding,102.91,39.43315911964903,-0.18549421537269084,0.0,-1,-0.18549421537269084
E11,BTC,BRK24TP,1788854400000,funding,78442.6,0.10784479839949339,0.2532812139049871,0.0,-1,0.2532812139049871
E12,HYPE,BRK24TP,1788854400000,funding,84.08,39.10299148062959,0.3287779523691336,0.0,-1,0.3287779523691336
E12,BTR,BRK24TP,1788854400000,funding,0.04702,28664.169886735715,-0.3296557770782963,0.0,1,-0.3296557770782963
E12,HYPE,BRK24TP,1788861600000,timeout,84.36,39.10299148062959,12.121927358995261,2.6389826890447297,-1,0.0
E12,BTR,BRK24TP,1788861600000,target,0.05391716044772646,28664.169886735715,194.5483201221645,1.236392517507215,1,0.0
E12,HYPE,BRK24TP,1788868800000,enter,83.18,42.7112489193939,0.0,2.8421773480921484,-1,0.0
E11,SOL,BRK24TP,1788879600000,timeout,103.27,39.43315911964903,-16.56192683025266,3.257809873828924,-1,0.0
E12,XRP,BRK24TP,1788879600000,enter,1.4081,2897.3703894738383,0.0,3.2638297963344893,1,0.0
E11,BTC,BRK24TP,1788883200000,timeout,78871.7,0.10784479839949339,-25.710199938438596,6.804722068740258,-1,0.0
E12,HYPE,BRK24TP,1788883200000,funding,83.94,42.7112489193939,0.35851822342939244,0.0,-1,0.35851822342939244
E12,XRP,BRK24TP,1788883200000,funding,1.4341,2897.3703894738383,-0.19279751582526164,0.0,1,-0.19279751582526164
E11,SOL,BRK24TP,1788886800000,enter,104.49,37.99904647347501,0.0,3.1764162928107234,1,0.0
E12,HYPE,BRK24TP,1788886800000,exit,84.57,42.7112489193939,-59.36863599795694,2.8896722568905138,-1,0.0
E11,ETH,BRK24TP,1788894000000,enter,2507.32,2.018206985823833,0.0,4.048232591756651,1,0.0
E11,SOL,BRK24TP,1788912000000,funding,103.31,37.99904647347501,-0.007380281203408442,0.0,1,-0.007380281203408442
E11,ETH,BRK24TP,1788912000000,funding,2483.98,2.018206985823833,-0.17079923981919254,0.0,1,-0.17079923981919254
E12,XRP,BRK24TP,1788912000000,funding,1.4166,2897.3703894738383,-0.18322108085604646,0.0,1,-0.18322108085604646
E12,HYPE,BRK24TP,1788915600000,enter,85.45,42.30074040682945,0.0,2.8916786142108615,1,0.0
E12,XRP,BRK24TP,1788919200000,timeout,1.4169,2897.3703894738383,25.496859427370186,3.284227283876385,1,0.0
E11,SOL,BRK24TP,1788926400000,timeout,103.24,37.99904647347501,-47.49880809184376,3.1384172463372484,1,0.0
E11,BTC,BRK24TP,1788930000000,enter,78978.0,0.09744520784511237,0.0,6.156822100153029,1,0.0
E11,ETH,BRK24TP,1788933600000,timeout,2495.37,2.018206985823833,-24.117573480595354,4.028938532972174,1,0.0
E12,BTR,BRK24TP,1788937200000,enter,0.0544,18558.3656079966,0.0,0.807660071260012,1,0.0
E11,ETH,BRK24TP,1788940800000,enter,2513.0,2.10123363045466,0.0,4.224320090666049,1,0.0
E11,BTC,BRK24TP,1788940800000,funding,79245.9,0.09744520784511237,-0.5326727478858088,0.0,1,-0.5326727478858088
E11,ETH,BRK24TP,1788940800000,funding,2509.6,2.10123363045466,-0.3098037852406046,0.0,1,-0.3098037852406046
E12,HYPE,BRK24TP,1788940800000,funding,86.86,42.30074040682945,-0.11419545104879236,0.0,1,-0.11419545104879236
E12,BTR,BRK24TP,1788940800000,funding,0.0531,18558.3656079966,-0.04927246068923097,0.0,1,-0.04927246068923097
E12,HYPE,BRK24TP,1788955200000,timeout,86.3,42.30074040682945,35.95562934580479,2.920443117687505,1,0.0
E12,BTR,BRK24TP,1788955200000,funding,0.0533,18558.3656079966,-0.30725315469080966,0.0,1,-0.30725315469080966
E12,HYPE,BRK24TP,1788958800000,enter,86.99,42.62773158035947,0.0,2.9665490961403767,1,0.0
E11,BTC,BRK24TP,1788969600000,exit,78521.0,0.09744520784511237,-44.532459985216356,6.121196132164855,1,0.0
E11,ETH,BRK24TP,1788969600000,exit,2480.8,2.10123363045466,-67.65972290063968,4.170192312345538,1,0.0
E11,SOL,BRK24TP,1788969600000,enter,102.73,38.369949827946826,0.0,3.153395956659982,-1,0.0
E11,SOL,BRK24TP,1788969600000,funding,103.01,38.369949827946826,-0.15023408909283625,0.0,-1,-0.15023408909283625
E12,HYPE,BRK24TP,1788969600000,exit,85.01,42.62773158035947,-84.40290852911131,2.8990267693170875,1,0.0
E12,XRP,BRK24TP,1788969600000,enter,1.4085,2556.344875975453,0.0,2.8804894062491404,-1,0.0
E12,BTR,BRK24TP,1788969600000,funding,0.05367,18558.3656079966,-0.049801374109058875,0.0,1,-0.049801374109058875
E12,XRP,BRK24TP,1788969600000,funding,1.4165,2556.344875975453,-0.073254094715253,0.0,-1,-0.073254094715253
E12,BTR,BRK24TP,1788976800000,timeout,0.0562,18558.3656079966,33.40505809439393,0.8343841177355271,1,0.0
E12,HYPE,BRK24TP,1788976800000,enter,87.0,37.86537111487676,0.0,2.6354298295954224,1,0.0
E12,BTR,BRK24TP,1788980400000,enter,0.0569,17195.277427030676,0.0,0.7827290284784364,1,0.0
E11,ETH,BRK24TP,1788984000000,enter,2467.92,1.8648962534717743,0.0,3.6819318094944498,-1,0.0
E12,BTR,BRK24TP,1788984000000,funding,0.05692,17195.277427030676,-0.048937759557329305,0.0,1,-0.048937759557329305
E12,HYPE,BRK24TP,1788994800000,exit,83.8,37.86537111487676,-121.16918756760573,2.5384944795413382,1,0.0
E12,BTR,BRK24TP,1788994800000,exit,0.052,17195.277427030676,-84.25685939245034,0.7153235409644761,1,0.0
E11,SOL,BRK24TP,1788998400000,funding,101.5,38.369949827946826,-0.4373969001154359,0.0,-1,-0.4373969001154359
E11,ETH,BRK24TP,1788998400000,funding,2466.87,1.8648962534717743,-0.13741563926335323,0.0,-1,-0.13741563926335323
E12,XRP,BRK24TP,1788998400000,funding,1.3942,2556.344875975453,-0.3451431855660691,0.0,-1,-0.3451431855660691
E12,BTR,BRK24TP,1789002000000,enter,0.06291,11622.553427883211,0.0,0.5849398689185062,1,0.0
E11,SOL,BRK24TP,1789009200000,timeout,101.84,38.369949827946826,34.1492553468727,3.126076552382484,-1,0.0
E12,XRP,BRK24TP,1789009200000,timeout,1.3914,2556.344875975453,43.71349737918054,2.845518608345796,-1,0.0
E12,BTR,BRK24TP,1789012800000,funding,0.06969,11622.553427883211,-0.04049878741945905,0.0,1,-0.04049878741945905
E11,ETH,BRK24TP,1789023600000,timeout,2479.45,1.8648962534717743,-21.502253802529083,3.6991336125364724,-1,0.0
E12,BTR,BRK24TP,1789027200000,funding,0.05312,11622.553427883211,-0.030869501904457808,0.0,1,-0.030869501904457808
E12,XRP,BRK24TP,1789034400000,enter,1.3748,2647.0514778879506,0.0,2.911333097440284,-1,0.0
E11,BTC,BRK24TP,1789041600000,enter,77716.7,0.08096613718364144,0.0,5.033936794927925,-1,0.0
E12,BTR,BRK24TP,1789041600000,timeout,0.0528,11622.553427883211,-117.5040151558992,0.49093665679378684,1,0.0
E12,HYPE,BRK24TP,1789041600000,enter,82.38,35.3261239556915,0.0,2.3281328731758926,-1,0.0
E11,ETH,BRK24TP,1789045200000,enter,2440.73,2.0716737828916445,0.0,4.045117081693699,-1,0.0
E11,BTC,BRK24TP,1789056000000,funding,77224.0,0.08096613718364144,0.477443112750117,0.0,-1,0.477443112750117
E11,ETH,BRK24TP,1789056000000,funding,2440.01,2.0716737828916445,-0.4432645972638549,0.0,-1,-0.4432645972638549
E12,XRP,BRK24TP,1789056000000,funding,1.3559,2647.0514778879506,-0.09403539199034873,0.0,-1,-0.09403539199034873
E12,HYPE,BRK24TP,1789056000000,funding,80.64,35.3261239556915,0.17510950514182463,0.0,-1,0.17510950514182463
E12,XRP,BRK24TP,1789074000000,timeout,1.3534,2647.0514778879506,56.64690162680237,2.866015576138842,-1,0.0
E11,BTC,BRK24TP,1789081200000,timeout,76794.9,0.08096613718364144,74.63458525588092,4.974229126723221,-1,0.0
E12,HYPE,BRK24TP,1789081200000,timeout,79.42,35.3261239556915,104.56532690884661,2.2444806116488154,-1,0.0
E11,ETH,BRK24TP,1789084800000,timeout,2437.05,2.0716737828916445,7.623759521040912,4.039018074076866,-1,0.0
E11,BTC,BRK24TP,1789084800000,enter,76607.0,0.07859968552033005,0.0,4.8170288869247395,-1,0.0
E11,BTC,BRK24TP,1789084800000,funding,76535.2,0.07859968552033005,0.3062563673744026,0.0,-1,0.3062563673744026
E12,XRP,BRK24TP,1789084800000,enter,1.3371,2540.6755272114333,0.0,2.717709797947526,-1,0.0
E12,HYPE,BRK24TP,1789084800000,enter,78.64,32.14849262742095,0.0,2.022525968176307,-1,0.0
E12,XRP,BRK24TP,1789084800000,funding,1.3337,2540.6755272114333,-0.04808280010960841,0.0,-1,-0.04808280010960841
E12,HYPE,BRK24TP,1789084800000,funding,78.54,32.14849262742095,-0.11612211067794194,0.0,-1,-0.11612211067794194
E11,BTC,BRK24TP,1789110000000,exit,77320.0,0.07859968552033005,-56.04157577599532,4.861862147545535,-1,0.0
E12,XRP,BRK24TP,1789113600000,exit,1.358,2540.6755272114333,-53.10011851871931,2.7601898927625017,-1,0.0
E12,HYPE,BRK24TP,1789113600000,funding,79.81,32.14849262742095,-0.050135169181455864,0.0,-1,-0.050135169181455864
E11,ETH,BRK24TP,1789117200000,enter,2476.97,2.0603756983337598,0.0,4.082791034801418,1,0.0
E12,BTR,BRK24TP,1789117200000,enter,0.05563,11538.994494341765,0.0,0.5135314109761859,1,0.0
E12,HYPE,BRK24TP,1789124400000,timeout,79.06,32.14849262742095,-13.502366903516855,2.0333278616991204,-1,0.0
E12,XRP,BRK24TP,1789128000000,enter,1.3282,2801.235844227323,0.0,2.976481158642185,-1,0.0
E12,BTR,BRK24TP,1789128000000,funding,0.05205,11538.994494341765,-0.030030233171524444,0.0,1,-0.030030233171524444
E11,ETH,BRK24TP,1789131600000,exit,2436.31,2.0603756983337598,-83.77487589425037,4.015771134086018,1,0.0
E11,BTC,BRK24TP,1789131600000,enter,77960.0,0.08607860450863303,0.0,5.368550405994425,1,0.0
E11,SOL,BRK24TP,1789131600000,enter,101.47,39.77476025100394,0.0,3.228755938135496,1,0.0
E12,XRP,BRK24TP,1789131600000,exit,1.359,2801.235844227323,-86.27806400220138,3.0455036098439456,-1,0.0
E12,XRP,BRK24TP,1789135200000,enter,1.3707,2375.3397247911093,0.0,2.6047025286169387,1,0.0
E11,BTC,BRK24TP,1789142400000,funding,77686.0,0.08607860450863303,-0.37461148036142644,0.0,1,-0.37461148036142644
E11,SOL,BRK24TP,1789142400000,funding,101.56,39.77476025100394,-0.17180098341094108,0.0,1,-0.17180098341094108
E12,BTR,BRK24TP,1789142400000,exit,0.04956,11538.994494341765,-70.0416965806545,0.4574980537116623,1,0.0
E12,XRP,BRK24TP,1789142400000,funding,1.3737,2375.3397247911093,-0.10937590011177473,0.0,1,-0.10937590011177473
E11,BTC,BRK24TP,1789171200000,timeout,77178.6,0.08607860450863303,-67.26182156304534,5.314740948743989,1,0.0
E11,SOL,BRK24TP,1789171200000,timeout,102.41,39.77476025100394,37.38827463594361,3.2586665578442506,1,0.0
E12,XRP,BRK24TP,1789171200000,funding,1.3556,2375.3397247911093,-0.12764121744593945,0.0,1,-0.12764121744593945
E12,XRP,BRK24TP,1789174800000,timeout,1.3562,2375.3397247911093,-34.442426009470985,2.5771485878093623,1,0.0
E12,HYPE,BRK24TP,1789189200000,enter,78.5,28.984717030269344,0.0,1.820240229500915,-1,0.0
E12,HYPE,BRK24TP,1789200000000,funding,79.06,28.984717030269344,0.05474469299178882,0.0,-1,0.05474469299178882
E12,HYPE,BRK24TP,1789214400000,exit,79.9,28.984717030269344,-40.57860384237725,1.8527031125748168,-1,0.0
E12,BTR,BRK24TP,1789228800000,enter,0.04924,19050.725595369247,0.0,0.7504461826527854,-1,0.0
E12,BTR,BRK24TP,1789228800000,funding,0.04941,19050.725595369247,0.04706481758335973,0.0,-1,0.04706481758335973
E12,BTR,BRK24TP,1789243200000,funding,0.05021,19050.725595369247,0.0478268466071745,0.0,-1,0.0478268466071745
E12,BTR,BRK24TP,1789257600000,funding,0.04971,19050.725595369247,0.047350578467290266,0.0,-1,0.047350578467290266
E12,BTR,BRK24TP,1789268400000,timeout,0.04831,19050.725595369247,17.717174803693407,0.7362724428098307,-1,0.0
E11,BTC,BRK24TP,1789282800000,enter,77022.6,0.13613641068134222,0.0,8.3884642442758,-1,0.0
E11,ETH,BRK24TP,1789282800000,enter,2508.8,2.5292574836196433,0.0,5.07632093992397,-1,0.0
E12,XRP,BRK24TP,1789282800000,enter,1.3601,3947.0818908174997,0.0,4.294740863760706,-1,0.0
E11,BTC,BRK24TP,1789286400000,funding,77082.9,0.13613641068134222,0.4516526928023162,0.0,-1,0.4516526928023162
E11,ETH,BRK24TP,1789286400000,funding,2516.46,2.5292574836196433,0.39143368016461355,0.0,-1,0.39143368016461355
E12,HYPE,BRK24TP,1789286400000,enter,78.62,46.92653728295777,0.0,2.951491488948912,-1,0.0
E12,XRP,BRK24TP,1789286400000,funding,1.3571,3947.0818908174997,0.1762316410395353,0.0,-1,0.1762316410395353
E12,HYPE,BRK24TP,1789286400000,funding,78.52,46.92653728295777,0.15346657661561922,0.0,-1,0.15346657661561922
E11,BTC,BRK24TP,1789315200000,funding,77100.1,0.13613641068134222,0.41554182142726137,0.0,-1,0.41554182142726137
E11,ETH,BRK24TP,1789315200000,funding,2489.67,2.5292574836196433,0.042819712058854556,0.0,-1,0.042819712058854556
E12,XRP,BRK24TP,1789315200000,funding,1.3429,3947.0818908174997,-0.6707298597549679,0.0,-1,-0.6707298597549679
E12,HYPE,BRK24TP,1789315200000,funding,77.94,46.92653728295777,0.10698053873813654,0.0,-1,0.10698053873813654
E11,BTC,BRK24TP,1789318800000,exit,77289.8,0.13613641068134222,-36.37564893405425,8.417564763423044,-1,0.0
E11,ETH,BRK24TP,1789322400000,timeout,2504.01,2.5292574836196433,12.115143346538,5.066628825246739,-1,0.0
E12,XRP,BRK24TP,1789322400000,timeout,1.3548,3947.0818908174997,20.919534021333074,4.278005236543639,-1,0.0
E12,HYPE,BRK24TP,1789326000000,timeout,78.33,46.92653728295777,13.608695812058047,2.9406045322992655,-1,0.0
E11,BTC,BRK24TP,1789336800000,enter,77399.6,0.1327722208746685,0.0,8.221213429448795,1,0.0
E11,SOL,BRK24TP,1789340400000,enter,99.35,53.11287701416932,0.0,4.221411465086177,-1,0.0
E11,BTC,BRK24TP,1789344000000,funding,76789.0,0.1327722208746685,-0.3845722257130583,0.0,1,-0.3845722257130583
E11,SOL,BRK24TP,1789344000000,funding,99.21,53.11287701416932,-0.17720751841600207,0.0,-1,-0.17720751841600207
E11,BTC,BRK24TP,1789347600000,exit,76517.1,0.1327722208746685,-117.17148492189496,8.127476241511278,1,0.0
E11,BTC,BRK24TP,1789354800000,enter,77443.0,0.10931386507534924,0.0,6.772474922424218,1,0.0
E12,XRP,BRK24TP,1789354800000,enter,1.3699,3387.109498834871,0.0,3.7120010419631115,1,0.0
E12,HYPE,BRK24TP,1789358400000,enter,79.51,40.30950329489671,0.0,2.56400688558179,1,0.0
E13,ETH,BRK24GATE,1788706800000,exit,2480.98,2.5433433044324834,43.36400334057431,5.0479870971447225,1,0.0
E13,SOL,BRK24GATE,1788710400000,funding,105.69,45.670076700039694,-0.4826870406427195,0.0,1,-0.4826870406427195
E14,BTR,BRK24GATE,1788710400000,exit,0.04888,16891.96799881232,-38.00692799732776,0.660543516625557,-1,0.0
E14,HYPE,BRK24GATE,1788710400000,funding,88.42,45.22352131552523,-0.39986637547187415,0.0,1,-0.39986637547187415
E15,BTC,BBMR,1788710400000,enter,79501.0,0.04157448461541283,0.0,2.644170481127948,1,0.0
E15,BTC,BBMR,1788710400000,funding,79675.0,0.04157448461541283,-0.09857842455717458,0.0,1,-0.09857842455717458
E16,XRP,BBMR,1788710400000,enter,1.4097,2073.18909480572,0.0,2.3380597335580986,1,0.0
E16,XRP,BBMR,1788710400000,funding,1.4104,2073.18909480572,-0.13219521090798536,0.0,1,-0.13219521090798536
E17,BTC,RSI2,1788710400000,enter,79501.0,0.04132642594125092,0.0,2.6283937510043116,1,0.0
E17,ETH,RSI2,1788710400000,enter,2477.24,1.3259175766195663,0.0,2.627692846004044,1,0.0
E17,BTC,RSI2,1788710400000,funding,79675.0,0.04132642594125092,-0.0979902456892264,0.0,1,-0.0979902456892264
E17,ETH,RSI2,1788710400000,funding,2478.43,1.3259175766195663,-0.03463648369989979,0.0,1,-0.03463648369989979
E18,XRP,RSI2,1788710400000,enter,1.4097,2159.495548283583,0.0,2.4353926995322936,1,0.0
E18,XRP,RSI2,1788710400000,funding,1.4104,2159.495548283583,-0.1376984714879353,0.0,1,-0.1376984714879353
E17,BTC,RSI2,1788721200000,exit_signal,79700.2,0.04132642594125092,8.232224047497063,2.634979530242309,1,0.0
E17,ETH,RSI2,1788721200000,exit_signal,2490.26,1.3259175766195663,17.263446847587332,2.6415036034821133,1,0.0
E15,BTC,BBMR,1788724800000,exit_signal,79908.7,0.04157448461541283,16.949917377703688,2.657730415030111,1,0.0
E18,XRP,RSI2,1788724800000,exit_signal,1.412,2159.495548283583,4.9668397610521735,2.439366171341135,1,0.0
E16,XRP,BBMR,1788732000000,exit_signal,1.4216,2073.18909480572,24.67095022818811,2.3577964937406493,1,0.0
E14,HYPE,BRK24GATE,1788735600000,exit,86.99,45.22352131552523,13.567056394657442,3.147195295390032,1,0.0
E13,BTC,BRK24GATE,1788739200000,enter,80082.0,0.12199522961528647,0.0,7.815697582441097,1,0.0
E13,ETH,BRK24GATE,1788739200000,enter,2524.13,2.377071215738556,0.0,4.80002941422573,1,0.0
E13,SOL,BRK24GATE,1788739200000,funding,106.49,45.670076700039694,-0.21851285259768008,0.0,1,-0.21851285259768008
E13,BTC,BRK24GATE,1788739200000,funding,80299.6,0.12199522961528647,-0.2553861034102082,0.0,1,-0.2553861034102082
E13,ETH,BRK24GATE,1788739200000,funding,2513.13,2.377071215738556,-0.3813730727646729,0.0,1,-0.3813730727646729
E16,BTR,BBMR,1788739200000,enter,0.04591,63802.852680119446,0.0,2.343351173235427,1,0.0
E16,BTR,BBMR,1788739200000,funding,0.04723,63802.852680119446,-0.1506704366041021,0.0,1,-0.1506704366041021
E13,SOL,BRK24GATE,1788750000000,exit,104.85,45.670076700039694,74.44222502106449,3.8308060335993295,1,0.0
E16,BTR,BBMR,1788753600000,funding,0.04645,63802.852680119446,-0.14818212534957742,0.0,1,-0.14818212534957742
E13,BTC,BRK24GATE,1788757200000,exit,79520.6,0.12199522961528647,-68.48812190602112,7.760907084916281,1,0.0
E13,ETH,BRK24GATE,1788768000000,exit,2486.84,2.377071215738556,-88.64098563489065,4.7291166257178165,1,0.0
E14,BTR,BRK24GATE,1788768000000,enter,0.04457,21661.58355777705,0.0,0.7723654233360985,-1,0.0
E14,BTR,BRK24GATE,1788768000000,funding,0.04449,21661.58355777705,0.048186192624275044,0.0,-1,0.048186192624275044
E16,BTR,BBMR,1788768000000,funding,0.04449,63802.852680119446,-0.1419294457869257,0.0,1,-0.1419294457869257
E15,BTC,BBMR,1788771600000,enter,79353.0,0.041700539539722484,0.0,2.647250331276479,1,0.0
E15,SOL,BBMR,1788771600000,enter,104.43,31.678449653533526,0.0,2.646544397854805,1,0.0
E16,XRP,BBMR,1788771600000,enter,1.3983,2094.1578503544483,0.0,2.3426087377205005,1,0.0
E14,BTR,BRK24GATE,1788782400000,funding,0.04461,21661.58355777705,0.0483161621256217,0.0,-1,0.0483161621256217
E16,BTR,BBMR,1788782400000,funding,0.04461,63802.852680119446,-0.14231226290300641,0.0,1,-0.14231226290300641
E15,SOL,BBMR,1788789600000,exit_signal,105.68,31.678449653533526,39.59806206691691,2.678222847508339,1,0.0
E16,XRP,BBMR,1788789600000,exit_signal,1.4112,2094.1578503544483,27.014636269572197,2.364220446736158,1,0.0
E14,BTR,BRK24GATE,1788796800000,funding,0.0448,21661.58355777705,0.04852194716942059,0.0,-1,0.04852194716942059
E15,BTC,BBMR,1788796800000,funding,78787.8,0.041700539539722484,-0.06511848650450835,0.0,1,-0.06511848650450835
E16,BTR,BBMR,1788796800000,funding,0.0448,63802.852680119446,-0.14291839000346757,0.0,1,-0.14291839000346757
E15,ETH,BBMR,1788800400000,enter,2468.85,1.3445868411460895,0.0,2.6556665782108184,1,0.0
E15,SOL,BBMR,1788800400000,enter,103.19,32.161042742230705,0.0,2.6549584004566293,1,0.0
E16,XRP,BBMR,1788800400000,enter,1.3828,2122.9402523585204,0.0,2.3484814247690897,1,0.0
E16,HYPE,BBMR,1788800400000,enter,85.08,34.49481610037344,0.0,2.3478551630558178,1,0.0
E18,HYPE,RSI2,1788800400000,enter,85.08,35.78074363604762,0.0,2.4353805348439455,1,0.0
E14,BTR,BRK24GATE,1788804000000,exit,0.04655,21661.58355777705,-42.88993544439861,0.8066773716916174,-1,0.0
E16,BTR,BBMR,1788807600000,exit_signal,0.04627,63802.852680119446,22.96902696484295,2.3617263948073015,1,0.0
E15,ETH,BBMR,1788814800000,exit_signal,2494.79,1.3445868411460895,34.87858265932964,2.683569444338282,1,0.0
E18,HYPE,RSI2,1788814800000,exit_signal,85.64,35.78074363604762,20.037216436186746,2.4514103079928944,1,0.0
E15,BTC,BBMR,1788825600000,funding,79072.5,0.041700539539722484,-0.11880409383655206,0.0,1,-0.11880409383655206
E15,SOL,BBMR,1788825600000,funding,103.73,32.161042742230705,0.2509054459162362,0.0,1,0.2509054459162362
E16,XRP,BBMR,1788825600000,funding,1.396,2122.9402523585204,-0.0008298148858418984,0.0,1,-0.0008298148858418984
E16,HYPE,BBMR,1788825600000,funding,85.13,34.49481610037344,-0.2936543694624791,0.0,1,-0.2936543694624791
E15,BTC,BBMR,1788832800000,exit_signal,79278.8,0.041700539539722484,-3.094180033847287,2.644774987249401,1,0.0
E16,XRP,BBMR,1788832800000,exit_signal,1.4009,2122.9402523585204,38.42521856768923,2.379221599623241,1,0.0
E15,SOL,BBMR,1788836400000,exit_signal,104.33,32.161042742230705,36.663588726143026,2.6842892714375437,1,0.0
E14,HYPE,BRK24GATE,1788840000000,enter,84.07,38.7689666771035,0.0,2.607445622835273,-1,0.0
E18,BTR,RSI2,1788840000000,enter,0.04709,64754.21130642134,0.0,2.439420648335505,-1,0.0
E18,BTR,RSI2,1788840000000,funding,0.04667,64754.21130642134,0.6238175557816626,0.0,-1,0.6238175557816626
E13,BTC,BRK24GATE,1788843600000,enter,78633.3,0.10458213122452781,0.0,6.57891047937413,-1,0.0
E15,BTC,BBMR,1788847200000,enter,78643.2,0.042444892469247535,0.0,2.670401733950022,1,0.0
E18,BTR,RSI2,1788850800000,exit_signal,0.0461,64754.21130642134,64.10666919335699,2.388135312980819,-1,0.0
E13,BTC,BRK24GATE,1788854400000,funding,78442.6,0.10458213122452781,0.2456186069465868,0.0,-1,0.2456186069465868
E14,HYPE,BRK24GATE,1788854400000,funding,84.08,38.7689666771035,0.3259694718210862,0.0,-1,0.3259694718210862
E15,BTC,BBMR,1788854400000,funding,78442.6,0.042444892469247535,-0.09968486239692542,0.0,1,-0.09968486239692542
E16,HYPE,BBMR,1788854400000,funding,84.08,34.49481610037344,-0.2900324137719399,0.0,1,-0.2900324137719399
E18,BTR,RSI2,1788861600000,enter,0.05096,60228.48222165073,0.0,2.455394763212257,-1,0.0
E18,BTR,RSI2,1788868800000,funding,0.04991,60228.48222165073,0.15030017738412943,0.0,-1,0.15030017738412943
E18,BTR,RSI2,1788876000000,exit_signal,0.04982,60228.48222165073,68.66046973268155,2.400466387426112,-1,0.0
E14,XRP,BRK24GATE,1788879600000,enter,1.4081,2789.5944375542213,0.0,3.1424223420160793,1,0.0
E15,ETH,BBMR,1788879600000,enter,2458.38,1.3574300170188274,0.0,2.669663044190996,1,0.0
E13,BTC,BRK24GATE,1788883200000,funding,78871.7,0.10458213122452781,0.4758600309509087,0.0,-1,0.4758600309509087
E14,HYPE,BRK24GATE,1788883200000,funding,83.94,38.7689666771035,0.3254267062876068,0.0,-1,0.3254267062876068
E14,XRP,BRK24GATE,1788883200000,funding,1.4341,2789.5944375542213,-0.18562586256639801,0.0,1,-0.18562586256639801
E15,ETH,BBMR,1788883200000,exit_signal,2484.59,1.3574300170188274,35.578240746063514,2.698125636787847,1,0.0
E15,BTC,BBMR,1788883200000,funding,78871.7,0.042444892469247535,-0.19312886061540782,0.0,1,-0.19312886061540782
E16,HYPE,BBMR,1788883200000,funding,83.94,34.49481610037344,-0.28954948634653466,0.0,1,-0.28954948634653466
E13,SOL,BRK24GATE,1788886800000,enter,104.49,37.04689105399536,0.0,3.09682371698558,1,0.0
E14,HYPE,BRK24GATE,1788886800000,exit,84.57,38.7689666771035,-19.38448333855175,2.6229532095061145,-1,0.0
E15,BTC,BBMR,1788886800000,exit_signal,78871.7,0.042444892469247535,9.698657929223062,2.6781606602934005,1,0.0
E16,HYPE,BBMR,1788890400000,exit_signal,84.2,34.49481610037344,-30.355438168328472,2.323570812521155,1,0.0
E13,BTC,BRK24GATE,1788912000000,funding,78425.6,0.10458213122452781,0.4393766610424239,0.0,-1,0.4393766610424239
E13,SOL,BRK24GATE,1788912000000,funding,103.31,37.04689105399536,-0.00719535091180193,0.0,1,-0.00719535091180193
E14,XRP,BRK24GATE,1788912000000,funding,1.4166,2789.5944375542213,-0.1764056503978828,0.0,1,-0.1764056503978828
E13,BTC,BRK24GATE,1788930000000,exit,78955.0,0.10458213122452781,-33.64407161493029,6.605825736666075,-1,0.0
E13,BTC,BRK24GATE,1788933600000,enter,79204.8,0.09207660620738259,0.0,5.8343273434675975,1,0.0
E13,SOL,BRK24GATE,1788940800000,funding,104.52,37.04689105399536,0.06656210470044419,0.0,1,0.06656210470044419
E13,BTC,BRK24GATE,1788940800000,funding,79245.9,0.09207660620738259,-0.5033259195510666,0.0,1,-0.5033259195510666
E14,XRP,BRK24GATE,1788940800000,funding,1.4403,2789.5944375542213,-0.35533890768212245,0.0,1,-0.35533890768212245
E13,BTC,BRK24GATE,1788969600000,exit,78521.0,0.09207660620738259,-62.96198332460848,5.783957756807911,1,0.0
E13,SOL,BRK24GATE,1788969600000,exit,102.9,37.04689105399536,-58.90455677585222,3.049700071564898,1,0.0
E14,XRP,BRK24GATE,1788969600000,exit,1.4089,2789.5944375542213,2.2316755500437506,3.144207682456114,1,0.0
E14,HYPE,BRK24GATE,1788976800000,enter,87.0,36.63333926795708,0.0,2.5496804130498134,1,0.0
E14,BTR,BRK24GATE,1788976800000,enter,0.05645,16905.622797058983,0.0,0.7634579255151837,1,0.0
E14,BTR,BRK24GATE,1788984000000,funding,0.05692,16905.622797058983,-0.04811340248042986,0.0,1,-0.04811340248042986
E13,BTC,BRK24GATE,1788987600000,enter,78018.7,0.07189759573199722,0.0,4.487485561708778,-1,0.0
E13,ETH,BRK24GATE,1788987600000,enter,2461.01,1.7998233486797575,0.0,3.5435066074674966,-1,0.0
E15,BTC,BBMR,1788987600000,enter,78193.7,0.04283496938239966,0.0,2.6795397963172354,1,0.0
E15,ETH,BBMR,1788987600000,enter,2464.2,1.3588716684783861,0.0,2.678825252371551,1,0.0
E15,SOL,BBMR,1788987600000,enter,102.29,32.726939326558295,0.0,2.6781108989709184,1,0.0
E16,XRP,BBMR,1788987600000,enter,1.4007,2100.1901974653256,0.0,2.353389127671745,1,0.0
E18,XRP,RSI2,1788987600000,enter,1.4007,2206.4408916506964,0.0,2.4724494055481046,1,0.0
E14,HYPE,BRK24GATE,1788994800000,exit,83.8,36.63333926795708,-117.22668565746277,2.4558990645238428,1,0.0
E14,BTR,BRK24GATE,1788994800000,exit,0.052,16905.622797058983,-75.23002144691252,0.7032739083576537,1,0.0
E16,HYPE,BBMR,1788994800000,enter,84.34,34.87019144589904,0.0,2.3527615572377,1,0.0
E13,BTC,BRK24GATE,1788998400000,funding,78263.4,0.07189759573199722,0.07185615525197402,0.0,-1,0.07185615525197402
E13,ETH,BRK24GATE,1788998400000,funding,2466.87,1.7998233486797575,-0.13262071579558848,0.0,-1,-0.13262071579558848
E15,BTC,BBMR,1788998400000,funding,78263.4,0.04283496938239966,-0.042810280077077094,0.0,1,-0.042810280077077094
E15,ETH,BBMR,1788998400000,funding,2466.87,1.3588716684783861,0.10012901181671177,0.0,1,0.10012901181671177
E15,SOL,BBMR,1788998400000,funding,101.5,32.726939326558295,0.3730695994102249,0.0,1,0.3730695994102249
E16,XRP,BBMR,1788998400000,funding,1.3942,2100.1901974653256,0.28355576818296824,0.0,1,0.28355576818296824
E16,HYPE,BBMR,1788998400000,funding,83.51,34.87019144589904,-0.07425624703499924,0.0,1,-0.07425624703499924
E18,XRP,RSI2,1788998400000,funding,1.3942,2206.4408916506964,0.2979011342579396,0.0,1,0.2979011342579396
E14,BTR,BRK24GATE,1789002000000,enter,0.06291,11252.348267782707,0.0,0.566308183620968,1,0.0
E14,BTR,BRK24GATE,1789012800000,funding,0.06969,11252.348267782707,-0.03920880753908885,0.0,1,-0.03920880753908885
E18,XRP,RSI2,1789012800000,exit_signal,1.3914,2206.4408916506964,-20.519900292351664,2.456033485314223,1,0.0
E15,ETH,BBMR,1789023600000,exit_signal,2481.01,1.3588716684783861,22.842632747122217,2.697099358569249,1,0.0
E13,BTC,BRK24GATE,1789027200000,funding,78062.3,0.07189759573199722,0.22983153459533986,0.0,-1,0.22983153459533986
E13,ETH,BRK24GATE,1789027200000,funding,2471.45,1.7998233486797575,0.17588077683283992,0.0,-1,0.17588077683283992
E14,BTR,BRK24GATE,1789027200000,funding,0.05312,11252.348267782707,-0.02988623699923087,0.0,1,-0.02988623699923087
E15,BTC,BBMR,1789027200000,funding,78062.3,0.04283496938239966,-0.1369284556356866,0.0,1,-0.1369284556356866
E15,SOL,BBMR,1789027200000,funding,101.26,32.726939326558295,0.2382384188005423,0.0,1,0.2382384188005423
E16,XRP,BBMR,1789027200000,funding,1.382,2100.1901974653256,0.013960846322434953,0.0,1,0.013960846322434953
E16,HYPE,BBMR,1789027200000,funding,83.24,34.87019144589904,0.030738478253780774,0.0,1,0.030738478253780774
E14,BTR,BRK24GATE,1789041600000,funding,0.0528,11252.348267782707,-0.02970619942694635,0.0,1,-0.02970619942694635
E14,BTR,BRK24GATE,1789045200000,exit,0.05027,11252.348267782707,-142.22968210477333,0.4525244379371494,1,0.0
E14,XRP,BRK24GATE,1789045200000,enter,1.3681,2530.759302266117,0.0,2.76986544114422,-1,0.0
E14,HYPE,BRK24GATE,1789045200000,enter,82.09,33.549515198293015,0.0,2.2032637621022992,-1,0.0
E15,ETH,BBMR,1789048800000,enter,2413.08,1.3897750305176846,0.0,2.6829106645132916,1,0.0
E13,BTC,BRK24GATE,1789056000000,funding,77224.0,0.07189759573199722,0.42396751406919997,0.0,-1,0.42396751406919997
E13,ETH,BRK24GATE,1789056000000,funding,2440.01,1.7998233486797575,-0.3850982613126706,0.0,-1,-0.3850982613126706
E14,XRP,BRK24GATE,1789056000000,funding,1.3559,2530.759302266117,-0.08990416129409687,0.0,-1,-0.08990416129409687
E14,HYPE,BRK24GATE,1789056000000,funding,80.64,33.549515198293015,0.16630296070663875,0.0,-1,0.16630296070663875
E15,BTC,BBMR,1789056000000,funding,77224.0,0.04283496938239966,-0.2525903029077799,0.0,1,-0.2525903029077799
E15,SOL,BBMR,1789056000000,funding,99.68,32.726939326558295,0.12416014313743486,0.0,1,0.12416014313743486
E15,ETH,BBMR,1789056000000,funding,2440.01,1.3897750305176846,0.29736248741339794,0.0,1,0.29736248741339794
E16,XRP,BBMR,1789056000000,funding,1.3559,2100.1901974653256,0.07460837468507277,0.0,1,0.07460837468507277
E16,HYPE,BBMR,1789056000000,funding,80.64,34.87019144589904,-0.17284947468198797,0.0,1,-0.17284947468198797
E15,ETH,BBMR,1789066800000,exit_signal,2464.96,1.3897750305176846,72.10152858325763,2.740591887379898,1,0.0
E13,BTC,BRK24GATE,1789084800000,funding,76535.2,0.07189759573199722,0.2801422975940472,0.0,-1,0.2801422975940472
E13,ETH,BRK24GATE,1789084800000,funding,2437.05,1.7998233486797575,0.0008333893034610006,0.0,-1,0.0008333893034610006
E14,XRP,BRK24GATE,1789084800000,funding,1.3337,2530.759302266117,-0.04789513353952463,0.0,-1,-0.04789513353952463
E14,HYPE,BRK24GATE,1789084800000,funding,78.54,33.549515198293015,-0.12118268069976419,0.0,-1,-0.12118268069976419
E15,BTC,BBMR,1789084800000,funding,76535.2,0.04283496938239966,-0.16690247591708673,0.0,1,-0.16690247591708673
E15,SOL,BBMR,1789084800000,funding,98.61,32.726939326558295,0.13631707529053844,0.0,1,0.13631707529053844
E16,XRP,BBMR,1789084800000,funding,1.3337,2100.1901974653256,0.03974652582564138,0.0,1,0.03974652582564138
E16,HYPE,BBMR,1789084800000,funding,78.54,34.87019144589904,0.1259530354150403,0.0,1,0.1259530354150403
E13,BTC,BRK24GATE,1789110000000,exit,77320.0,0.07189759573199722,50.234850137946246,4.44729768159842,-1,0.0
E15,BTC,BBMR,1789110000000,exit_signal,77213.3,0.04283496938239966,-41.99540398250438,2.645943473131232,1,0.0
E15,SOL,BBMR,1789110000000,exit_signal,99.85,32.726939326558295,-79.85373195680263,2.6142279134054762,1,0.0
E13,ETH,BRK24GATE,1789113600000,exit,2471.31,1.7998233486797575,-18.53818049140101,3.558337151860617,-1,0.0
E14,XRP,BRK24GATE,1789113600000,exit,1.358,2530.759302266117,25.560668952887777,2.74941690598191,-1,0.0
E14,HYPE,BRK24GATE,1789113600000,funding,79.81,33.549515198293015,-0.05232004622784646,0.0,-1,-0.05232004622784646
E16,XRP,BBMR,1789113600000,exit_signal,1.3526,2100.1901974653256,-101.01914849808223,2.27257380887328,1,0.0
E16,HYPE,BBMR,1789113600000,funding,79.81,34.87019144589904,0.05437962419546733,0.0,1,0.05437962419546733
E14,BTR,BRK24GATE,1789117200000,enter,0.05563,11006.924887258994,0.0,0.4898521851825743,1,0.0
E16,HYPE,BBMR,1789120800000,exit_signal,80.3,34.87019144589904,-140.87557344143232,2.240061098484554,1,0.0
E14,BTR,BRK24GATE,1789128000000,funding,0.05205,11006.924887258994,-0.028645522019091534,0.0,1,-0.028645522019091534
E16,XRP,BBMR,1789128000000,enter,1.3321,2145.6025719211334,0.0,2.2865257488449138,1,0.0
E14,HYPE,BRK24GATE,1789131600000,exit,80.39,33.549515198293015,57.034175837098225,2.1576364214326205,-1,0.0
E14,XRP,BRK24GATE,1789131600000,enter,1.3201,2682.2360305356324,0.0,2.832655827128071,-1,0.0
E13,ETH,BRK24GATE,1789135200000,enter,2514.97,1.7146744066493418,0.0,3.449883753992716,1,0.0
E14,XRP,BRK24GATE,1789135200000,exit,1.3707,2682.2360305356324,-135.72114314510293,2.941232741644153,-1,0.0
E16,XRP,BBMR,1789135200000,exit_signal,1.3657,2145.6025719211334,72.09224641654977,2.3441995459781535,1,0.0
E13,BTC,BRK24GATE,1789138800000,enter,79344.4,0.060813521722094706,0.0,3.860169914341257,1,0.0
E14,XRP,BRK24GATE,1789138800000,enter,1.4171,1960.5234017930443,0.0,2.2226061701447386,1,0.0
E18,HYPE,RSI2,1789138800000,enter,83.4,36.95657389590901,0.0,2.4657426103350493,-1,0.0
E13,ETH,BRK24GATE,1789142400000,funding,2557.51,1.7146744066493418,-0.4385296941749759,0.0,1,-0.4385296941749759
E13,BTC,BRK24GATE,1789142400000,funding,77686.0,0.060813521722094706,-0.26465860510111844,0.0,1,-0.26465860510111844
E14,BTR,BRK24GATE,1789142400000,exit,0.04956,11006.924887258994,-66.81203406566209,0.4364025579300446,1,0.0
E14,XRP,BRK24GATE,1789142400000,funding,1.3737,1960.5234017930443,-0.09027509182088486,0.0,1,-0.09027509182088486
E18,HYPE,RSI2,1789142400000,funding,81.93,36.95657389590901,-0.05813476030640305,0.0,-1,-0.05813476030640305
E18,HYPE,RSI2,1789149600000,exit_signal,82.01,36.95657389590901,51.369637715313544,2.4246469001627986,-1,0.0
E13,ETH,BRK24GATE,1789171200000,funding,2515.43,1.7146744066493418,0.10381736266622114,0.0,1,0.10381736266622114
E13,BTC,BRK24GATE,1789171200000,funding,77178.6,0.060813521722094706,-0.010278770404002081,0.0,1,-0.010278770404002081
E14,XRP,BRK24GATE,1789171200000,funding,1.3556,1960.5234017930443,-0.1053506541503766,0.0,1,-0.1053506541503766
E17,ETH,RSI2,1789171200000,enter,2510.5,1.310669460359972,0.0,2.632348544186968,1,0.0
E17,ETH,RSI2,1789171200000,funding,2515.43,1.310669460359972,0.07935631754580595,0.0,1,0.07935631754580595
E17,ETH,RSI2,1789185600000,exit_signal,2512.87,1.310669460359972,3.1062866210529907,2.6348335734838106,1,0.0
E13,ETH,BRK24GATE,1789200000000,funding,2523.05,1.7146744066493418,0.01704526449108469,0.0,1,0.01704526449108469
E13,BTC,BRK24GATE,1789200000000,funding,77234.3,0.060813521722094706,-0.07275482270367467,0.0,1,-0.07275482270367467
E14,XRP,BRK24GATE,1789200000000,funding,1.3686,1960.5234017930443,0.11046620473116037,0.0,1,0.11046620473116037
E17,SOL,RSI2,1789210800000,enter,101.95,32.268188659545714,0.0,2.6317934670725487,-1,0.0
E18,HYPE,RSI2,1789210800000,enter,79.47,38.97888470366572,0.0,2.478121573920252,-1,0.0
E17,SOL,RSI2,1789225200000,exit_signal,101.94,32.268188659545714,0.32268188659562225,2.631535321563272,-1,0.0
E13,ETH,BRK24GATE,1789228800000,funding,2533.87,1.7146744066493418,-0.3002230568794608,0.0,1,-0.3002230568794608
E13,BTC,BRK24GATE,1789228800000,funding,77350.1,0.060813521722094706,-0.17936092664738784,0.0,1,-0.17936092664738784
E14,XRP,BRK24GATE,1789228800000,funding,1.3716,1960.5234017930443,-0.1647045512463345,0.0,1,-0.1647045512463345
E18,HYPE,RSI2,1789228800000,funding,80.22,38.97888470366572,-0.12601351107640096,0.0,-1,-0.12601351107640096
E16,BTR,BBMR,1789232400000,enter,0.04941,58300.837072725844,0.0,2.3045154878107077,1,0.0
E18,HYPE,RSI2,1789232400000,exit_signal,80.22,38.97888470366572,-29.23416352774929,2.5015089047424515,-1,0.0
E13,BTC,BRK24GATE,1789236000000,exit,77130.1,0.060813521722094706,-134.6593811492336,3.7524424094218696,1,0.0
E13,ETH,BRK24GATE,1789243200000,exit,2518.28,1.7146744066493418,5.6755722860100075,3.4544242118215243,1,0.0
E14,XRP,BRK24GATE,1789243200000,exit,1.3621,1960.5234017930443,-107.82878709861731,2.136343140465845,1,0.0
E15,BTC,BBMR,1789243200000,enter,77111.0,0.043230417007333065,0.0,2.6668325486819677,1,0.0
E16,BTR,BBMR,1789243200000,funding,0.05021,58300.837072725844,-0.14636425147107823,0.0,1,-0.14636425147107823
E17,ETH,RSI2,1789243200000,enter,2521.6,1.3039716654267153,0.0,2.6304759612320043,1,0.0
E15,SOL,BBMR,1789246800000,enter,101.21,32.9280875572529,0.0,2.666121393335653,1,0.0
E16,BTR,BBMR,1789250400000,exit_signal,0.05049,58300.837072725844,62.96490403854377,2.3548874110415423,1,0.0
E17,ETH,RSI2,1789254000000,exit_signal,2523.08,1.3039716654267153,1.9298780648315623,2.6320198636838694,1,0.0
E15,BTC,BBMR,1789257600000,funding,77244.7,0.043230417007333065,-0.19104253110300873,0.0,1,-0.19104253110300873
E15,SOL,BBMR,1789257600000,funding,101.71,32.9280875572529,-0.128773501950483,0.0,1,-0.128773501950483
E14,BTR,BRK24GATE,1789264800000,enter,0.04895,21850.00141293512,0.0,0.8556460553305393,-1,0.0
E15,BTC,BBMR,1789268400000,exit_signal,77288.4,0.043230417007333065,7.6690759771006345,2.6729678094636484,1,0.0
E15,SOL,BBMR,1789268400000,exit_signal,102.25,32.9280875572529,34.24521105954322,2.6935175621832874,1,0.0
E17,SOL,RSI2,1789268400000,enter,102.25,32.14654355944558,0.0,2.629587263162649,-1,0.0
E14,BTR,BRK24GATE,1789272000000,exit,0.05095,21850.00141293512,-43.70000282587028,0.8906060575912356,-1,0.0
E16,BTR,BBMR,1789272000000,enter,0.04831,60029.61578816237,0.0,2.3200245909808994,1,0.0
E16,BTR,BBMR,1789272000000,funding,0.04836,60029.61578816237,-0.1451516109757766,0.0,1,-0.1451516109757766
E17,SOL,RSI2,1789275600000,exit_signal,101.59,32.14654355944558,21.216718749233976,2.6126138881632617,-1,0.0
E13,SOL,BRK24GATE,1789286400000,enter,101.01,51.297750411426236,0.0,4.145268615246532,-1,0.0
E13,SOL,BRK24GATE,1789286400000,funding,100.67,51.297750411426236,0.19148647931768978,0.0,-1,0.19148647931768978
E14,XRP,BRK24GATE,1789286400000,enter,1.3575,3694.7788238641124,0.0,4.0125298027164265,-1,0.0
E14,HYPE,BRK24GATE,1789286400000,enter,78.62,44.37838241807932,0.0,2.791222740567517,-1,0.0
E14,XRP,BRK24GATE,1789286400000,funding,1.3571,3694.7788238641124,0.16496666484739098,0.0,-1,0.16496666484739098
E14,HYPE,BRK24GATE,1789286400000,funding,78.52,44.37838241807932,0.14513319796802504,0.0,-1,0.14513319796802504
E16,BTR,BBMR,1789286400000,exit_signal,0.0507,60029.61578816237,143.47078173370826,2.434801216367866,1,0.0
E13,BTC,BRK24GATE,1789290000000,enter,77006.5,0.13579030143946572,0.0,8.365388678238574,-1,0.0
E15,SOL,BBMR,1789290000000,enter,100.67,33.21584414174136,0.0,2.675071223799282,1,0.0
E16,XRP,BBMR,1789290000000,enter,1.3571,2170.968246136064,0.0,2.356976805465002,1,0.0
E16,HYPE,BBMR,1789290000000,enter,78.52,37.51191222486115,0.0,2.356348278316878,1,0.0
E15,BTC,BBMR,1789293600000,enter,76769.1,0.04354548039955097,0.0,2.6743578714729352,1,0.0
E15,ETH,BBMR,1789293600000,enter,2493.47,1.3403232790919262,0.0,2.673644709373876,1,0.0
E13,SOL,BRK24GATE,1789315200000,funding,100.18,51.297750411426236,-0.06978773727982253,0.0,-1,-0.06978773727982253
E13,BTC,BRK24GATE,1789315200000,funding,77100.1,0.13579030143946572,0.41448536001431274,0.0,-1,0.41448536001431274
E14,XRP,BRK24GATE,1789315200000,funding,1.3429,3694.7788238641124,-0.6278558567840429,0.0,-1,-0.6278558567840429
E14,HYPE,BRK24GATE,1789315200000,funding,77.94,44.37838241807932,0.10117139542570423,0.0,-1,0.10117139542570423
E15,BTC,BBMR,1789315200000,exit_signal,77173.4,0.04354548039955097,17.60543772553795,2.6884422216533657,1,0.0
E15,SOL,BBMR,1789315200000,funding,100.18,33.21584414174136,0.04518830915390484,0.0,1,0.04518830915390484
E15,ETH,BBMR,1789315200000,funding,2489.67,1.3403232790919262,-0.022691346076146212,0.0,1,-0.022691346076146212
E16,XRP,BBMR,1789315200000,funding,1.3429,2170.968246136064,0.3689138628339286,0.0,1,0.3689138628339286
E16,HYPE,BBMR,1789315200000,funding,77.94,37.51191222486115,-0.08551759433506607,0.0,1,-0.08551759433506607
E17,BTC,RSI2,1789315200000,enter,77173.4,0.042661187898325244,0.0,2.6338471345220906,-1,0.0
E17,BTC,RSI2,1789315200000,funding,77100.1,0.042661187898325244,0.130218709563424,0.0,-1,0.130218709563424
E13,BTC,BRK24GATE,1789318800000,exit,77289.8,0.13579030143946572,-38.46939239780103,8.396164192156814,-1,0.0
E15,ETH,BBMR,1789326000000,exit_signal,2504.01,1.3403232790919262,14.127007361629463,2.6849463152631796,1,0.0
E15,SOL,BBMR,1789326000000,exit_signal,100.97,33.21584414174136,9.964753242522313,2.6830430263933,1,0.0
E16,XRP,BBMR,1789326000000,exit_signal,1.3548,2170.968246136064,-4.993226966112879,2.3529822238921114,1,0.0
E13,SOL,BRK24GATE,1789333200000,exit,101.3,51.297750411426236,-14.8763476193132,4.157169693341983,-1,0.0
E14,XRP,BRK24GATE,1789333200000,exit,1.3599,3694.7788238641124,-8.867469177274534,4.019623778058246,-1,0.0
E14,HYPE,BRK24GATE,1789333200000,exit,78.75,44.37838241807932,-5.76918971435011,2.795838092338997,-1,0.0
E16,HYPE,BBMR,1789336800000,exit_signal,78.88,37.51191222486115,13.504288400949992,2.367151709037638,1,0.0
E17,BTC,RSI2,1789340400000,exit_signal,77281.6,0.042661187898325244,-4.615940530599288,2.63753988694657,-1,0.0
E13,SOL,BRK24GATE,1789344000000,enter,99.2,46.93105763375079,0.0,3.724448733814463,-1,0.0
E13,SOL,BRK24GATE,1789344000000,funding,99.21,46.93105763375079,-0.1565822965624077,0.0,-1,-0.1565822965624077
E13,BTC,BRK24GATE,1789347600000,enter,76425.0,0.12189355586933004,0.0,7.45257200585084,-1,0.0
E13,BTC,BRK24GATE,1789354800000,exit,77443.0,0.12189355586933004,-124.08763987497798,7.551842117750821,-1,0.0
E18,XRP,RSI2,1789362000000,enter,1.3721,2249.256879888117,0.0,2.4689642919155887,-1,0.0
E18,HYPE,RSI2,1789362000000,enter,79.86,38.63489076881018,0.0,2.468305901437745,-1,0.0
E19,AAVE,BRK24,1788706800000,exit,133.53,11.343324055810138,17.355285805389524,1.6661414672895607,1,0.0
E19,MU,BRK24,1788706800000,exit,1016.55,2.0247905508629453,93.1606132452041,2.2641309179277003,1,0.0
E19,1000PEPE,BRK24,1788706800000,enter,0.003551,396303.6731639454,0.0,1.548001777745687,-1,0.0
E19,ADA,BRK24,1788706800000,enter,0.2151,6792.86147380367,0.0,1.6072589533166868,-1,0.0
E20,MU,BRK24GATE,1788706800000,exit,1016.55,2.0596155452889557,74.24914040766676,2.3030724008198367,1,0.0
E20,SNDK,BRK24GATE,1788706800000,exit,1763.87,1.1373534507886829,186.7534366195015,2.2067579943668973,1,0.0
E20,TAO,BRK24GATE,1788706800000,enter,246.68,5.595592209030281,0.0,1.5183527547359488,1,0.0
E20,TRUMP,BRK24GATE,1788706800000,enter,2.326,484.3878012187772,0.0,1.2393546281983636,-1,0.0
E21,1000PEPE,MR,1788706800000,exit_signal,0.003615,507242.5076055672,27.89833791830616,2.017049831493538,-1,0.0
E21,HYPE,MR,1788706800000,enter,89.4,29.34108410489596,0.0,2.885402210875469,-1,0.0
E19,HEMI,BRK24,1788710400000,funding,0.011205,17996.436897589418,-0.15136862912715143,0.0,-1,-0.15136862912715143
E19,FARTCOIN,BRK24,1788710400000,funding,0.18067,5452.863229295188,-0.16637530688265628,0.0,1,-0.16637530688265628
E19,BTC,BRK24,1788710400000,funding,79675.0,0.05908951535295101,0.14010880435981202,0.0,-1,0.14010880435981202
E19,HYPE,BRK24,1788710400000,funding,88.42,21.816623387343217,-0.19290258399088875,0.0,1,-0.19290258399088875
E19,1000PEPE,BRK24,1788710400000,funding,0.003576,396303.6731639454,0.11088031461272918,0.0,-1,0.11088031461272918
E19,ADA,BRK24,1788710400000,funding,0.2173,6792.86147380367,-0.11656673239839774,0.0,-1,-0.11656673239839774
E20,HEMI,BRK24GATE,1788710400000,funding,0.011205,26439.727574186552,-0.22238542774742492,0.0,-1,-0.22238542774742492
E20,PUMPFUN,BRK24GATE,1788710400000,funding,0.003891,202398.96026269332,0.03937671771910698,0.0,-1,0.03937671771910698
E20,NEAR,BRK24GATE,1788710400000,funding,2.385,375.06533833292724,-0.08945308319240315,0.0,1,-0.08945308319240315
E20,FARTCOIN,BRK24GATE,1788710400000,funding,0.18067,4753.674749895438,-0.14504198291370227,0.0,1,-0.14504198291370227
E20,TAO,BRK24GATE,1788710400000,funding,248.83,5.595592209030281,-0.06961756046865025,0.0,1,-0.06961756046865025
E20,TRUMP,BRK24GATE,1788710400000,funding,2.308,484.3878012187772,0.05589835226064689,0.0,-1,0.05589835226064689
E21,AAVE,MR,1788710400000,exit_signal,133.87,13.172166359419403,65.46566680631442,1.9396937015890232,-1,0.0
E21,ENA,MR,1788710400000,exit_signal,0.17228,5724.601812280876,52.89532074547529,1.0848578402417244,-1,0.0
E21,KORU,MR,1788710400000,exit_signal,23.1,131.55526566223676,44.72879032516048,3.3428193004774363,-1,0.0
E21,BTC,MR,1788710400000,enter,79501.0,0.08686757918553739,0.0,5.524847530263527,1,0.0
E21,LIT,MR,1788710400000,enter,4.518,225.8012721857171,0.0,1.1221871625085769,1,0.0
E21,ONG,MR,1788710400000,enter,0.09268,16310.019069435511,0.0,1.6627738240908114,1,0.0
E21,CL,MR,1788710400000,funding,91.92,54.07226417521222,-0.7993272681465292,0.0,-1,-0.7993272681465292
E21,AKE,MR,1788710400000,funding,0.014044,14663.044360079082,0.6182982044663342,0.0,1,0.6182982044663342
E21,HYPE,MR,1788710400000,funding,88.42,29.34108410489596,0.2594338656554901,0.0,-1,0.2594338656554901
E21,BTC,MR,1788710400000,funding,79675.0,0.08686757918553739,-0.2059741492990449,0.0,1,-0.2059741492990449
E21,LIT,MR,1788710400000,funding,4.551,225.8012721857171,-0.05138107948585993,0.0,1,-0.05138107948585993
E21,ONG,MR,1788710400000,funding,0.09229,16310.019069435511,0.2410359483027019,0.0,1,0.2410359483027019
E21,ONG,MR,1788714000000,funding,0.09221,16310.019069435511,2.0260269708150727,0.0,1,2.0260269708150727
E21,ONG,MR,1788717600000,funding,0.09286,16310.019069435511,1.16642942776221,0.0,1,1.16642942776221
E21,ONG,MR,1788721200000,funding,0.09234,16310.019069435511,1.7001389752215992,0.0,1,1.7001389752215992
E19,HEMI,BRK24,1788724800000,funding,0.011478,17996.436897589418,-0.019518147575118105,0.0,-1,-0.019518147575118105
E19,FARTCOIN,BRK24,1788724800000,funding,0.17967,5452.863229295188,-0.48334285722662357,0.0,1,-0.48334285722662357
E20,HEMI,BRK24GATE,1788724800000,funding,0.011478,26439.727574186552,-0.02867537099568954,0.0,-1,-0.02867537099568954
E20,PUMPFUN,BRK24GATE,1788724800000,funding,0.003835,202398.96026269332,0.03881000063037144,0.0,-1,0.03881000063037144
E20,FARTCOIN,BRK24GATE,1788724800000,funding,0.17967,4753.674749895438,-0.42136665442047055,0.0,1,-0.42136665442047055
E20,TAO,BRK24GATE,1788724800000,funding,267.97,5.595592209030281,-0.07497254221269223,0.0,1,-0.07497254221269223
E20,TRUMP,BRK24GATE,1788724800000,funding,2.312,484.3878012187772,-0.03273481135329267,0.0,-1,-0.03273481135329267
E21,BTC,MR,1788724800000,exit_signal,79908.7,0.08686757918553739,35.41591203394334,5.553180259890682,1,0.0
E21,LIT,MR,1788724800000,exit_signal,4.693,225.8012721857171,39.51522263250045,1.1656539074043273,1,0.0
E21,SOXL,MR,1788724800000,enter,124.08,27.182714946611437,0.0,3.710114397633102,-1,0.0
E21,TAO,MR,1788724800000,enter,257.51,6.043375047082923,0.0,1.7118524592117559,-1,0.0
E21,AKE,MR,1788724800000,funding,0.014614,14663.044360079082,0.5676728995091793,0.0,1,0.5676728995091793
E21,ONG,MR,1788724800000,funding,0.09284,16310.019069435511,2.2187897462964874,0.0,1,2.2187897462964874
E21,TAO,MR,1788724800000,funding,267.97,6.043375047082923,0.08097216056834056,0.0,-1,0.08097216056834056
E19,ADA,BRK24,1788728400000,exit,0.2216,6792.86147380367,-44.15359957972371,1.655827912854383,-1,0.0
E19,LINK,BRK24,1788728400000,enter,12.458,129.8165536718886,0.0,1.7789800882088274,1,0.0
E21,CL,MR,1788728400000,exit_timeout,91.83,54.07226417521222,10.814452835042598,5.462001621130712,-1,0.0
E21,XAU,MR,1788728400000,enter,4428.12,3.9699319220732514,0.0,19.337268437048106,1,0.0
E21,ONG,MR,1788728400000,funding,0.09258,16310.019069435511,0.6135810091199327,0.0,1,0.6135810091199327
E19,1000PEPE,BRK24,1788732000000,exit,0.003652,396303.6731639454,-40.02667098955847,1.5920311158342015,-1,0.0
E19,BTC,BRK24,1788732000000,exit,79997.1,0.05908951535295101,-29.432487597305244,3.781591894913246,-1,0.0
E19,MOVR,BRK24,1788732000000,enter,0.823,1729.0474174980905,0.0,1.5653066270610214,1,0.0
E19,NEAR,BRK24,1788732000000,enter,2.484,291.0177979261015,0.0,0.7951770310532797,1,0.0
E21,ONG,MR,1788732000000,funding,0.09296,16310.019069435511,0.8993066331201494,0.0,1,0.8993066331201494
E19,FARTCOIN,BRK24,1788735600000,exit,0.17652,5452.863229295188,10.142325606489052,1.0587933589587053,1,0.0
E19,HYPE,BRK24,1788735600000,exit,86.99,21.816623387343217,-37.9609246939774,2.087610875311485,1,0.0
E19,CL,BRK24,1788735600000,enter,92.14,56.54102426550849,0.0,5.730658973406348,1,0.0
E19,LIT,BRK24,1788735600000,enter,4.412,141.3938071136632,0.0,0.6862124246840303,-1,0.0
E20,FARTCOIN,BRK24GATE,1788735600000,exit,0.17652,4753.674749895438,-48.392408953935536,0.9230305335366972,1,0.0
E20,CL,BRK24GATE,1788735600000,enter,92.14,58.654163238684504,0.0,5.94483406089363,1,0.0
E21,ONG,MR,1788735600000,funding,0.093,16310.019069435511,1.7951552355692195,0.0,1,1.7951552355692195
E19,HEMI,BRK24,1788739200000,funding,0.011335,17996.436897589418,-0.06435464286763785,0.0,-1,-0.06435464286763785
E19,LINK,BRK24,1788739200000,funding,13.223,129.8165536718886,-0.17165642892033833,0.0,1,-0.17165642892033833
E19,MOVR,BRK24,1788739200000,funding,0.829,1729.0474174980905,-0.07166901545529585,0.0,1,-0.07166901545529585
E19,NEAR,BRK24,1788739200000,funding,2.437,291.0177979261015,-0.06908418248710703,0.0,1,-0.06908418248710703
E19,CL,BRK24,1788739200000,funding,91.97,56.54102426550849,1.6394285915955855,0.0,1,1.6394285915955855
E19,LIT,BRK24,1788739200000,funding,4.519,141.3938071136632,0.0319479307173322,0.0,-1,0.0319479307173322
E20,HEMI,BRK24GATE,1788739200000,funding,0.011335,26439.727574186552,-0.09454756156660807,0.0,-1,-0.09454756156660807
E20,PUMPFUN,BRK24GATE,1788739200000,funding,0.004015,202398.96026269332,0.04063159127273569,0.0,-1,0.04063159127273569
E20,NEAR,BRK24GATE,1788739200000,funding,2.437,375.06533833292724,-0.08903607429728444,0.0,1,-0.08903607429728444
E20,TAO,BRK24GATE,1788739200000,funding,265.85,5.595592209030281,-0.07437940943853502,0.0,1,-0.07437940943853502
E20,TRUMP,BRK24GATE,1788739200000,funding,2.334,484.3878012187772,-0.05538618966290623,0.0,-1,-0.05538618966290623
E20,CL,BRK24GATE,1788739200000,funding,91.97,58.654163238684504,1.700699863130598,0.0,1,1.700699863130598
E21,AKE,MR,1788739200000,funding,0.013876,14663.044360079082,0.7273038568957187,0.0,1,0.7273038568957187
E21,HYPE,MR,1788739200000,funding,87.94,29.34108410489596,0.2580254936184551,0.0,-1,0.2580254936184551
E21,ONG,MR,1788739200000,funding,0.09415,16310.019069435511,3.331996262746249,0.0,1,3.331996262746249
E21,SOXL,MR,1788739200000,funding,123.69,27.182714946611437,0.10866727397964264,0.0,-1,0.10866727397964264
E21,TAO,MR,1788739200000,funding,265.85,6.043375047082923,0.08033156281334977,0.0,-1,0.08033156281334977
E21,XAU,MR,1788739200000,funding,4427.17,3.9699319220732514,-0.618132568556842,0.0,1,-0.618132568556842
E19,CL,BRK24,1788742800000,exit,91.61,56.54102426550849,-29.966742860719563,5.697695556259556,1,0.0
E19,ADA,BRK24,1788742800000,enter,0.2236,6548.524432350924,0.0,1.6106750693810332,1,0.0
E20,CL,BRK24GATE,1788742800000,exit,91.61,58.654163238684504,-31.086706516502854,5.910638683725477,1,0.0
E20,ADA,BRK24GATE,1788742800000,enter,0.2236,6913.140744048719,0.0,1.700356097406223,1,0.0
E21,ONG,MR,1788742800000,funding,0.09301,16310.019069435511,1.3363511240941695,0.0,1,1.3363511240941695
E20,PUMPFUN,BRK24GATE,1788746400000,exit,0.004058,202398.96026269332,-5.059974006567303,0.9034684788206104,-1,0.0
E20,SKHYNIX,BRK24GATE,1788746400000,enter,1304.89,2.523357561830345,0.0,3.62197445374248,1,0.0
E21,XAU,MR,1788746400000,stop,4403.976468077512,3.9699319220732514,-95.84817809067752,19.231835441148363,1,0.0
E21,ONG,MR,1788746400000,funding,0.09222,16310.019069435511,1.4092006201967338,0.0,1,1.4092006201967338
E21,HYPE,MR,1788750000000,exit_signal,86.77,29.34108410489596,77.16705119587665,2.8005184545600046,-1,0.0
E21,FARTCOIN,MR,1788750000000,enter,0.1719,6371.311231724887,0.0,1.204751240806859,1,0.0
E21,HEMI,MR,1788750000000,enter,0.0106,47733.394959870384,0.0,0.5565713852320887,1,0.0
E21,TAO,MR,1788750000000,stop,273.3592724692472,6.043375047082923,-95.78309775506676,1.8172138667423292,-1,0.0
E21,ONG,MR,1788750000000,funding,0.09278,16310.019069435511,1.4306658676875872,0.0,1,1.4306658676875872
E19,HEMI,BRK24,1788753600000,funding,0.010389,17996.436897589418,-0.028788868071416115,0.0,-1,-0.028788868071416115
E19,MOVR,BRK24,1788753600000,funding,0.815,1729.0474174980905,-0.07045868226304718,0.0,1,-0.07045868226304718
E19,LIT,BRK24,1788753600000,funding,4.411,141.3938071136632,0.031184404158918416,0.0,-1,0.031184404158918416
E20,HEMI,BRK24GATE,1788753600000,funding,0.010389,26439.727574186552,-0.04229558513771115,0.0,-1,-0.04229558513771115
E20,TAO,BRK24GATE,1788753600000,funding,269.95,5.595592209030281,-0.07552650584138622,0.0,1,-0.07552650584138622
E20,TRUMP,BRK24GATE,1788753600000,funding,2.253,484.3878012187772,-0.1671583599420683,0.0,-1,-0.1671583599420683
E21,NVDA,MR,1788753600000,enter,231.73,61.711706270402686,0.0,15.730499063444457,-1,0.0
E21,AKE,MR,1788753600000,funding,0.014186,14663.044360079082,0.9711589220167447,0.0,1,0.9711589220167447
E21,ONG,MR,1788753600000,funding,0.09191,16310.019069435511,1.3274871392335283,0.0,1,1.3274871392335283
E21,FARTCOIN,MR,1788753600000,funding,0.17258,6371.311231724887,-0.19963627561889347,0.0,1,-0.19963627561889347
E21,HEMI,MR,1788753600000,funding,0.010389,47733.394959870384,0.07635902695186163,0.0,1,0.07635902695186163
E21,HEMI,MR,1788757200000,stop,0.008602760100529653,47733.394959870384,-95.33504095102988,0.45170284018595586,1,0.0
E21,SOXL,MR,1788757200000,stop,127.60504152316058,27.182714946611437,-95.82019889904308,3.8155166164220495,-1,0.0
E21,ONG,MR,1788757200000,funding,0.09313,16310.019069435511,-0.012880713603941767,0.0,1,-0.012880713603941767
E21,CL,MR,1788760800000,enter,92.35,70.28755256395178,0.0,7.140161027209041,-1,0.0
E21,KORU,MR,1788760800000,enter,23.56,123.50484679315167,0.0,3.200751609491319,-1,0.0
E21,ONG,MR,1788760800000,funding,0.09365,16310.019069435511,-0.019092916073157946,0.0,1,-0.019092916073157946
E21,AKE,MR,1788764400000,exit_signal,0.015624,14663.044360079082,15.865413997605588,0.25200494559006315,1,0.0
E21,ONG,MR,1788764400000,exit_signal,0.09365,16310.019069435511,15.820718497352424,1.6801766144378993,1,0.0
E21,BTR,MR,1788764400000,enter,0.04576,15589.10922955774,0.0,0.7846934021790185,1,0.0
E21,HEMI,MR,1788764400000,enter,0.00852,40197.46453368105,0.0,0.3767306376096588,1,0.0
E19,ADA,BRK24,1788768000000,exit,0.2176,6548.524432350924,-39.29114659410558,1.567454808127517,1,0.0
E19,MOVR,BRK24,1788768000000,exit,0.81,1729.0474174980905,-22.477616427475002,1.5405812489907986,1,0.0
E19,NEAR,BRK24,1788768000000,exit,2.344,291.0177979261015,-40.742491709654246,0.7503602901726601,1,0.0
E19,AAVE,BRK24,1788768000000,enter,132.11,9.496453283356203,0.0,1.380034087590607,-1,0.0
E19,BTC,BRK24,1788768000000,enter,79132.2,0.054344114665148095,0.0,3.4402954804043455,-1,0.0
E19,BTR,BRK24,1788768000000,enter,0.04457,10512.664396900625,0.0,0.515404397386847,-1,0.0
E19,HEMI,BRK24,1788768000000,funding,0.008521,17996.436897589418,-0.3995595407158629,0.0,-1,-0.3995595407158629
E19,LINK,BRK24,1788768000000,funding,13.184,129.8165536718886,-0.11920607554744898,0.0,1,-0.11920607554744898
E19,LIT,BRK24,1788768000000,funding,4.413,141.3938071136632,0.031198543539629787,0.0,-1,0.031198543539629787
E19,AAVE,BRK24,1788768000000,funding,132.52,9.496453283356203,0.12584699891103643,0.0,-1,0.12584699891103643
E19,BTC,BRK24,1788768000000,funding,79353.0,0.054344114665148095,0.03212714555612505,0.0,-1,0.03212714555612505
E19,BTR,BRK24,1788768000000,funding,0.04449,10512.664396900625,0.023385421950905445,0.0,-1,0.023385421950905445
E20,ADA,BRK24GATE,1788768000000,exit,0.2176,6913.140744048719,-41.47884446429235,1.6547293684955016,1,0.0
E20,NEAR,BRK24GATE,1788768000000,exit,2.344,375.06533833292724,20.62859360831089,0.9670684683576196,1,0.0
E20,BTR,BRK24GATE,1788768000000,enter,0.04457,11451.706641343535,0.0,0.5614428215051495,-1,0.0
E20,WLD,BRK24GATE,1788768000000,enter,0.4373,2199.4822039338237,0.0,1.0580169245582873,1,0.0
E20,HEMI,BRK24GATE,1788768000000,funding,0.008521,26439.727574186552,-0.5870187230011943,0.0,-1,-0.5870187230011943
E20,TAO,BRK24GATE,1788768000000,funding,263.77,5.595592209030281,-0.07379746784879586,0.0,1,-0.07379746784879586
E20,TRUMP,BRK24GATE,1788768000000,funding,2.254,484.3878012187772,0.0545905051973562,0.0,-1,0.0545905051973562
E20,BTR,BRK24GATE,1788768000000,funding,0.04449,11451.706641343535,0.025474321423668695,0.0,-1,0.025474321423668695
E20,WLD,BRK24GATE,1788768000000,funding,0.4485,2199.4822039338237,-0.0956775088633544,0.0,1,-0.0956775088633544
E21,FARTCOIN,MR,1788768000000,funding,0.17006,6371.311231724887,-0.05417525940335672,0.0,1,-0.05417525940335672
E21,CL,MR,1788768000000,funding,91.35,70.28755256395178,-2.0781457471612224,0.0,-1,-2.0781457471612224
E21,BTR,MR,1788768000000,funding,0.04449,15589.10922955774,-0.034677973481151196,0.0,1,-0.034677973481151196
E21,HEMI,MR,1788768000000,funding,0.008521,40197.46453368105,0.8924700238396169,0.0,1,0.8924700238396169
E21,CL,MR,1788771600000,exit_signal,91.35,70.28755256395178,70.28755256395178,7.0628447193886945,-1,0.0
E21,1000PEPE,MR,1788771600000,enter,0.00356,523049.84976298665,0.0,2.048263211671856,1,0.0
E21,NVDA,MR,1788771600000,stop,233.20520433749618,61.711706270402686,-91.03737676438914,15.830640177885284,-1,0.0
E21,BTC,MR,1788775200000,enter,79393.6,0.07434457759101182,0.0,4.721986924343805,1,0.0
E19,HEMI,BRK24,1788782400000,funding,0.008781,17996.436897589418,-0.4580183021450925,0.0,-1,-0.4580183021450925
E19,LIT,BRK24,1788782400000,funding,4.506,141.3938071136632,0.03185602474270832,0.0,-1,0.03185602474270832
E19,BTR,BRK24,1788782400000,funding,0.04461,10512.664396900625,0.023448497937286844,0.0,-1,0.023448497937286844
E20,HEMI,BRK24GATE,1788782400000,funding,0.008781,26439.727574186552,-0.6729042644174638,0.0,-1,-0.6729042644174638
E20,TAO,BRK24GATE,1788782400000,funding,264.66,5.595592209030281,-0.07404647170209772,0.0,1,-0.07404647170209772
E20,TRUMP,BRK24GATE,1788782400000,funding,2.258,484.3878012187772,0.05468738275759995,0.0,-1,0.05468738275759995
E20,BTR,BRK24GATE,1788782400000,funding,0.04461,11451.706641343535,0.025543031663516753,0.0,-1,0.025543031663516753
E21,FARTCOIN,MR,1788782400000,funding,0.17231,6371.311231724887,-0.054892031916925765,0.0,1,-0.054892031916925765
E21,BTR,MR,1788782400000,funding,0.04461,15589.10922955774,-0.03477150813652854,0.0,1,-0.03477150813652854
E21,HEMI,MR,1788782400000,funding,0.008781,40197.46453368105,1.0230455373485794,0.0,1,1.0230455373485794
E19,LIT,BRK24,1788786000000,exit,4.533,141.3938071136632,-17.10865066075331,0.7050319404108589,-1,0.0
E19,1000PEPE,BRK24,1788786000000,enter,0.003671,374694.109087419,0.0,1.5130522819059067,1,0.0
E21,1000PEPE,MR,1788789600000,exit_signal,0.003694,523049.84976298665,70.08867986824022,2.12536075952692,1,0.0
E21,ADA,MR,1788789600000,enter,0.2239,7888.958679135017,0.0,1.942971633084163,-1,0.0
E19,LINK,BRK24,1788793200000,exit,12.938,129.8165536718886,62.31194576250659,1.8475232285475847,1,0.0
E19,WLD,BRK24,1788793200000,enter,0.4686,1712.5740427271157,0.0,0.8827634160641191,1,0.0
E20,TAO,BRK24GATE,1788793200000,exit,261.62,5.595592209030281,83.59814760291239,1.6103107170991524,1,0.0
E20,TRUMP,BRK24GATE,1788793200000,exit,2.303,484.3878012187772,11.140919428031939,1.2270996168275283,-1,0.0
E20,XPL,BRK24GATE,1788793200000,enter,0.09201,10404.631581231995,0.0,1.0530631669680715,1,0.0
E21,FARTCOIN,MR,1788793200000,exit_signal,0.17722,6371.311231724887,33.895375752776346,1.242036154134913,1,0.0
E21,LTC,MR,1788793200000,enter,57.45,29.02333620264075,0.0,1.8341297313258824,-1,0.0
E19,HEMI,BRK24,1788796800000,funding,0.008495,17996.436897589418,-0.29969166634899125,0.0,-1,-0.29969166634899125
E19,AAVE,BRK24,1788796800000,funding,130.5,9.496453283356203,-0.00721265123324187,0.0,-1,-0.00721265123324187
E19,BTC,BRK24,1788796800000,funding,78787.8,0.054344114665148095,0.08486236716556045,0.0,-1,0.08486236716556045
E19,BTR,BRK24,1788796800000,funding,0.0448,10512.664396900625,0.023548368249057403,0.0,-1,0.023548368249057403
E19,1000PEPE,BRK24,1788796800000,funding,0.003563,374694.109087419,-0.13350351106784739,0.0,1,-0.13350351106784739
E19,WLD,BRK24,1788796800000,funding,0.4535,1712.5740427271157,-0.07766523283767471,0.0,1,-0.07766523283767471
E20,CL,BRK24GATE,1788796800000,enter,92.89,40.70575200708877,0.0,4.159273034332323,1,0.0
E20,HEMI,BRK24GATE,1788796800000,funding,0.008495,26439.727574186552,-0.44029637975630115,0.0,-1,-0.44029637975630115
E20,BTR,BRK24GATE,1788796800000,funding,0.0448,11451.706641343535,0.02565182287660952,0.0,-1,0.02565182287660952
E20,WLD,BRK24GATE,1788796800000,funding,0.4535,2199.4822039338237,-0.09974651794839891,0.0,1,-0.09974651794839891
E20,XPL,BRK24GATE,1788796800000,funding,0.08981,10404.631581231995,-0.04672199811552228,0.0,1,-0.04672199811552228
E20,CL,BRK24GATE,1788796800000,funding,92.91,40.70575200708877,2.0846226461410136,0.0,1,2.0846226461410136
E21,BTR,MR,1788796800000,funding,0.0448,15589.10922955774,-0.03491960467420934,0.0,1,-0.03491960467420934
E21,HEMI,MR,1788796800000,funding,0.008495,40197.46453368105,0.6694016819916725,0.0,1,0.6694016819916725
E21,BTC,MR,1788796800000,funding,78787.8,0.07434457759101182,-0.1160945739786439,0.0,1,-0.1160945739786439
E21,ADA,MR,1788796800000,funding,0.2171,7888.958679135017,0.1712692929240212,0.0,-1,0.1712692929240212
E21,LTC,MR,1788796800000,funding,55.37,29.02333620264075,0.1607022125540218,0.0,-1,0.1607022125540218
E21,ADA,MR,1788800400000,exit_signal,0.2171,7888.958679135017,53.64491901811812,1.8839622221642331,-1,0.0
E21,AAVE,MR,1788800400000,enter,130.5,12.900583176054006,0.0,1.8518787149225526,1,0.0
E19,BTR,BRK24,1788804000000,exit,0.04655,10512.664396900625,-20.815075505863266,0.5383009804432966,-1,0.0
E19,KORU,BRK24,1788804000000,enter,23.83,98.4770515919747,0.0,2.5813789533804328,1,0.0
E20,BTR,BRK24GATE,1788804000000,exit,0.04655,11451.706641343535,-22.67437914986023,0.5863846385699958,-1,0.0
E21,KORU,MR,1788804000000,stop,24.255596408771954,123.50484679315167,-85.90952789524681,3.29525209017609,-1,0.0
E20,KORU,BRK24GATE,1788807600000,enter,24.35,94.46591284087863,0.0,2.5302694754429345,1,0.0
E21,BTR,MR,1788807600000,exit_signal,0.04627,15589.10922955774,7.950445707074394,0.7934388924568003,1,0.0
E21,HYPE,MR,1788807600000,enter,84.97,26.196704084782343,0.0,2.448527340692351,1,0.0
E19,HEMI,BRK24,1788811200000,funding,0.008678,17996.436897589418,-0.37206049743290626,0.0,-1,-0.37206049743290626
E20,HEMI,BRK24GATE,1788811200000,funding,0.008678,26439.727574186552,-0.5466181027512199,0.0,-1,-0.5466181027512199
E20,XPL,BRK24GATE,1788811200000,funding,0.09177,10404.631581231995,-0.04774165201048301,0.0,1,-0.04774165201048301
E21,LTC,MR,1788811200000,exit_signal,55.07,29.02333620264075,69.07554016228505,1.7581466371473689,-1,0.0
E21,KORU,MR,1788811200000,enter,24.32,127.87649157084108,0.0,3.420951902503141,-1,0.0
E21,HEMI,MR,1788811200000,funding,0.008678,40197.46453368105,0.8310472086808632,0.0,1,0.8310472086808632
E21,LIT,MR,1788814800000,enter,4.703,224.94037559546447,0.0,1.1636840450680166,-1,0.0
E19,HEMI,BRK24,1788825600000,funding,0.00909,17996.436897589418,-0.7510192728004143,0.0,-1,-0.7510192728004143
E19,AAVE,BRK24,1788825600000,funding,132.05,9.496453283356203,0.02598301791371211,0.0,-1,0.02598301791371211
E19,BTC,BRK24,1788825600000,funding,79072.5,0.054344114665148095,0.15482541399716301,0.0,-1,0.15482541399716301
E19,1000PEPE,BRK24,1788825600000,funding,0.003622,374694.109087419,-0.13571420631146316,0.0,1,-0.13571420631146316
E19,WLD,BRK24,1788825600000,funding,0.4772,1712.5740427271157,-0.08172403331893796,0.0,1,-0.08172403331893796
E20,HEMI,BRK24GATE,1788825600000,funding,0.00909,26439.727574186552,-1.103370911075537,0.0,-1,-1.103370911075537
E20,WLD,BRK24GATE,1788825600000,funding,0.4772,2199.4822039338237,-0.10495929077172207,0.0,1,-0.10495929077172207
E20,XPL,BRK24GATE,1788825600000,funding,0.09283,10404.631581231995,-0.048293097484288304,0.0,1,-0.048293097484288304
E21,HEMI,MR,1788825600000,funding,0.00909,40197.46453368105,1.6775026497911565,0.0,1,1.6775026497911565
E21,BTC,MR,1788825600000,funding,79072.5,0.07434457759101182,-0.2118063763646971,0.0,1,-0.2118063763646971
E21,AAVE,MR,1788825600000,funding,132.05,12.900583176054006,-0.035296976014005145,0.0,1,-0.035296976014005145
E21,HYPE,MR,1788825600000,funding,85.13,26.196704084782343,-0.22301254187375208,0.0,1,-0.22301254187375208
E21,LIT,MR,1788825600000,funding,4.72,224.94037559546447,0.05308592864052961,0.0,-1,0.05308592864052961
E20,CL,BRK24GATE,1788829200000,exit,91.94,40.70575200708877,-38.670464406734446,4.116735523484915,1,0.0
E20,SNDK,BRK24GATE,1788829200000,enter,1793.6,2.0947813481002524,0.0,4.132919808547874,1,0.0
E21,HEMI,MR,1788829200000,exit_signal,0.00909,40197.46453368105,22.912554784198242,0.40193444787227683,1,0.0
E21,DOGE,MR,1788832800000,enter,0.09132,22553.419215900558,0.0,2.265536067075643,-1,0.0
E21,KORU,MR,1788832800000,stop,25.049272847239667,127.87649157084108,-93.25685310288652,3.523534440916316,-1,0.0
E19,BTC,BRK24,1788836400000,exit,79435.9,0.054344114665148095,-16.504307623805317,3.4534989265033897,-1,0.0
E19,HYPE,BRK24,1788836400000,enter,84.44,20.07391424006345,0.0,1.8645454502740533,-1,0.0
E21,BTC,MR,1788836400000,exit_signal,79406.0,0.07434457759101182,0.9218727621281138,4.722724422553508,1,0.0
E21,SKHYNIX,MR,1788836400000,enter,1386.25,2.220752882159928,0.0,3.3863705511836204,-1,0.0
E21,SNDK,MR,1788836400000,enter,1805.62,2.2676149474868756,0.0,4.503895991629378,-1,0.0
E19,HEMI,BRK24,1788840000000,funding,0.008659,17996.436897589418,-0.5239245745866369,0.0,-1,-0.5239245745866369
E20,HEMI,BRK24GATE,1788840000000,funding,0.008659,26439.727574186552,-0.7697314251882696,0.0,-1,-0.7697314251882696
E20,XPL,BRK24GATE,1788840000000,funding,0.09273,10404.631581231995,-0.0302085607431805,0.0,1,-0.0302085607431805
E21,DOGE,MR,1788840000000,exit_signal,0.08992,22553.419215900558,31.574786902260747,2.230803801483156,-1,0.0
E21,BTR,MR,1788840000000,enter,0.04709,20286.57137728651,0.0,1.050824110772064,-1,0.0
E21,LIT,MR,1788840000000,funding,4.595,224.94037559546447,0.051680051293057964,0.0,-1,0.051680051293057964
E21,BTR,MR,1788840000000,funding,0.04667,20286.57137728651,0.19543314815285479,0.0,-1,0.19543314815285479
E19,KORU,BRK24,1788850800000,exit,24.02,98.4770515919747,18.71063980247532,2.6019606571631555,1,0.0
E19,BTC,BRK24,1788850800000,enter,78512.0,0.05270191776244434,0.0,3.3101863738920243,-1,0.0
E20,KORU,BRK24GATE,1788850800000,exit,24.02,94.46591284087863,-31.173751237490123,2.495978349081695,1,0.0
E20,SNDK,BRK24GATE,1788850800000,exit,1774.08,2.0947813481002524,-40.890131914916886,4.087940663441465,1,0.0
E20,BTC,BRK24GATE,1788850800000,enter,78512.0,0.05470694303734244,0.0,3.4361212093982645,-1,0.0
E20,CL,BRK24GATE,1788850800000,enter,93.49,40.73918858507956,0.0,4.189577414900997,1,0.0
E21,SNDK,MR,1788850800000,exit_signal,1777.55,2.2676149474868756,63.65195157595645,4.433878844895825,-1,0.0
E21,BTC,MR,1788850800000,enter,78546.1,0.07585440056895941,0.0,4.766453866023634,1,0.0
E19,HEMI,BRK24,1788854400000,funding,0.008413,17996.436897589418,-0.2536214220855986,0.0,-1,-0.2536214220855986
E19,AAVE,BRK24,1788854400000,funding,131.06,9.496453283356203,0.1244605167316664,0.0,-1,0.1244605167316664
E19,1000PEPE,BRK24,1788854400000,funding,0.003607,374694.109087419,-0.13515216514783204,0.0,1,-0.13515216514783204
E19,WLD,BRK24,1788854400000,funding,0.4791,1712.5740427271157,-0.08204942238705612,0.0,1,-0.08204942238705612
E19,HYPE,BRK24,1788854400000,funding,84.08,20.07391424006345,0.16878147093045348,0.0,-1,0.16878147093045348
E19,BTC,BRK24,1788854400000,funding,78442.6,0.05270191776244434,0.12377421910091317,0.0,-1,0.12377421910091317
E20,HEMI,BRK24GATE,1788854400000,funding,0.008413,26439.727574186552,-0.3726116089023833,0.0,-1,-0.3726116089023833
E20,WLD,BRK24GATE,1788854400000,funding,0.4791,2199.4822039338237,-0.1053771923904695,0.0,1,-0.1053771923904695
E20,XPL,BRK24GATE,1788854400000,funding,0.09178,10404.631581231995,0.12608034353395814,0.0,1,0.12608034353395814
E20,BTC,BRK24GATE,1788854400000,funding,78442.6,0.05470694303734244,0.12848316420603711,0.0,-1,0.12848316420603711
E20,CL,BRK24GATE,1788854400000,funding,94.17,40.73918858507956,5.15939516687323,0.0,1,5.15939516687323
E21,AAVE,MR,1788854400000,funding,131.06,12.900583176054006,-0.1690750431053638,0.0,1,-0.1690750431053638
E21,HYPE,MR,1788854400000,funding,84.08,26.196704084782343,-0.22026188794484994,0.0,1,-0.22026188794484994
E21,LIT,MR,1788854400000,funding,4.6,224.94037559546447,-0.0379847814653037,0.0,-1,-0.0379847814653037
E21,BTR,MR,1788854400000,funding,0.04702,20286.57137728651,0.23330818502887724,0.0,-1,0.23330818502887724
E21,BTC,MR,1788854400000,funding,78442.6,0.07585440056895941,-0.17814947907799547,0.0,1,-0.17814947907799547
E21,SKHYNIX,MR,1788858000000,exit_signal,1338.85,2.220752882159928,105.26368661438079,3.2705804959078013,-1,0.0
E21,AKE,MR,1788858000000,enter,0.018649,20053.912623006836,0.0,0.41138395815709994,-1,0.0
E21,BTR,MR,1788858000000,stop,0.051656720311461575,20286.57137728651,-92.64309755856932,1.15273151808649,-1,0.0
E21,CL,MR,1788861600000,enter,94.02,53.15302423041466,0.0,5.497192071957945,-1,0.0
E19,HEMI,BRK24,1788865200000,exit,0.009215,17996.436897589418,107.87064276415099,0.18242088261241513,-1,0.0
E19,MOVR,BRK24,1788865200000,enter,0.891,1179.123011232295,0.0,1.1556584633087725,1,0.0
E20,HEMI,BRK24GATE,1788865200000,exit,0.009215,26439.727574186552,92.2482095063369,0.268006298555742,-1,0.0
E20,MOVR,BRK24GATE,1788865200000,enter,0.891,1221.7006249541053,0.0,1.1973887825175185,1,0.0
E19,MOVR,BRK24,1788868800000,funding,0.875,1179.123011232295,-0.05158663174141292,0.0,1,-0.05158663174141292
E20,XPL,BRK24GATE,1788868800000,funding,0.09507,10404.631581231995,-0.04945841622138629,0.0,1,-0.04945841622138629
E20,MOVR,BRK24GATE,1788868800000,funding,0.875,1221.7006249541053,-0.05344940234174211,0.0,1,-0.05344940234174211
E21,LIT,MR,1788868800000,funding,4.73,224.94037559546447,0.05319839882832736,0.0,-1,0.05319839882832736
E21,AKE,MR,1788868800000,funding,0.018824,20053.912623006836,0.06988562180552194,0.0,-1,0.06988562180552194
E19,1000PEPE,BRK24,1788876000000,exit,0.003562,374694.109087419,-40.841657890528566,1.4681264582263254,1,0.0
E19,ADA,BRK24,1788876000000,enter,0.2155,5590.709290123967,0.0,1.3252776372238864,-1,0.0
E21,CL,MR,1788876000000,exit_signal,92.34,53.15302423041466,89.29708070709623,5.3989652831801385,-1,0.0
E21,ENA,MR,1788876000000,enter,0.15949,7787.298567583912,0.0,1.366195873398354,1,0.0
E19,ADA,BRK24,1788883200000,exit,0.2217,5590.709290123967,-34.662397598768656,1.363406274582532,-1,0.0
E19,CL,BRK24,1788883200000,enter,91.83,28.827001134434607,0.0,2.911901865592643,-1,0.0
E19,AAVE,BRK24,1788883200000,funding,130.86,9.496453283356203,0.11444078418161874,0.0,-1,0.11444078418161874
E19,WLD,BRK24,1788883200000,funding,0.4869,1712.5740427271157,-0.08338523014038327,0.0,1,-0.08338523014038327
E19,HYPE,BRK24,1788883200000,funding,83.94,20.07391424006345,0.1685004361310926,0.0,-1,0.1685004361310926
E19,BTC,BRK24,1788883200000,funding,78871.7,0.05270191776244434,0.2397994372840554,0.0,-1,0.2397994372840554
E19,MOVR,BRK24,1788883200000,funding,0.877,1179.123011232295,-0.051704544042536146,0.0,1,-0.051704544042536146
E19,CL,BRK24,1788883200000,funding,92.03,28.827001134434607,-6.162614621731877,0.0,-1,-6.162614621731877
E20,CL,BRK24GATE,1788883200000,exit,92.1,40.73918858507956,-56.62747213326061,4.12728719555441,1,0.0
E20,ADA,BRK24GATE,1788883200000,enter,0.223,5445.22361627338,0.0,1.3357133530718603,1,0.0
E20,SKHYNIX,BRK24GATE,1788883200000,funding,1375.37,2.523357561830345,-2.8958965728271,0.0,1,-2.8958965728271
E20,WLD,BRK24GATE,1788883200000,funding,0.4869,2199.4822039338237,-0.10709278850953788,0.0,1,-0.10709278850953788
E20,XPL,BRK24GATE,1788883200000,funding,0.09683,10404.631581231995,-0.050374023800534705,0.0,1,-0.050374023800534705
E20,BTC,BRK24GATE,1788883200000,funding,78871.7,0.05470694303734244,0.2489225195754459,0.0,-1,0.2489225195754459
E20,MOVR,BRK24GATE,1788883200000,funding,0.877,1221.7006249541053,-0.053571572404237516,0.0,1,-0.053571572404237516
E20,ADA,BRK24GATE,1788883200000,funding,0.2292,5445.22361627338,-0.12480452528498587,0.0,1,-0.12480452528498587
E21,AAVE,MR,1788883200000,funding,130.86,12.900583176054006,-0.15546360425479297,0.0,1,-0.15546360425479297
E21,HYPE,MR,1788883200000,funding,83.94,26.196704084782343,-0.219895134087663,0.0,1,-0.219895134087663
E21,LIT,MR,1788883200000,funding,4.714,224.94037559546447,0.05301844652785098,0.0,-1,0.05301844652785098
E21,BTC,MR,1788883200000,funding,78871.7,0.07585440056895941,-0.3451457431577182,0.0,1,-0.3451457431577182
E21,AKE,MR,1788883200000,funding,0.019702,20053.912623006836,0.019755109324924035,0.0,-1,0.019755109324924035
E21,ENA,MR,1788883200000,funding,0.16312,7787.298567583912,0.18653828930325864,0.0,1,0.18653828930325864
E19,HYPE,BRK24,1788886800000,exit,84.57,20.07391424006345,-2.609608851208157,1.8674160200103824,-1,0.0
E19,ADA,BRK24,1788886800000,enter,0.2305,4836.311961696056,0.0,1.2262468978880352,1,0.0
E21,AAVE,MR,1788886800000,exit_timeout,130.86,12.900583176054006,4.644209943379618,1.8569873458602701,1,0.0
E21,BTC,MR,1788886800000,exit_signal,78871.7,0.07585440056895941,24.698192825252523,4.786212420283837,1,0.0
E21,1000PEPE,MR,1788886800000,enter,0.003672,483181.47972079995,0.0,1.9516666328882553,-1,0.0
E21,ADA,MR,1788886800000,enter,0.2292,7106.034245233768,0.0,1.7915733539083376,-1,0.0
E21,AKE,MR,1788894000000,exit_signal,0.016518,20053.912623006836,42.734887799627515,0.3643755815775097,-1,0.0
E21,HYPE,MR,1788894000000,exit_timeout,83.85,26.196704084782343,-29.340308574956342,2.4162530012598995,1,0.0
E21,LTC,MR,1788894000000,enter,54.17,34.62087675012161,0.0,2.062954182909497,1,0.0
E21,NVDA,MR,1788894000000,enter,225.95,25.265306959045862,0.0,6.279565718136054,1,0.0
E19,MOVR,BRK24,1788897600000,exit,0.846,1179.123011232295,-53.06053550545332,1.0972918742527737,1,0.0
E19,MU,BRK24,1788897600000,enter,1010.19,1.8403995658360373,0.0,2.0450685611530974,-1,0.0
E20,MOVR,BRK24GATE,1788897600000,exit,0.846,1221.7006249541053,-54.97652812293479,1.1369146015822904,1,0.0
E20,XAU,BRK24GATE,1788897600000,enter,4363.49,1.1056295831355034,0.0,5.306843992687531,-1,0.0
E20,XPL,BRK24GATE,1788897600000,funding,0.0999,10404.631581231995,-0.05197113474825382,0.0,1,-0.05197113474825382
E20,XAU,BRK24GATE,1788897600000,funding,4365.19,1.1056295831355034,0.6867800993610341,0.0,-1,0.6867800993610341
E21,1000PEPE,MR,1788897600000,exit_signal,0.003618,483181.47972079995,26.091799904923096,1.9229656529928398,-1,0.0
E21,ONG,MR,1788897600000,enter,0.09118,15974.515309600978,0.0,1.6022119365223588,1,0.0
E21,LIT,MR,1788897600000,funding,4.819,224.94037559546447,0.054199383499727166,0.0,-1,0.054199383499727166
E21,ENA,MR,1788897600000,funding,0.15956,7787.298567583912,-0.05662260974984891,0.0,1,-0.05662260974984891
E21,ONG,MR,1788897600000,funding,0.09148,15974.515309600978,10.82043924894451,0.0,1,10.82043924894451
E19,WLD,BRK24,1788901200000,exit,0.4611,1712.5740427271157,-12.84430532045338,0.8686346802116204,1,0.0
E19,HEMI,BRK24,1788901200000,enter,0.007975,40676.14617658497,0.0,0.3568314923340916,-1,0.0
E20,WLD,BRK24GATE,1788901200000,exit,0.4611,2199.4822039338237,52.34767645362498,1.1155993686572747,1,0.0
E21,LIT,MR,1788901200000,exit_timeout,4.819,224.94037559546447,-26.0930835690738,1.1923864369939976,-1,0.0
E21,FARTCOIN,MR,1788901200000,enter,0.16573,6184.056445357416,0.0,1.127372042157993,1,0.0
E20,XAG,BRK24GATE,1788908400000,enter,65.63,44.97759071485726,0.0,3.24706720647769,-1,0.0
E21,ADA,MR,1788908400000,exit_signal,0.219,7106.034245233768,72.48154930138435,1.7118436496768148,-1,0.0
E21,BTR,MR,1788908400000,enter,0.05289,13466.014486150614,0.0,0.7834392567897567,-1,0.0
E19,CL,BRK24,1788912000000,exit,93.66,28.827001134434607,-52.75341207601528,2.9699306188762598,-1,0.0
E19,AAVE,BRK24,1788912000000,funding,128.7,9.496453283356203,-0.02587383719031336,0.0,-1,-0.02587383719031336
E19,BTC,BRK24,1788912000000,funding,78425.6,0.05270191776244434,0.2214144269758809,0.0,-1,0.2214144269758809
E19,ADA,BRK24,1788912000000,funding,0.2192,4836.311961696056,0.08983453337899994,0.0,1,0.08983453337899994
E19,MU,BRK24,1788912000000,funding,1001.79,1.8403995658360373,0.07463272830526362,0.0,-1,0.07463272830526362
E19,HEMI,BRK24,1788912000000,funding,0.007714,40676.14617658497,-0.46606059654640203,0.0,-1,-0.46606059654640203
E20,SKHYNIX,BRK24GATE,1788912000000,funding,1344.78,2.523357561830345,0.3821602912686386,0.0,1,0.3821602912686386
E20,XPL,BRK24GATE,1788912000000,funding,0.09827,10404.631581231995,-0.05112315727438341,0.0,1,-0.05112315727438341
E20,BTC,BRK24GATE,1788912000000,funding,78425.6,0.05470694303734244,0.22983805824324396,0.0,-1,0.22983805824324396
E20,ADA,BRK24GATE,1788912000000,funding,0.2192,5445.22361627338,0.10114507223406698,0.0,1,0.10114507223406698
E20,XAU,BRK24GATE,1788912000000,funding,4355.02,1.1056295831355034,1.1647097709253347,0.0,-1,1.1647097709253347
E20,XAG,BRK24GATE,1788912000000,funding,65.69,44.97759071485726,0.6114794492328451,0.0,-1,0.6114794492328451
E21,ENA,MR,1788912000000,funding,0.15913,7787.298567583912,-0.06195964105298139,0.0,1,-0.06195964105298139
E21,LTC,MR,1788912000000,funding,54.26,34.62087675012161,-0.12828472987140255,0.0,1,-0.12828472987140255
E21,NVDA,MR,1788912000000,funding,225.51,25.265306959045862,-0.9095615709994688,0.0,1,-0.9095615709994688
E21,ONG,MR,1788912000000,funding,0.09321,15974.515309600978,9.853057608347923,0.0,1,9.853057608347923
E21,FARTCOIN,MR,1788912000000,funding,0.16568,6184.056445357416,-0.05122872359334084,0.0,1,-0.05122872359334084
E21,BTR,MR,1788912000000,funding,0.0512,13466.014486150614,0.03447299708454558,0.0,-1,0.03447299708454558
E19,1000PEPE,BRK24,1788915600000,enter,0.003695,334857.88969554025,0.0,1.3610298926675233,1,0.0
E19,ADA,BRK24,1788922800000,exit,0.2178,4836.311961696056,-61.42116191353999,1.158683619783141,1,0.0
E19,HYPE,BRK24,1788922800000,enter,85.81,19.96246200820651,0.0,1.884276751416621,1,0.0
E20,ADA,BRK24GATE,1788922800000,exit,0.2178,5445.22361627338,-28.31516280462163,1.3045666739867765,1,0.0
E20,XAG,BRK24GATE,1788922800000,exit,66.65,44.97759071485726,-45.87714252915486,3.29753206325976,-1,0.0
E21,ONG,MR,1788922800000,exit_signal,0.0935,15974.515309600978,37.06087551827431,1.6429788995924606,1,0.0
E21,HEMI,MR,1788922800000,enter,0.007288,61462.76939221337,0.0,0.4927347296634962,1,0.0
E19,HEMI,BRK24,1788926400000,funding,0.007496,40676.14617658497,0.015245419586984046,0.0,-1,0.015245419586984046
E20,XPL,BRK24GATE,1788926400000,funding,0.09703,10404.631581231995,-0.05047807011634703,0.0,1,-0.05047807011634703
E20,XAU,BRK24GATE,1788926400000,funding,4378.9,1.1056295831355034,0.03074315277310955,0.0,-1,0.03074315277310955
E21,ENA,MR,1788926400000,funding,0.15924,7787.298567583912,-0.06200247119510311,0.0,1,-0.06200247119510311
E21,FARTCOIN,MR,1788926400000,funding,0.16434,6184.056445357416,-0.050814391811501894,0.0,1,-0.050814391811501894
E21,BTR,MR,1788926400000,funding,0.05176,13466.014486150614,0.03485004549015779,0.0,-1,0.03485004549015779
E21,HEMI,MR,1788926400000,funding,0.007496,61462.76939221337,-0.02303624596820157,0.0,1,-0.02303624596820157
E19,BTC,BRK24,1788930000000,exit,78955.0,0.05270191776244434,-23.34694956876284,3.328863933547034,-1,0.0
E19,ETH,BRK24,1788930000000,enter,2507.66,1.0573660861644216,0.0,2.121211711704859,1,0.0
E20,BTC,BRK24GATE,1788930000000,exit,78955.0,0.05470694303734244,-24.235175765542703,3.4555093500106984,-1,0.0
E20,BTC,BRK24GATE,1788933600000,enter,79204.8,0.04790209460251903,0.0,3.0352606580588795,1,0.0
E20,LIT,BRK24GATE,1788933600000,enter,5.15,137.26989452033797,0.0,0.7776339524577146,1,0.0
E21,ENA,MR,1788933600000,exit_signal,0.16301,7787.298567583912,27.411290957895332,1.3963482934520388,1,0.0
E21,1000PEPE,MR,1788933600000,enter,0.003721,472402.3925206577,0.0,1.9335902328263042,-1,0.0
E20,XAU,BRK24GATE,1788937200000,exit,4406.85,1.1056295831355034,-47.94009872475607,5.359578101284764,-1,0.0
E20,ENA,BRK24GATE,1788937200000,enter,0.16534,6331.065949144334,0.0,1.1514562884346764,1,0.0
E19,AAVE,BRK24,1788940800000,exit,130.13,9.496453283356203,18.802977501045454,1.359350812339457,-1,0.0
E19,BTC,BRK24,1788940800000,enter,79357.0,0.04412920571844748,0.0,2.8015691025590694,1,0.0
E19,MU,BRK24,1788940800000,funding,1008.88,1.8403995658360373,0.2914528410255444,0.0,-1,0.2914528410255444
E19,HEMI,BRK24,1788940800000,funding,0.007475,40676.14617658497,-0.02345474042256169,0.0,-1,-0.02345474042256169
E19,1000PEPE,BRK24,1788940800000,funding,0.00371,334857.88969554025,-0.09764656978255772,0.0,1,-0.09764656978255772
E19,HYPE,BRK24,1788940800000,funding,86.86,19.96246200820651,-0.053890838107019966,0.0,1,-0.053890838107019966
E19,ETH,BRK24,1788940800000,funding,2509.6,1.0573660861644216,-0.15589699837799617,0.0,1,-0.15589699837799617
E19,BTC,BRK24,1788940800000,funding,79245.9,0.04412920571844748,-0.24122710384513377,0.0,1,-0.24122710384513377
E20,NEAR,BRK24GATE,1788940800000,enter,2.444,304.5453413783738,0.0,0.8187396957616201,1,0.0
E20,SKHYNIX,BRK24GATE,1788940800000,funding,1388.15,2.523357561830345,1.704216699898741,0.0,1,1.704216699898741
E20,XPL,BRK24GATE,1788940800000,funding,0.09741,10404.631581231995,-0.05067575811639043,0.0,1,-0.05067575811639043
E20,BTC,BRK24GATE,1788940800000,funding,79245.9,0.04790209460251903,-0.26185115641568835,0.0,1,-0.26185115641568835
E20,LIT,BRK24GATE,1788940800000,funding,5.293,137.26989452033797,-0.03632847758480744,0.0,1,-0.03632847758480744
E20,ENA,BRK24GATE,1788940800000,funding,0.16699,6331.065949144334,0.07158468462981182,0.0,1,0.07158468462981182
E20,NEAR,BRK24GATE,1788940800000,funding,2.435,304.5453413783738,-0.07415679062563403,0.0,1,-0.07415679062563403
E21,FARTCOIN,MR,1788940800000,exit_signal,0.16947,6184.056445357416,23.128371105636866,1.1528132503741937,1,0.0
E21,BTC,MR,1788940800000,enter,79123.4,0.06665433582417694,0.0,4.219134140120546,-1,0.0
E21,LTC,MR,1788940800000,funding,54.39,34.62087675012161,-0.10558146330464113,0.0,1,-0.10558146330464113
E21,NVDA,MR,1788940800000,funding,226.43,25.265306959045862,-0.8881006331133338,0.0,1,-0.8881006331133338
E21,BTR,MR,1788940800000,funding,0.0531,13466.014486150614,0.03575226846072988,0.0,-1,0.03575226846072988
E21,HEMI,MR,1788940800000,funding,0.007475,61462.76939221337,0.035440754281092154,0.0,1,0.035440754281092154
E21,1000PEPE,MR,1788940800000,funding,0.00371,472402.3925206577,0.13775537207337893,0.0,-1,0.13775537207337893
E21,BTC,MR,1788940800000,funding,79245.9,0.06665433582417694,0.36435807370232504,0.0,-1,0.36435807370232504
E20,XPL,BRK24GATE,1788948000000,exit,0.09605,10404.631581231995,42.03471158817728,1.0993013497150665,1,0.0
E20,NVDA,BRK24GATE,1788948000000,enter,225.16,23.213618908460777,0.0,5.749456276771931,-1,0.0
E21,LTC,MR,1788948000000,exit_signal,54.68,34.62087675012161,17.65664714256195,2.0823764947663146,1,0.0
E21,DOGE,MR,1788948000000,enter,0.09139,25589.668018823217,0.0,2.5725037362642795,-1,0.0
E21,1000PEPE,MR,1788951600000,exit_signal,0.003653,472402.3925206577,32.12336269140469,1.8982545338657588,-1,0.0
E21,CL,MR,1788951600000,enter,94.35,41.8404998144012,0.0,4.342416273237628,-1,0.0
E19,HEMI,BRK24,1788955200000,funding,0.007544,40676.14617658497,0.0005676925664988904,0.0,-1,0.0005676925664988904
E20,LIT,BRK24GATE,1788955200000,funding,5.158,137.26989452033797,-0.03540190579679517,0.0,1,-0.03540190579679517
E20,ENA,BRK24GATE,1788955200000,funding,0.1643,6331.065949144334,-0.05200970677222071,0.0,1,-0.05200970677222071
E21,BTR,MR,1788955200000,funding,0.0533,13466.014486150614,0.22294395526937597,0.0,-1,0.22294395526937597
E21,HEMI,MR,1788955200000,funding,0.007544,61462.76939221337,-0.0008577989947454867,0.0,1,-0.0008577989947454867
E19,MU,BRK24,1788962400000,exit,1012.89,1.8403995658360373,-4.969078827757175,2.0505345478636303,-1,0.0
E19,CL,BRK24,1788962400000,enter,94.78,27.17295542829296,0.0,2.8329979870429676,1,0.0
E19,1000PEPE,BRK24,1788969600000,exit,0.003629,334857.88969554025,-22.100620719905685,1.336719209875627,1,0.0
E19,BTC,BRK24,1788969600000,exit,78521.0,0.04412920571844748,-36.89201598062209,2.7720554897745715,1,0.0
E19,ETH,BRK24,1788969600000,exit,2480.8,1.0573660861644216,-28.40085307437602,2.0984910292453582,1,0.0
E19,HYPE,BRK24,1788969600000,exit,85.01,19.96246200820651,-15.969969606565153,1.8667097848493994,1,0.0
E19,AAVE,BRK24,1788969600000,enter,127.78,10.988114798741437,0.0,1.544467439881499,-1,0.0
E19,ADA,BRK24,1788969600000,enter,0.2157,5088.225736581037,0.0,1.207283320518583,-1,0.0
E19,BTR,BRK24,1788969600000,enter,0.05507,8913.674389821208,0.0,0.5399636535121994,1,0.0
E19,DOGE,BRK24,1788969600000,enter,0.08908,15639.65768133056,0.0,1.5324987768782192,-1,0.0
E19,HEMI,BRK24,1788969600000,funding,0.007481,40676.14617658497,-0.130623066600559,0.0,-1,-0.130623066600559
E19,CL,BRK24,1788969600000,funding,95.38,27.17295542829296,8.688267524543916,0.0,1,8.688267524543916
E19,AAVE,BRK24,1788969600000,funding,128.76,10.988114798741437,-0.010781002020522918,0.0,-1,-0.010781002020522918
E19,ADA,BRK24,1788969600000,funding,0.2154,5088.225736581037,0.034732361171771316,0.0,-1,0.034732361171771316
E19,BTR,BRK24,1788969600000,funding,0.05367,8913.674389821208,-0.023919845225085216,0.0,1,-0.023919845225085216
E19,DOGE,BRK24,1788969600000,funding,0.08887,15639.65768133056,0.05638809606113358,0.0,-1,0.05638809606113358
E20,BTC,BRK24GATE,1788969600000,exit,78521.0,0.04790209460251903,-32.75545228920265,3.0090562962275174,1,0.0
E20,ENA,BRK24GATE,1788969600000,exit,0.15881,6331.065949144334,-41.34186064791238,1.105980241721973,1,0.0
E20,LIT,BRK24GATE,1788969600000,exit,4.853,137.26989452033797,-40.769158672540456,0.7327878779179201,1,0.0
E20,CL,BRK24GATE,1788969600000,enter,95.22,27.864687251860364,0.0,2.9186030721343585,1,0.0
E20,FARTCOIN,BRK24GATE,1788969600000,enter,0.16321,4972.948979287899,0.0,0.8927985032005359,-1,0.0
E20,PENGU,BRK24GATE,1788969600000,enter,0.007997,135988.47053280217,0.0,1.196249778735901,-1,0.0
E20,SKHYNIX,BRK24GATE,1788969600000,funding,1406.47,2.523357561830345,-3.6511322084338667,0.0,1,-3.6511322084338667
E20,NEAR,BRK24GATE,1788969600000,funding,2.59,304.5453413783738,-0.07887724341699881,0.0,1,-0.07887724341699881
E20,CL,BRK24GATE,1788969600000,funding,95.38,27.864687251860364,8.909441520661264,0.0,1,8.909441520661264
E20,FARTCOIN,BRK24GATE,1788969600000,funding,0.15792,4972.948979287899,0.039266405140457254,0.0,-1,0.039266405140457254
E20,PENGU,BRK24GATE,1788969600000,funding,0.007899,135988.47053280217,0.04213980399441545,0.0,-1,0.04213980399441545
E21,DOGE,MR,1788969600000,exit_signal,0.08976,25589.668018823217,41.71115887068165,2.526621461506529,-1,0.0
E21,LINK,MR,1788969600000,enter,12.064,158.15165534525696,0.0,2.0987357270936977,1,0.0
E21,BTR,MR,1788969600000,funding,0.05367,13466.014486150614,0.03613604987358518,0.0,-1,0.03613604987358518
E21,HEMI,MR,1788969600000,funding,0.007481,61462.76939221337,0.1973750262603646,0.0,1,0.1973750262603646
E21,BTC,MR,1788969600000,funding,78571.9,0.06665433582417694,0.40713664806727917,0.0,-1,0.40713664806727917
E21,CL,MR,1788969600000,funding,95.38,41.8404998144012,-13.378061017597028,0.0,-1,-13.378061017597028
E21,LINK,MR,1788969600000,funding,11.993,158.15165534525696,-0.07643752594299336,0.0,1,-0.07643752594299336
E21,BTC,MR,1788973200000,exit_signal,78571.9,0.06665433582417694,36.75986620703358,4.189726247154918,-1,0.0
E21,1000PEPE,MR,1788973200000,enter,0.003587,441170.3443514033,0.0,1.740725827707332,1,0.0
E21,NVDA,MR,1788980400000,exit_timeout,224.34,25.265306959045862,-40.67714420406347,6.234820859511584,1,0.0
E21,FARTCOIN,MR,1788980400000,enter,0.16071,6593.820330567221,0.0,1.165662151858004,1,0.0
E19,HEMI,BRK24,1788984000000,funding,0.007044,40676.14617658497,-0.10235166520963457,0.0,-1,-0.10235166520963457
E19,BTR,BRK24,1788984000000,funding,0.05692,8913.674389821208,-0.02536831731343116,0.0,1,-0.02536831731343116
E20,FARTCOIN,BRK24GATE,1788984000000,funding,0.15194,4972.948979287899,0.03777949339565017,0.0,-1,0.03777949339565017
E20,PENGU,BRK24GATE,1788984000000,funding,0.007703,135988.47053280217,-0.00472431154019893,0.0,-1,-0.00472431154019893
E21,BTR,MR,1788984000000,funding,0.05692,13466.014486150614,0.03832427722758465,0.0,-1,0.03832427722758465
E21,HEMI,MR,1788984000000,funding,0.007044,61462.76939221337,0.1546561655172258,0.0,1,0.1546561655172258
E21,FARTCOIN,MR,1788984000000,funding,0.15194,6593.820330567221,-0.05009325305131918,0.0,1,-0.05009325305131918
E19,BTR,BRK24,1788994800000,exit,0.052,8913.674389821208,-27.364980376751138,0.5098621750977731,1,0.0
E19,1000PEPE,BRK24,1788994800000,enter,0.003467,280380.4574202252,0.0,1.069286950463513,-1,0.0
E20,NEAR,BRK24GATE,1788994800000,exit,2.424,304.5453413783738,-6.090906827567482,0.8120396982512958,1,0.0
E20,ADA,BRK24GATE,1788994800000,enter,0.211,5030.126994560837,0.0,1.1674924754375704,-1,0.0
E21,BTR,MR,1788994800000,exit_timeout,0.05493,13466.014486150614,-27.470669551747253,0.8136569932966786,-1,0.0
E21,AAVE,MR,1788994800000,enter,125.36,15.810641437918273,0.0,2.1802242117231785,1,0.0
E21,FARTCOIN,MR,1788994800000,stop,0.1461046164946063,6593.820330567221,-96.30527469359612,1.0597263496950482,1,0.0
E19,HEMI,BRK24,1788998400000,funding,0.006601,40676.14617658497,-0.01580141572764986,0.0,-1,-0.01580141572764986
E19,CL,BRK24,1788998400000,funding,95.48,27.17295542829296,5.618488648314441,0.0,1,5.618488648314441
E19,AAVE,BRK24,1788998400000,funding,125.71,10.988114798741437,0.02054016760177132,0.0,-1,0.02054016760177132
E19,ADA,BRK24,1788998400000,funding,0.2118,5088.225736581037,-0.03780523228215586,0.0,-1,-0.03780523228215586
E19,DOGE,BRK24,1788998400000,funding,0.08611,15639.65768133056,-0.12112497920916736,0.0,-1,-0.12112497920916736
E19,1000PEPE,BRK24,1788998400000,funding,0.003474,280380.4574202252,-0.05304631147638038,0.0,-1,-0.05304631147638038
E20,CL,BRK24GATE,1788998400000,funding,95.48,27.864687251860364,5.761516424908246,0.0,1,5.761516424908246
E20,FARTCOIN,BRK24GATE,1788998400000,funding,0.1453,4972.948979287899,0.036128474334526595,0.0,-1,0.036128474334526595
E20,PENGU,BRK24GATE,1788998400000,funding,0.007671,135988.47053280217,0.05215837787285627,0.0,-1,0.05215837787285627
E20,ADA,BRK24GATE,1788998400000,funding,0.2118,5030.126994560837,-0.03737356188247533,0.0,-1,-0.03737356188247533
E21,ADA,MR,1788998400000,enter,0.2097,7139.356269268248,0.0,1.6468353106321068,1,0.0
E21,HEMI,MR,1788998400000,funding,0.006601,61462.76939221337,0.02387637134360833,0.0,1,0.02387637134360833
E21,CL,MR,1788998400000,funding,95.48,41.8404998144012,-8.651262608050567,0.0,-1,-8.651262608050567
E21,LINK,MR,1788998400000,funding,11.794,158.15165534525696,-0.00020517646854561567,0.0,1,-0.00020517646854561567
E21,1000PEPE,MR,1788998400000,funding,0.003474,441170.3443514033,0.08346679977603316,0.0,1,0.08346679977603316
E21,AAVE,MR,1788998400000,funding,125.71,15.810641437918273,-0.0295549537818397,0.0,1,-0.0295549537818397
E21,ADA,MR,1788998400000,funding,0.2118,7139.356269268248,0.053045017276712,0.0,1,0.053045017276712
E20,SKHYNIX,BRK24GATE,1789002000000,exit,1369.09,2.523357561830345,161.9995554695077,3.800173964758938,1,0.0
E20,BTR,BRK24GATE,1789002000000,enter,0.06291,6032.402495653773,0.0,0.41744828510173676,1,0.0
E21,HEMI,MR,1789009200000,exit_timeout,0.00697,61462.76939221337,-19.545160666723888,0.4712350529300999,1,0.0
E21,BTR,MR,1789009200000,enter,0.06132,7388.479785701736,0.0,0.4983677385051535,-1,0.0
E19,HEMI,BRK24,1789012800000,funding,0.006654,40676.14617658497,0.013532953832949819,0.0,-1,0.013532953832949819
E20,FARTCOIN,BRK24GATE,1789012800000,funding,0.14443,4972.948979287899,0.03591215105392757,0.0,-1,0.03591215105392757
E20,PENGU,BRK24GATE,1789012800000,funding,0.007568,135988.47053280217,0.005742716957056737,0.0,-1,0.005742716957056737
E20,BTR,BRK24GATE,1789012800000,funding,0.06969,6032.402495653773,-0.021019906496105575,0.0,1,-0.021019906496105575
E21,BTR,MR,1789012800000,funding,0.06969,7388.479785701736,0.0257451578132777,0.0,-1,0.0257451578132777
E21,CL,MR,1789016400000,exit_signal,94.42,41.8404998144012,-2.928834987008393,4.345637991723337,-1,0.0
E21,ONG,MR,1789016400000,enter,0.07908,11676.308438863129,0.0,1.0156987184798258,1,0.0
E19,CL,BRK24,1789020000000,exit,93.75,27.17295542829296,-27.988144091141777,2.8022110285427115,1,0.0
E20,CL,BRK24GATE,1789020000000,exit,93.75,27.864687251860364,-40.961090260234705,2.8735458728481,1,0.0
E19,HEMI,BRK24,1789023600000,exit,0.007316,40676.14617658497,26.805580330369487,0.32734535397068515,-1,0.0
E19,XAU,BRK24,1789023600000,enter,4438.33,0.9972821309410158,0.0,4.868893920241383,1,0.0
E20,XAU,BRK24GATE,1789023600000,enter,4438.33,1.0598524998743082,0.0,5.1743726603438525,1,0.0
E21,BTR,MR,1789023600000,exit_signal,0.05287,7388.479785701736,62.43265418917966,0.4296918188970559,-1,0.0
E21,XAU,MR,1789023600000,enter,4435.78,1.520125529598558,0.0,7.417236663850962,-1,0.0
E19,LIT,BRK24,1789027200000,enter,4.492,134.56170067081814,0.0,0.6648962753546466,-1,0.0
E19,AAVE,BRK24,1789027200000,funding,124.05,10.988114798741437,0.034894736404067206,0.0,-1,0.034894736404067206
E19,ADA,BRK24,1789027200000,funding,0.2134,5088.225736581037,0.011390329134235266,0.0,-1,0.011390329134235266
E19,DOGE,BRK24,1789027200000,funding,0.08531,15639.65768133056,-0.02781847025316136,0.0,-1,-0.02781847025316136
E19,1000PEPE,BRK24,1789027200000,funding,0.003437,280380.4574202252,0.02704051375822199,0.0,-1,0.02704051375822199
E19,LIT,BRK24,1789027200000,funding,4.481,134.56170067081814,0.030148549035296804,0.0,-1,0.030148549035296804
E20,FARTCOIN,BRK24GATE,1789027200000,funding,0.14319,4972.948979287899,0.03560382821721172,0.0,-1,0.03560382821721172
E20,PENGU,BRK24GATE,1789027200000,funding,0.007581,135988.47053280217,0.051546429755458666,0.0,-1,0.051546429755458666
E20,ADA,BRK24GATE,1789027200000,funding,0.2134,5030.126994560837,0.011260271265706076,0.0,-1,0.011260271265706076
E20,BTR,BRK24GATE,1789027200000,funding,0.05312,6032.402495653773,-0.016022061028456422,0.0,1,-0.016022061028456422
E21,LINK,MR,1789027200000,funding,11.775,158.15165534525696,-0.10190153978529873,0.0,1,-0.10190153978529873
E21,1000PEPE,MR,1789027200000,funding,0.003437,441170.3443514033,-0.04254744740741379,0.0,1,-0.04254744740741379
E21,AAVE,MR,1789027200000,funding,124.05,15.810641437918273,-0.050209537801568296,0.0,1,-0.050209537801568296
E21,ADA,MR,1789027200000,funding,0.2134,7139.356269268248,-0.015981920206270744,0.0,1,-0.015981920206270744
E21,ONG,MR,1789027200000,funding,0.07999,11676.308438863129,1.4308881609800224,0.0,1,1.4308881609800224
E19,ADA,BRK24,1789034400000,exit,0.2149,5088.225736581037,4.0705805892648055,1.2028056818703916,-1,0.0
E19,NEAR,BRK24,1789034400000,enter,2.386,262.39478972874036,0.0,0.688681365122052,-1,0.0
E20,ADA,BRK24GATE,1789034400000,exit,0.2149,5030.126994560837,-19.617495278787338,1.1890717202442365,-1,0.0
E21,XAU,MR,1789034400000,exit_signal,4400.84,1.520125529598558,53.11318600417301,7.358812159246371,-1,0.0
E19,XAU,BRK24,1789038000000,exit,4394.28,0.9972821309410158,-43.93027786795193,4.820570614586636,1,0.0
E19,FARTCOIN,BRK24,1789038000000,enter,0.14131,4621.909948355381,0.0,0.7184343042823087,-1,0.0
E20,XAU,BRK24GATE,1789038000000,exit,4394.28,1.0598524998743082,-46.68650261946347,5.123017507462443,1,0.0
E19,LIT,BRK24,1789041600000,funding,4.456,134.56170067081814,0.029980346909458284,0.0,-1,0.029980346909458284
E19,FARTCOIN,BRK24,1789041600000,funding,0.14039,4621.909948355381,0.03244349688248059,0.0,-1,0.03244349688248059
E20,AAVE,BRK24GATE,1789041600000,enter,122.7,11.933933441639935,0.0,1.610722996618142,-1,0.0
E20,CL,BRK24GATE,1789041600000,enter,96.05,26.65182854138914,0.0,2.81589894454047,1,0.0
E20,FARTCOIN,BRK24GATE,1789041600000,funding,0.14039,4972.948979287899,0.03490761536011141,0.0,-1,0.03490761536011141
E20,PENGU,BRK24GATE,1789041600000,funding,0.00757,135988.47053280217,0.05147163609666562,0.0,-1,0.05147163609666562
E20,BTR,BRK24GATE,1789041600000,funding,0.0528,6032.402495653773,-0.01592554258852596,0.0,1,-0.01592554258852596
E21,XAG,MR,1789041600000,enter,65.84,52.2195302439932,0.0,3.781947258390964,1,0.0
E21,ONG,MR,1789041600000,funding,0.07926,11676.308438863129,0.9626863772643733,0.0,1,0.9626863772643733
E21,XAG,MR,1789041600000,funding,65.67,52.2195302439932,-0.14409736027818984,0.0,1,-0.14409736027818984
E20,BTR,BRK24GATE,1789045200000,exit,0.05027,6032.402495653773,-76.24956754506364,0.3335737608021667,1,0.0
E20,ADA,BRK24GATE,1789045200000,enter,0.2079,5490.751835665245,0.0,1.255680037298285,-1,0.0
E21,1000PEPE,MR,1789045200000,stop,0.0033676022031131543,441170.3443514033,-96.79180160250894,1.6342548459445723,1,0.0
E21,AKE,MR,1789048800000,enter,0.016054,35883.998124491234,0.0,0.6336898764796406,-1,0.0
E19,AAVE,BRK24,1789056000000,funding,122.12,10.988114798741437,-0.003971930994498021,0.0,-1,-0.003971930994498021
E19,DOGE,BRK24,1789056000000,funding,0.08366,15639.65768133056,-0.09936094105743148,0.0,-1,-0.09936094105743148
E19,1000PEPE,BRK24,1789056000000,funding,0.003277,280380.4574202252,-0.012578464530245607,0.0,-1,-0.012578464530245607
E19,LIT,BRK24,1789056000000,funding,4.579,134.56170067081814,0.03080790136858381,0.0,-1,0.03080790136858381
E19,NEAR,BRK24,1789056000000,funding,2.472,262.39478972874036,0.06486399202094462,0.0,-1,0.06486399202094462
E19,FARTCOIN,BRK24,1789056000000,funding,0.13938,4621.909948355381,0.03221009043008865,0.0,-1,0.03221009043008865
E20,FARTCOIN,BRK24GATE,1789056000000,funding,0.13938,4972.948979287899,0.03465648143665737,0.0,-1,0.03465648143665737
E20,PENGU,BRK24GATE,1789056000000,funding,0.007487,135988.47053280217,-0.030086204810877107,0.0,-1,-0.030086204810877107
E20,AAVE,BRK24GATE,1789056000000,funding,122.12,11.933933441639935,-0.004313820977603484,0.0,-1,-0.004313820977603484
E20,CL,BRK24GATE,1789056000000,funding,99.47,26.65182854138914,9.531505679776664,0.0,1,9.531505679776664
E20,ADA,BRK24GATE,1789056000000,funding,0.2095,5490.751835665245,-0.026629734596588763,0.0,-1,-0.026629734596588763
E21,LINK,MR,1789056000000,exit_timeout,11.655,158.15165534525696,-64.68402703621021,2.0275832973538668,1,0.0
E21,1000PEPE,MR,1789056000000,enter,0.003311,446835.7252469566,0.0,1.6274203949219408,1,0.0
E21,AAVE,MR,1789056000000,funding,122.12,15.810641437918273,0.005715154775899796,0.0,1,0.005715154775899796
E21,ADA,MR,1789056000000,funding,0.2095,7139.356269268248,0.0346253424542308,0.0,1,0.0346253424542308
E21,ONG,MR,1789056000000,funding,0.08002,11676.308438863129,0.938066210700926,0.0,1,0.938066210700926
E21,XAG,MR,1789056000000,funding,64.44,52.2195302439932,-0.41349445987404854,0.0,1,-0.41349445987404854
E21,AKE,MR,1789056000000,funding,0.015687,35883.998124491234,0.0281456139289447,0.0,-1,0.0281456139289447
E21,1000PEPE,MR,1789056000000,funding,0.003277,446835.7252469566,0.02004600239467325,0.0,1,0.02004600239467325
E19,NEAR,BRK24,1789066800000,exit,2.518,262.39478972874036,-34.63611224419364,0.7267810885906651,-1,0.0
E19,CL,BRK24,1789066800000,enter,99.7,18.90193633078515,0.0,2.072975357397208,1,0.0
E21,XAG,MR,1789066800000,stop,64.00844602291178,52.2195302439932,-95.64288830006431,3.676740081260893,1,0.0
E19,LIT,BRK24,1789070400000,funding,4.521,134.56170067081814,0.03041767243663844,0.0,-1,0.03041767243663844
E19,FARTCOIN,BRK24,1789070400000,funding,0.13958,4621.909948355381,0.03225630952957221,0.0,-1,0.03225630952957221
E20,FARTCOIN,BRK24GATE,1789070400000,funding,0.13958,4972.948979287899,0.03470621092645025,0.0,-1,0.03470621092645025
E20,PENGU,BRK24GATE,1789070400000,funding,0.007402,135988.47053280217,0.05032933294419008,0.0,-1,0.05032933294419008
E21,AKE,MR,1789070400000,exit_signal,0.015534,35883.998124491234,18.65967902473543,0.6131642295524314,-1,0.0
E21,CL,MR,1789070400000,enter,99.34,27.351496268955174,0.0,2.988807403293808,-1,0.0
E21,KORU,MR,1789070400000,enter,21.45,44.83681960886225,0.0,1.0579247586711047,1,0.0
E21,ONG,MR,1789070400000,funding,0.07915,11676.308438863129,-0.046208990646800834,0.0,1,-0.046208990646800834
E21,CL,MR,1789077600000,stop,102.74503005517863,27.351496268955174,-93.13266684989847,3.091253336828696,-1,0.0
E19,LIT,BRK24,1789081200000,exit,4.642,134.56170067081814,-20.184255100622767,0.6870989559653317,-1,0.0
E19,MU,BRK24,1789081200000,enter,974.43,1.9995573436940568,0.0,2.1432715286573796,-1,0.0
E21,AAVE,MR,1789081200000,exit_timeout,122.67,15.810641437918273,-42.53062546800012,2.1334405237083782,1,0.0
E21,ONG,MR,1789081200000,exit_signal,0.0809,11676.308438863129,21.25088135873092,1.03907468797443,1,0.0
E21,XPL,MR,1789081200000,enter,0.08494,12175.004932916754,0.0,1.137559410902144,1,0.0
E19,AAVE,BRK24,1789084800000,funding,120.52,10.988114798741437,0.09575923603380963,0.0,-1,0.09575923603380963
E19,DOGE,BRK24,1789084800000,funding,0.08285,15639.65768133056,0.02227386753266069,0.0,-1,0.02227386753266069
E19,1000PEPE,BRK24,1789084800000,funding,0.003231,280380.4574202252,0.0847206338011224,0.0,-1,0.0847206338011224
E19,FARTCOIN,BRK24,1789084800000,funding,0.13805,4621.909948355381,0.03190273341852302,0.0,-1,0.03190273341852302
E19,CL,BRK24,1789084800000,funding,101.45,18.90193633078515,5.286865524199045,0.0,1,5.286865524199045
E20,FARTCOIN,BRK24GATE,1789084800000,funding,0.13805,4972.948979287899,0.034325780329534726,0.0,-1,0.034325780329534726
E20,PENGU,BRK24GATE,1789084800000,funding,0.007343,135988.47053280217,-0.07568111547208414,0.0,-1,-0.07568111547208414
E20,AAVE,BRK24GATE,1789084800000,funding,120.52,11.933933441639935,0.10400185747792383,0.0,-1,0.10400185747792383
E20,CL,BRK24GATE,1789084800000,funding,101.45,26.65182854138914,7.45450788778958,0.0,1,7.45450788778958
E20,ADA,BRK24GATE,1789084800000,funding,0.2045,5490.751835665245,-0.02249086077038266,0.0,-1,-0.02249086077038266
E21,ADA,MR,1789084800000,exit_timeout,0.2063,7139.356269268248,-24.273811315511946,1.6201341181850437,1,0.0
E21,ENA,MR,1789084800000,enter,0.14394,8276.076230308423,0.0,1.3103842538496542,1,0.0
E21,LINK,MR,1789084800000,enter,11.509,174.29866054150432,0.0,2.2066036125893906,1,0.0
E21,PUMPFUN,MR,1789084800000,enter,0.003719,189281.82556391312,0.0,0.7743330201994123,1,0.0
E21,1000PEPE,MR,1789084800000,funding,0.003231,446835.7252469566,-0.13501727686808315,0.0,1,-0.13501727686808315
E21,XPL,MR,1789084800000,funding,0.08402,12175.004932916754,-0.003682598092069196,0.0,1,-0.003682598092069196
E21,ENA,MR,1789084800000,funding,0.14283,8276.076230308423,-0.05910359839874761,0.0,1,-0.05910359839874761
E21,LINK,MR,1789084800000,funding,11.448,174.29866054150432,0.04260117225651967,0.0,1,0.04260117225651967
E21,PUMPFUN,MR,1789084800000,funding,0.003649,189281.82556391312,-0.03453446907413595,0.0,1,-0.03453446907413595
E19,FARTCOIN,BRK24,1789099200000,funding,0.14014,4621.909948355381,0.03238572300812615,0.0,-1,0.03238572300812615
E20,FARTCOIN,BRK24GATE,1789099200000,funding,0.14014,4972.948979287899,0.034845453497870306,0.0,-1,0.034845453497870306
E20,PENGU,BRK24GATE,1789099200000,funding,0.007443,135988.47053280217,0.025283811410667652,0.0,-1,0.025283811410667652
E21,XPL,MR,1789099200000,funding,0.08485,12175.004932916754,-0.05165245842789933,0.0,1,-0.05165245842789933
E21,ENA,MR,1789099200000,funding,0.14591,8276.076230308423,-0.04865268437257374,0.0,1,-0.04865268437257374
E21,PUMPFUN,MR,1789099200000,funding,0.003664,189281.82556391312,-0.034676430443308884,0.0,1,-0.034676430443308884
E20,PENGU,BRK24GATE,1789102800000,exit,0.007498,135988.47053280217,67.85824679586833,1.1216057072604457,-1,0.0
E20,AKE,BRK24GATE,1789102800000,enter,0.0139,29889.609074540043,0.0,0.45701212274971725,-1,0.0
E19,CL,BRK24,1789106400000,exit,98.7,18.90193633078515,-18.90193633078515,2.052183227433344,1,0.0
E19,MU,BRK24,1789106400000,exit,985.56,1.9995573436940568,-22.255073235314843,2.1677521092162264,-1,0.0
E19,AKE,BRK24,1789106400000,enter,0.013248,25987.656118229163,0.0,0.37871291507973,-1,0.0
E19,UNI,BRK24,1789106400000,enter,6.185,143.88998234424503,0.0,0.9789554948790711,1,0.0
E20,CL,BRK24GATE,1789106400000,exit,98.7,26.65182854138914,70.62734563468138,2.893589024738619,1,0.0
E21,XPL,MR,1789106400000,exit_signal,0.0862,12175.004932916754,15.340506215475077,1.1544339677391666,1,0.0
E21,AKE,MR,1789106400000,enter,0.013419,38773.623878343584,0.0,0.5723335847058418,1,0.0
E21,AKE,MR,1789106400000,same_bar_stop,0.011053722995901093,38773.623878343584,-91.71036092502638,0.4714521876883128,1,0.0
E21,ENA,MR,1789110000000,exit_signal,0.14719,8276.076230308423,26.897247748502167,1.3399712263730064,1,0.0
E21,KORU,MR,1789110000000,exit_signal,22.72,44.83681960886225,56.942760903255035,1.1205617956646854,1,0.0
E21,ONG,MR,1789110000000,enter,0.08178,13281.424785427287,0.0,1.1947704108474682,-1,0.0
E21,UNI,MR,1789110000000,enter,6.159,218.2791426071339,0.0,1.4788193632490716,-1,0.0
E19,AAVE,BRK24,1789113600000,funding,122.77,10.988114798741437,-0.002171907474684793,0.0,-1,-0.002171907474684793
E19,DOGE,BRK24,1789113600000,funding,0.08375,15639.65768133056,-0.029038738904089503,0.0,-1,-0.029038738904089503
E19,1000PEPE,BRK24,1789113600000,funding,0.00331,280380.4574202252,0.09280593140609454,0.0,-1,0.09280593140609454
E19,FARTCOIN,BRK24,1789113600000,funding,0.14046,4621.909948355381,0.03245967356729984,0.0,-1,0.03245967356729984
E19,AKE,BRK24,1789113600000,funding,0.014191,25987.656118229163,-1.0221406588121564,0.0,-1,-1.0221406588121564
E19,UNI,BRK24,1789113600000,funding,6.084,143.88998234424503,-0.08754266525823867,0.0,1,-0.08754266525823867
E20,NVDA,BRK24GATE,1789113600000,exit,220.09,23.213618908460777,117.69304786589598,5.619993924119446,-1,0.0
E20,FARTCOIN,BRK24GATE,1789113600000,funding,0.14046,4972.948979287899,0.03492502068153892,0.0,-1,0.03492502068153892
E20,AAVE,BRK24GATE,1789113600000,funding,122.77,11.933933441639935,-0.002358857703894517,0.0,-1,-0.002358857703894517
E20,ADA,BRK24GATE,1789113600000,funding,0.2076,5490.751835665245,0.11398800810841049,0.0,-1,0.11398800810841049
E20,AKE,BRK24GATE,1789113600000,funding,0.014191,29889.609074540043,-1.1756113968915325,0.0,-1,-1.1756113968915325
E21,1000PEPE,MR,1789113600000,funding,0.00331,446835.7252469566,-0.14790262505674265,0.0,1,-0.14790262505674265
E21,LINK,MR,1789113600000,funding,11.469,174.29866054150432,-0.04741702333144217,0.0,1,-0.04741702333144217
E21,PUMPFUN,MR,1789113600000,funding,0.003701,189281.82556391312,-0.035026601820602125,0.0,1,-0.035026601820602125
E21,ONG,MR,1789113600000,funding,0.08128,13281.424785427287,-6.4421413644908485,0.0,-1,-6.4421413644908485
E21,UNI,MR,1789113600000,funding,6.084,218.2791426071339,0.13280103036218027,0.0,-1,0.13280103036218027
E20,BTR,BRK24GATE,1789117200000,enter,0.05563,6016.086133002862,0.0,0.36814235873684414,1,0.0
E21,BTR,MR,1789117200000,enter,0.05501,8205.410587831255,0.0,0.49651760008025714,-1,0.0
E20,ENA,BRK24GATE,1789124400000,enter,0.14263,7000.43689593301,0.0,1.098319545913618,-1,0.0
E19,UNI,BRK24,1789128000000,exit,5.917,143.88998234424503,-38.562515268257634,0.9365367280839877,1,0.0
E19,ADA,BRK24,1789128000000,enter,0.2019,5312.639966281667,0.0,1.1798842101114955,-1,0.0
E19,FARTCOIN,BRK24,1789128000000,funding,0.14033,4621.909948355381,0.03242963115263554,0.0,-1,0.03242963115263554
E19,AKE,BRK24,1789128000000,funding,0.014318,25987.656118229163,-0.11182830737080399,0.0,-1,-0.11182830737080399
E20,FARTCOIN,BRK24GATE,1789128000000,funding,0.14033,4972.948979287899,0.034892696513173546,0.0,-1,0.034892696513173546
E20,AKE,BRK24GATE,1789128000000,funding,0.014318,29889.609074540043,-0.12861892490705312,0.0,-1,-0.12861892490705312
E20,BTR,BRK24GATE,1789128000000,funding,0.05205,6016.086133002862,-0.015656864161139948,0.0,1,-0.015656864161139948
E20,ENA,BRK24GATE,1789128000000,funding,0.14283,7000.43689593301,0.0499936200923056,0.0,-1,0.0499936200923056
E21,ONG,MR,1789128000000,exit_signal,0.08,13281.424785427287,23.640936118060623,1.1687653811176013,-1,0.0
E21,UNI,MR,1789128000000,exit_signal,5.945,218.2791426071339,46.71173651792655,1.4274364530793522,-1,0.0
E21,ADA,MR,1789128000000,enter,0.2022,8298.562189273869,0.0,1.845766202138294,1,0.0
E21,HEMI,MR,1789128000000,enter,0.006866,92227.02152399243,0.0,0.6965538027621053,1,0.0
E21,PUMPFUN,MR,1789128000000,funding,0.003654,189281.82556391312,-0.03458178953052693,0.0,1,-0.03458178953052693
E21,BTR,MR,1789128000000,funding,0.05205,8205.410587831255,0.021354581054830842,0.0,-1,0.021354581054830842
E21,HEMI,MR,1789128000000,funding,0.006844,92227.02152399243,-0.03156008676551021,0.0,1,-0.03156008676551021
E19,1000PEPE,BRK24,1789131600000,exit,0.003332,280380.4574202252,37.85136175173044,1.0276504525366095,-1,0.0
E19,AAVE,BRK24,1789131600000,exit,123.52,10.988114798741437,46.80936904263858,1.4929771339345967,-1,0.0
E19,DOGE,BRK24,1789131600000,exit,0.08419,15639.65768133056,76.47792606170653,1.448373058210342,-1,0.0
E19,FARTCOIN,BRK24,1789131600000,exit,0.14218,4621.909948355381,-4.021061655069226,0.7228574721028849,-1,0.0
E19,BTC,BRK24,1789131600000,enter,77960.0,0.041918869168624556,0.0,2.6143960323087763,1,0.0
E19,ENA,BRK24,1789131600000,enter,0.14126,6563.693176954589,0.0,1.0199060279942658,-1,0.0
E19,ETH,BRK24,1789131600000,enter,2483.62,0.9991143503926769,0.0,1.9851363063378082,1,0.0
E19,HEMI,BRK24,1789131600000,enter,0.006742,63462.95669534085,0.0,0.4706539794439868,-1,0.0
E20,AAVE,BRK24GATE,1789131600000,exit,123.52,11.933933441639935,-9.785825422144665,1.6214874045825012,-1,0.0
E20,ENA,BRK24GATE,1789131600000,exit,0.14749,7000.43689593301,-34.022123314234456,1.135743881559276,-1,0.0
E20,FARTCOIN,BRK24GATE,1789131600000,exit,0.14218,4972.948979287899,104.5811170344245,0.777759274462669,-1,0.0
E20,1000PEPE,BRK24GATE,1789131600000,enter,0.003216,405170.0018286935,0.0,1.4333293984691864,-1,0.0
E20,HEMI,BRK24GATE,1789131600000,enter,0.006742,68866.39278545316,0.0,0.5107269421754778,-1,0.0
E20,LINK,BRK24GATE,1789131600000,enter,11.292,144.85248399567445,0.0,1.7992416742070716,-1,0.0
E19,ADA,BRK24,1789135200000,exit,0.2105,5312.639966281667,-45.68870371002232,1.23014178419252,-1,0.0
E19,ENA,BRK24,1789135200000,exit,0.14875,6563.693176954589,-49.16206189538985,1.0739842960791945,-1,0.0
E19,1000PEPE,BRK24,1789135200000,enter,0.003366,324473.8071820365,0.0,1.2013967184722083,1,0.0
E19,AAVE,BRK24,1789135200000,enter,125.56,11.12493589808967,0.0,1.5365316465005532,1,0.0
E20,1000PEPE,BRK24GATE,1789135200000,exit,0.003366,405170.0018286935,-60.77550027430401,1.5001824487709208,-1,0.0
E20,ADA,BRK24GATE,1789135200000,exit,0.2105,5490.751835665245,-14.27595477272959,1.2713835875482877,-1,0.0
E20,LINK,BRK24GATE,1789135200000,exit,11.686,144.85248399567445,-57.07187869429575,1.862020740770797,-1,0.0
E20,ETH,BRK24GATE,1789135200000,enter,2514.97,0.902234444698558,0.0,1.8152740491068258,1,0.0
E20,KORU,BRK24GATE,1789135200000,enter,23.78,33.24762412629555,0.0,0.8696913518956391,1,0.0
E20,LIT,BRK24GATE,1789135200000,enter,4.68,151.7406212779033,0.0,0.7811607183386462,1,0.0
E21,1000PEPE,MR,1789135200000,exit_signal,0.003364,446835.7252469566,23.682293438088546,1.653470917703838,1,0.0
E21,ADA,MR,1789135200000,exit_signal,0.2088,8298.562189273869,54.77051044920772,1.9060137636324224,1,0.0
E21,LINK,MR,1789135200000,exit_signal,11.677,174.29866054150432,29.282174970972598,2.2388140050574603,1,0.0
E21,AAVE,MR,1789135200000,enter,124.91,17.4212109437723,0.0,2.393691804885258,-1,0.0
E21,BTC,MR,1789135200000,enter,77989.5,0.05175438507334845,0.0,3.229038891742327,-1,0.0
E21,DOGE,MR,1789135200000,enter,0.08512,26850.214762399686,0.0,2.5140393086330075,-1,0.0
E21,PUMPFUN,MR,1789138800000,exit_signal,0.003841,189281.82556391312,23.092382718797346,0.7997346411900893,1,0.0
E21,ENA,MR,1789138800000,enter,0.1557,7767.150944732508,0.0,1.3302799423043368,-1,0.0
E21,BTC,MR,1789138800000,stop,79789.28256260681,0.05175438507334845,-93.1466397934506,3.3035562035770876,-1,0.0
E19,AKE,BRK24,1789142400000,funding,0.014433,25987.656118229163,-0.27674515890382,0.0,-1,-0.27674515890382
E19,BTC,BRK24,1789142400000,funding,77686.0,0.041918869168624556,-0.18242964931849565,0.0,1,-0.18242964931849565
E19,ETH,BRK24,1789142400000,funding,2557.51,0.9991143503926769,-0.2555244942272776,0.0,1,-0.2555244942272776
E19,HEMI,BRK24,1789142400000,funding,0.00688,63462.95669534085,0.021831257103197253,0.0,-1,0.021831257103197253
E19,1000PEPE,BRK24,1789142400000,funding,0.003357,324473.8071820365,-0.10102873243336147,0.0,1,-0.10102873243336147
E19,AAVE,BRK24,1789142400000,funding,125.69,11.12493589808967,-0.021687527423909114,0.0,1,-0.021687527423909114
E20,BTR,BRK24GATE,1789142400000,exit,0.04956,6016.086133002862,-36.517642827327364,0.3279729516267841,1,0.0
E20,SOXL,BRK24GATE,1789142400000,enter,123.21,7.449803484277528,0.0,1.0096793160276176,1,0.0
E20,AKE,BRK24GATE,1789142400000,funding,0.014433,29889.609074540043,-0.3182974476526319,0.0,-1,-0.3182974476526319
E20,HEMI,BRK24GATE,1789142400000,funding,0.00688,68866.39278545316,0.02369003911819589,0.0,-1,0.02369003911819589
E20,ETH,BRK24GATE,1789142400000,funding,2557.51,0.902234444698558,-0.23074736146610092,0.0,1,-0.23074736146610092
E20,LIT,BRK24GATE,1789142400000,funding,4.69,151.7406212779033,0.023556062306560432,0.0,1,0.023556062306560432
E21,BTR,MR,1789142400000,exit_signal,0.05048,8205.410587831255,37.170509962875634,0.4556300391210939,-1,0.0
E21,1000PEPE,MR,1789142400000,enter,0.003452,398255.1050625708,0.0,1.5122542849435938,-1,0.0
E21,ETH,MR,1789142400000,enter,2607.06,0.8594339040596388,0.0,1.7924766031341777,-1,0.0
E21,HEMI,MR,1789142400000,funding,0.00688,92227.02152399243,-0.0317260954042534,0.0,1,-0.0317260954042534
E21,AAVE,MR,1789142400000,funding,125.69,17.4212109437723,0.03396181277463771,0.0,-1,0.03396181277463771
E21,DOGE,MR,1789142400000,funding,0.08493,26850.214762399686,0.06166171152339717,0.0,-1,0.06166171152339717
E21,ENA,MR,1789142400000,funding,0.14869,7767.150944732508,-0.15323182338264166,0.0,-1,-0.15323182338264166
E21,1000PEPE,MR,1789142400000,funding,0.003357,398255.1050625708,0.12400140645871591,0.0,-1,0.12400140645871591
E21,ETH,MR,1789142400000,funding,2557.51,0.8594339040596388,0.21980108039715673,0.0,-1,0.21980108039715673
E20,LIT,BRK24GATE,1789153200000,exit,4.407,151.7406212779033,-41.425189608867555,0.7355930097688919,1,0.0
E20,PENGU,BRK24GATE,1789153200000,enter,0.007177,117568.03663060075,0.0,0.9281643787876038,-1,0.0
E21,ENA,MR,1789153200000,exit_signal,0.14534,7767.150944732508,80.46768378742884,1.241765490138165,-1,0.0
E21,SOXL,MR,1789153200000,enter,123.9,10.653347781737233,0.0,1.4519447691729677,-1,0.0
E19,AKE,BRK24,1789156800000,funding,0.01402,25987.656118229163,-0.028127583673628626,0.0,-1,-0.028127583673628626
E19,HEMI,BRK24,1789156800000,funding,0.006874,63462.95669534085,0.02181221821618865,0.0,-1,0.02181221821618865
E20,AKE,BRK24GATE,1789156800000,funding,0.01402,29889.609074540043,-0.03235083904417397,0.0,-1,-0.03235083904417397
E20,HEMI,BRK24GATE,1789156800000,funding,0.006874,68866.39278545316,0.023669379200360254,0.0,-1,0.023669379200360254
E20,PENGU,BRK24GATE,1789156800000,funding,0.007269,117568.03663060075,-0.0553525753140078,0.0,-1,-0.0553525753140078
E21,1000PEPE,MR,1789156800000,exit_signal,0.003258,398255.1050625708,77.26149038213879,1.4272666455232415,-1,0.0
E21,DOGE,MR,1789156800000,exit_signal,0.08402,26850.214762399686,29.535236238639754,2.481550548770504,-1,0.0
E21,PENGU,MR,1789156800000,enter,0.007183,171830.53755960925,0.0,1.3576846264197406,1,0.0
E21,PUMPFUN,MR,1789156800000,enter,0.003537,200810.4529861154,0.0,0.7812932294330793,1,0.0
E21,HEMI,MR,1789156800000,funding,0.006874,92227.02152399243,-0.0316984272977962,0.0,1,-0.0316984272977962
E21,PENGU,MR,1789156800000,funding,0.007269,171830.53755960925,0.0809000732180222,0.0,1,0.0809000732180222
E21,PUMPFUN,MR,1789156800000,funding,0.003596,200810.4529861154,0.06802317543796628,0.0,1,0.06802317543796628
E19,AKE,BRK24,1789171200000,funding,0.013848,25987.656118229163,-0.1979827668475501,0.0,-1,-0.1979827668475501
E19,BTC,BRK24,1789171200000,funding,77178.6,0.041918869168624556,-0.00708517480287856,0.0,1,-0.00708517480287856
E19,ETH,BRK24,1789171200000,funding,2515.43,0.9991143503926769,0.060492777204526615,0.0,1,0.060492777204526615
E19,HEMI,BRK24,1789171200000,funding,0.006879,63462.95669534085,0.021828083955362485,0.0,-1,0.021828083955362485
E19,1000PEPE,BRK24,1789171200000,funding,0.003304,324473.8071820365,-0.032912286789134076,0.0,1,-0.032912286789134076
E19,AAVE,BRK24,1789171200000,funding,124.97,11.12493589808967,-0.007771683307040047,0.0,1,-0.007771683307040047
E20,AKE,BRK24GATE,1789171200000,funding,0.013848,29889.609074540043,-0.22770916613823175,0.0,-1,-0.22770916613823175
E20,HEMI,BRK24GATE,1789171200000,funding,0.006879,68866.39278545316,0.023686595798556618,0.0,-1,0.023686595798556618
E20,ETH,BRK24GATE,1789171200000,funding,2515.43,0.902234444698558,0.05462704767272022,0.0,1,0.05462704767272022
E20,PENGU,BRK24GATE,1789171200000,funding,0.007247,117568.03663060075,0.042600778073098186,0.0,-1,0.042600778073098186
E21,HEMI,MR,1789171200000,funding,0.006879,92227.02152399243,-0.03172148405317719,0.0,1,-0.03172148405317719
E21,AAVE,MR,1789171200000,funding,124.97,17.4212109437723,0.012170149609885625,0.0,-1,0.012170149609885625
E21,ETH,MR,1789171200000,funding,2515.43,0.8594339040596388,-0.0520356290146999,0.0,-1,-0.0520356290146999
E21,PENGU,MR,1789171200000,funding,0.007247,171830.53755960925,-0.06226279528472442,0.0,1,-0.06226279528472442
E21,PUMPFUN,MR,1789171200000,funding,0.003584,200810.4529861154,-0.035985233175111875,0.0,1,-0.035985233175111875
E19,AKE,BRK24,1789185600000,funding,0.014032,25987.656118229163,-0.13535769650174156,0.0,-1,-0.13535769650174156
E19,HEMI,BRK24,1789185600000,funding,0.006658,63462.95669534085,0.02112681828387897,0.0,-1,0.02112681828387897
E20,AKE,BRK24GATE,1789185600000,funding,0.014032,29889.609074540043,-0.15568116706105534,0.0,-1,-0.15568116706105534
E20,HEMI,BRK24GATE,1789185600000,funding,0.006658,68866.39278545316,0.02292562215827736,0.0,-1,0.02292562215827736
E20,PENGU,BRK24GATE,1789185600000,funding,0.00726,117568.03663060075,0.042677197296908075,0.0,-1,0.042677197296908075
E21,HEMI,MR,1789185600000,funding,0.006658,92227.02152399243,-0.030702375465337082,0.0,1,-0.030702375465337082
E21,PENGU,MR,1789185600000,funding,0.00726,171830.53755960925,-0.062374485134138166,0.0,1,-0.062374485134138166
E21,PUMPFUN,MR,1789185600000,funding,0.003531,200810.4529861154,-0.03545308547469867,0.0,1,-0.03545308547469867
E21,ETH,MR,1789189200000,exit_signal,2512.06,0.8594339040596388,81.64622088566568,1.7271596264256448,-1,0.0
E21,MOVR,MR,1789189200000,enter,0.751,2126.4647106084544,0.0,1.7566724974336443,-1,0.0
E19,AKE,BRK24,1789192800000,exit,0.014517,25987.656118229163,-32.97833561403284,0.41498908425516606,-1,0.0
E19,CL,BRK24,1789192800000,enter,95.25,17.73648468509557,0.0,1.8583401828808883,-1,0.0
E20,AKE,BRK24GATE,1789192800000,exit,0.014517,29889.609074540043,-18.441888798991243,0.4772982004286076,-1,0.0
E19,BTC,BRK24,1789200000000,funding,77234.3,0.041918869168624556,-0.050150029268799336,0.0,1,-0.050150029268799336
E19,ETH,BRK24,1789200000000,funding,2523.05,0.9991143503926769,0.009932012919327483,0.0,1,0.009932012919327483
E19,HEMI,BRK24,1789200000000,funding,0.006844,63462.95669534085,0.021717023781145643,0.0,-1,0.021717023781145643
E19,1000PEPE,BRK24,1789200000000,funding,0.003349,324473.8071820365,-0.10204850169352545,0.0,1,-0.10204850169352545
E19,AAVE,BRK24,1789200000000,funding,126.19,11.12493589808967,-0.01196085023154905,0.0,1,-0.01196085023154905
E19,CL,BRK24,1789200000000,funding,95.31,17.73648468509557,-0.21479040098905042,0.0,-1,-0.21479040098905042
E20,HEMI,BRK24GATE,1789200000000,funding,0.006844,68866.39278545316,0.023566079611182077,0.0,-1,0.023566079611182077
E20,ETH,BRK24GATE,1789200000000,funding,2523.05,0.902234444698558,0.008968947505844987,0.0,1,0.008968947505844987
E20,PENGU,BRK24GATE,1789200000000,funding,0.007282,117568.03663060075,0.042806522137201736,0.0,-1,0.042806522137201736
E21,HEMI,MR,1789200000000,funding,0.006844,92227.02152399243,-0.03156008676551021,0.0,1,-0.03156008676551021
E21,AAVE,MR,1789200000000,funding,126.19,17.4212109437723,0.01873021982863422,0.0,-1,0.01873021982863422
E21,PENGU,MR,1789200000000,funding,0.007282,171830.53755960925,-0.06256349872545373,0.0,1,-0.06256349872545373
E21,PUMPFUN,MR,1789200000000,funding,0.003581,200810.4529861154,-0.03595511160716396,0.0,1,-0.03595511160716396
E21,MOVR,MR,1789200000000,funding,0.773,2126.4647106084544,0.08218786106501677,0.0,-1,0.08218786106501677
E20,PENGU,BRK24GATE,1789207200000,exit,0.007297,117568.03663060075,-14.108164395672025,0.943683359622843,-1,0.0
E21,MOVR,MR,1789207200000,stop,0.7957943409036251,2126.4647106084544,-95.25358516652362,1.8614514411168204,-1,0.0
E19,HEMI,BRK24,1789214400000,funding,0.006836,63462.95669534085,0.021691638598467504,0.0,-1,0.021691638598467504
E20,HEMI,BRK24GATE,1789214400000,funding,0.006836,68866.39278545316,0.023538533054067893,0.0,-1,0.023538533054067893
E21,HEMI,MR,1789214400000,exit_timeout,0.006814,92227.02152399243,-4.7958051192476026,0.6912784171309329,1,0.0
E21,PENGU,MR,1789214400000,exit_signal,0.007364,171830.53755960925,31.101327298289227,1.391896086447859,1,0.0
E21,SOXL,MR,1789214400000,exit_signal,122.16,10.653347781737233,18.536825140222884,1.4315542615187224,-1,0.0
E21,PUMPFUN,MR,1789214400000,funding,0.003565,200810.4529861154,-0.03579446324477507,0.0,1,-0.03579446324477507
E19,HEMI,BRK24,1789221600000,exit,0.006922,63462.95669534085,-11.423332205161383,0.48321964486966434,-1,0.0
E19,AKE,BRK24,1789221600000,enter,0.015578,24677.323549442986,0.0,0.42286568087854515,1,0.0
E20,HEMI,BRK24GATE,1789221600000,exit,0.006922,68866.39278545316,-12.395950701381603,0.5243624879469976,-1,0.0
E21,AAVE,MR,1789221600000,exit_timeout,126.77,17.4212109437723,-32.40345235541647,2.429335602476216,-1,0.0
E21,AKE,MR,1789221600000,enter,0.015441,38056.83074980333,0.0,0.6463990759684847,-1,0.0
E19,BTC,BRK24,1789228800000,funding,77350.1,0.041918869168624556,-0.12363380717291142,0.0,1,-0.12363380717291142
E19,ETH,BRK24,1789228800000,funding,2533.87,0.9991143503926769,-0.1749353482409379,0.0,1,-0.1749353482409379
E19,1000PEPE,BRK24,1789228800000,funding,0.003393,324473.8071820365,0.04745049795682881,0.0,1,0.04745049795682881
E19,AAVE,BRK24,1789228800000,funding,125.98,11.12493589808967,0.023405374388170325,0.0,1,0.023405374388170325
E19,CL,BRK24,1789228800000,funding,95.59,17.73648468509557,-0.1764265052232846,0.0,-1,-0.1764265052232846
E19,AKE,BRK24,1789228800000,funding,0.015343,24677.323549442986,-0.01893120876095519,0.0,1,-0.01893120876095519
E20,ETH,BRK24GATE,1789228800000,funding,2533.87,0.902234444698558,-0.15797260515403394,0.0,1,-0.15797260515403394
E20,SOXL,BRK24GATE,1789228800000,funding,122.69,7.449803484277528,-0.0023307417931893253,0.0,1,-0.0023307417931893253
E21,PUMPFUN,MR,1789228800000,exit_signal,0.003666,200810.4529861154,25.904548435208838,0.8097882327118089,1,0.0
E21,HEMI,MR,1789228800000,enter,0.007004,138997.95432283322,0.0,1.0708958392848362,-1,0.0
E21,AKE,MR,1789228800000,funding,0.015343,38056.83074980333,0.02919529770971163,0.0,-1,0.02919529770971163
E21,HEMI,MR,1789228800000,funding,0.006843,138997.95432283322,0.04755815007155739,0.0,-1,0.04755815007155739
E21,UNI,MR,1789232400000,enter,6.512,214.9128493977242,0.0,1.539463722805778,-1,0.0
E21,XAG,MR,1789232400000,enter,64.68,99.01501808193223,0.0,7.044720506493316,-1,0.0
E19,BTC,BRK24,1789236000000,exit,77130.1,0.041918869168624556,-34.78846952304127,2.5865652566903434,1,0.0
E19,LIT,BRK24,1789236000000,enter,4.278,173.9563551425554,0.0,0.8186038160298371,-1,0.0
E20,LIT,BRK24GATE,1789236000000,enter,4.278,187.47118463022483,0.0,0.8822019006329119,-1,0.0
E21,ONG,MR,1789236000000,enter,0.08147,20679.36165315056,0.0,1.853222353270394,1,0.0
E19,CL,BRK24,1789239600000,exit,95.83,17.73648468509557,-10.2871611173554,1.8696560601099792,-1,0.0
E19,HEMI,BRK24,1789239600000,enter,0.007089,86766.20598617621,0.0,0.6765941976596035,1,0.0
E21,PUMPFUN,MR,1789239600000,enter,0.003902,271367.7090982477,0.0,1.1647644809914988,-1,0.0
E19,ETH,BRK24,1789243200000,exit,2518.28,0.9991143503926769,34.629303384610495,2.012839749045497,1,0.0
E19,MU,BRK24,1789243200000,enter,972.89,3.9292157067629474,0.0,4.204964135847865,-1,0.0
E19,AKE,BRK24,1789243200000,funding,0.016345,24677.323549442986,-0.02016754267078228,0.0,1,-0.02016754267078228
E19,LIT,BRK24,1789243200000,funding,4.239,173.9563551425554,0.009468228704528913,0.0,-1,0.009468228704528913
E19,HEMI,BRK24,1789243200000,funding,0.007202,86766.20598617621,-0.031244510775622052,0.0,1,-0.031244510775622052
E20,ETH,BRK24GATE,1789243200000,exit,2518.28,0.902234444698558,2.986396011952588,1.817663165916388,1,0.0
E20,KORU,BRK24GATE,1789243200000,exit,23.22,33.24762412629555,-18.61866951072558,0.8492108154338409,1,0.0
E20,SOXL,BRK24GATE,1789243200000,exit,121.92,7.449803484277528,-9.610246494717952,0.9991080448834279,1,0.0
E20,AKE,BRK24GATE,1789243200000,enter,0.016368,26851.518925749617,0.0,0.48345622795433674,1,0.0
E20,TAO,BRK24GATE,1789243200000,enter,231.53,6.02877101159792,0.0,1.5354254875467932,-1,0.0
E20,XPL,BRK24GATE,1789243200000,enter,0.08085,12783.60766787699,0.0,1.1369101479426402,-1,0.0
E20,ZEC,BRK24GATE,1789243200000,enter,1119.37,0.7844235920335242,0.0,0.9658662598360225,-1,0.0
E20,LIT,BRK24GATE,1789243200000,funding,4.239,187.47118463022483,0.010203824115154195,0.0,-1,0.010203824115154195
E20,AKE,BRK24GATE,1789243200000,funding,0.016345,26851.518925749617,-0.021944403842068874,0.0,1,-0.021944403842068874
E20,TAO,BRK24GATE,1789243200000,funding,231.47,6.02877101159792,0.06977398130272854,0.0,-1,0.06977398130272854
E20,XPL,BRK24GATE,1789243200000,funding,0.07897,12783.60766787699,0.028902600474348197,0.0,-1,0.028902600474348197
E21,AKE,MR,1789243200000,funding,0.016345,38056.83074980333,0.03110194493027677,0.0,-1,0.03110194493027677
E21,HEMI,MR,1789243200000,funding,0.007202,138997.95432283322,0.05005316335165225,0.0,-1,0.05005316335165225
E21,ONG,MR,1789243200000,funding,0.08117,20679.36165315056,0.8760487870309278,0.0,1,0.8760487870309278
E21,PUMPFUN,MR,1789243200000,funding,0.003895,271367.7090982477,0.05284886134688374,0.0,-1,0.05284886134688374
E20,MU,BRK24GATE,1789246800000,enter,970.45,4.155777042480892,0.0,4.43627121396314,-1,0.0
E19,AAVE,BRK24,1789250400000,exit,125.41,11.12493589808967,-1.6687403847135138,1.5346960320773682,1,0.0
E19,NVDA,BRK24,1789250400000,enter,218.38,30.134223044709113,0.0,7.238782791353934,-1,0.0
E21,XAG,MR,1789254000000,exit_signal,64.53,99.01501808193223,14.852252712290397,7.028383028509796,-1,0.0
E21,KORU,MR,1789254000000,enter,23.08,105.26672267389816,0.0,2.6725115552449266,1,0.0
E19,1000PEPE,BRK24,1789257600000,funding,0.003422,324473.8071820365,-0.02095229257749865,0.0,1,-0.02095229257749865
E19,AKE,BRK24,1789257600000,funding,0.016312,24677.323549442986,-0.0201268250869257,0.0,1,-0.0201268250869257
E19,LIT,BRK24,1789257600000,funding,4.213,173.9563551425554,0.036643906210779294,0.0,-1,0.036643906210779294
E19,HEMI,BRK24,1789257600000,funding,0.006942,86766.20598617621,-0.030116550097801762,0.0,1,-0.030116550097801762
E20,LIT,BRK24GATE,1789257600000,funding,4.213,187.47118463022483,0.039490805042356865,0.0,-1,0.039490805042356865
E20,AKE,BRK24GATE,1789257600000,funding,0.016312,26851.518925749617,-0.02190009883584139,0.0,1,-0.02190009883584139
E20,TAO,BRK24GATE,1789257600000,funding,232.61,6.02877101159792,0.07011762125038962,0.0,-1,0.07011762125038962
E20,XPL,BRK24GATE,1789257600000,funding,0.07997,12783.60766787699,-0.12500746826387102,0.0,-1,-0.12500746826387102
E20,ZEC,BRK24GATE,1789257600000,funding,1122.45,0.7844235920335242,0.0834603447686284,0.0,-1,0.0834603447686284
E21,AKE,MR,1789257600000,funding,0.016312,38056.83074980333,0.031039151159539598,0.0,-1,0.031039151159539598
E21,HEMI,MR,1789257600000,funding,0.006942,138997.95432283322,0.04824618994545542,0.0,-1,0.04824618994545542
E21,UNI,MR,1789257600000,funding,6.366,214.9128493977242,0.07931079750144493,0.0,-1,0.07931079750144493
E21,ONG,MR,1789257600000,funding,0.08185,20679.36165315056,4.5615047955514045,0.0,1,4.5615047955514045
E21,PUMPFUN,MR,1789257600000,funding,0.003773,271367.7090982477,0.05119351832138443,0.0,-1,0.05119351832138443
E19,HEMI,BRK24,1789264800000,exit,0.006781,86766.20598617621,-26.723991443742282,0.647197807071487,1,0.0
E19,BTR,BRK24,1789264800000,enter,0.04895,10803.447157832858,0.0,0.5817116122135103,-1,0.0
E21,HEMI,MR,1789268400000,exit_signal,0.006791,138997.95432283322,29.60656427076343,1.0383286185869964,-1,0.0
E21,NVDA,MR,1789268400000,enter,218.11,48.65110750759187,0.0,11.672422364328948,1,0.0
E19,BTR,BRK24,1789272000000,exit,0.05095,10803.447157832858,-21.606894315665734,0.6054791959607426,-1,0.0
E19,FARTCOIN,BRK24,1789272000000,enter,0.14226,8093.401057850065,0.0,1.2665039579387254,-1,0.0
E19,AKE,BRK24,1789272000000,funding,0.0162,24677.323549442986,-0.046453580942413454,0.0,1,-0.046453580942413454
E19,LIT,BRK24,1789272000000,funding,4.195,173.9563551425554,0.036487345491151,0.0,-1,0.036487345491151
E19,FARTCOIN,BRK24,1789272000000,funding,0.14172,8093.401057850065,0.05734983989592556,0.0,-1,0.05734983989592556
E20,TAO,BRK24GATE,1789272000000,exit,236.3,6.02877101159792,-28.75723772532214,1.5670584490446475,-1,0.0
E20,NVDA,BRK24GATE,1789272000000,enter,217.68,33.537738382781754,0.0,8.030544380280325,-1,0.0
E20,LIT,BRK24GATE,1789272000000,funding,4.195,187.47118463022483,0.039322080976189666,0.0,-1,0.039322080976189666
E20,AKE,BRK24GATE,1789272000000,funding,0.0162,26851.518925749617,-0.050546373286588106,0.0,1,-0.050546373286588106
E20,XPL,BRK24GATE,1789272000000,funding,0.0799,12783.60766787699,0.05107051263316858,0.0,-1,0.05107051263316858
E21,AKE,MR,1789272000000,funding,0.0162,38056.83074980333,0.07163970047665978,0.0,-1,0.07163970047665978
E21,ONG,MR,1789272000000,funding,0.07956,20679.36165315056,2.006826608509065,0.0,1,2.006826608509065
E21,PUMPFUN,MR,1789272000000,funding,0.003748,271367.7090982477,0.050854308685011625,0.0,-1,0.050854308685011625
E19,AKE,BRK24,1789279200000,exit,0.015736,24677.323549442986,3.8990171208119957,0.4271545997114383,1,0.0
E19,AAVE,BRK24,1789279200000,enter,127.91,14.26183479370215,0.0,2.006654417308686,1,0.0
E20,AKE,BRK24GATE,1789279200000,exit,0.015736,26851.518925749617,-16.970159961073776,0.4647890519971556,1,0.0
E20,ZEC,BRK24GATE,1789279200000,exit,1143.07,0.7844235920335242,-18.59083913119456,0.9863161828803365,-1,0.0
E20,SNDK,BRK24GATE,1789279200000,enter,1622.0,2.1464772183303293,0.0,3.829744652944974,-1,0.0
E20,KORU,BRK24GATE,1789282800000,enter,22.83,86.38696420259635,0.0,2.169435832019802,-1,0.0
E21,AKE,MR,1789282800000,exit_signal,0.013594,38056.83074980333,70.29096639488674,0.5690790129341092,-1,0.0
E21,1000PEPE,MR,1789282800000,enter,0.003476,682994.4433760283,0.0,2.611497553692582,-1,0.0
E19,1000PEPE,BRK24,1789286400000,funding,0.003435,324473.8071820365,-0.09664415032429133,0.0,1,-0.09664415032429133
E19,LIT,BRK24,1789286400000,funding,4.105,173.9563551425554,0.0357045418930095,0.0,-1,0.0357045418930095
E19,MU,BRK24,1789286400000,funding,957.4,3.9292157067629474,-0.9261252028554465,0.0,-1,-0.9261252028554465
E19,FARTCOIN,BRK24,1789286400000,funding,0.14141,8093.401057850065,0.057224392179528884,0.0,-1,0.057224392179528884
E19,AAVE,BRK24,1789286400000,funding,126.51,14.26183479370215,-0.050194644503480025,0.0,1,-0.050194644503480025
E20,LIT,BRK24GATE,1789286400000,funding,4.105,187.47118463022483,0.03847846064535365,0.0,-1,0.03847846064535365
E20,XPL,BRK24GATE,1789286400000,funding,0.07978,12783.60766787699,-0.04116220422883661,0.0,-1,-0.04116220422883661
E20,MU,BRK24GATE,1789286400000,funding,957.4,4.155777042480892,-0.9795262321346064,0.0,-1,-0.9795262321346064
E20,SNDK,BRK24GATE,1789286400000,funding,1599.13,2.1464772183303293,-1.8536508765236577,0.0,-1,-1.8536508765236577
E20,KORU,BRK24GATE,1789286400000,funding,22.75,86.38696420259635,-0.578762208752514,0.0,-1,-0.578762208752514
E21,UNI,MR,1789286400000,exit_signal,6.334,214.9128493977242,38.25448719279489,1.4973837868937034,-1,0.0
E21,BTC,MR,1789286400000,enter,77083.6,0.10178920932915984,0.0,6.2770229569961815,1,0.0
E21,ONG,MR,1789286400000,funding,0.0787,20679.36165315056,1.6633351074996983,0.0,1,1.6633351074996983
E21,PUMPFUN,MR,1789286400000,funding,0.003717,271367.7090982477,0.05043368873590934,0.0,-1,0.05043368873590934
E21,KORU,MR,1789286400000,funding,22.75,105.26672267389816,0.7052499353953752,0.0,1,0.7052499353953752
E21,1000PEPE,MR,1789286400000,funding,0.003435,682994.4433760283,0.20342910951594018,0.0,-1,0.20342910951594018
E21,BTC,MR,1789286400000,funding,77082.9,0.10178920932915984,-0.33770076838109586,0.0,1,-0.33770076838109586
E19,1000PEPE,BRK24,1789290000000,exit,0.0034,324473.8071820365,11.032109444189159,1.2135320388608166,1,0.0
E19,AAVE,BRK24,1789290000000,exit,124.94,14.26183479370215,-42.35764933729537,1.9600610030376613,1,0.0
E19,ADA,BRK24,1789290000000,enter,0.2058,8365.287213223442,0.0,1.8937337193295232,-1,0.0
E19,BTC,BRK24,1789290000000,enter,77006.5,0.06585938660217254,0.0,4.05728068350416,-1,0.0
E21,PUMPFUN,MR,1789290000000,exit_signal,0.003717,271367.7090982477,50.20302618317589,1.1095411521900054,-1,0.0
E21,ADA,MR,1789290000000,enter,0.2061,13335.188001598239,0.0,3.023220471842337,1,0.0
E21,NVDA,MR,1789290000000,stop,216.16055420984088,48.65110750759187,-94.8426967172543,11.56809539793997,1,0.0
E20,XPL,BRK24GATE,1789293600000,exit,0.08042,12783.60766787699,5.4969512971871035,1.1308635015157342,-1,0.0
E20,AAVE,BRK24GATE,1789293600000,enter,123.87,14.299693899633143,0.0,1.9484333916823133,-1,0.0
E21,1000PEPE,MR,1789293600000,exit_signal,0.003381,682994.4433760283,64.88447212072272,2.540124634359787,-1,0.0
E21,AAVE,MR,1789293600000,enter,124.48,21.11582145371992,0.0,2.8913472000149616,1,0.0
E21,CL,MR,1789293600000,enter,96.39,51.075600969544865,0.0,5.415494895199873,-1,0.0
E19,LIT,BRK24,1789300800000,funding,4.1,173.9563551425554,0.03566105280422385,0.0,-1,0.03566105280422385
E19,FARTCOIN,BRK24,1789300800000,funding,0.14068,8093.401057850065,0.056928983040917355,0.0,-1,0.056928983040917355
E20,LIT,BRK24GATE,1789300800000,funding,4.1,187.47118463022483,0.03843159284919609,0.0,-1,0.03843159284919609
E21,ONG,MR,1789300800000,funding,0.07837,20679.36165315056,-0.08103207863787047,0.0,1,-0.08103207863787047
E21,AAVE,MR,1789311600000,exit_signal,126.85,21.11582145371992,50.04449684531601,2.946396146544809,1,0.0
E21,MOVR,MR,1789311600000,enter,0.822,1836.9073721643867,0.0,1.6609316459110386,-1,0.0
E19,LIT,BRK24,1789315200000,funding,4.09,173.9563551425554,0.03557407462665258,0.0,-1,0.03557407462665258
E19,FARTCOIN,BRK24,1789315200000,funding,0.14008,8093.401057850065,0.05668618100918186,0.0,-1,0.05668618100918186
E19,ADA,BRK24,1789315200000,funding,0.2056,8365.287213223442,0.16198046934682853,0.0,-1,0.16198046934682853
E19,BTC,BRK24,1789315200000,funding,77100.1,0.06585938660217254,0.20102872794853038,0.0,-1,0.20102872794853038
E20,LIT,BRK24GATE,1789315200000,funding,4.09,187.47118463022483,0.03833785725688098,0.0,-1,0.03833785725688098
E20,AAVE,BRK24GATE,1789315200000,funding,125.45,14.299693899633143,0.07839328140728233,0.0,-1,0.07839328140728233
E21,ADA,MR,1789315200000,exit_signal,0.2074,13335.188001598239,17.33574440207765,3.042289790684622,1,0.0
E21,BTC,MR,1789315200000,exit_signal,77173.4,0.10178920932915984,9.140670997757368,6.284335493794387,1,0.0
E21,LTC,MR,1789315200000,enter,54.23,61.22097071526183,0.0,3.6520145660775136,-1,0.0
E21,XAU,MR,1789315200000,enter,4353.46,4.478402463049455,0.0,21.446200585466006,1,0.0
E21,ONG,MR,1789315200000,funding,0.07792,20679.36165315056,1.0080194873072403,0.0,1,1.0080194873072403
E21,MOVR,MR,1789315200000,funding,0.791,1836.9073721643867,0.07264968656910151,0.0,-1,0.07264968656910151
E21,LTC,MR,1789315200000,funding,54.46,61.22097071526183,0.15783601304435055,0.0,-1,0.15783601304435055
E19,BTC,BRK24,1789318800000,exit,77289.8,0.06585938660217254,-18.657964224395673,4.072207054883676,-1,0.0
E19,LIT,BRK24,1789318800000,exit,4.217,173.9563551425554,10.611337663695869,0.8069313445997717,-1,0.0
E19,BTR,BRK24,1789318800000,enter,0.0518,11094.214550701812,0.0,0.6321483450989892,1,0.0
E19,HEMI,BRK24,1789318800000,enter,0.00626,98319.5356001751,0.0,0.6770283221428058,-1,0.0
E20,LIT,BRK24GATE,1789318800000,exit,4.217,187.47118463022483,11.435742262443704,0.8696225841442239,-1,0.0
E20,BTR,BRK24GATE,1789318800000,enter,0.0518,11952.940297043458,0.0,0.6810785381255363,1,0.0
E19,ADA,BRK24,1789322400000,exit,0.2085,8365.287213223442,-22.58627547570313,1.9185786223527965,-1,0.0
E19,LTC,BRK24,1789322400000,enter,54.78,37.1149307683008,0.0,2.23647149823627,1,0.0
E21,ONG,MR,1789322400000,exit_timeout,0.07829,20679.36165315056,-65.76037005701883,1.7808859462076732,1,0.0
E21,XAU,MR,1789322400000,exit_signal,4357.54,4.478402463049455,18.271882049241448,21.466299655720174,1,0.0
E21,BTR,MR,1789322400000,enter,0.05174,16855.42568106929,0.0,0.9593096972123777,-1,0.0
E19,FARTCOIN,BRK24,1789326000000,exit,0.14299,8093.401057850065,-5.9081827722306155,1.2730029589881788,-1,0.0
E19,ADA,BRK24,1789326000000,enter,0.2089,7687.027115953985,0.0,1.7664019609750665,1,0.0
E19,BTR,BRK24,1789329600000,funding,0.0502,11094.214550701812,-0.02784647852226155,0.0,1,-0.02784647852226155
E19,HEMI,BRK24,1789329600000,funding,0.006281,98319.5356001751,-0.39823007070209676,0.0,-1,-0.39823007070209676
E20,BTR,BRK24GATE,1789329600000,funding,0.0502,11952.940297043458,-0.030001880145579085,0.0,1,-0.030001880145579085
E21,ONDO,MR,1789329600000,enter,0.3518,8011.9610957011555,0.0,3.1004687048144333,-1,0.0
E21,MOVR,MR,1789329600000,funding,0.798,1836.9073721643867,0.07329260414935904,0.0,-1,0.07329260414935904
E21,BTR,MR,1789329600000,funding,0.0502,16855.42568106929,0.04230711845948392,0.0,-1,0.04230711845948392
E21,ONDO,MR,1789329600000,funding,0.3498,8011.9610957011555,-0.1375788481317518,0.0,-1,-0.1375788481317518
E19,ADA,BRK24,1789340400000,exit,0.2031,7687.027115953985,-44.58475727253311,1.71735872797528,1,0.0
E19,1000PEPE,BRK24,1789340400000,enter,0.003365,389146.43444966467,0.0,1.4404255271154338,-1,0.0
E21,KORU,MR,1789340400000,exit_timeout,22.45,105.26672267389816,-66.31803528455573,2.5995617164319147,1,0.0
E21,XAU,MR,1789340400000,enter,4348.87,3.7142509792524225,0.0,17.76807412175563,1,0.0
E21,CL,MR,1789340400000,stop,98.26442028646272,51.075600969544865,-95.73714260059,5.5208057520605225,-1,0.0
E19,BTR,BRK24,1789344000000,exit,0.04945,11094.214550701812,-26.071404194149235,0.6034698004854251,1,0.0
E19,KORU,BRK24,1789344000000,enter,21.89,73.24987693174889,0.0,1.7637837866395816,-1,0.0
E19,MU,BRK24,1789344000000,funding,931.86,3.9292157067629474,-0.414992024023457,0.0,-1,-0.414992024023457
E19,HEMI,BRK24,1789344000000,funding,0.006201,98319.5356001751,-2.0229773507157094,0.0,-1,-2.0229773507157094
E19,LTC,BRK24,1789344000000,funding,53.72,37.1149307683008,-0.09097773651024042,0.0,1,-0.09097773651024042
E19,1000PEPE,BRK24,1789344000000,funding,0.00336,389146.43444966467,0.13075320197508733,0.0,-1,0.13075320197508733
E19,KORU,BRK24,1789344000000,funding,21.26,73.24987693174889,-2.4138966320749353,0.0,-1,-2.4138966320749353
E20,BTR,BRK24GATE,1789344000000,exit,0.04945,11952.940297043458,-28.0894096980521,0.6501801874576789,1,0.0
E20,HEMI,BRK24GATE,1789344000000,enter,0.006171,105837.36455415295,0.0,0.7184346143300457,-1,0.0
E20,MU,BRK24GATE,1789344000000,funding,931.86,4.155777042480892,-0.4389207554273397,0.0,-1,-0.4389207554273397
E20,KORU,BRK24GATE,1789344000000,funding,21.26,86.38696420259635,-2.8468198265796945,0.0,-1,-2.8468198265796945
E20,AAVE,BRK24GATE,1789344000000,funding,124.26,14.299693899633143,0.09022996457031607,0.0,-1,0.09022996457031607
E20,HEMI,BRK24GATE,1789344000000,funding,0.006201,105837.36455415295,-2.1776607267875634,0.0,-1,-2.1776607267875634
E21,LTC,MR,1789344000000,exit_signal,53.56,61.22097071526183,41.018050379225095,3.606894710660366,-1,0.0
E21,MOVR,MR,1789344000000,exit_signal,0.771,1836.9073721643867,93.68227598038361,1.5578811423326164,-1,0.0
E21,ONDO,MR,1789344000000,exit_signal,0.3423,8011.9610957011555,76.11363040916105,3.0167437113643563,-1,0.0
E21,1000PEPE,MR,1789344000000,enter,0.003351,632893.9759921937,0.0,2.332910484904825,1,0.0
E21,ADA,MR,1789344000000,enter,0.2025,12059.349109116598,0.0,2.6862200140557224,1,0.0
E21,DOGE,MR,1789344000000,enter,0.08222,41830.153371465116,0.0,3.783202731222048,1,0.0
E21,ENA,MR,1789344000000,enter,0.13665,13034.625801060136,0.0,1.9592997772863545,1,0.0
E21,BTR,MR,1789344000000,funding,0.05001,16855.42568106929,0.04214699191551376,0.0,-1,0.04214699191551376
E21,1000PEPE,MR,1789344000000,funding,0.00336,632893.9759921937,-0.2126523759333771,0.0,1,-0.2126523759333771
E21,ADA,MR,1789344000000,funding,0.2032,12059.349109116598,0.01472726303122468,0.0,1,0.01472726303122468
E21,DOGE,MR,1789344000000,funding,0.08238,41830.153371465116,-0.0959702097675451,0.0,1,-0.0959702097675451
E21,ENA,MR,1789344000000,funding,0.13597,13034.625801060136,0.004749812428055993,0.0,1,0.004749812428055993
E19,MU,BRK24,1789347600000,exit,944.2,3.9292157067629474,112.72919862702872,4.080962017358133,-1,0.0
E19,NVDA,BRK24,1789347600000,exit,215.9,30.134223044709113,74.73287315087829,7.156576630887968,-1,0.0
E19,BTC,BRK24,1789347600000,enter,76425.0,0.059888717987695704,0.0,3.6615962177677153,-1,0.0
E19,DOGE,BRK24,1789347600000,enter,0.08194,26454.891717283732,0.0,2.384485210045652,-1,0.0
E20,MU,BRK24GATE,1789347600000,exit,944.2,4.155777042480892,109.08914736512342,4.3162731518615045,-1,0.0
E20,NVDA,BRK24GATE,1789347600000,exit,215.9,33.537738382781754,59.69717432135156,7.964877488526839,-1,0.0
E20,BTC,BRK24GATE,1789347600000,enter,76425.0,0.06491068949334698,0.0,3.968639555623235,-1,0.0
E20,DOGE,BRK24GATE,1789347600000,enter,0.08194,28673.2680134099,0.0,2.584436339120688,-1,0.0
E19,1000PEPE,BRK24,1789354800000,exit,0.003447,389146.43444966467,-31.91000762487252,1.4755265355027938,-1,0.0
E19,BTC,BRK24,1789354800000,exit,77443.0,0.059888717987695704,-60.96671491147423,3.7103695896968945,-1,0.0
E19,LIT,BRK24,1789354800000,enter,4.315,215.08186611852628,0.0,1.0208860775315851,1,0.0
E19,XRP,BRK24,1789354800000,enter,1.3699,1610.8783902468426,0.0,2.4274165374790644,1,0.0
E20,BTC,BRK24GATE,1789354800000,exit,77443.0,0.06491068949334698,-66.07908190422722,4.021502821146616,-1,0.0
E21,XAU,MR,1789354800000,exit_signal,4359.13,3.7142509792524225,38.10821504713066,17.809993158307474,1,0.0
E21,KORU,MR,1789354800000,enter,21.06,83.51275095197535,0.0,1.9346563885534611,1,0.0
E19,HEMI,BRK24,1789358400000,funding,0.006408,98319.5356001751,-0.4198845492407208,0.0,-1,-0.4198845492407208
E19,LIT,BRK24,1789358400000,funding,4.626,215.08186611852628,-0.049748435633215134,0.0,1,-0.049748435633215134
E20,HEMI,BRK24GATE,1789358400000,funding,0.006408,105837.36455415295,-0.4519902767783944,0.0,-1,-0.4519902767783944
E21,1000PEPE,MR,1789358400000,exit_signal,0.003431,632893.9759921937,50.631518079375624,2.3886051547921383,1,0.0
E21,ADA,MR,1789358400000,exit_signal,0.2075,12059.349109116598,60.29674554558271,2.7525464341558634,1,0.0
E21,DOGE,MR,1789358400000,exit_signal,0.08401,41830.153371465116,74.87597453492255,3.8655663032104632,1,0.0
E21,ENA,MR,1789358400000,exit_signal,0.14027,13034.625801060136,47.18534539983785,2.0112036572261762,1,0.0
E21,BTC,MR,1789358400000,enter,77582.8,0.08081348370343545,0.0,5.015789074773514,-1,0.0
E21,LIT,MR,1789358400000,enter,4.454,309.96130396886315,0.0,1.518624412665048,-1,0.0
E21,XAG,MR,1789358400000,enter,64.02,132.2237184895052,0.0,9.311458703467935,1,0.0
E21,BTR,MR,1789358400000,funding,0.04987,16855.42568106929,0.04202900393574627,0.0,-1,0.04202900393574627
E21,LIT,MR,1789358400000,funding,4.626,309.96130396886315,0.07169404960799805,0.0,-1,0.07169404960799805
E21,XAG,MR,1789358400000,funding,63.99,132.2237184895052,-0.8902659724092125,0.0,1,-0.8902659724092125
E20,LIT,BRK24GATE,1789362000000,enter,4.669,191.2500126110535,0.0,0.9822409397691096,1,0.0
E21,BTR,MR,1789362000000,exit_signal,0.04987,16855.42568106929,31.51964602359963,0.924638086586418,-1,0.0
E21,CL,MR,1789362000000,enter,99.15,41.70112028488097,0.0,4.548132683870544,-1,0.0
E21,HYPE,MR,1789362000000,enter,79.86,31.368389579879224,0.0,2.7555875510340706,-1,0.0
E23,XRP,BRK24R15,1788706800000,exit,1.4062,3192.1208191113305,-67.35374928324946,3.591008236667482,1,0.0
E22,SOL,BRK24R15,1788710400000,funding,105.69,48.29766613457708,-0.5104580333763452,0.0,1,-0.5104580333763452
E22,BTC,BRK24R15,1788710400000,funding,79675.0,0.12200593802087585,0.2892916958075633,0.0,-1,0.2892916958075633
E23,BTR,BRK24R15,1788710400000,exit,0.04888,17198.535770233815,-26.657730443862462,0.6725315427592231,-1,0.0
E23,BTR,BRK24R15,1788714000000,enter,0.0496,19956.584021115905,0.0,0.7918772539578791,1,0.0
E23,BTR,BRK24R15,1788724800000,funding,0.04758,19956.584021115905,-0.047476713386234735,0.0,1,-0.047476713386234735
E22,BTC,BRK24R15,1788732000000,exit,79997.1,0.12200593802087585,-60.77115772819897,7.8080969795598465,-1,0.0
E23,BTR,BRK24R15,1788735600000,exit,0.04623,19956.584021115905,-67.25368815116056,0.7380743034369507,1,0.0
E22,BTC,BRK24R15,1788739200000,enter,80082.0,0.1272005768383535,0.0,8.14918127549522,1,0.0
E22,SOL,BRK24R15,1788739200000,funding,106.49,48.29766613457708,-0.2310848057075331,0.0,1,-0.2310848057075331
E22,BTC,BRK24R15,1788739200000,funding,80299.6,0.1272005768383535,-0.26628303231790756,0.0,1,-0.26628303231790756
E22,SOL,BRK24R15,1788750000000,exit,104.85,48.29766613457708,78.72519579936042,4.051208235368326,1,0.0
E22,ETH,BRK24R15,1788750000000,enter,2526.57,2.416250960850861,0.0,4.883861752125568,1,0.0
E22,BTC,BRK24R15,1788757200000,exit,79520.6,0.1272005768383535,-71.41040383705092,8.092052952425579,1,0.0
E23,BTR,BRK24R15,1788760800000,enter,0.04578,21559.672392991273,0.0,0.7896014417209124,-1,0.0
E22,ETH,BRK24R15,1788768000000,exit,2486.84,2.416250960850861,-95.99765067460474,4.807063631585884,1,0.0
E22,BTC,BRK24R15,1788768000000,enter,79132.2,0.11259934068094415,0.0,7.128186837306088,-1,0.0
E22,SOL,BRK24R15,1788768000000,enter,104.63,36.41929212921566,0.0,3.0484404283838678,-1,0.0
E22,BTC,BRK24R15,1788768000000,funding,79353.0,0.11259934068094415,0.06656646133385946,0.0,-1,0.06656646133385946
E22,SOL,BRK24R15,1788768000000,funding,104.43,36.41929212921566,0.12029732499521777,0.0,-1,0.12029732499521777
E23,XRP,BRK24R15,1788768000000,enter,1.3954,2896.1816303714995,0.0,3.2330654776163126,-1,0.0
E23,BTR,BRK24R15,1788768000000,funding,0.04449,21559.672392991273,0.0479594912382091,0.0,-1,0.0479594912382091
E23,XRP,BRK24R15,1788768000000,funding,1.3983,2896.1816303714995,-0.07143725084892298,0.0,-1,-0.07143725084892298
E23,BTR,BRK24R15,1788782400000,funding,0.04461,21559.672392991273,0.048088849272567034,0.0,-1,0.048088849272567034
E22,BTC,BRK24R15,1788796800000,funding,78787.8,0.11259934068094415,0.17583222489397546,0.0,-1,0.17583222489397546
E22,SOL,BRK24R15,1788796800000,funding,103.19,36.41929212921566,-0.15163960755673536,0.0,-1,-0.15163960755673536
E23,BTR,BRK24R15,1788796800000,funding,0.0448,21559.672392991273,0.04829366616030046,0.0,-1,0.04829366616030046
E23,XRP,BRK24R15,1788796800000,funding,1.3828,2896.1816303714995,-0.14893999805578603,0.0,-1,-0.14893999805578603
E23,BTR,BRK24R15,1788804000000,exit,0.04655,21559.672392991273,-16.600947742603278,0.802882199914995,-1,0.0
E23,HYPE,BRK24R15,1788822000000,enter,84.67,39.041200978441395,0.0,2.6444947894757065,-1,0.0
E22,BTC,BRK24R15,1788825600000,funding,79072.5,0.11259934068094415,0.3207935145167623,0.0,-1,0.3207935145167623
E22,SOL,BRK24R15,1788825600000,funding,103.73,36.41929212921566,-0.28412632030850393,0.0,-1,-0.28412632030850393
E23,XRP,BRK24R15,1788825600000,funding,1.396,2896.1816303714995,0.0011320594756796117,0.0,-1,0.0011320594756796117
E23,HYPE,BRK24R15,1788825600000,funding,85.13,39.041200978441395,0.3323577439294716,0.0,-1,0.3323577439294716
E22,BTC,BRK24R15,1788836400000,exit,79435.9,0.11259934068094415,-34.196419764802414,7.155543973117929,-1,0.0
E23,XRP,BRK24R15,1788836400000,exit,1.4059,2896.1816303714995,-30.409907118900612,3.257393403311433,-1,0.0
E22,BTC,BRK24R15,1788843600000,enter,78633.3,0.1084683869645007,0.0,6.82338177015654,-1,0.0
E23,BTR,BRK24R15,1788843600000,enter,0.04713,28519.669339175507,0.0,1.0753056127642733,1,0.0
E22,SOL,BRK24R15,1788854400000,funding,102.91,36.41929212921566,-0.17131693652643376,0.0,-1,-0.17131693652643376
E22,BTC,BRK24R15,1788854400000,funding,78442.6,0.1084683869645007,0.2547457562015682,0.0,-1,0.2547457562015682
E23,HYPE,BRK24R15,1788854400000,funding,84.08,39.041200978441395,0.32825841782673526,0.0,-1,0.32825841782673526
E23,BTR,BRK24R15,1788854400000,funding,0.04702,28519.669339175507,-0.3279939309309134,0.0,1,-0.3279939309309134
E23,BTR,BRK24R15,1788868800000,funding,0.04991,28519.669339175507,-0.07117083483591248,0.0,1,-0.07117083483591248
E22,SOL,BRK24R15,1788883200000,exit,104.04,36.41929212921566,21.487382356236846,3.0312505224988784,-1,0.0
E22,BTC,BRK24R15,1788883200000,funding,78871.7,0.1084683869645007,0.49354291573297865,0.0,-1,0.49354291573297865
E23,HYPE,BRK24R15,1788883200000,funding,83.94,39.041200978441395,0.3277118410130371,0.0,-1,0.3277118410130371
E23,BTR,BRK24R15,1788883200000,funding,0.04999,28519.669339175507,-0.07128491351326918,0.0,1,-0.07128491351326918
E22,SOL,BRK24R15,1788886800000,enter,104.49,38.4937756919069,0.0,3.217771697637881,1,0.0
E23,HYPE,BRK24R15,1788886800000,exit,84.57,39.041200978441395,3.9041200978444723,2.641371493397431,-1,0.0
E23,XRP,BRK24R15,1788886800000,enter,1.4342,2640.628453202961,0.0,3.029751462066949,1,0.0
E22,ETH,BRK24R15,1788894000000,enter,2507.32,2.04448306528881,0.0,4.100938623407952,1,0.0
E23,BTR,BRK24R15,1788897600000,funding,0.05018,28519.669339175507,-0.07155585037199136,0.0,1,-0.07155585037199136
E22,BTC,BRK24R15,1788912000000,funding,78425.6,0.1084683869645007,0.45570382946969895,0.0,-1,0.45570382946969895
E22,SOL,BRK24R15,1788912000000,funding,103.31,38.4937756919069,-0.007476368897454094,0.0,1,-0.007476368897454094
E22,ETH,BRK24R15,1788912000000,funding,2483.98,2.04448306528881,-0.17302296336666348,0.0,1,-0.17302296336666348
E23,BTR,BRK24R15,1788912000000,funding,0.0512,28519.669339175507,-0.0730103535082893,0.0,1,-0.0730103535082893
E23,XRP,BRK24R15,1788912000000,funding,1.4166,2640.628453202961,-0.16698548487027853,0.0,1,-0.16698548487027853
E23,BTR,BRK24R15,1788926400000,funding,0.05176,28519.669339175507,-0.07380890424978621,0.0,1,-0.07380890424978621
E22,BTC,BRK24R15,1788930000000,exit,78955.0,0.1084683869645007,-34.89428008647956,6.851297194225722,-1,0.0
E22,SOL,BRK24R15,1788940800000,funding,104.52,38.4937756919069,0.06916172059311829,0.0,1,0.06916172059311829
E22,ETH,BRK24R15,1788940800000,funding,2509.6,2.04448306528881,-0.3014365386631168,0.0,1,-0.3014365386631168
E23,BTR,BRK24R15,1788940800000,funding,0.0531,28519.669339175507,-0.07571972209551098,0.0,1,-0.07571972209551098
E23,XRP,BRK24R15,1788940800000,funding,1.4403,2640.628453202961,-0.33636360093194895,0.0,1,-0.33636360093194895
E23,BTR,BRK24R15,1788955200000,funding,0.0533,28519.669339175507,-0.4721729574841793,0.0,1,-0.4721729574841793
E22,ETH,BRK24R15,1788969600000,exit,2480.8,2.04448306528881,-54.2196908914592,4.057562870694785,1,0.0
E22,SOL,BRK24R15,1788969600000,exit,102.9,38.4937756919069,-61.20510335013155,3.168807614957776,1,0.0
E22,BTC,BRK24R15,1788969600000,enter,78228.8,0.08099194624857052,0.0,5.0687222117521396,-1,0.0
E22,BTC,BRK24R15,1788969600000,funding,78571.9,0.08099194624857052,0.494713346226572,0.0,-1,0.494713346226572
E23,XRP,BRK24R15,1788969600000,exit,1.4089,2640.628453202961,-66.80789986603459,2.9763051421741213,1,0.0
E23,BTR,BRK24R15,1788969600000,funding,0.05367,28519.669339175507,-0.07653253267167748,0.0,1,-0.07653253267167748
E23,HYPE,BRK24R15,1788976800000,enter,87.0,36.91775938902196,0.0,2.5694760534759284,1,0.0
E23,BTR,BRK24R15,1788980400000,target,0.057310740671589686,28519.669339175507,290.35135758163347,1.3075866988295801,1,0.0
E22,ETH,BRK24R15,1788984000000,enter,2467.92,1.8987909905922515,0.0,3.748851409201944,-1,0.0
E23,XRP,BRK24R15,1788984000000,enter,1.4046,2567.3538699344454,0.0,2.884884196567938,-1,0.0
E23,BTR,BRK24R15,1788984000000,enter,0.05847,16993.520829431254,0.0,0.7948889303174764,1,0.0
E23,BTR,BRK24R15,1788984000000,funding,0.05692,16993.520829431254,-0.04836356028056135,0.0,1,-0.04836356028056135
E23,HYPE,BRK24R15,1788994800000,exit,83.8,36.91775938902196,-118.13683004487038,2.474966589440032,1,0.0
E23,BTR,BRK24R15,1788994800000,exit,0.052,16993.520829431254,-109.94807976642028,0.7069304665043402,1,0.0
E22,BTC,BRK24R15,1788998400000,funding,78263.4,0.08099194624857052,0.08094526394860786,0.0,-1,0.08094526394860786
E22,ETH,BRK24R15,1788998400000,funding,2466.87,1.8987909905922515,-0.13991318675984413,0.0,-1,-0.13991318675984413
E23,XRP,BRK24R15,1788998400000,funding,1.3942,2567.3538699344454,-0.3466295574873986,0.0,-1,-0.3466295574873986
E23,BTR,BRK24R15,1789002000000,enter,0.06291,11643.164003760878,0.0,0.5859771579812774,1,0.0
E23,BTR,BRK24R15,1789012800000,funding,0.06969,11643.164003760878,-0.040570604971104776,0.0,1,-0.040570604971104776
E22,BTC,BRK24R15,1789027200000,funding,78062.3,0.08099194624857052,0.25890300095094926,0.0,-1,0.25890300095094926
E22,ETH,BRK24R15,1789027200000,funding,2471.45,1.8987909905922515,0.18555200693086712,0.0,-1,0.18555200693086712
E23,XRP,BRK24R15,1789027200000,funding,1.382,2567.3538699344454,-0.017066279462079628,0.0,-1,-0.017066279462079628
E23,BTR,BRK24R15,1789027200000,funding,0.05312,11643.164003760878,-0.03092424359398889,0.0,1,-0.03092424359398889
E23,BTR,BRK24R15,1789041600000,funding,0.0528,11643.164003760878,-0.030737952969928716,0.0,1,-0.030737952969928716
E23,BTR,BRK24R15,1789045200000,exit,0.05027,11643.164003760878,-147.1695930075374,0.4682414835752475,1,0.0
E23,HYPE,BRK24R15,1789045200000,enter,82.09,34.72516031820556,0.0,2.2804707284171957,-1,0.0
E22,BTC,BRK24R15,1789056000000,funding,77224.0,0.08099194624857052,0.47759530428012614,0.0,-1,0.47759530428012614
E22,ETH,BRK24R15,1789056000000,funding,2440.01,1.8987909905922515,-0.40627382104450394,0.0,-1,-0.40627382104450394
E23,XRP,BRK24R15,1789056000000,funding,1.3559,2567.3538699344454,-0.0912041679407958,0.0,-1,-0.0912041679407958
E23,HYPE,BRK24R15,1789056000000,funding,80.64,34.72516031820556,0.17213056396785414,0.0,-1,0.17213056396785414
E22,BTC,BRK24R15,1789084800000,funding,76535.2,0.08099194624857052,0.3155775888982962,0.0,-1,0.3155775888982962
E22,ETH,BRK24R15,1789084800000,funding,2437.05,1.8987909905922515,0.000879215230888341,0.0,-1,0.000879215230888341
E23,XRP,BRK24R15,1789084800000,funding,1.3337,2567.3538699344454,-0.04858769316134498,0.0,-1,-0.04858769316134498
E23,HYPE,BRK24R15,1789084800000,funding,78.54,34.72516031820556,-0.12542917506311185,0.0,-1,-0.12542917506311185
E22,BTC,BRK24R15,1789110000000,exit,77320.0,0.08099194624857052,73.60548075070112,5.009837827151578,-1,0.0
E22,ETH,BRK24R15,1789113600000,exit,2471.31,1.8987909905922515,-6.436901458107491,3.75400093036843,-1,0.0
E23,XRP,BRK24R15,1789113600000,exit,1.358,2567.3538699344454,119.63869033894508,2.789173244296782,-1,0.0
E23,HYPE,BRK24R15,1789113600000,funding,79.81,34.72516031820556,-0.05415344997922156,0.0,-1,-0.05415344997922156
E22,ETH,BRK24R15,1789117200000,enter,2476.97,2.109556477757188,0.0,4.180246486968177,1,0.0
E23,BTR,BRK24R15,1789117200000,enter,0.05563,11504.11313728065,0.0,0.5119790510615381,1,0.0
E23,XRP,BRK24R15,1789128000000,enter,1.3282,2797.27111353295,0.0,2.9722683943955714,-1,0.0
E23,BTR,BRK24R15,1789128000000,funding,0.05205,11504.11313728065,-0.029939454439772896,0.0,1,-0.029939454439772896
E22,ETH,BRK24R15,1789131600000,exit,2436.31,2.109556477757188,-85.77456638560696,4.111626833859692,1,0.0
E22,BTC,BRK24R15,1789131600000,enter,77960.0,0.08813328456763353,0.0,5.496696691914169,1,0.0
E22,SOL,BRK24R15,1789131600000,enter,101.47,40.72417627843347,0.0,3.305825733578115,1,0.0
E23,XRP,BRK24R15,1789131600000,exit,1.359,2797.27111353295,-86.1559502968147,3.0411931546330235,-1,0.0
E23,HYPE,BRK24R15,1789131600000,exit,80.39,34.72516031820556,59.03277254094955,2.233244510384436,-1,0.0
E23,XRP,BRK24R15,1789135200000,enter,1.3707,2386.1163150955185,0.0,2.616519706481142,1,0.0
E22,BTC,BRK24R15,1789142400000,funding,77686.0,0.08813328456763353,-0.38355338576248443,0.0,1,-0.38355338576248443
E22,SOL,BRK24R15,1789142400000,funding,101.56,40.72417627843347,-0.17590184049088753,0.0,1,-0.17590184049088753
E23,BTR,BRK24R15,1789142400000,exit,0.04956,11504.11313728065,-69.82996674329354,0.45611507766690323,1,0.0
E23,XRP,BRK24R15,1789142400000,funding,1.3737,2386.1163150955185,-0.10987212355820582,0.0,1,-0.10987212355820582
E22,BTC,BRK24R15,1789171200000,funding,77178.6,0.08813328456763353,-0.014896387700766123,0.0,1,-0.014896387700766123
E22,SOL,BRK24R15,1789171200000,funding,102.41,40.72417627843347,-0.25273611129606693,0.0,1,-0.25273611129606693
E23,XRP,BRK24R15,1789171200000,funding,1.3556,2386.1163150955185,-0.12822030813011173,0.0,1,-0.12822030813011173
E23,HYPE,BRK24R15,1789189200000,enter,78.5,29.23212957454791,0.0,1.8357777372816086,-1,0.0
E22,BTC,BRK24R15,1789200000000,funding,77234.3,0.08813328456763353,-0.10543907524896784,0.0,1,-0.10543907524896784
E22,SOL,BRK24R15,1789200000000,funding,101.61,40.72417627843347,-0.21165785866698061,0.0,1,-0.21165785866698061
E23,XRP,BRK24R15,1789200000000,funding,1.3686,2386.1163150955185,0.13444634893653154,0.0,1,0.13444634893653154
E23,HYPE,BRK24R15,1789200000000,funding,79.06,29.23212957454791,0.05521199180187217,0.0,-1,0.05521199180187217
E23,HYPE,BRK24R15,1789214400000,exit,79.9,29.23212957454791,-40.92498140436724,1.8685177224051026,-1,0.0
E22,BTC,BRK24R15,1789228800000,funding,77350.1,0.08813328456763353,-0.25993672362482917,0.0,1,-0.25993672362482917
E22,SOL,BRK24R15,1789228800000,funding,102.01,40.72417627843347,-0.13160737567812378,0.0,1,-0.13160737567812378
E23,BTR,BRK24R15,1789228800000,enter,0.04924,19213.614757486732,0.0,0.7568627125269174,-1,0.0
E23,XRP,BRK24R15,1789228800000,funding,1.3716,2386.1163150955185,-0.20045882468933207,0.0,1,-0.20045882468933207
E23,BTR,BRK24R15,1789228800000,funding,0.04941,19213.614757486732,0.047467235258370974,0.0,-1,0.047467235258370974
E22,BTC,BRK24R15,1789236000000,exit,77130.1,0.08813328456763353,-73.14181286267855,5.438183241624025,1,0.0
E22,SOL,BRK24R15,1789243200000,exit,101.51,40.72417627843347,1.6289670511375933,3.3071289072190253,1,0.0
E23,XRP,BRK24R15,1789243200000,exit,1.3621,2386.1163150955185,-20.52060030982132,2.600103226233285,1,0.0
E23,BTR,BRK24R15,1789243200000,funding,0.05021,19213.614757486732,0.04823577984867044,0.0,-1,0.04823577984867044
E23,BTR,BRK24R15,1789257600000,funding,0.04971,19213.614757486732,0.04775543947973327,0.0,-1,0.04775543947973327
E23,BTR,BRK24R15,1789272000000,exit,0.05095,19213.614757486732,-32.85528123530237,0.7831469375151593,-1,0.0
E22,BTC,BRK24R15,1789282800000,enter,77022.6,0.13878792970517184,0.0,8.551845755607655,-1,0.0
E22,ETH,BRK24R15,1789282800000,enter,2508.8,2.578519648681999,0.0,5.1751920756907195,-1,0.0
E23,XRP,BRK24R15,1789282800000,enter,1.3601,3949.7364181649095,0.0,4.297629201876875,-1,0.0
E22,BTC,BRK24R15,1789286400000,funding,77082.9,0.13878792970517184,0.4604494996311108,0.0,-1,0.4604494996311108
E22,ETH,BRK24R15,1789286400000,funding,2516.46,2.578519648681999,0.3990576056400217,0.0,-1,0.3990576056400217
E23,HYPE,BRK24R15,1789286400000,enter,78.62,46.958096743841175,0.0,2.953476452800635,-1,0.0
E23,XRP,BRK24R15,1789286400000,funding,1.3571,3949.7364181649095,0.1763501619427136,0.0,-1,0.1763501619427136
E23,HYPE,BRK24R15,1789286400000,funding,78.52,46.958096743841175,0.15356978735099494,0.0,-1,0.15356978735099494
E22,BTC,BRK24R15,1789315200000,funding,77100.1,0.13878792970517184,0.4236352994262535,0.0,-1,0.4236352994262535
E22,ETH,BRK24R15,1789315200000,funding,2489.67,2.578519648681999,0.043653708493391966,0.0,-1,0.043653708493391966
E23,XRP,BRK24R15,1789315200000,funding,1.3429,3949.7364181649095,-0.6711809450895757,0.0,-1,-0.6711809450895757
E23,HYPE,BRK24R15,1789315200000,funding,77.94,46.958096743841175,0.10705248626128819,0.0,-1,0.10705248626128819
E22,BTC,BRK24R15,1789318800000,exit,77289.8,0.13878792970517184,-37.08413481722151,8.581513063461433,-1,0.0
E23,XRP,BRK24R15,1789333200000,exit,1.3599,3949.7364181649095,0.7899472836328949,4.296997244049969,-1,0.0
E23,HYPE,BRK24R15,1789333200000,exit,78.75,46.958096743841175,-6.104552576699139,2.958360094861994,-1,0.0
E22,ETH,BRK24R15,1789336800000,exit,2514.89,2.578519648681999,-15.703184660472575,5.187754623419098,-1,0.0
E22,BTC,BRK24R15,1789336800000,enter,77399.6,0.13496504326518707,0.0,8.35699229016654,1,0.0
E22,SOL,BRK24R15,1789340400000,enter,99.35,53.99007184584627,0.0,4.291130910307862,-1,0.0
E22,BTC,BRK24R15,1789344000000,funding,76789.0,0.13496504326518707,-0.39092369427899576,0.0,1,-0.39092369427899576
E22,SOL,BRK24R15,1789344000000,funding,99.21,53.99007184584627,-0.1801342195858021,0.0,-1,-0.1801342195858021
E22,BTC,BRK24R15,1789347600000,exit,76517.1,0.13496504326518707,-119.1066506815276,8.261706969621319,1,0.0
E22,BTC,BRK24R15,1789354800000,enter,77443.0,0.11111925696645596,0.0,6.884326893802599,1,0.0
E23,XRP,BRK24R15,1789354800000,enter,1.3699,3375.047949721614,0.0,3.698782549058911,1,0.0
E23,HYPE,BRK24R15,1789358400000,enter,79.51,40.165960532582815,0.0,2.554876417556528,1,0.0
E24,BTC,BBADD,1788710400000,enter,79501.0,0.010445184826873217,0.0,0.6643221111369981,1,0.0
E24,BTC,BBADD,1788710400000,funding,79675.0,0.010445184826873217,-0.024766870208174238,0.0,1,-0.024766870208174238
E25,XRP,BBADD,1788710400000,enter,1.4097,586.8839384971643,0.0,0.661864230479562,1,0.0
E25,XRP,BBADD,1788710400000,funding,1.4104,586.8839384971643,-0.037422175440977874,0.0,1,-0.037422175440977874
E24,BTC,BBADD,1788724800000,exit_signal,79908.7,0.010445184826873217,4.25850185391618,0.6677289126201311,1,0.0
E25,XRP,BBADD,1788732000000,exit_signal,1.4216,586.8839384971643,6.983918868116268,0.667451365574055,1,0.0
E25,BTR,BBADD,1788739200000,enter,0.04591,18030.89493627033,0.0,0.6622387092193368,1,0.0
E25,BTR,BBADD,1788739200000,funding,0.04723,18030.89493627033,-0.04257995839200239,0.0,1,-0.04257995839200239
E25,BTR,BBADD,1788753600000,funding,0.04645,18030.89493627033,-0.04187675348948784,0.0,1,-0.04187675348948784
E25,BTR,BBADD,1788768000000,funding,0.04449,18030.89493627033,-0.04010972578573335,0.0,1,-0.04010972578573335
E24,BTC,BBADD,1788771600000,enter,79353.0,0.010467713204515396,0.0,0.6645155567343282,1,0.0
E24,SOL,BBADD,1788771600000,enter,104.43,7.953548497764201,0.0,0.6644712556972125,1,0.0
E25,XRP,BBADD,1788771600000,enter,1.3983,591.9565325242057,0.0,0.6621862555428776,1,0.0
E25,BTR,BBADD,1788782400000,funding,0.04461,18030.89493627033,-0.04021791115535097,0.0,1,-0.04021791115535097
E24,SOL,BBADD,1788789600000,exit_signal,105.68,7.953548497764201,9.941935622205252,0.6724248041949767,1,0.0
E25,XRP,BBADD,1788789600000,exit_signal,1.4112,591.9565325242057,7.636239269562202,0.6682952469585274,1,0.0
E24,BTC,BBADD,1788796800000,funding,78787.8,0.010467713204515396,-0.016346110831299714,0.0,1,-0.016346110831299714
E25,BTR,BBADD,1788796800000,funding,0.0448,18030.89493627033,-0.04038920465724554,0.0,1,-0.04038920465724554
E24,BTC,BBADD,1788800400000,add,78787.8,0.010551186783687395,0.0,0.6650438352606447,1,0.0
E24,ETH,BBADD,1788800400000,enter,2468.85,0.3366949688139015,0.0,0.6649994990049605,1,0.0
E24,SOL,BBADD,1788800400000,enter,103.19,8.054985532816005,0.0,0.6649551657050269,1,0.0
E25,XRP,BBADD,1788800400000,enter,1.3828,598.9670104012639,0.0,0.6626012655862942,1,0.0
E25,HYPE,BBADD,1788800400000,enter,85.08,9.734324931955047,0.0,0.6625570921685884,1,0.0
E25,BTR,BBADD,1788807600000,exit_signal,0.04627,18030.89493627033,6.491122177057305,0.6674316069609826,1,0.0
E24,ETH,BBADD,1788814800000,exit_signal,2494.79,0.3366949688139015,8.733867491032623,0.6719865929977866,1,0.0
E24,BTC,BBADD,1788825600000,funding,79072.5,0.02101889998820279,-0.059882471404497456,0.0,1,-0.059882471404497456
E24,SOL,BBADD,1788825600000,funding,103.73,8.054985532816005,0.06284123786528231,0.0,1,0.06284123786528231
E25,XRP,BBADD,1788825600000,funding,1.396,598.9670104012639,-0.00023412422502564604,0.0,1,-0.00023412422502564604
E25,HYPE,BBADD,1788825600000,funding,85.13,9.734324931955047,-0.08286830814573332,0.0,1,-0.08286830814573332
E24,BTC,BBADD,1788832800000,exit_signal,79278.8,0.02101889998820279,4.403928391015452,1.3330825347077853,1,0.0
E25,XRP,BBADD,1788832800000,exit_signal,1.4009,598.9670104012639,10.841302888262879,0.6712743078969046,1,0.0
E24,SOL,BBADD,1788836400000,exit_signal,104.33,8.054985532816005,9.18268350741025,0.672301312510955,1,0.0
E25,HYPE,BBADD,1788840000000,add,84.15,9.857005785457266,0.0,0.6635736294769833,1,0.0
E24,BTC,BBADD,1788847200000,enter,78643.2,0.010589290828837711,0.0,0.6662205732083599,1,0.0
E24,BTC,BBADD,1788854400000,add,78284.1,0.010637156180237738,0.0,0.6661761585034793,1,0.0
E24,BTC,BBADD,1788854400000,funding,78442.6,0.02122644700907545,-0.04985182730309382,0.0,1,-0.04985182730309382
E25,HYPE,BBADD,1788854400000,funding,84.08,19.591330717412312,-0.16472390867200273,0.0,1,-0.16472390867200273
E25,HYPE,BBADD,1788872400000,add,83.17,9.97232189553184,0.0,0.6635184096411065,1,0.0
E24,BTC,BBADD,1788879600000,add,77931.5,0.010684518187517653,0.0,0.6661284233044256,1,0.0
E24,ETH,BBADD,1788879600000,enter,2458.38,0.33868035797093604,0.0,0.6660840147428718,1,0.0
E24,ETH,BBADD,1788883200000,exit_signal,2484.59,0.33868035797093604,8.876812182418245,0.6731854644888065,1,0.0
E24,BTC,BBADD,1788883200000,funding,78871.7,0.0319109651965931,-0.14519834993152986,0.0,1,-0.14519834993152986
E25,HYPE,BBADD,1788883200000,funding,83.94,29.563652612944153,-0.24815730003305325,0.0,1,-0.24815730003305325
E24,BTC,BBADD,1788886800000,exit_signal,78871.7,0.0319109651965931,18.715629925801327,2.013497658956906,1,0.0
E25,HYPE,BBADD,1788890400000,exit_signal,84.2,29.563652612944153,2.1981359015497297,1.9914076400079184,1,0.0
E24,BTC,BBADD,1788987600000,enter,78193.7,0.010673659022149673,0.0,0.6676903131842119,1,0.0
E24,ETH,BBADD,1788987600000,enter,2464.2,0.3386726932151744,0.0,0.6676458004966662,1,0.0
E24,SOL,BBADD,1788987600000,enter,102.29,8.15819350347826,0.0,0.6676012907766331,1,0.0
E25,XRP,BBADD,1788987600000,enter,1.4007,592.0891457347793,0.0,0.6634714131445644,1,0.0
E25,HYPE,BBADD,1788994800000,enter,84.34,9.832629560662518,0.0,0.6634271817170215,1,0.0
E24,SOL,BBADD,1788998400000,add,100.74,8.28316438385838,0.0,0.6675567840239146,1,0.0
E24,BTC,BBADD,1788998400000,funding,78263.4,0.010673659022149673,-0.010667506917215167,0.0,1,-0.010667506917215167
E24,ETH,BBADD,1788998400000,funding,2466.87,0.3386726932151744,0.024955235205478998,0.0,1,0.024955235205478998
E24,SOL,BBADD,1788998400000,funding,101.5,16.441357887336643,0.18742268378916802,0.0,1,0.18742268378916802
E25,XRP,BBADD,1788998400000,add,1.3836,599.3268947295464,0.0,0.6633829532382404,1,0.0
E25,HYPE,BBADD,1788998400000,add,82.54,10.045716133208511,0.0,0.6633387277080245,1,0.0
E25,XRP,BBADD,1788998400000,funding,1.3942,1191.4160404643258,0.16085823607171176,0.0,1,0.16085823607171176
E25,HYPE,BBADD,1788998400000,funding,83.51,19.87834569387103,-0.04233103654682683,0.0,1,-0.04233103654682683
E24,ETH,BBADD,1789023600000,exit_signal,2481.01,0.3386726932151744,5.693087972947217,0.672200270875024,1,0.0
E24,BTC,BBADD,1789027200000,funding,78062.3,0.010673659022149673,-0.0341199647614407,0.0,1,-0.0341199647614407
E24,SOL,BBADD,1789027200000,funding,101.26,16.441357887336643,0.11968620306739915,0.0,1,0.11968620306739915
E25,XRP,BBADD,1789027200000,funding,1.382,1191.4160404643258,0.007919842815703368,0.0,1,0.007919842815703368
E25,HYPE,BBADD,1789027200000,funding,83.24,19.87834569387103,0.01752299231795736,0.0,1,0.01752299231795736
E24,BTC,BBADD,1789048800000,add,76867.9,0.010860615384669836,0.0,0.66786615786181,1,0.0
E24,ETH,BBADD,1789048800000,enter,2413.08,0.34593840312551066,0.0,0.6678216334512859,1,0.0
E24,SOL,BBADD,1789048800000,add,98.86,8.443469451864452,0.0,0.6677771120090558,1,0.0
E25,XRP,BBADD,1789048800000,add,1.3576,610.732269380237,0.0,0.6633041031284878,1,0.0
E25,HYPE,BBADD,1789048800000,add,80.67,10.27736275652265,0.0,0.6632598828549459,1,0.0
E24,BTC,BBADD,1789056000000,funding,77224.0,0.021534274406819508,-0.12698383992665466,0.0,1,-0.12698383992665466
E24,SOL,BBADD,1789056000000,funding,99.68,24.884827339201095,0.09440857556386978,0.0,1,0.09440857556386978
E24,ETH,BBADD,1789056000000,funding,2440.01,0.34593840312551066,0.07401852946437122,0.0,1,0.07401852946437122
E25,XRP,BBADD,1789056000000,funding,1.3559,1802.1483098445628,0.06402056180493797,0.0,1,0.06402056180493797
E25,HYPE,BBADD,1789056000000,funding,80.64,30.155708450393682,-0.14948006157066124,0.0,1,-0.14948006157066124
E24,ETH,BBADD,1789066800000,exit_signal,2464.96,0.34593840312551066,17.94728435415153,0.6821794609346071,1,0.0
E24,BTC,BBADD,1789084800000,funding,76535.2,0.021534274406819508,-0.08390629822774914,0.0,1,-0.08390629822774914
E24,SOL,BBADD,1789084800000,funding,98.61,24.884827339201095,0.10365243288232252,0.0,1,0.10365243288232252
E25,XRP,BBADD,1789084800000,add,1.3421,617.6979809900881,0.0,0.6632099682294379,1,0.0
E25,HYPE,BBADD,1789084800000,add,79.42,10.437637783800612,0.0,0.6631657542315558,1,0.0
E25,XRP,BBADD,1789084800000,funding,1.3337,2419.846290834651,0.045796082282842814,0.0,1,0.045796082282842814
E25,HYPE,BBADD,1789084800000,funding,78.54,40.59334623419429,0.14662538299461417,0.0,1,0.14662538299461417
E24,BTC,BBADD,1789110000000,exit_signal,77213.3,0.021534274406819508,-6.713198751450543,1.3301859120448616,1,0.0
E24,SOL,BBADD,1789110000000,exit_signal,99.85,24.884827339201095,-18.918973692774937,1.9878000078553832,1,0.0
E25,XRP,BBADD,1789113600000,exit_signal,1.3526,2419.846290834651,-43.62645419296368,2.6184672743863593,1,0.0
E25,HYPE,BBADD,1789113600000,funding,79.81,40.59334623419429,0.06330481197606344,0.0,1,0.06330481197606344
E25,HYPE,BBADD,1789120800000,exit_signal,80.3,40.59334623419429,-56.84373053363298,2.6077165620846414,1,0.0
E25,XRP,BBADD,1789128000000,enter,1.3321,615.6558882862454,0.0,0.6560921670288861,1,0.0
E25,XRP,BBADD,1789135200000,exit_signal,1.3657,615.6558882862454,20.686037846417754,0.6726409973060202,1,0.0
E25,BTR,BBADD,1789232400000,enter,0.04941,16630.809907096016,0.0,0.6573826540076914,1,0.0
E24,BTC,BBADD,1789243200000,enter,77111.0,0.01081164926637431,0.0,0.6669576692635115,1,0.0
E25,BTR,BBADD,1789243200000,funding,0.05021,16630.809907096016,-0.041751648271764544,0.0,1,-0.041751648271764544
E24,SOL,BBADD,1789246800000,enter,101.21,8.23675038804088,0.0,0.666913205418894,1,0.0
E25,BTR,BBADD,1789250400000,exit_signal,0.05049,16630.809907096016,17.961274699663658,0.6717516737674223,1,0.0
E24,BTC,BBADD,1789257600000,funding,77244.7,0.01081164926637431,-0.04777850837977743,0.0,1,-0.04777850837977743
E24,SOL,BBADD,1789257600000,funding,101.71,8.23675038804088,-0.03221186746165568,0.0,1,-0.03221186746165568
E24,BTC,BBADD,1789268400000,exit_signal,77288.4,0.01081164926637431,1.9179865798547395,0.6684920585273953,1,0.0
E24,SOL,BBADD,1789268400000,exit_signal,102.25,8.23675038804088,8.566220403562566,0.6737661817417441,1,0.0
E25,BTR,BBADD,1789272000000,enter,0.04831,17038.104945213185,0.0,0.6584886799225992,1,0.0
E25,BTR,BBADD,1789272000000,funding,0.04836,17038.104945213185,-0.04119813775752548,0.0,1,-0.04119813775752548
E25,BTR,BBADD,1789286400000,exit_signal,0.0507,17038.104945213185,40.72107081905957,0.6910655365778469,1,0.0
E24,SOL,BBADD,1789290000000,enter,100.67,8.28788212844384,0.0,0.6674728750963532,1,0.0
E25,XRP,BBADD,1789290000000,enter,1.3571,608.9369806513761,0.0,0.6611107011535861,1,0.0
E25,HYPE,BBADD,1789290000000,enter,78.52,10.523857410641275,0.0,0.6610666271068424,1,0.0
E24,BTC,BBADD,1789293600000,enter,76769.1,0.010867464528447644,0.0,0.66742837690468,1,0.0
E24,ETH,BBADD,1789293600000,enter,2493.47,0.33456582677932417,0.0,0.6673838816795531,1,0.0
E24,SOL,BBADD,1789293600000,add,99.98,8.343411049969674,0.0,0.6673393894207745,1,0.0
E25,XRP,BBADD,1789293600000,add,1.3472,613.3300141018118,0.0,0.6610225559983687,1,0.0
E25,HYPE,BBADD,1789293600000,add,77.82,10.617104983101529,0.0,0.6609784878279688,1,0.0
E24,ETH,BBADD,1789300800000,add,2471.51,0.3374935262896703,0.0,0.6672949001281464,1,0.0
E24,BTC,BBADD,1789315200000,exit_signal,77173.4,0.010867464528447644,4.393715908851256,0.670943349631761,1,0.0
E24,SOL,BBADD,1789315200000,funding,100.18,16.631293178413515,0.022625949669330868,0.0,1,0.022625949669330868
E24,ETH,BBADD,1789315200000,funding,2489.67,0.6720593530689944,-0.011377800864975928,0.0,1,-0.011377800864975928
E25,XRP,BBADD,1789315200000,funding,1.3429,1222.2669947531879,0.20770052222152824,0.0,1,0.20770052222152824
E25,HYPE,BBADD,1789315200000,funding,77.94,21.140962393742804,-0.04819600331232319,0.0,1,-0.04819600331232319
E24,ETH,BBADD,1789326000000,exit_signal,2504.01,0.6720593530689944,14.494863418668723,1.3462746725426344,1,0.0
E24,SOL,BBADD,1789326000000,exit_signal,100.97,16.631293178413515,10.746341578003008,1.34340933777953,1,0.0
E25,XRP,BBADD,1789326000000,exit_signal,1.3548,1222.2669947531879,3.260753051675692,1.3247418595932952,1,0.0
E25,HYPE,BBADD,1789336800000,exit_signal,78.88,21.140962393742804,15.042719949918315,1.3340792908947459,1,0.0
E26,ETH,AD,1788708600000,enter,2475.88,0.3365806635755098,0.0,0.6666666666666666,1,0.0
E26,ETH,AD,1788710400000,funding,2478.43,0.3365806635755098,-0.00879237961182825,0.0,1,-0.00879237961182825
E26,ETH,AD,1788717600000,exit_target,2491.77,0.3365806635755098,5.348266744214808,0.6709452800620385,1,0.0
E26,ETH,AD,1789242300000,enter,2518.71,0.33098960256169074,0.0,0.6669334574945249,1,0.0
E26,SOL,AD,1789243200000,enter,101.29,8.229946135650426,0.0,0.6668889952640255,1,0.0
E26,SOL,AD,1789256700000,exit_target,101.74,8.229946135650426,3.7034757610425983,0.6698517758728595,1,0.0
E26,ETH,AD,1789257600000,funding,2524.87,0.33098960256169074,-0.03367058337096523,0.0,1,-0.03367058337096523
E26,ETH,AD,1789283700000,add,2511.77,0.3319594015829115,0.0,0.6670445328911276,1,0.0
E26,ETH,AD,1789286400000,funding,2516.46,0.6629490041446022,-0.10259950603463815,0.0,1,-0.10259950603463815
E26,ETH,AD,1789290000000,add,2492.02,0.33456454166124894,0.0,0.6669932232885325,1,0.0
E26,ETH,AD,1789292700000,add,2480.41,0.3361081217790842,0.0,0.6669487570736466,1,0.0
E26,ETH,AD,1789315200000,funding,2489.67,1.3336216675849353,-0.022577889428526066,0.0,1,-0.022577889428526066
E26,ETH,AD,1789334100000,exit_target,2511.94,1.3336216675849353,15.0776482385129,2.679982089338642,1,0.0
E11,SOL,BRK24TP,1789369200000,exit,101.59,53.11287701416932,-118.97284451173977,4.316589740695569,-1,0.0
E11,ETH,BRK24TP,1789369200000,enter,2521.99,2.0743406908216424,0.0,4.185173183076219,1,0.0
E11,BTC,BRK24TP,1789372800000,funding,77850.5,0.10931386507534924,-0.6579188501911778,0.0,1,-0.6579188501911778
E11,ETH,BRK24TP,1789372800000,funding,2522.0,2.0743406908216424,-0.4307606578802447,0.0,1,-0.4307606578802447
E12,XRP,BRK24TP,1789372800000,funding,1.39,3387.109498834871,-0.2050840607792533,0.0,1,-0.2050840607792533
E12,HYPE,BRK24TP,1789372800000,funding,79.92,40.30950329489671,-0.3221535503328145,0.0,1,-0.3221535503328145
E11,BTC,BRK24TP,1789394400000,timeout,78139.4,0.10931386507534924,76.12617563847257,6.833375862934995,1,0.0
E12,XRP,BRK24TP,1789394400000,timeout,1.394,3387.109498834871,81.62933892192042,3.7773045131006477,1,0.0
E11,BTC,BRK24TP,1789398000000,enter,78468.0,0.08503556089518075,0.0,5.338056313858434,1,0.0
E12,HYPE,BRK24TP,1789398000000,timeout,79.73,40.30950329489671,8.868090724877229,2.571101358161692,1,0.0
E11,ETH,BRK24TP,1789401600000,funding,2507.39,2.0743406908216424,-0.20451044103913482,0.0,1,-0.20451044103913482
E11,BTC,BRK24TP,1789401600000,funding,78542.8,0.08503556089518075,-0.28993239697938805,0.0,1,-0.28993239697938805
E11,SOL,BRK24TP,1789405200000,enter,102.31,42.948027737757876,0.0,3.515210174280007,1,0.0
E12,XRP,BRK24TP,1789405200000,enter,1.4097,2744.904635500246,0.0,3.095593651731758,1,0.0
E11,ETH,BRK24TP,1789408800000,timeout,2532.8,2.0743406908216424,22.423622867782786,4.2031120813704455,1,0.0
E12,HYPE,BRK24TP,1789408800000,enter,81.05,35.178581667934935,0.0,2.280979235348901,1,0.0
E11,ETH,BRK24TP,1789412400000,enter,2538.29,1.8180062656994618,0.0,3.6917016993298297,1,0.0
E12,XRP,BRK24TP,1789412400000,target,1.4789307339084308,2744.904635500246,190.03176242433582,3.247619061671226,1,0.0
E12,XRP,BRK24TP,1789419600000,enter,1.4798,2235.2069734692204,0.0,2.646127423471802,1,0.0
E11,BTC,BRK24TP,1789430400000,funding,78158.1,0.08503556089518075,-0.17652354668036319,0.0,1,-0.17652354668036319
E11,SOL,BRK24TP,1789430400000,funding,102.48,42.948027737757876,-0.2504787730567985,0.0,1,-0.2504787730567985
E11,ETH,BRK24TP,1789430400000,funding,2514.19,1.8180062656994618,-0.12359478820221746,0.0,1,-0.12359478820221746
E12,HYPE,BRK24TP,1789430400000,funding,80.31,35.178581667934935,-0.043112428298653305,0.0,1,-0.043112428298653305
E12,XRP,BRK24TP,1789430400000,funding,1.4227,2235.2069734692204,-0.31800289611546606,0.0,1,-0.31800289611546606
E11,BTC,BRK24TP,1789437600000,timeout,77869.4,0.08503556089518075,-50.90228675185569,5.297334484456949,1,0.0
E12,BTR,BRK24TP,1789437600000,enter,0.04915,35206.443397207964,0.0,1.3843173543782172,-1,0.0
E11,ETH,BRK24TP,1789444800000,exit,2495.01,1.8180062656994618,-78.68331117947224,3.628755050386252,1,0.0
E11,SOL,BRK24TP,1789444800000,exit,101.28,42.948027737757876,-44.23646856989066,3.4798209994240943,1,0.0
E12,BTR,BRK24TP,1789444800000,funding,0.05001,35206.443397207964,0.08803371171471852,0.0,-1,0.08803371171471852
E12,HYPE,BRK24TP,1789448400000,exit,79.27,35.178581667934935,-62.617875368924224,2.2308849350537616,1,0.0
E11,BTC,BRK24TP,1789452000000,enter,77313.0,0.08244693381412421,0.0,5.099375835177108,-1,0.0
E11,ETH,BRK24TP,1789452000000,enter,2486.0,1.6071706225875075,0.0,3.196340934202035,-1,0.0
E12,XRP,BRK24TP,1789452000000,exit,1.4075,2235.2069734692204,-161.60546418182471,2.516843052126342,1,0.0
E12,HYPE,BRK24TP,1789452000000,enter,79.05,38.23180545527538,0.0,2.417779376991615,-1,0.0
E11,BTC,BRK24TP,1789459200000,funding,76890.1,0.08244693381412421,0.07125432755883405,0.0,-1,0.07125432755883405
E11,ETH,BRK24TP,1789459200000,funding,2472.44,1.6071706225875075,-0.25240516397468354,0.0,-1,-0.25240516397468354
E12,BTR,BRK24TP,1789459200000,funding,0.04995,35206.443397207964,0.0879280923845269,0.0,-1,0.0879280923845269
E12,HYPE,BRK24TP,1789459200000,funding,78.65,38.23180545527538,0.03800761414808564,0.0,-1,0.03800761414808564
E12,BTR,BRK24TP,1789473600000,funding,0.05015,35206.443397207964,0.08828015681849898,0.0,-1,0.08828015681849898
E12,BTR,BRK24TP,1789477200000,exit,0.05095,35206.443397207964,-63.37159811497444,1.4350146328701967,-1,0.0
E12,XRP,BRK24TP,1789484400000,enter,1.3852,1908.4014414040078,0.0,2.1148141413062653,-1,0.0
E11,BTC,BRK24TP,1789488000000,funding,76476.9,0.08244693381412421,0.22793608574082963,0.0,-1,0.22793608574082963
E11,ETH,BRK24TP,1789488000000,funding,2423.18,1.6071706225875075,-0.23479721703017584,0.0,-1,-0.23479721703017584
E12,HYPE,BRK24TP,1789488000000,funding,77.24,38.23180545527538,-0.04320275067873682,0.0,-1,-0.04320275067873682
E12,XRP,BRK24TP,1789488000000,funding,1.3888,1908.4014414040078,0.20092590835331717,0.0,-1,0.20092590835331717
E11,BTC,BRK24TP,1789491600000,timeout,76346.3,0.08244693381412421,79.70145091811364,5.035614674442617,-1,0.0
E11,ETH,BRK24TP,1789491600000,timeout,2421.08,1.6071706225875075,104.3375168183811,3.1128709207473304,-1,0.0
E12,HYPE,BRK24TP,1789491600000,timeout,76.69,38.23180545527538,90.22706087444988,2.3455977282920553,-1,0.0
E11,BTC,BRK24TP,1789498800000,enter,75559.4,0.06679138590508477,0.0,4.037373635325329,-1,0.0
E11,ETH,BRK24TP,1789498800000,enter,2387.51,1.3748778171828413,0.0,2.6260276298417646,-1,0.0
E12,HYPE,BRK24TP,1789498800000,enter,76.35,33.57457052173398,0.0,2.0507347674675116,-1,0.0
E12,BTR,BRK24TP,1789502400000,enter,0.05162,35595.89619929995,0.0,1.4699681294462905,1,0.0
E12,BTR,BRK24TP,1789502400000,funding,0.05152,35595.89619929995,-0.3136336758555804,0.0,1,-0.3136336758555804
E12,XRP,BRK24TP,1789506000000,target,1.2868694211402443,1908.4014414040078,187.65421843004825,1.9646907665622269,-1,0.0
E11,BTC,BRK24TP,1789516800000,funding,75608.0,0.06679138590508477,0.2360352755516145,0.0,-1,0.2360352755516145
E11,ETH,BRK24TP,1789516800000,funding,2396.84,1.3748778171828413,-0.15418999487387583,0.0,-1,-0.15418999487387583
E12,HYPE,BRK24TP,1789516800000,funding,76.93,33.57457052173398,0.2582891710236996,0.0,-1,0.2582891710236996
E12,BTR,BRK24TP,1789516800000,funding,0.05031,35595.89619929995,-0.8258231330549959,0.0,1,-0.8258231330549959
E12,BTR,BRK24TP,1789524000000,exit,0.04978,35595.89619929995,-65.49644900671196,1.4175709702409212,1,0.0
E12,BTR,BRK24TP,1789534800000,enter,0.05167,36905.30331217976,0.0,1.5255176177122627,1,0.0
E11,BTC,BRK24TP,1789538400000,timeout,75931.5,0.06679138590508477,-24.85307469528243,4.057256095081556,-1,0.0
E11,ETH,BRK24TP,1789538400000,timeout,2406.0,1.3748778171828413,-25.421490839710437,2.646364822513533,-1,0.0
E12,HYPE,BRK24TP,1789538400000,timeout,77.25,33.57457052173398,-30.217113469560775,2.0749084582431605,-1,0.0
E12,BTR,BRK24TP,1789545600000,target,0.05686329639415483,36905.30331217976,191.66017861633335,1.6788457606053293,1,0.0
E12,BTR,BRK24TP,1789567200000,enter,0.04974,24165.73447139899,0.0,0.9616029060859086,-1,0.0
E12,XRP,BRK24TP,1789570800000,enter,1.2636,1757.799438950973,0.0,1.7769242968467596,-1,0.0
E12,BTR,BRK24TP,1789574400000,funding,0.05079,24165.73447139899,0.06136888269011775,0.0,-1,0.06136888269011775
E12,XRP,BRK24TP,1789574400000,funding,1.2655,1757.799438950973,0.008942470663769674,0.0,-1,0.008942470663769674
E12,XRP,BRK24TP,1789588800000,exit,1.301,1757.799438950973,-65.74169901676618,1.8295176560601727,-1,0.0
E12,BTR,BRK24TP,1789588800000,funding,0.05059,24165.73447139899,0.06112722534540376,0.0,-1,0.06112722534540376
E12,XRP,BRK24TP,1789592400000,enter,1.3117,1639.4048707758184,0.0,1.720325895197313,1,0.0
E12,BTR,BRK24TP,1789603200000,funding,0.05106,24165.73447139899,0.061695120105481636,0.0,-1,0.061695120105481636
E12,XRP,BRK24TP,1789603200000,funding,1.2987,1639.4048707758184,-0.023377464260328575,0.0,1,-0.023377464260328575
E11,SOL,BRK24TP,1789606800000,enter,98.88,30.36754210521704,0.0,2.402194050691089,1,0.0
E12,BTR,BRK24TP,1789606800000,timeout,0.05101,24165.73447139899,-30.690482778676728,0.9861552923088501,-1,0.0
E11,BTC,BRK24TP,1789610400000,enter,76529.1,0.061206714730422614,0.0,3.747275833820789,1,0.0
E11,SOL,BRK24TP,1789632000000,funding,99.98,30.36754210521704,0.03573544853842889,0.0,1,0.03573544853842889
E11,BTC,BRK24TP,1789632000000,funding,76434.7,0.061206714730422614,-0.2737283205555019,0.0,1,-0.2737283205555019
E12,XRP,BRK24TP,1789632000000,timeout,1.3014,1639.4048707758184,-16.885870168991254,1.70681719906212,1,0.0
E12,HYPE,BRK24TP,1789639200000,enter,80.4,34.75127371861969,0.0,2.235201925581619,1,0.0
E11,SOL,BRK24TP,1789646400000,timeout,100.08,30.36754210521704,36.44105052626053,2.431346891112097,1,0.0
E11,BTC,BRK24TP,1789650000000,timeout,76700.2,0.061206714730422614,10.472468890374774,3.7556538089330886,1,0.0
E11,ETH,BRK24TP,1789650000000,enter,2453.5,1.588406033537009,0.0,3.1177233626264416,1,0.0
E11,SOL,BRK24TP,1789650000000,enter,100.79,34.46018202437782,0.0,2.7785933969896326,1,0.0
E12,XRP,BRK24TP,1789657200000,enter,1.3177,2056.3172875366017,0.0,2.1676874318295845,1,0.0
E11,ETH,BRK24TP,1789660800000,funding,2469.21,1.588406033537009,-0.1097405835767163,0.0,1,-0.1097405835767163
E11,SOL,BRK24TP,1789660800000,funding,101.23,34.46018202437782,0.03980269222239982,0.0,1,0.03980269222239982
E12,HYPE,BRK24TP,1789660800000,funding,82.57,34.75127371861969,-0.2869412670946428,0.0,1,-0.2869412670946428
E12,XRP,BRK24TP,1789660800000,funding,1.3073,2056.3172875366017,-0.005618387303092892,0.0,1,-0.005618387303092892
E12,HYPE,BRK24TP,1789678800000,timeout,83.27,34.75127371861969,99.73615557243818,2.3149908500395693,1,0.0
E12,XRP,BRK24TP,1789686000000,exit,1.2883,2056.3172875366017,-60.45572825357628,2.1193228492267235,1,0.0
E12,HYPE,BRK24TP,1789686000000,enter,83.72,31.13127611413374,0.0,2.085048349020221,1,0.0
E11,ETH,BRK24TP,1789689600000,timeout,2446.5,1.588406033537009,-11.118842234759063,3.1088282888386343,1,0.0
E11,SOL,BRK24TP,1789689600000,timeout,101.59,34.46018202437782,27.56814561950216,2.8006479134852342,1,0.0
E12,BTR,BRK24TP,1789689600000,enter,0.05318,31792.39953338754,0.0,1.3525758457484396,1,0.0
E12,HYPE,BRK24TP,1789689600000,funding,85.11,31.13127611413374,-0.26495829100739227,0.0,1,-0.26495829100739227
E12,BTR,BRK24TP,1789689600000,funding,0.05224,31792.39953338754,-0.08304174758120826,0.0,1,-0.08304174758120826
E11,SOL,BRK24TP,1789696800000,enter,102.04,35.46064087587087,0.0,2.894723035979091,1,0.0
E11,BTC,BRK24TP,1789704000000,enter,77144.0,0.07605342402884828,0.0,4.693652274625178,1,0.0
E12,BTR,BRK24TP,1789704000000,funding,0.05161,31792.39953338754,-0.08204028699590656,0.0,1,-0.08204028699590656
E12,BTR,BRK24TP,1789711200000,exit,0.05116,31792.39953338754,-64.22064705744286,1.3011993281024852,1,0.0
E11,SOL,BRK24TP,1789718400000,funding,105.77,35.46064087587087,-0.3750671985440862,0.0,1,-0.3750671985440862
E11,BTC,BRK24TP,1789718400000,funding,77781.1,0.07605342402884828,-0.5173121347774104,0.0,1,-0.5173121347774104
E12,XRP,BRK24TP,1789718400000,enter,1.3286,2421.826626265329,0.0,2.574111084524893,1,0.0
E12,HYPE,BRK24TP,1789718400000,funding,88.27,31.13127611413374,-0.2747957742594585,0.0,1,-0.2747957742594585
E12,XRP,BRK24TP,1789718400000,funding,1.3281,2421.826626265329,-0.23138982617215428,0.0,1,-0.23138982617215428
E12,HYPE,BRK24TP,1789725600000,timeout,88.98,31.13127611413374,163.75051236034363,2.2160487589084963,1,0.0
E12,HYPE,BRK24TP,1789729200000,enter,89.11,32.78617424725137,0.0,2.3372607897380555,1,0.0
E11,SOL,BRK24TP,1789736400000,timeout,105.77,35.46064087587087,132.268190466998,3.0005375883526897,1,0.0
E11,BTC,BRK24TP,1789740000000,target,79572.63010193573,0.07605342402884828,184.7056349517434,4.841416782586572,1,0.0
E11,ETH,BRK24TP,1789740000000,enter,2521.61,1.7896365180924774,0.0,3.6102122723097376,1,0.0
E11,SOL,BRK24TP,1789740000000,enter,106.68,34.53581907098054,0.0,2.9474249427937633,1,0.0
E11,ETH,BRK24TP,1789747200000,funding,2583.75,1.7896365180924774,-0.46239733536214384,0.0,1,-0.46239733536214384
E11,SOL,BRK24TP,1789747200000,funding,111.17,34.53581907098054,-0.3839347006120907,0.0,1,-0.3839347006120907
E12,XRP,BRK24TP,1789747200000,funding,1.385,2421.826626265329,-0.3354229877377481,0.0,1,-0.3354229877377481
E12,HYPE,BRK24TP,1789747200000,funding,91.35,32.78617424725137,-0.2995017017486412,0.0,1,-0.2995017017486412
E11,SOL,BRK24TP,1789750800000,target,112.2019291919252,34.53581907098054,190.7043474950943,3.0999884207898387,1,0.0
E11,BTC,BRK24TP,1789750800000,enter,81157.8,0.0629014533511242,0.0,4.083954856623894,1,0.0
E11,SOL,BRK24TP,1789754400000,enter,112.33,27.732822034804332,0.0,2.4921823193356567,1,0.0
E12,XRP,BRK24TP,1789758000000,timeout,1.3863,2421.826626265329,139.7393963355097,2.685902601593301,1,0.0
E12,BTR,BRK24TP,1789758000000,enter,0.05007,36989.72280610898,0.0,1.4816603367215013,-1,0.0
E11,ETH,BRK24TP,1789761600000,target,2628.2107257964785,1.7896365180924774,190.77655174054053,3.7628335137021702,1,0.0
E12,XRP,BRK24TP,1789761600000,enter,1.4022,2038.9035950346652,0.0,2.2871604967660857,1,0.0
E12,BTR,BRK24TP,1789761600000,funding,0.0501,36989.72280610898,0.092659255629303,0.0,-1,0.092659255629303
E12,HYPE,BRK24TP,1789768800000,timeout,91.51,32.78617424725137,78.68681819340347,2.4002102442927784,1,0.0
E12,HYPE,BRK24TP,1789772400000,enter,92.69,28.390189246992435,0.0,2.1051893130429833,1,0.0
E11,BTC,BRK24TP,1789776000000,funding,80870.4,0.0629014533511242,-0.45191714817382717,0.0,1,-0.45191714817382717
E11,SOL,BRK24TP,1789776000000,funding,112.72,27.732822034804332,-0.3126043699763144,0.0,1,-0.3126043699763144
E12,BTR,BRK24TP,1789776000000,funding,0.05065,36989.72280610898,0.09367647300647099,0.0,-1,0.09367647300647099
E12,XRP,BRK24TP,1789776000000,funding,1.3963,2038.9035950346652,-0.2846921089746903,0.0,1,-0.2846921089746903
E12,HYPE,BRK24TP,1789776000000,funding,92.56,28.390189246992435,-0.262779591670162,0.0,1,-0.262779591670162
E11,BTC,BRK24TP,1789790400000,timeout,81094.0,0.0629014533511242,-4.013112723801907,4.080744366444852,1,0.0
E12,BTR,BRK24TP,1789790400000,funding,0.04957,36989.72280610898,0.09167902797494111,0.0,-1,0.09167902797494111
E11,SOL,BRK24TP,1789794000000,timeout,112.35,27.732822034804332,0.5546564406959763,2.4926260444882136,1,0.0
E12,BTR,BRK24TP,1789797600000,timeout,0.04853,36989.72280610898,56.96417312140807,1.436088998224375,-1,0.0
E12,XRP,BRK24TP,1789801200000,timeout,1.4217,2038.9035950346652,39.75862010317612,2.3189673928486267,1,0.0
E12,HYPE,BRK24TP,1789804800000,funding,92.91,28.390189246992435,-0.02286914062707304,0.0,1,-0.02286914062707304
E11,ETH,BRK24TP,1789808400000,enter,2645.93,1.652632336039332,0.0,3.49819958151724,1,0.0
E12,HYPE,BRK24TP,1789812000000,timeout,91.97,28.390189246992435,-20.440936257834522,2.0888365640367152,1,0.0
E12,XRP,BRK24TP,1789826400000,enter,1.4387,2062.4776338750394,0.0,2.3738292574848154,1,0.0
E11,BTC,BRK24TP,1789833600000,enter,81735.0,0.08500493113229,0.0,5.558302436878179,1,0.0
E11,ETH,BRK24TP,1789833600000,funding,2640.33,1.652632336039332,-0.4363494735814729,0.0,1,-0.4363494735814729
E11,BTC,BRK24TP,1789833600000,funding,81610.9,0.08500493113229,-0.6937328934144207,0.0,1,-0.6937328934144207
E12,XRP,BRK24TP,1789833600000,funding,1.4301,2062.4776338750394,-0.2949549264204694,0.0,1,-0.2949549264204694
E11,ETH,BRK24TP,1789848000000,timeout,2633.95,1.652632336039332,-19.79853538575123,3.482360753208639,1,0.0
E11,BTC,BRK24TP,1789851600000,exit,81040.0,0.08500493113229,-59.078427136941556,5.511039695168626,1,0.0
E11,SOL,BRK24TP,1789855200000,enter,110.62,34.005899629352484,0.0,3.009386093599178,-1,0.0
E12,XRP,BRK24TP,1789855200000,exit,1.4082,2062.4776338750394,-62.9055678331891,2.3235048032182646,1,0.0
E12,HYPE,BRK24TP,1789855200000,enter,91.09,32.05771864158975,0.0,2.3361100728499284,-1,0.0
E11,SOL,BRK24TP,1789862400000,funding,111.01,34.005899629352484,0.377499491785442,0.0,-1,0.377499491785442
E12,HYPE,BRK24TP,1789862400000,funding,92.17,32.05771864158975,0.2954759927195328,0.0,-1,0.2954759927195328
E11,BTC,BRK24TP,1789873200000,enter,80861.1,0.09295376624415229,0.0,6.013075030116019,-1,0.0
E12,XRP,BRK24TP,1789873200000,enter,1.3954,2111.7912858595705,0.0,2.357434848230756,-1,0.0
E11,SOL,BRK24TP,1789891200000,funding,108.42,34.005899629352484,0.3686919637814397,0.0,-1,0.3686919637814397
E11,BTC,BRK24TP,1789891200000,funding,80274.5,0.09295376624415229,0.5315052326289246,0.0,-1,0.5315052326289246
E12,HYPE,BRK24TP,1789891200000,funding,90.97,32.05771864158975,0.291629066482542,0.0,-1,0.291629066482542
E12,XRP,BRK24TP,1789891200000,funding,1.3792,2111.7912858595705,0.29125825414575196,0.0,-1,0.29125825414575196
E11,SOL,BRK24TP,1789894800000,timeout,108.05,34.005899629352484,87.39516204743613,2.9394699639612285,-1,0.0
E12,HYPE,BRK24TP,1789894800000,timeout,90.57,32.05771864158975,16.670013693627,2.322774061895027,-1,0.0
E12,BTR,BRK24TP,1789905600000,enter,0.05122,38260.01003497646,0.0,1.5677421711931956,1,0.0
E12,BTR,BRK24TP,1789905600000,funding,0.05129,38260.01003497646,-0.09811779573469714,0.0,1,-0.09811779573469714
E11,BTC,BRK24TP,1789912800000,timeout,80527.0,0.09295376624415229,31.05585330217182,5.988230347474281,-1,0.0
E12,XRP,BRK24TP,1789912800000,timeout,1.3768,2111.7912858595705,39.27931791698791,2.326011393897166,-1,0.0
E12,BTR,BRK24TP,1789920000000,funding,0.05042,38260.01003497646,-0.09645348529817567,0.0,1,-0.09645348529817567
E12,HYPE,BRK24TP,1789934400000,enter,93.42,34.58680869517883,0.0,2.584879734642885,1,0.0
E12,BTR,BRK24TP,1789934400000,funding,0.05035,38260.01003497646,-0.09631957526305325,0.0,1,-0.09631957526305325
E12,BTR,BRK24TP,1789945200000,timeout,0.0505,38260.01003497646,-27.54720722518299,1.545704405413049,1,0.0
E11,SOL,BRK24TP,1789948800000,enter,111.16,32.380530519700656,0.0,2.87953581805594,1,0.0
E11,SOL,BRK24TP,1789948800000,funding,111.12,32.380530519700656,-0.3598124551349137,0.0,1,-0.3598124551349137
E12,HYPE,BRK24TP,1789948800000,funding,93.65,34.58680869517883,-0.3239054634303498,0.0,1,-0.3239054634303498
E11,BTC,BRK24TP,1789952400000,enter,81479.4,0.09366788751036877,0.0,6.105602618889873,1,0.0
E12,XRP,BRK24TP,1789952400000,enter,1.4174,2341.6134056998394,0.0,2.655202272991162,1,0.0
E12,HYPE,BRK24TP,1789974000000,timeout,93.94,34.58680869517883,17.985140521492855,2.5992678470600796,1,0.0
E11,SOL,BRK24TP,1789977600000,funding,112.09,32.380530519700656,-0.3629533665953247,0.0,1,-0.3629533665953247
E11,BTC,BRK24TP,1789977600000,funding,81704.8,0.09366788751036877,-0.7653116015457179,0.0,1,-0.7653116015457179
E12,XRP,BRK24TP,1789977600000,funding,1.4383,2341.6134056998394,-0.3367942561418079,0.0,1,-0.3367942561418079
E11,BTC,BRK24TP,1789981200000,target,83590.93506874322,0.09366788751036877,197.78302929323888,6.263829042324463,1,0.0
E11,ETH,BRK24TP,1789981200000,enter,2709.71,1.5128332042757522,0.0,3.2794714095664386,1,0.0
E12,HYPE,BRK24TP,1789981200000,enter,94.49,35.31350874785398,0.0,2.669418753267778,1,0.0
E11,BTC,BRK24TP,1789984800000,enter,84303.0,0.0675875771841354,0.0,4.558268415483333,1,0.0
E11,SOL,BRK24TP,1789988400000,timeout,116.0,32.380530519700656,156.7217677153513,3.0049132322282213,1,0.0
E11,SOL,BRK24TP,1789992000000,enter,116.88,27.7042607573023,0.0,2.5904591978507945,1,0.0
E12,XRP,BRK24TP,1789992000000,timeout,1.4856,2341.6134056998394,159.69803426872915,2.782960700406145,1,0.0
E12,XRP,BRK24TP,1790002800000,enter,1.4981,1930.801764900379,0.0,2.314027299197807,1,0.0
E11,ETH,BRK24TP,1790006400000,funding,2754.51,1.5128332042757522,-0.41671141895096026,0.0,1,-0.41671141895096026
E11,BTC,BRK24TP,1790006400000,funding,85879.7,0.0675875771841354,-0.4796756864341044,0.0,1,-0.4796756864341044
E11,SOL,BRK24TP,1790006400000,funding,117.94,27.7042607573023,-0.3267440513716233,0.0,1,-0.3267440513716233
E12,HYPE,BRK24TP,1790006400000,funding,93.06,35.31350874785398,0.037134908902050796,0.0,1,0.037134908902050796
E12,XRP,BRK24TP,1790006400000,funding,1.4947,1930.801764900379,-0.28859693979965967,0.0,1,-0.28859693979965967
E12,HYPE,BRK24TP,1790010000000,exit,92.92,35.31350874785398,-55.44220873413051,2.6250649862804734,1,0.0
E12,BTR,BRK24TP,1790013600000,enter,0.04964,47227.83712248399,0.0,1.875511867808084,-1,0.0
E11,ETH,BRK24TP,1790020800000,timeout,2760.46,1.5128332042757522,76.77628511699443,3.340892437660034,1,0.0
E12,BTR,BRK24TP,1790020800000,funding,0.05018,47227.83712248399,0.11849464334031233,0.0,-1,0.11849464334031233
E11,BTC,BRK24TP,1790024400000,target,87282.8840986654,0.0675875771841354,201.40314651832517,4.719390932697993,1,0.0
E11,ETH,BRK24TP,1790024400000,enter,2775.85,1.3716211425413827,0.0,3.045931638818798,1,0.0
E11,SOL,BRK24TP,1790031600000,timeout,119.46,27.7042607573023,71.4769927538399,2.6476407920538665,1,0.0
E11,ETH,BRK24TP,1790035200000,funding,2774.73,1.3716211425413827,-0.3283711825577674,0.0,1,-0.3283711825577674
E12,XRP,BRK24TP,1790035200000,funding,1.5362,1930.801764900379,-0.2966097671239962,0.0,1,-0.2966097671239962
E12,BTR,BRK24TP,1790035200000,funding,0.05009,47227.83712248399,0.11828211807326115,0.0,-1,0.11828211807326115
E12,XRP,BRK24TP,1790042400000,timeout,1.5119,1930.801764900379,26.645064355625298,2.3353433506823067,1,0.0
E12,BTR,BRK24TP,1790042400000,exit,0.05089,47227.83712248399,-59.034796403105034,1.9227397049305681,-1,0.0
E11,ETH,BRK24TP,1790049600000,exit,2727.04,1.3716211425413827,-66.94882796744481,2.9923725764448417,1,0.0
E12,XRP,BRK24TP,1790085600000,enter,1.5748,1570.1748795167557,0.0,1.9781691202103897,1,0.0
E12,XRP,BRK24TP,1790092800000,funding,1.5719,1570.1748795167557,-0.24681578931123885,0.0,1,-0.24681578931123885
E12,BTR,BRK24TP,1790096400000,enter,0.05091,51747.85366110383,0.0,2.1075865839094368,1,0.0
E12,BTR,BRK24TP,1790107200000,funding,0.05121,51747.85366110383,-0.13250037929925634,0.0,1,-0.13250037929925634
E12,XRP,BRK24TP,1790121600000,funding,1.572,1570.1748795167557,-0.24683149106003402,0.0,1,-0.24683149106003402
E12,BTR,BRK24TP,1790121600000,funding,0.0517,51747.85366110383,-0.1337682017139534,0.0,1,-0.1337682017139534
E12,XRP,BRK24TP,1790125200000,timeout,1.5855,1570.1748795167557,16.80087121082918,1.9916098171790528,1,0.0
E11,BTC,BRK24TP,1790128800000,enter,86716.6,0.06701517979985037,0.0,4.649062832505365,1,0.0
E11,SOL,BRK24TP,1790128800000,enter,119.25,29.66767743854978,0.0,2.830296427637649,1,0.0
E12,BTR,BRK24TP,1790136000000,target,0.054783329246187173,51747.85366110383,200.4364750129676,2.267935763919811,1,0.0
E12,XRP,BRK24TP,1790136000000,enter,1.61,1419.082918268846,0.0,1.8277787987302738,1,0.0
E12,HYPE,BRK24TP,1790143200000,enter,97.82,34.32191229391758,0.0,2.685895568472814,1,0.0
E11,BTC,BRK24TP,1790150400000,exit,85944.1,0.06701517979985037,-51.769226395384415,4.607647451389058,1,0.0
E11,SOL,BRK24TP,1790150400000,exit,117.52,29.66767743854978,-51.32508196869124,2.7892363620626965,1,0.0
E12,XRP,BRK24TP,1790150400000,funding,1.6162,1419.082918268846,-0.2293521812506109,0.0,1,-0.2293521812506109
E12,HYPE,BRK24TP,1790150400000,funding,96.47,34.32191229391758,-0.3311034878994229,0.0,1,-0.3311034878994229
E12,HYPE,BRK24TP,1790154000000,exit,95.66,34.32191229391758,-74.13533055486185,2.6265873040289245,1,0.0
E12,XRP,BRK24TP,1790164800000,exit,1.568,1419.082918268846,-59.60148256729158,1.7800976126764407,1,0.0
E11,BTC,BRK24TP,1790168400000,enter,85393.5,0.0675161337197668,0.0,4.612351171839125,-1,0.0
E11,ETH,BRK24TP,1790168400000,enter,2713.37,1.5994738818515137,0.0,3.471971557439553,-1,0.0
E12,XRP,BRK24TP,1790175600000,enter,1.5328,1293.1466930748645,0.0,1.5857082009161219,-1,0.0
E12,HYPE,BRK24TP,1790175600000,enter,93.71,33.6777287940653,0.0,2.5247519722334872,-1,0.0
E11,BTC,BRK24TP,1790179200000,funding,83957.0,0.0675161337197668,0.32735310523552913,0.0,-1,0.32735310523552913
E11,ETH,BRK24TP,1790179200000,funding,2654.54,1.5994738818515137,0.009510742972259463,0.0,-1,0.009510742972259463
E12,XRP,BRK24TP,1790179200000,funding,1.5054,1293.1466930748645,0.1946703031754901,0.0,-1,0.1946703031754901
E12,HYPE,BRK24TP,1790179200000,funding,92.78,33.6777287940653,-0.1492630819948141,0.0,-1,-0.1492630819948141
E11,BTC,BRK24TP,1790208000000,timeout,84355.2,0.0675161337197668,70.10200164123405,4.556269570526138,-1,0.0
E11,ETH,BRK24TP,1790208000000,timeout,2683.39,1.5994738818515137,47.95222697790841,3.4336097758572266,-1,0.0
E12,XRP,BRK24TP,1790208000000,funding,1.5002,1293.1466930748645,-0.09015080874614888,0.0,-1,-0.09015080874614888
E12,HYPE,BRK24TP,1790208000000,funding,94.0,33.6777287940653,-0.2766827486805229,0.0,-1,-0.2766827486805229
E12,XRP,BRK24TP,1790215200000,timeout,1.489,1293.1466930748645,56.63982515667886,1.5403963407907788,-1,0.0
E12,HYPE,BRK24TP,1790215200000,timeout,92.33,33.6777287940653,46.47526573580996,2.4875717596448395,-1,0.0
E12,HYPE,BRK24TP,1790218800000,enter,91.9,29.38814433707031,0.0,2.1606163716614093,-1,0.0
E12,HYPE,BRK24TP,1790236800000,exit,94.42,29.38814433707031,-74.05812372941706,2.2198628706449433,-1,0.0
E11,BTC,BRK24TP,1790240400000,enter,83453.7,0.06666973510684669,0.0,4.451068858149002,-1,0.0
E12,XRP,BRK24TP,1790240400000,enter,1.4775,1456.5088106888418,0.0,1.721593414234211,-1,0.0
E11,ETH,BRK24TP,1790244000000,enter,2633.35,1.5883696097173288,0.0,3.3461864893993023,-1,0.0
E12,HYPE,BRK24TP,1790244000000,enter,91.14,27.066636513184427,0.0,1.973482601449303,-1,0.0
E11,BTC,BRK24TP,1790262000000,exit,84567.8,0.06666973510684669,-74.27675188253829,4.510490259655032,-1,0.0
E12,XRP,BRK24TP,1790262000000,exit,1.5191,1456.5088106888418,-60.59076652465561,1.7700660274539355,-1,0.0
E11,SOL,BRK24TP,1790265600000,enter,116.41,27.432054939669204,0.0,2.5546924124215136,1,0.0
E11,ETH,BRK24TP,1790265600000,funding,2682.77,1.5883696097173288,0.15476788587112453,0.0,-1,0.15476788587112453
E11,SOL,BRK24TP,1790265600000,funding,116.27,27.432054939669204,-0.1678965974652522,0.0,1,-0.1678965974652522
E12,HYPE,BRK24TP,1790265600000,funding,93.39,27.066636513184427,-0.011880439964641581,0.0,-1,-0.011880439964641581
E11,ETH,BRK24TP,1790269200000,exit,2703.44,1.5883696097173288,-111.3288259450878,3.435249550155372,-1,0.0
E12,XRP,BRK24TP,1790269200000,enter,1.5268,1406.8315550324548,0.0,1.7183603345788416,1,0.0
E12,HYPE,BRK24TP,1790283600000,timeout,93.42,27.066636513184427,-61.71193125006052,2.0228521464493516,-1,0.0
E12,BTR,BRK24TP,1790283600000,enter,0.05838,27365.96967866009,0.0,1.278100247872141,1,0.0
E11,SOL,BRK24TP,1790294400000,funding,117.0,27.432054939669204,0.3390569072077186,0.0,1,0.3390569072077186
E12,XRP,BRK24TP,1790294400000,funding,1.534,1406.8315550324548,-0.011329917928453875,0.0,1,-0.011329917928453875
E12,BTR,BRK24TP,1790294400000,funding,0.0583,27365.96967866009,-0.07977180161329417,0.0,1,-0.07977180161329417
E11,SOL,BRK24TP,1790305200000,timeout,116.87,27.432054939669204,12.618745272248052,2.564787408639312,1,0.0
E12,XRP,BRK24TP,1790308800000,timeout,1.5297,1406.8315550324548,4.079811509594294,1.7216241837865172,1,0.0
E12,BTR,BRK24TP,1790308800000,funding,0.05701,27365.96967866009,-0.0780066965690206,0.0,1,-0.0780066965690206
E12,BTR,BRK24TP,1790319600000,exit,0.05606,27365.96967866009,-63.48904965449148,1.2273090081485478,1,0.0
E12,BTR,BRK24TP,1790323200000,enter,0.04915,19902.530785644096,0.0,0.7825675104915258,-1,0.0
E12,BTR,BRK24TP,1790323200000,funding,0.05044,19902.530785644096,0.050194182641394414,0.0,-1,0.050194182641394414
E11,ETH,BRK24TP,1790330400000,enter,2706.28,1.6578657764197977,0.0,3.5893191947274965,1,0.0
E11,SOL,BRK24TP,1790330400000,enter,118.4,30.696061227511397,0.0,2.9075309194698797,1,0.0
E12,XRP,BRK24TP,1790330400000,enter,1.5599,1579.7019580613164,0.0,1.9713416675038782,1,0.0
E12,BTR,BRK24TP,1790337600000,funding,0.05023,19902.530785644096,0.04998520606814515,0.0,-1,0.04998520606814515
E11,ETH,BRK24TP,1790352000000,funding,2685.93,1.6578657764197977,-0.015273486187267149,0.0,1,-0.015273486187267149
E11,SOL,BRK24TP,1790352000000,funding,120.13,30.696061227511397,-0.36875178352609445,0.0,1,-0.36875178352609445
E12,BTR,BRK24TP,1790352000000,funding,0.04946,19902.530785644096,0.049218958632897845,0.0,-1,0.049218958632897845
E12,XRP,BRK24TP,1790352000000,funding,1.576,1579.7019580613164,0.07877126944602265,0.0,1,0.07877126944602265
E12,BTR,BRK24TP,1790362800000,timeout,0.04912,19902.530785644096,0.5970759235693676,0.7820898497526704,-1,0.0
E11,ETH,BRK24TP,1790370000000,timeout,2683.09,1.6578657764197977,-38.4459073551752,3.5585624688433564,1,0.0
E11,SOL,BRK24TP,1790370000000,timeout,121.56,30.696061227511397,96.99955347893591,2.9851305622530284,1,0.0
E12,XRP,BRK24TP,1790370000000,timeout,1.5602,1579.7019580613164,0.47391058741834274,1.9717207959738128,1,0.0
E12,XRP,BRK24TP,1790416800000,enter,1.5414,1788.028626526878,0.0,2.204853859942824,-1,0.0
E13,SOL,BRK24GATE,1789369200000,exit,101.59,46.93105763375079,-112.16522774466442,3.8141809160101943,-1,0.0
E14,XRP,BRK24GATE,1789372800000,enter,1.388,2953.4594635086487,0.0,3.279521388280003,1,0.0
E14,XRP,BRK24GATE,1789372800000,funding,1.39,2953.4594635086487,-0.17882724498030705,0.0,1,-0.17882724498030705
E18,HYPE,RSI2,1789372800000,exit_signal,79.65,38.63489076881018,8.113327061449896,2.461815239788585,-1,0.0
E18,XRP,RSI2,1789372800000,funding,1.39,2249.256879888117,0.13618890526621766,0.0,-1,0.13618890526621766
E13,ETH,BRK24GATE,1789380000000,enter,2533.58,1.969719812236086,0.0,3.992354177508082,1,0.0
E18,XRP,RSI2,1789394400000,exit_signal,1.3945,2249.256879888117,-50.383354109493766,2.5092709752031834,-1,0.0
E13,ETH,BRK24GATE,1789401600000,funding,2507.39,1.969719812236086,-0.1941958084833038,0.0,1,-0.1941958084833038
E14,XRP,BRK24GATE,1789401600000,funding,1.4029,2953.4594635086487,-0.41434082813562834,0.0,1,-0.41434082813562834
E13,BTC,BRK24GATE,1789405200000,enter,78680.0,0.08022642489969069,0.0,5.049772088886131,1,0.0
E18,HYPE,RSI2,1789416000000,enter,81.64,37.59012698077877,0.0,2.4550863733686232,-1,0.0
E18,HYPE,RSI2,1789426800000,exit_signal,80.55,37.59012698077877,40.97323840904899,2.422307782641384,-1,0.0
E13,ETH,BRK24GATE,1789430400000,funding,2514.19,1.969719812236086,-0.13390883607178683,0.0,1,-0.13390883607178683
E13,BTC,BRK24GATE,1789430400000,funding,78158.1,0.08022642489969069,-0.1665403616051388,0.0,1,-0.1665403616051388
E14,XRP,BRK24GATE,1789430400000,funding,1.4227,2953.4594635086487,-0.42018867787337544,0.0,1,-0.42018867787337544
E17,BTC,RSI2,1789434000000,enter,78158.1,0.04208209447950301,0.0,2.6312452388307555,1,0.0
E14,BTR,BRK24GATE,1789437600000,enter,0.04915,32227.50117737426,0.0,1.2671853462943559,-1,0.0
E16,BTR,BBMR,1789437600000,enter,0.04949,59527.33898552152,0.0,2.356806405114768,1,0.0
E13,BTC,BRK24GATE,1789444800000,exit,77711.1,0.08022642489969069,-77.73138308530984,4.987586982417883,1,0.0
E13,ETH,BRK24GATE,1789444800000,exit,2495.01,1.969719812236086,-75.97209315794527,3.9315765029817262,1,0.0
E14,BTR,BRK24GATE,1789444800000,funding,0.05001,32227.50117737426,0.08058486669402434,0.0,-1,0.08058486669402434
E16,BTR,BBMR,1789444800000,funding,0.05001,59527.33898552152,-0.14884811113329655,0.0,1,-0.14884811113329655
E17,ETH,RSI2,1789448400000,enter,2497.6,1.3165356609513805,0.0,2.630543573433734,1,0.0
E14,XRP,BRK24GATE,1789452000000,exit,1.4075,2953.4594635086487,57.592459538418865,3.325595355910739,1,0.0
E18,XRP,RSI2,1789455600000,enter,1.4078,2188.4429001243966,0.0,2.4647119318361006,1,0.0
E14,BTR,BRK24GATE,1789459200000,funding,0.04995,32227.50117737426,0.08048818419049222,0.0,-1,0.08048818419049222
E16,BTR,BBMR,1789459200000,funding,0.04995,59527.33898552152,-0.14866952911634002,0.0,1,-0.14866952911634002
E17,BTC,RSI2,1789459200000,funding,76890.1,0.04208209447950301,-0.036369228128780004,0.0,1,-0.036369228128780004
E17,ETH,RSI2,1789459200000,funding,2472.44,1.3165356609513805,0.20676112088581836,0.0,1,0.20676112088581836
E18,XRP,RSI2,1789459200000,funding,1.3935,2188.4429001243966,-0.2647048617388664,0.0,1,-0.2647048617388664
E13,BTC,BRK24GATE,1789462800000,enter,76837.8,0.07762366190132065,0.0,4.771545126753037,-1,0.0
E13,ETH,BRK24GATE,1789462800000,enter,2468.64,1.5529674712237056,0.0,3.0669740945293507,-1,0.0
E15,BTC,BBMR,1789462800000,enter,76890.1,0.043599706070404906,0.0,2.6819086077792322,1,0.0
E16,BTR,BBMR,1789466400000,exit_signal,0.05038,59527.33898552152,52.97933169711427,2.3991898704724597,1,0.0
E18,XRP,RSI2,1789470000000,exit_signal,1.4016,2188.4429001243966,-13.568345980771223,2.453857255051483,1,0.0
E14,BTR,BRK24GATE,1789473600000,funding,0.05015,32227.50117737426,0.08081045920226596,0.0,-1,0.08081045920226596
E17,BTC,RSI2,1789473600000,exit_signal,77009.4,0.04208209447950301,-48.33970192860559,2.5925734772878712,1,0.0
E17,ETH,RSI2,1789473600000,exit_signal,2482.49,1.3165356609513805,-19.892853836975526,2.614629290364154,1,0.0
E14,BTR,BRK24GATE,1789477200000,exit,0.05095,32227.50117737426,-58.00950211927376,1.3135929479897748,-1,0.0
E14,HYPE,BRK24GATE,1789484400000,enter,78.42,35.894633603930444,0.0,2.2518857337761804,-1,0.0
E14,BTR,BRK24GATE,1789484400000,enter,0.05125,34948.437999481386,0.0,1.4328859579787367,1,0.0
E13,BTC,BRK24GATE,1789488000000,funding,76476.9,0.07762366190132065,0.21460147559332907,0.0,-1,0.21460147559332907
E13,ETH,BRK24GATE,1789488000000,funding,2423.18,1.5529674712237056,-0.22687848773309827,0.0,-1,-0.22687848773309827
E14,HYPE,BRK24GATE,1789488000000,funding,77.24,35.894633603930444,-0.04056169693867381,0.0,-1,-0.04056169693867381
E14,BTR,BRK24GATE,1789488000000,funding,0.05086,34948.437999481386,-0.08887387783268118,0.0,1,-0.08887387783268118
E15,ETH,BBMR,1789488000000,enter,2406.61,1.3926194066292892,0.0,2.6811934321504913,1,0.0
E15,SOL,BBMR,1789488000000,enter,98.81,33.90950368428361,0.0,2.6804784472352505,1,0.0
E15,BTC,BBMR,1789488000000,funding,76476.9,0.043599706070404906,-0.12053748855650331,0.0,1,-0.12053748855650331
E15,ETH,BBMR,1789488000000,funding,2423.18,1.3926194066292892,0.20345267419854687,0.0,1,0.20345267419854687
E15,SOL,BBMR,1789488000000,funding,99.3,33.90950368428361,0.19300869019248545,0.0,1,0.19300869019248545
E16,HYPE,BBMR,1789488000000,enter,76.94,38.49731321792591,0.0,2.3695866231897758,1,0.0
E16,HYPE,BBMR,1789488000000,funding,77.24,38.49731321792591,0.04350278007929649,0.0,1,0.04350278007929649
E14,BTR,BRK24GATE,1789498800000,exit,0.04984,34948.437999481386,-49.27729757926856,1.393464119915322,1,0.0
E16,XRP,BBMR,1789502400000,enter,1.3245,2235.7175671620857,0.0,2.3689663341649463,1,0.0
E14,XRP,BRK24GATE,1789506000000,enter,1.2876,1284.1510469583689,0.0,1.3227783104508766,-1,0.0
E13,BTC,BRK24GATE,1789516800000,funding,75608.0,0.07762366190132065,0.27431564980909834,0.0,-1,0.27431564980909834
E13,ETH,BRK24GATE,1789516800000,funding,2396.84,1.5529674712237056,-0.17416241896892498,0.0,-1,-0.17416241896892498
E14,HYPE,BRK24GATE,1789516800000,funding,76.93,35.894633603930444,0.27613741631503697,0.0,-1,0.27613741631503697
E14,XRP,BRK24GATE,1789516800000,funding,1.2826,1284.1510469583689,0.014741116588817795,0.0,-1,0.014741116588817795
E15,BTC,BBMR,1789516800000,funding,75608.0,0.043599706070404906,-0.1540777825889367,0.0,1,-0.1540777825889367
E15,ETH,BBMR,1789516800000,funding,2396.84,1.3926194066292892,0.15617968119480832,0.0,1,0.15617968119480832
E15,SOL,BBMR,1789516800000,funding,96.81,33.90950368428361,0.2981091656826518,0.0,1,0.2981091656826518
E16,HYPE,BBMR,1789516800000,funding,76.93,38.49731321792591,-0.29615983058550405,0.0,1,-0.29615983058550405
E16,XRP,BBMR,1789516800000,funding,1.2826,2235.7175671620857,-0.025664405597196717,0.0,1,-0.025664405597196717
E13,BTC,BRK24GATE,1789545600000,funding,75719.8,0.07762366190132065,0.2505053643420461,0.0,-1,0.2505053643420461
E13,ETH,BRK24GATE,1789545600000,funding,2395.08,1.5529674712237056,-0.19348741883750017,0.0,-1,-0.19348741883750017
E14,HYPE,BRK24GATE,1789545600000,exit,77.92,35.894633603930444,17.947316801965222,2.2375278803346084,-1,0.0
E14,BTR,BRK24GATE,1789545600000,enter,0.05234,32934.80481530919,0.0,1.3790461472266264,1,0.0
E14,XRP,BRK24GATE,1789545600000,funding,1.2845,1284.1510469583689,0.042424934749719596,0.0,-1,0.042424934749719596
E14,BTR,BRK24GATE,1789545600000,funding,0.05274,32934.80481530919,-0.08684908029797034,0.0,1,-0.08684908029797034
E15,BTC,BBMR,1789545600000,funding,75719.8,0.043599706070404906,-0.14070400683051362,0.0,1,-0.14070400683051362
E15,ETH,BBMR,1789545600000,funding,2395.08,1.3926194066292892,0.17350932289611185,0.0,1,0.17350932289611185
E15,SOL,BBMR,1789545600000,funding,96.91,33.90950368428361,0.18701593481631973,0.0,1,0.18701593481631973
E16,HYPE,BBMR,1789545600000,exit_signal,77.52,38.49731321792591,22.32844166639696,2.387449376522893,1,0.0
E16,XRP,BBMR,1789545600000,funding,1.2845,2235.7175671620857,-0.07386216141030666,0.0,1,-0.07386216141030666
E15,BTC,BBMR,1789556400000,exit_signal,75954.2,0.043599706070404906,-40.80496491129233,2.649264635850199,1,0.0
E18,HYPE,RSI2,1789556400000,enter,77.8,39.51978630829468,0.0,2.4597114998282605,-1,0.0
E13,BTC,BRK24GATE,1789560000000,exit,76095.4,0.07762366190132065,57.62780659554113,4.725442881476605,-1,0.0
E13,ETH,BRK24GATE,1789560000000,exit,2411.42,1.5529674712237056,88.86079870342013,2.9958854555666146,-1,0.0
E14,BTR,BRK24GATE,1789560000000,funding,0.05248,32934.80481530919,-0.08642092783537131,0.0,1,-0.08642092783537131
E15,ETH,BBMR,1789560000000,exit_signal,2405.1,1.3926194066292892,-2.1028553040105304,2.679511147907283,1,0.0
E15,SOL,BBMR,1789563600000,exit_signal,97.97,33.90950368428361,-28.483983094798344,2.657691260759412,1,0.0
E17,ETH,RSI2,1789563600000,enter,2421.26,1.3475956719728008,0.0,2.6103035973766913,-1,0.0
E17,SOL,RSI2,1789563600000,enter,97.97,33.29600281230722,0.0,2.609607516417391,-1,0.0
E14,BTR,BRK24GATE,1789567200000,exit,0.04974,32934.80481530919,-85.63049251980382,1.3105417532107833,1,0.0
E17,ETH,RSI2,1789567200000,exit_signal,2405.44,1.3475956719728008,21.31896353060993,2.593248426552204,-1,0.0
E17,SOL,RSI2,1789570800000,exit_signal,97.13,33.29600281230722,27.96864236233818,2.5872326025275205,-1,0.0
E14,XRP,BRK24GATE,1789574400000,funding,1.2655,1284.1510469583689,0.006532874462701779,0.0,-1,0.006532874462701779
E16,XRP,BBMR,1789574400000,funding,1.2655,2235.7175671620857,-0.01137378833659935,0.0,1,-0.01137378833659935
E18,HYPE,RSI2,1789574400000,exit_signal,78.13,39.51978630829468,-13.041529481737175,2.4701447234136507,-1,0.0
E14,XRP,BRK24GATE,1789588800000,exit,1.301,1284.1510469583689,-17.20762402924196,1.3365444096742702,-1,0.0
E16,XRP,BBMR,1789592400000,exit_signal,1.3,2235.7175671620857,-54.77508039547102,2.3251462698485694,1,0.0
E17,ETH,RSI2,1789596000000,enter,2409.95,1.3592986996843184,0.0,2.6206735210433787,-1,0.0
E17,SOL,RSI2,1789596000000,enter,98.66,33.19448959521462,0.0,2.6199746747710995,-1,0.0
E17,ETH,RSI2,1789603200000,exit_signal,2391.18,1.3592986996843184,25.514036593074632,2.6002622917689187,-1,0.0
E17,SOL,RSI2,1789603200000,exit_signal,97.43,33.19448959521462,40.82922220211364,2.5873112970094083,-1,0.0
E17,ETH,RSI2,1789621200000,enter,2434.51,1.3532416161668757,0.0,2.635584197579537,-1,0.0
E17,SOL,RSI2,1789621200000,enter,99.9,32.968986175260866,0.0,2.6348813751268487,-1,0.0
E17,BTC,RSI2,1789624800000,enter,76506.4,0.04303853566651747,0.0,2.6341787400934815,-1,0.0
E17,BTC,RSI2,1789628400000,exit_signal,76294.5,0.04303853566651747,9.119865707734801,2.626882847527294,-1,0.0
E17,SOL,RSI2,1789628400000,exit_signal,99.49,32.968986175260866,13.517284331857311,2.624067547661363,-1,0.0
E17,ETH,RSI2,1789632000000,funding,2443.28,1.3532416161668757,0.12421950097037403,0.0,-1,0.12421950097037403
E17,ETH,RSI2,1789642800000,exit_signal,2437.42,1.3532416161668757,-3.9379331030454114,2.638734544061973,-1,0.0
E16,BTR,BBMR,1789650000000,enter,0.05004,58910.79464577009,0.0,2.3583169312594685,1,0.0
E14,HYPE,BRK24GATE,1789653600000,enter,81.38,31.06017396527165,0.0,2.0221415658350455,1,0.0
E13,SOL,BRK24GATE,1789657200000,enter,101.41,32.0380077413737,0.0,2.5991794920421656,1,0.0
E13,SOL,BRK24GATE,1789660800000,funding,101.23,32.0380077413737,0.03700499784495215,0.0,1,0.03700499784495215
E14,HYPE,BRK24GATE,1789660800000,funding,82.57,31.06017396527165,-0.256463856431248,0.0,1,-0.256463856431248
E16,BTR,BBMR,1789660800000,exit_signal,0.05089,58910.79464577009,50.07417544890438,2.398376271618592,1,0.0
E14,BTR,BRK24GATE,1789664400000,enter,0.05268,27243.951741721103,0.0,1.1481691022030942,1,0.0
E14,BTR,BRK24GATE,1789675200000,funding,0.05224,27243.951741721103,-0.07116120194937553,0.0,1,-0.07116120194937553
E16,XRP,BBMR,1789686000000,enter,1.2912,2294.7661024548315,0.0,2.370401593191743,1,0.0
E13,SOL,BRK24GATE,1789689600000,funding,101.59,32.0380077413737,-0.3254741206446154,0.0,1,-0.3254741206446154
E14,HYPE,BRK24GATE,1789689600000,funding,85.11,31.06017396527165,-0.264353140618427,0.0,1,-0.264353140618427
E14,BTR,BRK24GATE,1789689600000,funding,0.05224,27243.951741721103,-0.07116120194937553,0.0,1,-0.07116120194937553
E16,XRP,BBMR,1789689600000,funding,1.2955,2294.7661024548315,-0.07782972313641753,0.0,1,-0.07782972313641753
E16,XRP,BBMR,1789696800000,exit_signal,1.3,2294.7661024548315,20.193941701602842,2.3865567465530253,1,0.0
E17,BTC,RSI2,1789700400000,enter,76699.3,0.04296636278779045,0.0,2.636391959495661,-1,0.0
E14,BTR,BRK24GATE,1789704000000,funding,0.05161,27243.951741721103,-0.07030301746951131,0.0,1,-0.07030301746951131
E17,ETH,RSI2,1789704000000,enter,2461.98,1.3381957416590484,0.0,2.635688921639795,-1,0.0
E18,XRP,RSI2,1789704000000,enter,1.3056,2350.374473716043,0.0,2.454919130306933,-1,0.0
E14,BTR,BRK24GATE,1789711200000,exit,0.05116,27243.951741721103,-41.41080664741609,1.1150404568851613,1,0.0
E13,SOL,BRK24GATE,1789718400000,funding,105.77,32.0380077413737,-0.3388660078805096,0.0,1,-0.3388660078805096
E14,HYPE,BRK24GATE,1789718400000,funding,88.27,31.06017396527165,-0.27416815559145286,0.0,1,-0.27416815559145286
E17,BTC,RSI2,1789718400000,funding,77781.1,0.04296636278779045,0.29225536050739154,0.0,-1,0.29225536050739154
E17,ETH,RSI2,1789718400000,funding,2489.06,1.3381957416590484,0.3330849492733871,0.0,-1,0.3330849492733871
E18,XRP,RSI2,1789718400000,funding,1.3281,2350.374473716043,0.2245630364347314,0.0,-1,0.2245630364347314
E13,BTC,BRK24GATE,1789722000000,enter,77824.5,0.07497509166717825,0.0,4.6679192171618515,1,0.0
E17,BTC,RSI2,1789736400000,exit_signal,78034.9,0.04296636278779045,-57.385874139372554,2.682300658807159,-1,0.0
E18,XRP,RSI2,1789736400000,exit_signal,1.3233,2350.374473716043,-41.60162818477356,2.488200432854752,-1,0.0
E17,ETH,RSI2,1789740000000,exit_signal,2501.25,1.3381957416590484,-52.55094677495081,2.6777296790597562,-1,0.0
E14,XRP,BRK24GATE,1789743600000,enter,1.3743,1975.099069513152,0.0,2.17150292098554,1,0.0
E13,SOL,BRK24GATE,1789747200000,funding,111.17,32.0380077413737,-0.3561665320608514,0.0,1,-0.3561665320608514
E13,BTC,BRK24GATE,1789747200000,funding,80705.4,0.07497509166717825,-0.6050894763036287,0.0,1,-0.6050894763036287
E14,HYPE,BRK24GATE,1789747200000,funding,91.35,31.06017396527165,-0.2837346891727565,0.0,1,-0.2837346891727565
E14,XRP,BRK24GATE,1789747200000,funding,1.385,1975.099069513152,-0.2735512211275716,0.0,1,-0.2735512211275716
E13,SOL,BRK24GATE,1789776000000,funding,112.72,32.0380077413737,-0.36113242326076433,0.0,1,-0.36113242326076433
E13,BTC,BRK24GATE,1789776000000,funding,80870.4,0.07497509166717825,-0.5386605206268562,0.0,1,-0.5386605206268562
E14,HYPE,BRK24GATE,1789776000000,funding,92.56,31.06017396527165,-0.28749297022255443,0.0,1,-0.28749297022255443
E14,XRP,BRK24GATE,1789776000000,funding,1.3963,1975.099069513152,-0.2757830830761214,0.0,1,-0.2757830830761214
E16,BTR,BBMR,1789794000000,enter,0.04957,59877.379652395626,0.0,2.374497367495401,1,0.0
E13,SOL,BRK24GATE,1789801200000,exit,111.71,32.0380077413737,329.99147973614896,2.8631726758310845,1,0.0
E13,BTC,BRK24GATE,1789804800000,funding,81087.4,0.07497509166717825,-0.5276428641785328,0.0,1,-0.5276428641785328
E14,HYPE,BRK24GATE,1789804800000,funding,92.91,31.06017396527165,-0.02501989261619308,0.0,1,-0.02501989261619308
E14,XRP,BRK24GATE,1789804800000,funding,1.4102,1975.099069513152,-0.2785284707827447,0.0,1,-0.2785284707827447
E16,BTR,BBMR,1789804800000,funding,0.04869,59877.379652395626,-0.14577148076375715,0.0,1,-0.14577148076375715
E17,SOL,RSI2,1789804800000,enter,111.84,29.108626181107482,0.0,2.6044070016760488,1,0.0
E17,SOL,RSI2,1789804800000,funding,111.59,29.108626181107482,-0.3248231595549784,0.0,1,-0.3248231595549784
E17,SOL,RSI2,1789812000000,exit_signal,112.25,29.108626181107482,11.93453673425397,2.6139546310634523,1,0.0
E16,BTR,BBMR,1789819200000,funding,0.04967,59877.379652395626,-0.14870547236672454,0.0,1,-0.14870547236672454
E13,BTC,BRK24GATE,1789833600000,funding,81610.9,0.07497509166717825,-0.6118784708540917,0.0,1,-0.6118784708540917
E14,HYPE,BRK24GATE,1789833600000,funding,93.03,31.06017396527165,-0.2889527983989222,0.0,1,-0.2889527983989222
E14,XRP,BRK24GATE,1789833600000,funding,1.4301,1975.099069513152,-0.28245891793107586,0.0,1,-0.28245891793107586
E16,BTR,BBMR,1789833600000,funding,0.04952,59877.379652395626,-0.14825639201933158,0.0,1,-0.14825639201933158
E16,BTR,BBMR,1789848000000,funding,0.04853,59877.379652395626,-0.14529246172653798,0.0,1,-0.14529246172653798
E13,BTC,BRK24GATE,1789851600000,exit,81040.0,0.07497509166717825,241.08240725581166,4.860785142966501,1,0.0
E14,XRP,BRK24GATE,1789855200000,exit,1.4082,1975.099069513152,66.95585845649549,2.2250676077507365,1,0.0
E14,HYPE,BRK24GATE,1789855200000,exit,91.34,31.06017396527165,309.3593326941059,2.2696290319903305,1,0.0
E17,BTC,RSI2,1789858800000,enter,81066.8,0.04018462801963789,0.0,2.606111362193905,1,0.0
E17,SOL,RSI2,1789858800000,enter,110.51,29.470369187901387,0.0,2.6054163991639863,1,0.0
E18,HYPE,RSI2,1789858800000,enter,91.34,33.426854076123995,0.0,2.442567081050533,1,0.0
E16,BTR,BBMR,1789862400000,funding,0.04866,59877.379652395626,-0.14568166469427857,0.0,1,-0.14568166469427857
E17,BTC,RSI2,1789862400000,funding,81234.9,0.04018462801963789,-0.21420954994431304,0.0,1,-0.21420954994431304
E17,SOL,RSI2,1789862400000,funding,111.01,29.470369187901387,-0.3271505683548933,0.0,1,-0.3271505683548933
E18,HYPE,RSI2,1789862400000,funding,92.17,33.426854076123995,-0.3080953140196349,0.0,1,-0.3080953140196349
E17,BTC,RSI2,1789866000000,exit_signal,81234.9,0.04018462801963789,6.755035970100778,2.6115153909699855,1,0.0
E17,SOL,RSI2,1789866000000,exit_signal,111.01,29.470369187901387,14.735184593950693,2.6172045468391465,1,0.0
E18,HYPE,RSI2,1789866000000,exit_signal,92.17,33.426854076123995,27.744288883182858,2.464762512157079,1,0.0
E15,ETH,BBMR,1789873200000,enter,2618.7,1.2691451718437068,0.0,2.658808369205692,1,0.0
E15,SOL,BBMR,1789873200000,enter,110.14,30.167279753502022,0.0,2.65809935364057,1,0.0
E14,BTR,BRK24GATE,1789876800000,enter,0.04806,44730.67877388152,0.0,1.7198051374981966,-1,0.0
E14,BTR,BRK24GATE,1789876800000,funding,0.04758,44730.67877388152,0.10641428480306413,0.0,-1,0.10641428480306413
E15,BTC,BBMR,1789876800000,enter,80301.2,0.04136598405668698,0.0,2.657390527146266,1,0.0
E16,XRP,BBMR,1789876800000,enter,1.3703,2165.28179310338,0.0,2.3736685128716495,1,0.0
E16,HYPE,BBMR,1789876800000,enter,90.02,32.951504312952,0.0,2.373035534601551,1,0.0
E16,BTR,BBMR,1789876800000,funding,0.04758,59877.379652395626,-0.1424482861930492,0.0,1,-0.1424482861930492
E17,BTC,RSI2,1789876800000,enter,80301.2,0.04061137409724772,0.0,2.608913658926327,1,0.0
E17,ETH,RSI2,1789876800000,enter,2572.72,1.267247285274573,0.0,2.6082179486172796,1,0.0
E17,SOL,RSI2,1789876800000,enter,107.64,30.280592993206312,0.0,2.607522423830982,1,0.0
E18,XRP,RSI2,1789876800000,enter,1.3703,2233.611962809957,0.0,2.448574778110787,1,0.0
E14,BTR,BRK24GATE,1789880400000,exit,0.0496,44730.67877388152,-68.88524531177752,1.7749133337476186,-1,0.0
E16,BTR,BBMR,1789884000000,exit_signal,0.05004,59877.379652395626,28.142368436625837,2.397011262244702,1,0.0
E15,ETH,BBMR,1789891200000,funding,2575.3,1.2691451718437068,-0.05683799006664383,0.0,1,-0.05683799006664383
E15,SOL,BBMR,1789891200000,funding,108.42,30.167279753502022,-0.32707364708746894,0.0,1,-0.32707364708746894
E15,BTC,BBMR,1789891200000,funding,80274.5,0.04136598405668698,-0.2365287375363013,0.0,1,-0.2365287375363013
E16,XRP,BBMR,1789891200000,funding,1.3792,2165.28179310338,-0.2986356649048182,0.0,1,-0.2986356649048182
E16,HYPE,BBMR,1789891200000,funding,90.97,32.951504312952,-0.29975983473492435,0.0,1,-0.29975983473492435
E17,BTC,RSI2,1789891200000,funding,80274.5,0.04061137409724772,-0.23221391353032833,0.0,1,-0.23221391353032833
E17,ETH,RSI2,1789891200000,funding,2575.3,1.267247285274573,-0.056752994228218716,0.0,1,-0.056752994228218716
E17,SOL,RSI2,1789891200000,funding,108.42,30.280592993206312,-0.32830218923234283,0.0,1,-0.32830218923234283
E18,XRP,RSI2,1789891200000,exit_signal,1.3803,2233.611962809957,22.33611962809959,2.4664436738132673,1,0.0
E17,BTC,RSI2,1789902000000,exit_signal,80431.1,0.04061137409724772,5.275417495232833,2.613133992922513,1,0.0
E17,ETH,RSI2,1789902000000,exit_signal,2578.54,1.267247285274573,7.375379200298223,2.6141182519775183,1,0.0
E14,BTR,BRK24GATE,1789905600000,enter,0.05122,34428.43653678751,0.0,1.410739615531405,1,0.0
E14,BTR,BRK24GATE,1789905600000,funding,0.05129,34428.43653678751,-0.08829172549859157,0.0,1,-0.08829172549859157
E17,SOL,RSI2,1789909200000,exit_signal,108.43,30.280592993206312,23.921668464633175,2.6266597586026887,1,0.0
E14,BTR,BRK24GATE,1789920000000,funding,0.05042,34428.43653678751,-0.08679408850924131,0.0,1,-0.08679408850924131
E15,ETH,BBMR,1789920000000,funding,2611.75,1.2691451718437068,-0.1289745841087186,0.0,1,-0.1289745841087186
E15,SOL,BBMR,1789920000000,funding,108.74,30.167279753502022,-0.07462887250900467,0.0,1,-0.07462887250900467
E15,BTC,BBMR,1789920000000,funding,80870.9,0.04136598405668698,-0.14250996573812688,0.0,1,-0.14250996573812688
E16,XRP,BBMR,1789920000000,funding,1.3904,2165.28179310338,-0.10991729096533062,0.0,1,-0.10991729096533062
E16,HYPE,BBMR,1789920000000,funding,91.94,32.951504312952,-0.23373065479900604,0.0,1,-0.23373065479900604
E15,BTC,BBMR,1789923600000,exit_signal,80870.9,0.04136598405668698,23.566201117094455,2.6762434880399417,1,0.0
E15,ETH,BBMR,1789923600000,exit_signal,2611.75,1.2691451718437068,-8.82055894431353,2.651751922050241,1,0.0
E16,XRP,BBMR,1789923600000,exit_signal,1.3904,2165.28179310338,43.522164041377955,2.4084862441047523,1,0.0
E16,HYPE,BBMR,1789923600000,exit_signal,91.94,32.951504312952,63.26688828086789,2.4236490452262456,1,0.0
E15,SOL,BBMR,1789927200000,exit_signal,110.29,30.167279753502022,4.525091963025475,2.6617194272109908,1,0.0
E14,BTR,BRK24GATE,1789934400000,funding,0.05035,34428.43653678751,-0.08667358898136256,0.0,1,-0.08667358898136256
E13,SOL,BRK24GATE,1789948800000,enter,111.16,31.135434649620887,0.0,2.768811932521486,1,0.0
E13,SOL,BRK24GATE,1789948800000,funding,111.12,31.135434649620887,-0.34597694982658733,0.0,1,-0.34597694982658733
E14,BTR,BRK24GATE,1789948800000,funding,0.05041,34428.43653678751,-0.08677687429097293,0.0,1,-0.08677687429097293
E13,BTC,BRK24GATE,1789956000000,enter,81822.9,0.08663727997506011,0.0,5.671130796537077,1,0.0
E14,BTR,BRK24GATE,1789956000000,exit,0.0498,34428.43653678751,-48.88837988223842,1.3716289116256144,1,0.0
E14,XRP,BRK24GATE,1789956000000,enter,1.4326,2042.4264574003907,0.0,2.34078411429744,1,0.0
E14,HYPE,BRK24GATE,1789956000000,enter,94.39,31.327705409458076,0.0,2.3656176908789983,1,0.0
E13,SOL,BRK24GATE,1789977600000,funding,112.09,31.135434649620887,-0.3489970869876005,0.0,1,-0.3489970869876005
E13,BTC,BRK24GATE,1789977600000,funding,81704.8,0.08663727997506011,-0.7078681632906292,0.0,1,-0.7078681632906292
E14,XRP,BRK24GATE,1789977600000,funding,1.4383,2042.4264574003907,-0.2937621973678982,0.0,1,-0.2937621973678982
E14,HYPE,BRK24GATE,1789977600000,funding,94.14,31.327705409458076,-0.2522737286170556,0.0,1,-0.2522737286170556
E13,SOL,BRK24GATE,1790006400000,funding,117.94,31.135434649620887,-0.3672113162576287,0.0,1,-0.3672113162576287
E13,BTC,BRK24GATE,1790006400000,funding,85879.7,0.08663727997506011,-0.6148733017844493,0.0,1,-0.6148733017844493
E14,XRP,BRK24GATE,1790006400000,funding,1.4947,2042.4264574003907,-0.30528148258763643,0.0,1,-0.30528148258763643
E14,HYPE,BRK24GATE,1790006400000,funding,93.06,31.327705409458076,0.032943525799067105,0.0,1,0.032943525799067105
E14,HYPE,BRK24GATE,1790010000000,exit,92.92,31.327705409458076,-46.05172695190333,2.3287763093174756,1,0.0
E18,HYPE,RSI2,1790010000000,enter,93.06,32.95213310083684,0.0,2.4532204050911015,1,0.0
E14,BTR,BRK24GATE,1790013600000,enter,0.04964,41540.261556220845,0.0,1.649646866920642,-1,0.0
E14,BTR,BRK24GATE,1790020800000,funding,0.05018,41540.261556220845,0.10422451624455811,0.0,-1,0.10422451624455811
E18,HYPE,RSI2,1790024400000,exit_signal,93.21,32.95213310083684,4.942819965125245,2.4571746610632013,1,0.0
E13,SOL,BRK24GATE,1790035200000,funding,118.89,31.135434649620887,-0.3701691825493427,0.0,1,-0.3701691825493427
E13,BTC,BRK24GATE,1790035200000,funding,86579.8,0.08663727997506011,-0.750103837278471,0.0,1,-0.750103837278471
E14,XRP,BRK24GATE,1790035200000,funding,1.5362,2042.4264574003907,-0.31375755238584807,0.0,1,-0.31375755238584807
E14,BTR,BRK24GATE,1790035200000,funding,0.05009,41540.261556220845,0.10403758506755513,0.0,-1,0.10403758506755513
E14,BTR,BRK24GATE,1790042400000,exit,0.05089,41540.261556220845,-51.925326945276105,1.691187128476863,-1,0.0
E13,SOL,BRK24GATE,1790046000000,exit,116.63,31.135434649620887,170.31082753342622,2.9050605945482273,1,0.0
E13,BTC,BRK24GATE,1790049600000,exit,85357.6,0.08663727997506011,306.236793527846,5.916120231359353,1,0.0
E17,SOL,RSI2,1790049600000,enter,116.84,27.969025593409846,0.0,2.6143207602672054,1,0.0
E17,ETH,RSI2,1790056800000,enter,2728.32,1.197450999179196,0.0,2.6136236080644677,1,0.0
E14,XRP,BRK24GATE,1790064000000,funding,1.5181,2042.4264574003907,-0.31006076049795334,0.0,1,-0.31006076049795334
E17,SOL,RSI2,1790064000000,funding,116.25,27.969025593409846,0.2968852632561069,0.0,1,0.2968852632561069
E17,ETH,RSI2,1790064000000,funding,2725.3,1.197450999179196,-0.08070420863539954,0.0,1,-0.08070420863539954
E17,BTC,RSI2,1790067600000,enter,85330.0,0.03827763228129345,0.0,2.6129842900502163,1,0.0
E17,BTC,RSI2,1790071200000,exit_signal,86171.4,0.03827763228129345,32.20679980148009,2.6387497298914004,1,0.0
E17,ETH,RSI2,1790071200000,exit_signal,2747.48,1.197450999179196,22.94316114427322,2.631978136979886,1,0.0
E17,SOL,RSI2,1790071200000,exit_signal,117.43,27.969025593409846,16.501725100111905,2.627522140347295,1,0.0
E14,XRP,BRK24GATE,1790092800000,funding,1.5719,2042.4264574003907,-0.32104901483876747,0.0,1,-0.32104901483876747
E14,HYPE,BRK24GATE,1790100000000,enter,95.93,28.420295543206713,0.0,2.181087161167856,1,0.0
E14,XRP,BRK24GATE,1790121600000,funding,1.572,2042.4264574003907,-0.32106943910334146,0.0,1,-0.32106943910334146
E14,HYPE,BRK24GATE,1790121600000,funding,97.19,28.420295543206713,-0.276216852384426,0.0,1,-0.276216852384426
E14,XRP,BRK24GATE,1790150400000,funding,1.6162,2042.4264574003907,-0.3300969640450512,0.0,1,-0.3300969640450512
E14,HYPE,BRK24GATE,1790150400000,funding,96.47,28.420295543206713,-0.27417059110531516,0.0,1,-0.27417059110531516
E14,HYPE,BRK24GATE,1790154000000,exit,95.66,28.420295543206713,-7.673479796666103,2.1749483773305234,1,0.0
E17,ETH,RSI2,1790157600000,enter,2734.12,1.2020725180846619,0.0,2.6292884105165086,1,0.0
E18,HYPE,RSI2,1790157600000,enter,95.69,32.04657032776186,0.0,2.453229051730826,1,0.0
E14,XRP,BRK24GATE,1790164800000,exit,1.568,2042.4264574003907,276.54454233201284,2.56201974816305,1,0.0
E16,HYPE,BBMR,1790168400000,enter,95.16,31.606865635760506,0.0,2.406167467119176,1,0.0
E18,XRP,RSI2,1790168400000,enter,1.5727,1949.3346293929478,0.0,2.4525748573170314,1,0.0
E15,BTC,BBMR,1790172000000,enter,85463.6,0.03889715056769902,0.0,2.6594324138060816,1,0.0
E15,ETH,BBMR,1790172000000,enter,2721.02,1.2213817023712923,0.0,2.6587232318290672,1,0.0
E18,HYPE,RSI2,1790175600000,exit_signal,95.53,32.04657032776186,-5.127451252441789,2.4491270907288727,1,0.0
E14,BTR,BRK24GATE,1790179200000,enter,0.05509,31356.256919337524,0.0,1.3819329549490436,1,0.0
E14,BTR,BRK24GATE,1790179200000,funding,0.05703,31356.256919337524,-0.4096159338930751,0.0,1,-0.4096159338930751
E15,SOL,BBMR,1790179200000,enter,115.08,28.871374684645964,0.0,2.658014238967246,1,0.0
E15,BTC,BBMR,1790179200000,funding,83957.0,0.03889715056769902,-0.1885934860547607,0.0,1,-0.1885934860547607
E15,ETH,BBMR,1790179200000,funding,2654.54,1.2213817023712923,-0.007262542748636427,0.0,1,-0.007262542748636427
E15,SOL,BBMR,1790179200000,funding,113.79,28.871374684645964,0.0942873559180003,0.0,1,0.0942873559180003
E16,XRP,BBMR,1790179200000,enter,1.5274,1968.6442831456047,0.0,2.4055258224612777,1,0.0
E16,HYPE,BBMR,1790179200000,funding,92.78,31.606865635760506,0.1400848081483735,0.0,1,0.1400848081483735
E16,XRP,BBMR,1790179200000,funding,1.5054,1968.6442831456047,-0.29635971038473935,0.0,1,-0.29635971038473935
E17,SOL,RSI2,1790179200000,enter,115.08,28.551738648552863,0.0,2.6285872669403707,1,0.0
E17,ETH,RSI2,1790179200000,funding,2654.54,1.2020725180846619,-0.007147727064030467,0.0,1,-0.007147727064030467
E17,SOL,RSI2,1790179200000,funding,113.79,28.551738648552863,0.09324349718150043,0.0,1,0.09324349718150043
E18,XRP,RSI2,1790179200000,funding,1.5054,1949.3346293929478,-0.29345283510881437,0.0,1,-0.29345283510881437
E14,BTR,BRK24GATE,1790193600000,funding,0.05359,31356.256919337524,-0.0840190904153649,0.0,1,-0.0840190904153649
E17,ETH,RSI2,1790193600000,exit_signal,2667.54,1.2020725180846619,-80.0339882540767,2.565261219913247,1,0.0
E17,SOL,RSI2,1790197200000,exit_signal,114.44,28.551738648552863,-18.27311273507385,2.6139687767523117,1,0.0
E18,XRP,RSI2,1790204400000,exit_signal,1.4985,1949.3346293929478,-144.6406295009568,2.336862353716266,1,0.0
E14,BTR,BRK24GATE,1790208000000,funding,0.05405,31356.256919337524,-0.08474028432450967,0.0,1,-0.08474028432450967
E15,BTC,BBMR,1790208000000,funding,84355.2,0.03889715056769902,-0.022246379487553508,0.0,1,-0.022246379487553508
E15,ETH,BBMR,1790208000000,funding,2683.39,1.2213817023712923,-0.14584623336151153,0.0,1,-0.14584623336151153
E15,SOL,BBMR,1790208000000,funding,114.96,28.871374684645964,0.017225886283146412,0.0,1,0.017225886283146412
E16,HYPE,BBMR,1790208000000,funding,94.0,31.606865635760506,0.259669365317154,0.0,1,0.259669365317154
E16,XRP,BBMR,1790208000000,funding,1.5002,1968.6442831456047,0.13724264633663194,0.0,1,0.13724264633663194
E14,BTR,BRK24GATE,1790222400000,funding,0.05319,31356.256919337524,-0.08339196527697815,0.0,1,-0.08339196527697815
E15,SOL,BBMR,1790229600000,exit_signal,115.34,28.871374684645964,7.506557418008098,2.6640194849016523,1,0.0
E14,BTR,BRK24GATE,1790236800000,funding,0.0542,31356.256919337524,-0.0849754562514047,0.0,1,-0.0849754562514047
E15,ETH,BBMR,1790236800000,exit_signal,2685.19,1.2213817023712923,-43.762106395963315,2.6237135467122963,1,0.0
E15,BTC,BBMR,1790236800000,funding,84465.8,0.03889715056769902,0.04254695227845391,0.0,1,0.04254695227845391
E16,HYPE,BBMR,1790236800000,funding,93.85,31.606865635760506,0.2068404016223513,0.0,1,0.2068404016223513
E16,XRP,BBMR,1790236800000,funding,1.5056,1968.6442831456047,-0.0818654267992851,0.0,1,-0.0818654267992851
E15,BTC,BBMR,1790240400000,exit_signal,84465.8,0.03889715056769902,-38.81157683645019,2.6283831523369217,1,0.0
E16,HYPE,BBMR,1790240400000,exit_signal,93.85,31.606865635760506,-41.404993982846335,2.373043471932899,1,0.0
E15,BTC,BBMR,1790247600000,enter,83219.6,0.03958082892108219,0.0,2.635120600384713,1,0.0
E15,ETH,BBMR,1790247600000,enter,2641.32,1.2467335941678515,0.0,2.634417901557944,1,0.0
E15,SOL,BBMR,1790247600000,enter,113.08,29.113408539502213,0.0,2.6337153901175285,1,0.0
E16,HYPE,BBMR,1790247600000,enter,90.46,33.071353390215904,0.0,2.3933077021431446,1,0.0
E18,XRP,RSI2,1790247600000,enter,1.4574,2067.575961083344,0.0,2.4106281645462926,1,0.0
E14,BTR,BRK24GATE,1790251200000,funding,0.0567,31356.256919337524,-0.08889498836632188,0.0,1,-0.08889498836632188
E18,XRP,RSI2,1790258400000,exit_signal,1.4785,2067.575961083344,43.62585277885834,2.445528846769379,1,0.0
E15,BTC,BBMR,1790262000000,exit_signal,84212.0,0.03958082892108219,39.28001462128173,2.6665446120817387,1,0.0
E15,SOL,BBMR,1790262000000,exit_signal,114.93,29.113408539502213,53.85980579807934,2.676803234755992,1,0.0
E16,XRP,BBMR,1790262000000,exit_signal,1.5019,1968.6442831456047,-50.200429220213074,2.365365479085107,1,0.0
E14,BTR,BRK24GATE,1790265600000,funding,0.05607,31356.256919337524,-0.5136245753820038,0.0,1,-0.5136245753820038
E15,ETH,BBMR,1790265600000,funding,2682.77,1.2467335941678515,-0.12147948527434094,0.0,1,-0.12147948527434094
E16,HYPE,BBMR,1790265600000,funding,93.39,33.071353390215904,0.014516108357627636,0.0,1,0.014516108357627636
E13,ETH,BRK24GATE,1790269200000,enter,2703.44,1.3809526236165928,0.0,2.9866580486320333,1,0.0
E13,SOL,BRK24GATE,1790269200000,enter,116.59,25.455503100217243,0.0,2.374285685163463,1,0.0
E14,XRP,BRK24GATE,1790269200000,enter,1.5268,1268.6177585127944,0.0,1.5495404749578676,1,0.0
E15,ETH,BBMR,1790269200000,exit_signal,2682.77,1.2467335941678515,51.67710747825721,2.6757595875405498,1,0.0
E16,HYPE,BBMR,1790269200000,exit_signal,93.39,33.071353390215904,96.89906543333282,2.470826954489811,1,0.0
E14,BTR,BRK24GATE,1790280000000,funding,0.05807,31356.256919337524,-0.146779350426451,0.0,1,-0.146779350426451
E13,ETH,BRK24GATE,1790294400000,funding,2686.59,1.3809526236165928,0.021963516773766047,0.0,1,0.021963516773766047
E13,SOL,BRK24GATE,1790294400000,funding,117.0,25.455503100217243,0.3146269636583131,0.0,1,0.3146269636583131
E14,BTR,BRK24GATE,1790294400000,funding,0.0583,31356.256919337524,-0.09140348891986888,0.0,1,-0.09140348891986888
E14,XRP,BRK24GATE,1790294400000,funding,1.534,1268.6177585127944,-0.010216813118182788,0.0,1,-0.010216813118182788
E18,HYPE,RSI2,1790301600000,enter,91.12,33.21124273052436,0.0,2.420966750084304,1,0.0
E14,BTR,BRK24GATE,1790308800000,funding,0.05701,31356.256919337524,-0.08938101034857161,0.0,1,-0.08938101034857161
E18,HYPE,RSI2,1790312400000,exit_signal,91.58,33.21124273052436,15.277171656040998,2.433188487409137,1,0.0
E13,SOL,BRK24GATE,1790316000000,exit,116.04,25.455503100217243,-14.00052670511941,2.3630852637993676,1,0.0
E14,BTR,BRK24GATE,1790319600000,exit,0.05606,31356.256919337524,30.415569211757354,1.4062654103184493,1,0.0
E13,ETH,BRK24GATE,1790323200000,exit,2667.72,1.3809526236165928,-49.327627715585045,2.9471959464595656,1,0.0
E14,XRP,BRK24GATE,1790323200000,exit,1.5203,1268.6177585127944,-8.2460154303331,1.542943662613601,1,0.0
E14,BTR,BRK24GATE,1790323200000,enter,0.04915,18216.11606780966,0.0,0.7162576837862759,-1,0.0
E14,BTR,BRK24GATE,1790323200000,funding,0.05044,18216.11606780966,0.04594104472301596,0.0,-1,0.04594104472301596
E16,BTR,BBMR,1790323200000,enter,0.05036,59666.31940179077,0.0,2.403836676059347,1,0.0
E16,BTR,BBMR,1790323200000,funding,0.05044,59666.31940179077,-0.15047845753131633,0.0,1,-0.15047845753131633
E17,BTC,RSI2,1790323200000,enter,83996.4,0.03869679108685512,0.0,2.600312914278334,1,0.0
E17,BTC,RSI2,1790323200000,funding,84005.9,0.03869679108685512,0.004356016741566745,0.0,1,0.004356016741566745
E13,ETH,BRK24GATE,1790330400000,enter,2706.28,1.596884880761763,0.0,3.4572940920863555,1,0.0
E17,BTC,RSI2,1790330400000,exit_signal,84378.2,0.03869679108685512,14.774434836961397,2.6121324621479034,1,0.0
E13,SOL,BRK24GATE,1790334000000,enter,118.95,28.934533649620985,0.0,2.753410222097933,1,0.0
E14,BTR,BRK24GATE,1790337600000,funding,0.05023,18216.11606780966,0.04574977550430396,0.0,-1,0.04574977550430396
E16,BTR,BBMR,1790337600000,funding,0.05023,59666.31940179077,-0.14985196117759753,0.0,1,-0.14985196117759753
E14,XRP,BRK24GATE,1790341200000,enter,1.5992,1393.9752759981834,0.0,1.783396209101036,1,0.0
E15,BTC,BBMR,1790348400000,enter,83887.2,0.03977752401847791,0.0,2.669460090274288,1,0.0
E13,ETH,BRK24GATE,1790352000000,funding,2685.93,1.596884880761763,-0.014711685056700638,0.0,1,-0.014711685056700638
E13,SOL,BRK24GATE,1790352000000,funding,120.13,28.934533649620985,-0.3475905527328969,0.0,1,-0.3475905527328969
E14,BTR,BRK24GATE,1790352000000,funding,0.04946,18216.11606780966,0.04504845503569329,0.0,-1,0.04504845503569329
E14,XRP,BRK24GATE,1790352000000,funding,1.576,1393.9752759981834,0.06951007530655005,0.0,1,0.06951007530655005
E15,BTC,BBMR,1790352000000,funding,83759.7,0.03977752401847791,0.017758246040567586,0.0,1,0.017758246040567586
E16,BTR,BBMR,1790352000000,funding,0.04946,59666.31940179077,-0.14755480788062858,0.0,1,-0.14755480788062858
E14,BTR,BRK24GATE,1790366400000,funding,0.049,18216.11606780966,0.04462948436613367,0.0,-1,0.04462948436613367
E16,BTR,BBMR,1790366400000,funding,0.049,59666.31940179077,-0.1461824825343874,0.0,1,-0.1461824825343874
E13,ETH,BRK24GATE,1790380800000,funding,2690.39,1.596884880761763,-0.007045838707538328,0.0,1,-0.007045838707538328
E13,SOL,BRK24GATE,1790380800000,funding,122.12,28.934533649620985,-0.3533485249291715,0.0,1,-0.3533485249291715
E14,BTR,BRK24GATE,1790380800000,funding,0.04984,18216.11606780966,0.04539456124098167,0.0,-1,0.04539456124098167
E14,XRP,BRK24GATE,1790380800000,funding,1.5679,1393.9752759981834,-0.2185613835237552,0.0,1,-0.2185613835237552
E15,BTC,BBMR,1790380800000,funding,84059.9,0.03977752401847791,-0.03487473562964207,0.0,1,-0.03487473562964207
E16,BTR,BBMR,1790380800000,funding,0.04984,59666.31940179077,-0.1486884679492626,0.0,1,-0.1486884679492626
E16,BTR,BBMR,1790391600000,exit_signal,0.04975,59666.31940179077,-36.396454835092335,2.374719512191273,1,0.0
E14,BTR,BRK24GATE,1790395200000,funding,0.04965,18216.11606780966,0.04522150813833748,0.0,-1,0.04522150813833748
E14,XRP,BRK24GATE,1790402400000,exit,1.5482,1393.9752759981834,-71.09273907590726,1.7265220178403102,1,0.0
E14,BTR,BRK24GATE,1790402400000,exit,0.05019,18216.11606780966,-18.944760710522033,0.7314134923546934,-1,0.0
E13,SOL,BRK24GATE,1790406000000,exit,120.17,28.934533649620985,35.300131052537566,2.781650326939963,1,0.0
E13,ETH,BRK24GATE,1790409600000,funding,2689.75,1.596884880761763,-0.11094556122038783,0.0,1,-0.11094556122038783
E15,BTC,BBMR,1790409600000,funding,84069.7,0.03977752401847791,-0.08179630713847864,0.0,1,-0.08179630713847864
E15,BTC,BBMR,1790413200000,exit_signal,84069.7,0.03977752401847791,7.259398133372218,2.675267608780986,1,0.0
E19,HEMI,BRK24,1789372800000,funding,0.006279,98319.5356001751,-0.2787821742302477,0.0,-1,-0.2787821742302477
E19,LTC,BRK24,1789372800000,funding,53.9,37.1149307683008,-0.10784667296505927,0.0,1,-0.10784667296505927
E19,DOGE,BRK24,1789372800000,funding,0.0843,26454.891717283732,0.0354593432110956,0.0,-1,0.0354593432110956
E19,LIT,BRK24,1789372800000,funding,4.571,215.08186611852628,-0.006400236257280871,0.0,1,-0.006400236257280871
E19,XRP,BRK24,1789372800000,funding,1.39,1610.8783902468426,-0.09753610912402193,0.0,1,-0.09753610912402193
E20,SNDK,BRK24GATE,1789372800000,funding,1552.49,2.1464772183303293,1.0717947999386066,0.0,-1,1.0717947999386066
E20,AAVE,BRK24GATE,1789372800000,funding,126.27,14.299693899633143,0.05653403573800605,0.0,-1,0.05653403573800605
E20,HEMI,BRK24GATE,1789372800000,funding,0.006279,105837.36455415295,-0.300098758859003,0.0,-1,-0.300098758859003
E20,DOGE,BRK24GATE,1789372800000,funding,0.0843,28673.2680134099,0.038432788247134225,0.0,-1,0.038432788247134225
E20,LIT,BRK24GATE,1789372800000,funding,4.571,191.2500126110535,-0.005691066787769768,0.0,1,-0.005691066787769768
E21,BTC,MR,1789372800000,funding,77850.5,0.08081348370343545,0.48638582344022807,0.0,-1,0.48638582344022807
E21,LIT,MR,1789372800000,funding,4.571,309.96130396886315,0.009223583614075293,0.0,-1,0.009223583614075293
E21,XAG,MR,1789372800000,funding,63.41,132.2237184895052,-0.7871186462867048,0.0,1,-0.7871186462867048
E21,CL,MR,1789372800000,funding,98.98,41.70112028488097,-7.6218183742382655,0.0,-1,-7.6218183742382655
E21,HYPE,MR,1789372800000,funding,79.92,31.368389579879224,0.25069616952239476,0.0,-1,0.25069616952239476
E19,DOGE,BRK24,1789380000000,exit,0.08456,26454.891717283732,-69.31181629928331,2.4607282079748636,-1,0.0
E19,1000PEPE,BRK24,1789380000000,enter,0.003467,390429.5638575201,0.0,1.4889812276834247,1,0.0
E20,AAVE,BRK24GATE,1789380000000,exit,126.9,14.299693899633143,-43.32807251588844,1.9960942714497907,-1,0.0
E20,DOGE,BRK24GATE,1789380000000,exit,0.08456,28673.2680134099,-75.12396219513386,2.667072697535335,-1,0.0
E20,ETH,BRK24GATE,1789380000000,enter,2533.58,1.05671790740291,0.0,2.141823484670292,1,0.0
E20,MU,BRK24GATE,1789380000000,enter,924.29,2.958552690838316,0.0,3.008016733276442,-1,0.0
E21,KORU,MR,1789380000000,stop,19.91573090931481,83.51275095197535,-95.56105959243546,1.8295392230017817,1,0.0
E21,XAG,MR,1789380000000,stop,63.28113040360808,132.2237184895052,-97.69608551377885,9.203993009402776,1,0.0
E21,ADA,MR,1789383600000,enter,0.2114,11022.632641930415,0.0,2.563202994554499,-1,0.0
E21,AKE,MR,1789383600000,enter,0.016788,34840.86528805242,0.0,0.6433992911014065,-1,0.0
E19,LTC,BRK24,1789387200000,exit,53.51,37.1149307683008,-47.135962075742135,2.1846219399529536,1,0.0
E19,HYPE,BRK24,1789387200000,enter,80.48,18.83983486458567,0.0,1.6678529008920402,1,0.0
E19,HEMI,BRK24,1789387200000,funding,0.006146,98319.5356001751,-0.2553411196118886,0.0,-1,-0.2553411196118886
E19,LIT,BRK24,1789387200000,funding,4.471,215.08186611852628,-0.04808155117079656,0.0,1,-0.04808155117079656
E20,HEMI,BRK24GATE,1789387200000,funding,0.006146,105837.36455415295,-0.2748653255638537,0.0,-1,-0.2748653255638537
E20,LIT,BRK24GATE,1789387200000,funding,4.471,191.2500126110535,-0.04275394031920102,0.0,1,-0.04275394031920102
E21,LIT,MR,1789387200000,funding,4.471,309.96130396886315,0.06929184950223936,0.0,-1,0.06929184950223936
E21,AKE,MR,1789387200000,funding,0.015393,34840.86528805242,0.026815271968949544,0.0,-1,0.026815271968949544
E19,HEMI,BRK24,1789398000000,exit,0.00647,98319.5356001751,-20.647102476036785,0.6997401348664464,-1,0.0
E19,BTC,BRK24,1789398000000,enter,78468.0,0.04051784806892499,0.0,2.5434836018179254,1,0.0
E20,HEMI,BRK24GATE,1789398000000,exit,0.00647,105837.36455415295,-31.64537200169171,0.7532445235319066,-1,0.0
E19,KORU,BRK24,1789401600000,funding,19.17,73.24987693174889,0.11559375558914348,0.0,-1,0.11559375558914348
E19,LIT,BRK24,1789401600000,funding,4.389,215.08186611852628,-0.0471997155197106,0.0,1,-0.0471997155197106
E19,XRP,BRK24,1789401600000,funding,1.4029,1610.8783902468426,-0.22599012936772955,0.0,1,-0.22599012936772955
E19,1000PEPE,BRK24,1789401600000,funding,0.003474,390429.5638575201,-0.1356352304841025,0.0,1,-0.1356352304841025
E19,HYPE,BRK24,1789401600000,funding,79.83,18.83983486458567,-0.15039840172398738,0.0,1,-0.15039840172398738
E19,BTC,BRK24,1789401600000,funding,78542.8,0.04051784806892499,-0.13814734315153865,0.0,1,-0.13814734315153865
E20,SKHYNIX,BRK24GATE,1789401600000,enter,1235.21,1.278198979100889,0.0,1.7367285770727303,-1,0.0
E20,SNDK,BRK24GATE,1789401600000,funding,1536.58,2.1464772183303293,0.15689698967423577,0.0,-1,0.15689698967423577
E20,KORU,BRK24GATE,1789401600000,funding,19.17,86.38696420259635,0.13632505670183373,0.0,-1,0.13632505670183373
E20,LIT,BRK24GATE,1789401600000,funding,4.389,191.2500126110535,-0.0419698152674957,0.0,1,-0.0419698152674957
E20,ETH,BRK24GATE,1789401600000,funding,2507.39,1.05671790740291,-0.10418242589230609,0.0,1,-0.10418242589230609
E20,MU,BRK24GATE,1789401600000,funding,921.27,2.958552690838316,0.4164483717098855,0.0,-1,0.4164483717098855
E21,BTC,MR,1789401600000,funding,78542.8,0.08081348370343545,0.2755370434643613,0.0,-1,0.2755370434643613
E21,LIT,MR,1789401600000,funding,4.389,309.96130396886315,0.06802100815596702,0.0,-1,0.06802100815596702
E21,CL,MR,1789401600000,funding,98.92,41.70112028488097,-11.013949765609738,0.0,-1,-11.013949765609738
E21,HYPE,MR,1789401600000,funding,79.83,31.368389579879224,0.25041385401617583,0.0,-1,0.25041385401617583
E21,ADA,MR,1789401600000,funding,0.2089,11022.632641930415,0.21870360353625207,0.0,-1,0.21870360353625207
E21,AKE,MR,1789401600000,funding,0.015793,34840.86528805242,0.11179812597671396,0.0,-1,0.11179812597671396
E21,BTC,MR,1789405200000,stop,78792.51680923214,0.08081348370343545,-97.76142964865325,5.093998218492437,-1,0.0
E20,SNDK,BRK24GATE,1789408800000,exit,1571.91,2.1464772183303293,107.51704386616602,3.7114759046921915,-1,0.0
E20,1000PEPE,BRK24GATE,1789408800000,enter,0.003517,411277.8792362074,0.0,1.5911107314011157,1,0.0
E21,CL,MR,1789408800000,exit_signal,97.11,41.70112028488097,85.07028538115745,4.4545553699512705,-1,0.0
E21,1000PEPE,MR,1789408800000,enter,0.003499,605069.9258884932,0.0,2.3288536377522218,-1,0.0
E21,HEMI,MR,1789408800000,enter,0.00676,132388.68717887352,0.0,0.9844422778621036,-1,0.0
E19,LIT,BRK24,1789416000000,funding,4.542,215.08186611852628,-0.04884509179551732,0.0,1,-0.04884509179551732
E20,LIT,BRK24GATE,1789416000000,funding,4.542,191.2500126110535,-0.04343287786397025,0.0,1,-0.04343287786397025
E21,LIT,MR,1789416000000,funding,4.542,309.96130396886315,0.07039221213132882,0.0,-1,0.07039221213132882
E21,AKE,MR,1789416000000,funding,0.016078,34840.86528805242,0.23131719117191357,0.0,-1,0.23131719117191357
E21,HEMI,MR,1789416000000,funding,0.006569,132388.68717887352,-0.5472778473288981,0.0,-1,-0.5472778473288981
E19,KORU,BRK24,1789430400000,funding,19.44,73.24987693174889,0.4458901082531331,0.0,-1,0.4458901082531331
E19,LIT,BRK24,1789430400000,funding,4.387,215.08186611852628,0.03720473430288166,0.0,1,0.03720473430288166
E19,XRP,BRK24,1789430400000,funding,1.4227,1610.8783902468426,-0.22917966858041833,0.0,1,-0.22917966858041833
E19,1000PEPE,BRK24,1789430400000,funding,0.003452,390429.5638575201,-0.13477628544361597,0.0,1,-0.13477628544361597
E19,HYPE,BRK24,1789430400000,funding,80.31,18.83983486458567,-0.02308879412549659,0.0,1,-0.02308879412549659
E19,BTC,BRK24,1789430400000,funding,78158.1,0.04051784806892499,-0.08411015544189929,0.0,1,-0.08411015544189929
E20,MU,BRK24GATE,1789430400000,exit,932.55,2.958552690838316,-24.437645226324463,3.0348981430253987,-1,0.0
E20,SKHYNIX,BRK24GATE,1789430400000,exit,1264.33,1.278198979100889,-37.221154271417745,1.7776718467712895,-1,0.0
E20,KORU,BRK24GATE,1789430400000,funding,19.44,86.38696420259635,0.5258588059587549,0.0,-1,0.5258588059587549
E20,LIT,BRK24GATE,1789430400000,funding,4.387,191.2500126110535,0.03308231434395259,0.0,1,0.03308231434395259
E20,ETH,BRK24GATE,1789430400000,funding,2514.19,1.05671790740291,-0.07183959066538424,0.0,1,-0.07183959066538424
E20,1000PEPE,BRK24GATE,1789430400000,funding,0.003452,411277.8792362074,-0.14197312391233882,0.0,1,-0.14197312391233882
E21,LIT,MR,1789430400000,funding,4.387,309.96130396886315,-0.0536169234833646,0.0,-1,-0.0536169234833646
E21,HYPE,MR,1789430400000,funding,80.31,31.368389579879224,0.038442921302863135,0.0,-1,0.038442921302863135
E21,ADA,MR,1789430400000,funding,0.2084,11022.632641930415,0.22971166425782988,0.0,-1,0.22971166425782988
E21,AKE,MR,1789430400000,funding,0.015872,34840.86528805242,0.04156857505525243,0.0,-1,0.04156857505525243
E21,1000PEPE,MR,1789430400000,funding,0.003452,605069.9258884932,0.20887013841670787,0.0,-1,0.20887013841670787
E21,HEMI,MR,1789430400000,funding,0.00642,132388.68717887352,-0.7854762730995223,0.0,-1,-0.7854762730995223
E19,KORU,BRK24,1789434000000,exit,20.03,73.24987693174889,136.2447710930529,1.6139145384372235,-1,0.0
E19,LTC,BRK24,1789434000000,enter,53.03,34.57895619848049,0.0,2.0170942519259625,-1,0.0
E20,KORU,BRK24GATE,1789434000000,exit,20.03,86.38696420259635,241.8834997672695,1.9033639822758055,-1,0.0
E21,1000PEPE,MR,1789434000000,exit_signal,0.003452,605069.9258884932,28.438286516759018,2.2975715225837865,-1,0.0
E21,ADA,MR,1789434000000,exit_signal,0.2084,11022.632641930415,33.06789792579127,2.5268283068361286,-1,0.0
E21,LIT,MR,1789434000000,exit_signal,4.387,309.96130396886315,20.767407365913883,1.4957802645625429,-1,0.0
E21,LTC,MR,1789434000000,enter,53.1,55.54159950501349,0.0,3.244184827087838,1,0.0
E20,BTR,BRK24GATE,1789437600000,enter,0.04915,17993.015929386707,0.0,0.9727924062222923,-1,0.0
E20,LTC,BRK24GATE,1789437600000,enter,52.56,37.738407749825235,0.0,2.181883782463896,-1,0.0
E21,BTR,MR,1789437600000,enter,0.04949,26198.231598570503,0.0,1.4262055299945797,1,0.0
E21,UNI,MR,1789437600000,enter,6.686,219.16649700129602,0.0,1.6118819188457318,-1,0.0
E19,BTC,BRK24,1789444800000,exit,77711.1,0.04051784806892499,-30.66795920336909,2.51894923445523,1,0.0
E19,LIT,BRK24,1789444800000,exit,4.341,215.08186611852628,5.5921285190816405,1.0270374189025748,1,0.0
E19,ADA,BRK24,1789444800000,enter,0.2063,6719.130125725027,0.0,1.5247721994307806,-1,0.0
E19,AKE,BRK24,1789444800000,enter,0.01706,27618.134662492674,0.0,0.5182819150763375,1,0.0
E19,AKE,BRK24,1789444800000,funding,0.016412,27618.134662492674,-0.030346347906111553,0.0,1,-0.030346347906111553
E20,ETH,BRK24GATE,1789444800000,exit,2495.01,1.05671790740291,-40.75760968852993,2.109217396919468,1,0.0
E20,LIT,BRK24GATE,1789444800000,exit,4.341,191.2500126110535,-62.730004136425435,0.9132379352190417,1,0.0
E20,BTR,BRK24GATE,1789444800000,funding,0.05001,17993.015929386707,0.044991536331431464,0.0,-1,0.044991536331431464
E21,HYPE,MR,1789444800000,exit_signal,79.93,31.368389579879224,-2.1957872705917776,2.7580029170317215,-1,0.0
E21,ONG,MR,1789444800000,enter,0.07961,24730.28557776307,0.0,2.1656558383302897,-1,0.0
E21,AKE,MR,1789444800000,funding,0.016412,34840.86528805242,0.03828256442014821,0.0,-1,0.03828256442014821
E21,HEMI,MR,1789444800000,funding,0.006447,132388.68717887352,-0.7943445623142884,0.0,-1,-0.7943445623142884
E21,BTR,MR,1789444800000,funding,0.05001,26198.231598570503,-0.06550867811222555,0.0,1,-0.06550867811222555
E21,ONG,MR,1789444800000,funding,0.07818,24730.28557776307,-1.7578017576942906,0.0,-1,-1.7578017576942906
E19,1000PEPE,BRK24,1789448400000,exit,0.003439,390429.5638575201,-10.93202778801049,1.476955997116613,1,0.0
E19,HYPE,BRK24,1789448400000,exit,79.27,18.83983486458567,-22.79620018614881,1.6427770806872766,1,0.0
E19,DOGE,BRK24,1789448400000,enter,0.08307,23370.769910971023,0.0,2.1355508421547995,-1,0.0
E19,PENGU,BRK24,1789448400000,enter,0.007028,186001.04578617128,0.0,1.437936884763733,-1,0.0
E20,1000PEPE,BRK24GATE,1789448400000,exit,0.003439,411277.8792362074,-32.079674580424154,1.5558230893626492,1,0.0
E20,ADA,BRK24GATE,1789448400000,enter,0.2049,7275.290609525029,0.0,1.6397777504808464,-1,0.0
E20,PENGU,BRK24GATE,1789448400000,enter,0.007028,208863.61251007213,0.0,1.6146828155928659,-1,0.0
E19,XRP,BRK24,1789452000000,exit,1.4075,1610.8783902468426,60.56902747328141,2.494042467699674,1,0.0
E19,1000PEPE,BRK24,1789452000000,enter,0.003404,380717.2693590142,0.0,1.4255577433878928,-1,0.0
E20,SUI,BRK24GATE,1789452000000,enter,0.7107,2091.427157279653,0.0,1.6350150087465143,-1,0.0
E21,HEMI,MR,1789452000000,exit_signal,0.006326,132388.68717887352,57.45669023563115,0.9212399186029093,-1,0.0
E21,ADA,MR,1789452000000,enter,0.2048,10968.216209538512,0.0,2.470919747684836,1,0.0
E20,WLD,BRK24GATE,1789455600000,enter,0.3738,3305.9897233196943,0.0,1.3593568544345922,-1,0.0
E19,LTC,BRK24,1789459200000,funding,52.53,34.57895619848049,0.18164325691061803,0.0,-1,0.18164325691061803
E19,ADA,BRK24,1789459200000,funding,0.2035,6719.130125725027,-0.15630097611067625,0.0,-1,-0.15630097611067625
E19,AKE,BRK24,1789459200000,funding,0.018574,27618.134662492674,-0.02564896166105695,0.0,1,-0.02564896166105695
E19,DOGE,BRK24,1789459200000,funding,0.08249,23370.769910971023,0.0006940277315841598,0.0,-1,0.0006940277315841598
E19,PENGU,BRK24,1789459200000,funding,0.006961,186001.04578617128,-0.1102352942351512,0.0,-1,-0.1102352942351512
E19,1000PEPE,BRK24,1789459200000,funding,0.003413,380717.2693590142,0.0816535444538543,0.0,-1,0.0816535444538543
E20,BTR,BRK24GATE,1789459200000,funding,0.04995,17993.015929386707,0.044937557283643306,0.0,-1,0.044937557283643306
E20,LTC,BRK24GATE,1789459200000,funding,52.53,37.738407749825235,0.19823985590983198,0.0,-1,0.19823985590983198
E20,ADA,BRK24GATE,1789459200000,funding,0.2035,7275.290609525029,-0.16923842855847301,0.0,-1,-0.16923842855847301
E20,PENGU,BRK24GATE,1789459200000,funding,0.006961,208863.61251007213,-0.12378501251295759,0.0,-1,-0.12378501251295759
E20,SUI,BRK24GATE,1789459200000,funding,0.7045,2091.427157279653,0.1141303720862303,0.0,-1,0.1141303720862303
E20,WLD,BRK24GATE,1789459200000,funding,0.3725,3305.9897233196943,-0.0931738654687221,0.0,-1,-0.0931738654687221
E21,ONG,MR,1789459200000,exit_signal,0.07754,24730.28557776307,51.191691145969614,2.109344978069723,-1,0.0
E21,1000PEPE,MR,1789459200000,enter,0.003389,603564.0331731943,0.0,2.250026359266351,1,0.0
E21,AKE,MR,1789459200000,funding,0.018574,34840.86528805242,0.03235671159301428,0.0,-1,0.03235671159301428
E21,LTC,MR,1789459200000,funding,52.53,55.54159950501349,-0.2917600221998359,0.0,1,-0.2917600221998359
E21,BTR,MR,1789459200000,funding,0.04995,26198.231598570503,-0.06543008341742984,0.0,1,-0.06543008341742984
E21,UNI,MR,1789459200000,funding,6.561,219.16649700129602,0.14379513868255034,0.0,-1,0.14379513868255034
E21,ADA,MR,1789459200000,funding,0.2035,10968.216209538512,0.2551435777646627,0.0,1,0.2551435777646627
E21,1000PEPE,MR,1789459200000,funding,0.003413,603564.0331731943,-0.12944814060163184,0.0,1,-0.12944814060163184
E21,AKE,MR,1789462800000,stop,0.019289648633003347,34840.86528805242,-87.15960302051008,0.7392748544239676,-1,0.0
E21,BTR,MR,1789466400000,exit_signal,0.05038,26198.231598570503,23.316426122727798,1.4518535987295802,1,0.0
E21,TAO,MR,1789466400000,enter,227.04,8.721682350779632,0.0,2.1781878370131085,1,0.0
E21,XAU,MR,1789466400000,enter,4267.98,1.7211907322909274,0.0,8.080608383763336,1,0.0
E19,AKE,BRK24,1789473600000,funding,0.023708,27618.134662492674,-0.04659348561491726,0.0,1,-0.04659348561491726
E19,PENGU,BRK24,1789473600000,funding,0.006994,186001.04578617128,-0.11358082064528877,0.0,-1,-0.11358082064528877
E20,BTR,BRK24GATE,1789473600000,funding,0.05015,17993.015929386707,0.04511748744293717,0.0,-1,0.04511748744293717
E20,PENGU,BRK24GATE,1789473600000,funding,0.006994,208863.61251007213,-0.12754175876573126,0.0,-1,-0.12754175876573126
E21,TAO,MR,1789473600000,funding,224.69,8.721682350779632,-0.07101861502005552,0.0,1,-0.07101861502005552
E21,XAU,MR,1789473600000,funding,4290.27,1.7211907322909274,-0.5587755021121622,0.0,1,-0.5587755021121622
E20,BTR,BRK24GATE,1789477200000,exit,0.05095,17993.015929386707,-32.38742867289613,1.0084185777624781,-1,0.0
E20,AKE,BRK24GATE,1789477200000,enter,0.024299,13824.506914503498,0.0,0.3695138628670726,1,0.0
E19,1000PEPE,BRK24,1789480800000,exit,0.00348,380717.2693590142,-28.93451247128512,1.4573857071063063,-1,0.0
E19,BTC,BRK24,1789480800000,enter,76667.4,0.04089098016253845,0.0,2.5080041060107203,-1,0.0
E21,1000PEPE,MR,1789480800000,exit_signal,0.003465,603564.0331731943,45.87086652116283,2.30048431243963,1,0.0
E21,AKE,MR,1789480800000,enter,0.026561,18829.400154797666,0.0,0.5501404672627389,-1,0.0
E21,UNI,MR,1789484400000,exit_signal,6.489,219.16649700129602,43.17579990925533,1.564388538945551,-1,0.0
E21,XAU,MR,1789484400000,exit_signal,4300.0,1.7211907322909274,55.11252724795625,8.141232163736086,1,0.0
E21,BTR,MR,1789484400000,enter,0.05082,28859.632796364524,0.0,1.6133111925823698,-1,0.0
E21,ETH,MR,1789484400000,enter,2452.61,1.2521146507957768,0.0,2.4567591309505845,1,0.0
E21,LTC,MR,1789484400000,stop,51.37021673977636,55.54159950501349,-96.074929069818,3.138502405111038,1,0.0
E19,LTC,BRK24,1789488000000,funding,51.84,34.57895619848049,0.17925730893292288,0.0,-1,0.17925730893292288
E19,ADA,BRK24,1789488000000,funding,0.2018,6719.130125725027,0.08718568553757527,0.0,-1,0.08718568553757527
E19,AKE,BRK24,1789488000000,funding,0.027382,27618.134662492674,-0.037811988166418724,0.0,1,-0.037811988166418724
E19,DOGE,BRK24,1789488000000,funding,0.08162,23370.769910971023,-0.11702648943218745,0.0,-1,-0.11702648943218745
E19,PENGU,BRK24,1789488000000,funding,0.006953,186001.04578617128,0.06466326356756244,0.0,-1,0.06466326356756244
E19,BTC,BRK24,1789488000000,funding,76476.9,0.04089098016253845,0.11304883673864657,0.0,-1,0.11304883673864657
E20,LTC,BRK24GATE,1789488000000,funding,51.84,37.738407749825235,0.19563590577509404,0.0,-1,0.19563590577509404
E20,ADA,BRK24GATE,1789488000000,funding,0.2018,7275.290609525029,0.09440227937363832,0.0,-1,0.09440227937363832
E20,PENGU,BRK24GATE,1789488000000,funding,0.006953,208863.61251007213,0.07261143488912657,0.0,-1,0.07261143488912657
E20,SUI,BRK24GATE,1789488000000,funding,0.7015,2091.427157279653,-0.008069248829574221,0.0,-1,-0.008069248829574221
E20,WLD,BRK24GATE,1789488000000,funding,0.3714,3305.9897233196943,-0.038321029442949565,0.0,-1,-0.038321029442949565
E20,AKE,BRK24GATE,1789488000000,funding,0.027382,13824.506914503498,-0.01892713241664674,0.0,1,-0.01892713241664674
E21,1000PEPE,MR,1789488000000,enter,0.003371,527285.311051665,0.0,1.955226661910679,1,0.0
E21,ADA,MR,1789488000000,funding,0.2018,10968.216209538512,-0.14232072179875727,0.0,1,-0.14232072179875727
E21,TAO,MR,1789488000000,funding,225.43,8.721682350779632,-0.09830644261681264,0.0,1,-0.09830644261681264
E21,AKE,MR,1789488000000,funding,0.027382,18829.400154797666,0.025779331751933487,0.0,-1,0.025779331751933487
E21,BTR,MR,1789488000000,funding,0.05086,28859.632796364524,0.073390046201155,0.0,-1,0.073390046201155
E21,ETH,MR,1789488000000,funding,2423.18,1.2521146507957768,0.18292583953297803,0.0,1,0.18292583953297803
E21,1000PEPE,MR,1789488000000,funding,0.00338,527285.311051665,-0.15836845586137221,0.0,1,-0.15836845586137221
E21,ADA,MR,1789498800000,stop,0.1960036313998143,10968.216209538512,-96.48047266563245,2.3647912277526406,1,0.0
E21,ETH,MR,1789498800000,stop,2374.778308956956,1.2521146507957768,-97.4542006512058,2.3787957704296194,1,0.0
E21,TAO,MR,1789498800000,stop,216.0027727412079,8.721682350779632,-96.2631901845508,2.0722983278101026,1,0.0
E19,AKE,BRK24,1789502400000,funding,0.029357,27618.134662492674,-0.04053927896433988,0.0,1,-0.04053927896433988
E19,PENGU,BRK24,1789502400000,funding,0.006876,186001.04578617128,0.06394715954128569,0.0,-1,0.06394715954128569
E20,PENGU,BRK24GATE,1789502400000,funding,0.006876,208863.61251007213,0.0718073099809628,0.0,-1,0.0718073099809628
E20,AKE,BRK24GATE,1789502400000,funding,0.029357,13824.506914503498,-0.02029230247445396,0.0,1,-0.02029230247445396
E21,DOGE,MR,1789502400000,enter,0.08074,26333.317681708177,0.0,2.3387672765832304,1,0.0
E21,FARTCOIN,MR,1789502400000,enter,0.13596,8924.672798609567,0.0,1.3347383650688522,1,0.0
E21,LINK,MR,1789502400000,enter,11.098,150.62616931381228,0.0,1.838814149749158,1,0.0
E21,AKE,MR,1789502400000,funding,0.029357,18829.400154797666,0.027638735017219754,0.0,-1,0.027638735017219754
E21,BTR,MR,1789502400000,funding,0.05152,28859.632796364524,0.2542807931309811,0.0,-1,0.2542807931309811
E21,FARTCOIN,MR,1789502400000,funding,0.13705,8924.672798609567,-0.061156320352472066,0.0,1,-0.061156320352472066
E19,LTC,BRK24,1789516800000,funding,51.23,34.57895619848049,0.17714799260481554,0.0,-1,0.17714799260481554
E19,ADA,BRK24,1789516800000,funding,0.1952,6719.130125725027,0.06349330704821524,0.0,-1,0.06349330704821524
E19,AKE,BRK24,1789516800000,funding,0.026894,27618.134662492674,0.2502217008339737,0.0,1,0.2502217008339737
E19,DOGE,BRK24,1789516800000,funding,0.08003,23370.769910971023,0.020742322520162875,0.0,-1,0.020742322520162875
E19,PENGU,BRK24,1789516800000,funding,0.006843,186001.04578617128,0.0636402578157385,0.0,-1,0.0636402578157385
E19,BTC,BRK24,1789516800000,funding,75608.0,0.04089098016253845,0.14450536756275914,0.0,-1,0.14450536756275914
E20,LTC,BRK24GATE,1789516800000,funding,51.23,37.738407749825235,0.19333386290235466,0.0,-1,0.19333386290235466
E20,ADA,BRK24GATE,1789516800000,funding,0.1952,7275.290609525029,0.06874881895306723,0.0,-1,0.06874881895306723
E20,PENGU,BRK24GATE,1789516800000,funding,0.006843,208863.61251007213,0.07146268502032117,0.0,-1,0.07146268502032117
E20,SUI,BRK24GATE,1789516800000,funding,0.6863,2091.427157279653,0.021472783012293745,0.0,-1,0.021472783012293745
E20,WLD,BRK24GATE,1789516800000,funding,0.3622,3305.9897233196943,0.0321030842994532,0.0,-1,0.0321030842994532
E20,AKE,BRK24GATE,1789516800000,funding,0.026894,13824.506914503498,0.12525073382439242,0.0,1,0.12525073382439242
E21,AKE,MR,1789516800000,funding,0.026894,18829.400154797666,-0.17059532042964273,0.0,-1,-0.17059532042964273
E21,BTR,MR,1789516800000,funding,0.05031,28859.632796364524,0.6695421360167687,0.0,-1,0.6695421360167687
E21,1000PEPE,MR,1789516800000,funding,0.003386,527285.311051665,0.030351597074755942,0.0,1,0.030351597074755942
E21,DOGE,MR,1789516800000,funding,0.08003,26333.317681708177,-0.0233716805420042,0.0,1,-0.0233716805420042
E21,FARTCOIN,MR,1789516800000,funding,0.1382,8924.672798609567,-0.06166948903839211,0.0,1,-0.06166948903839211
E21,LINK,MR,1789516800000,funding,10.876,150.62616931381228,0.038891110562429713,0.0,1,0.038891110562429713
E21,BTR,MR,1789520400000,exit_signal,0.05031,28859.632796364524,14.718412726145807,1.5971209385836092,-1,0.0
E21,LIT,MR,1789520400000,enter,4.022,229.59449287842781,0.0,1.0157719553927405,1,0.0
E19,AKE,BRK24,1789531200000,funding,0.02722,27618.134662492674,0.19503807388310584,0.0,1,0.19503807388310584
E19,PENGU,BRK24,1789531200000,funding,0.00681,186001.04578617128,0.06333335609019132,0.0,-1,0.06333335609019132
E20,PENGU,BRK24GATE,1789531200000,funding,0.00681,208863.61251007213,0.07111806005967956,0.0,-1,0.07111806005967956
E20,AKE,BRK24GATE,1789531200000,funding,0.02722,13824.506914503498,0.097628070611525,0.0,1,0.097628070611525
E21,AKE,MR,1789531200000,funding,0.02722,18829.400154797666,-0.13297241046309444,0.0,-1,-0.13297241046309444
E21,FARTCOIN,MR,1789531200000,funding,0.1368,8924.672798609567,-0.061044761942489444,0.0,1,-0.061044761942489444
E21,LIT,MR,1789531200000,funding,4.065,229.59449287842781,-0.046665080677540466,0.0,1,-0.046665080677540466
E19,LTC,BRK24,1789545600000,funding,50.98,34.57895619848049,-0.10614030660918182,0.0,-1,-0.10614030660918182
E19,ADA,BRK24,1789545600000,funding,0.1938,6719.130125725027,-0.05167000316074344,0.0,-1,-0.05167000316074344
E19,AKE,BRK24,1789545600000,funding,0.028594,27618.134662492674,0.007328536106764848,0.0,1,0.007328536106764848
E19,DOGE,BRK24,1789545600000,funding,0.07962,23370.769910971023,0.0028469944714766145,0.0,-1,0.0028469944714766145
E19,PENGU,BRK24,1789545600000,funding,0.006801,186001.04578617128,-0.11305243445445076,0.0,-1,-0.11305243445445076
E19,BTC,BRK24,1789545600000,funding,75719.8,0.04089098016253845,0.13196246650849897,0.0,-1,0.13196246650849897
E20,LTC,BRK24GATE,1789545600000,funding,50.98,37.738407749825235,-0.1158382614708535,0.0,-1,-0.1158382614708535
E20,ADA,BRK24GATE,1789545600000,funding,0.1938,7275.290609525029,-0.05594686838259772,0.0,-1,-0.05594686838259772
E20,PENGU,BRK24GATE,1789545600000,funding,0.006801,208863.61251007213,-0.12694842528122102,0.0,-1,-0.12694842528122102
E20,SUI,BRK24GATE,1789545600000,funding,0.6855,2091.427157279653,-0.1177332527358044,0.0,-1,-0.1177332527358044
E20,WLD,BRK24GATE,1789545600000,funding,0.3615,3305.9897233196943,-0.07963053143822203,0.0,-1,-0.07963053143822203
E20,AKE,BRK24GATE,1789545600000,funding,0.028594,13824.506914503498,0.0036683649826195447,0.0,1,0.0036683649826195447
E21,LIT,MR,1789545600000,exit_signal,4.28,229.59449287842781,59.23537916263438,1.0809308724716382,1,0.0
E21,BTR,MR,1789545600000,enter,0.0517,26367.917925675472,0.0,1.4995434924331643,-1,0.0
E21,BTR,MR,1789545600000,same_bar_stop,0.055268683315378174,26367.917925675472,-94.09874876261905,1.6030521160720452,-1,0.0
E21,AKE,MR,1789545600000,funding,0.028594,18829.400154797666,-0.00499642501528392,0.0,-1,-0.00499642501528392
E21,1000PEPE,MR,1789545600000,funding,0.003351,527285.311051665,-0.13181320756912604,0.0,1,-0.13181320756912604
E21,DOGE,MR,1789545600000,funding,0.07962,26333.317681708177,-0.0032078878933409355,0.0,1,-0.0032078878933409355
E21,FARTCOIN,MR,1789545600000,funding,0.13599,8924.672798609567,-0.06068331269414575,0.0,1,-0.06068331269414575
E21,LINK,MR,1789545600000,funding,10.751,150.62616931381228,0.08926033287965891,0.0,1,0.08926033287965891
E21,NVDA,MR,1789549200000,enter,214.06,35.41405663418507,0.0,8.338806259425024,-1,0.0
E19,BTC,BRK24,1789560000000,exit,76095.4,0.04089098016253845,23.38964065297199,2.4892923934883426,-1,0.0
E19,KORU,BRK24,1789560000000,enter,19.48,46.138050966179314,0.0,0.9886461561032904,1,0.0
E19,AKE,BRK24,1789560000000,funding,0.028764,27618.134662492674,0.2558391045903561,0.0,1,0.2558391045903561
E19,PENGU,BRK24,1789560000000,funding,0.006852,186001.04578617128,0.06372395828634228,0.0,-1,0.06372395828634228
E20,WLD,BRK24GATE,1789560000000,exit,0.3665,3305.9897233196943,24.133724980233865,1.3328097569563349,-1,0.0
E20,NEAR,BRK24GATE,1789560000000,enter,2.441,361.8079235387585,0.0,0.9714904554939203,1,0.0
E20,PENGU,BRK24GATE,1789560000000,funding,0.006852,208863.61251007213,0.07155667364595071,0.0,-1,0.07155667364595071
E20,AKE,BRK24GATE,1789560000000,funding,0.028764,13824.506914503498,0.12806257604403115,0.0,1,0.12806257604403115
E21,AKE,MR,1789560000000,funding,0.028764,18829.400154797666,-0.17442513531223985,0.0,-1,-0.17442513531223985
E21,FARTCOIN,MR,1789560000000,funding,0.13734,8924.672798609567,-0.0612857281080519,0.0,1,-0.0612857281080519
E21,AKE,MR,1789567200000,exit_signal,0.027246,18829.400154797666,-12.898139106036366,0.5643284202793789,-1,0.0
E21,NEAR,MR,1789567200000,enter,2.475,517.4730054144071,0.0,1.4088202572407236,-1,0.0
E19,LTC,BRK24,1789574400000,funding,50.4,34.57895619848049,0.17427793924034166,0.0,-1,0.17427793924034166
E19,ADA,BRK24,1789574400000,funding,0.191,6719.130125725027,-0.11503983947376836,0.0,-1,-0.11503983947376836
E19,AKE,BRK24,1789574400000,funding,0.02709,27618.134662492674,0.07228869439482924,0.0,1,0.07228869439482924
E19,DOGE,BRK24,1789574400000,funding,0.07899,23370.769910971023,-0.09287513346911301,0.0,-1,-0.09287513346911301
E19,PENGU,BRK24,1789574400000,funding,0.006717,186001.04578617128,0.06246845122728562,0.0,-1,0.06246845122728562
E20,LTC,BRK24GATE,1789574400000,funding,50.4,37.738407749825235,0.1902015750591192,0.0,-1,0.1902015750591192
E20,ADA,BRK24GATE,1789574400000,funding,0.191,7275.290609525029,-0.12456199659542432,0.0,-1,-0.12456199659542432
E20,PENGU,BRK24GATE,1789574400000,funding,0.006717,208863.61251007213,0.07014684426150772,0.0,-1,0.07014684426150772
E20,SUI,BRK24GATE,1789574400000,funding,0.6832,2091.427157279653,-0.06628495614046195,0.0,-1,-0.06628495614046195
E20,AKE,BRK24GATE,1789574400000,funding,0.02709,13824.506914503498,0.036184759315369,0.0,1,0.036184759315369
E20,NEAR,BRK24GATE,1789574400000,funding,2.454,361.8079235387585,-0.08878766443641134,0.0,1,-0.08878766443641134
E21,1000PEPE,MR,1789574400000,exit_timeout,0.003327,527285.311051665,-23.20055368627314,1.9297060528557786,1,0.0
E21,AAVE,MR,1789574400000,enter,116.33,14.314841446234292,0.0,1.8317700559844787,1,0.0
E21,NVDA,MR,1789574400000,stop,216.68962308655742,35.41405663418507,-93.12562091390488,8.44124444243032,-1,0.0
E21,DOGE,MR,1789574400000,funding,0.07899,26333.317681708177,0.10464825950064666,0.0,1,0.10464825950064666
E21,FARTCOIN,MR,1789574400000,funding,0.13402,8924.672798609567,-0.05980423242348271,0.0,1,-0.05980423242348271
E21,LINK,MR,1789574400000,funding,10.67,150.62616931381228,-0.05282804691763126,0.0,1,-0.05282804691763126
E21,NEAR,MR,1789574400000,funding,2.454,517.4730054144071,0.12698787552869553,0.0,-1,0.12698787552869553
E21,AAVE,MR,1789574400000,funding,115.89,14.314841446234292,0.05247249282570543,0.0,1,0.05247249282570543
E19,AKE,BRK24,1789578000000,exit,0.025909,27618.134662492674,244.39287362839775,0.7871140760675751,1,0.0
E19,AAVE,BRK24,1789578000000,enter,115.68,9.612598058174594,0.0,1.2231838777066009,-1,0.0
E20,AKE,BRK24GATE,1789578000000,exit,0.025909,13824.506914503498,22.257456132350637,0.3939970646126583,1,0.0
E21,CL,MR,1789578000000,enter,97.11,29.536505581118217,0.0,3.155119062680629,1,0.0
E20,AAVE,BRK24GATE,1789581600000,enter,115.01,10.299013107260198,0.0,1.3029384472125949,-1,0.0
E19,ADA,BRK24,1789585200000,exit,0.1962,6719.130125725027,67.86321426982276,1.4501226637339755,-1,0.0
E19,DOGE,BRK24,1789585200000,exit,0.08037,23370.769910971023,63.10107875962195,2.066139655519215,-1,0.0
E19,KORU,BRK24,1789585200000,exit,19.08,46.138050966179314,-18.455220386471822,0.9683454136781714,1,0.0
E19,LTC,BRK24,1789585200000,exit,51.31,34.57895619848049,59.475804661386405,1.9516708667984375,-1,0.0
E19,PENGU,BRK24,1789585200000,exit,0.006898,186001.04578617128,24.18013595220241,1.4113387352163105,-1,0.0
E19,ENA,BRK24,1789585200000,enter,0.1478,5321.1980283873645,0.0,0.8651203754552177,1,0.0
E19,HYPE,BRK24,1789585200000,enter,79.64,17.147550747509918,0.0,1.5021940356848589,1,0.0
E19,LIT,BRK24,1789585200000,enter,4.381,173.4322543086345,0.0,0.8357873767387406,1,0.0
E19,MU,BRK24,1789585200000,enter,941.08,2.6262410057713517,0.0,2.7186531742824345,1,0.0
E19,NEAR,BRK24,1789585200000,enter,2.504,337.2797284528924,0.0,0.9290032840506469,1,0.0
E20,ADA,BRK24GATE,1789585200000,exit,0.1962,7275.290609525029,63.29502830286765,1.570153219347692,-1,0.0
E20,LTC,BRK24GATE,1789585200000,exit,51.31,37.738407749825235,47.17300968728154,2.1299934718078863,-1,0.0
E20,PENGU,BRK24GATE,1789585200000,exit,0.006898,208863.61251007213,27.15226962630954,1.5848153190039254,-1,0.0
E20,SUI,BRK24GATE,1789585200000,exit,0.6951,2091.427157279653,32.626263653562475,1.5991261187275956,-1,0.0
E20,XRP,BRK24GATE,1789585200000,enter,1.2501,927.3792690477657,0.0,1.2752485066602732,-1,0.0
E20,ZEC,BRK24GATE,1789585200000,enter,1275.0,0.6128550141252744,0.0,0.8595291573106973,1,0.0
E19,MU,BRK24,1789588800000,exit,922.88,2.6262410057713517,-47.79758630503872,2.666075829346892,1,0.0
E19,KORU,BRK24,1789588800000,enter,18.24,43.169969621790656,0.0,0.8661622704916077,-1,0.0
E19,ENA,BRK24,1789588800000,funding,0.14643,5321.1980283873645,-0.038959151364838095,0.0,1,-0.038959151364838095
E19,LIT,BRK24,1789588800000,funding,4.48,173.4322543086345,-0.03884882496513413,0.0,1,-0.03884882496513413
E20,XRP,BRK24GATE,1789588800000,exit,1.301,927.3792690477657,-47.20360479453122,1.3271724719342575,-1,0.0
E20,KORU,BRK24GATE,1789588800000,enter,18.24,46.162861777383036,0.0,0.9262116587014132,-1,0.0
E20,LIT,BRK24GATE,1789588800000,enter,4.576,169.25831564808038,0.0,0.8519786576461774,1,0.0
E20,MU,BRK24GATE,1789588800000,enter,922.52,2.5177185924310947,0.0,2.554910331478487,-1,0.0
E20,LIT,BRK24GATE,1789588800000,funding,4.48,169.25831564808038,-0.03791386270517001,0.0,1,-0.03791386270517001
E21,DOGE,MR,1789588800000,exit_timeout,0.07952,26333.317681708177,-32.12664757168431,2.3034279642543773,1,0.0
E21,FARTCOIN,MR,1789588800000,exit_timeout,0.13575,8924.672798609567,-1.8741812877079016,1.3326767656523737,1,0.0
E21,LINK,MR,1789588800000,exit_timeout,10.797,150.62616931381228,-45.33847696345752,1.7889418250893547,1,0.0
E21,AKE,MR,1789588800000,enter,0.020127,10692.438836488136,0.0,0.23672738810819638,1,0.0
E21,ENA,MR,1789588800000,enter,0.14685,6987.472511523541,0.0,1.1287213721489553,-1,0.0
E21,KORU,MR,1789588800000,enter,18.28,60.130382371206885,0.0,1.2091017287202284,1,0.0
E21,AKE,MR,1789588800000,funding,0.019631,10692.438836488136,-0.010495163339954929,0.0,1,-0.010495163339954929
E21,ENA,MR,1789588800000,funding,0.14643,6987.472511523541,0.05115877999311961,0.0,-1,0.05115877999311961
E19,AAVE,BRK24,1789603200000,funding,119.47,9.612598058174594,0.031455144095377155,0.0,-1,0.031455144095377155
E19,ENA,BRK24,1789603200000,funding,0.14874,5321.1980283873645,-0.03957374973711684,0.0,1,-0.03957374973711684
E19,HYPE,BRK24,1789603200000,funding,78.26,17.147550747509918,-0.048190046515069536,0.0,1,-0.048190046515069536
E19,LIT,BRK24,1789603200000,funding,4.604,173.4322543086345,-0.039924104941847664,0.0,1,-0.039924104941847664
E19,NEAR,BRK24,1789603200000,funding,2.619,337.2797284528924,-0.08833356088181253,0.0,1,-0.08833356088181253
E19,KORU,BRK24,1789603200000,funding,19.15,43.169969621790656,0.21877092251842695,0.0,-1,0.21877092251842695
E20,NEAR,BRK24GATE,1789603200000,funding,2.619,361.8079235387585,-0.09475749517480085,0.0,1,-0.09475749517480085
E20,AAVE,BRK24GATE,1789603200000,funding,119.47,10.299013107260198,0.03370128859736866,0.0,-1,0.03370128859736866
E20,ZEC,BRK24GATE,1789603200000,funding,1336.88,0.6128550141252744,0.05499232958936845,0.0,1,0.05499232958936845
E20,KORU,BRK24GATE,1789603200000,funding,19.15,46.162861777383036,0.2339378958476509,0.0,-1,0.2339378958476509
E20,LIT,BRK24GATE,1789603200000,funding,4.604,169.25831564808038,-0.03896326426218811,0.0,1,-0.03896326426218811
E20,MU,BRK24GATE,1789603200000,funding,935.79,2.5177185924310947,0.41212129481141263,0.0,-1,0.41212129481141263
E21,NEAR,MR,1789603200000,funding,2.619,517.4730054144071,0.13552618011803325,0.0,-1,0.13552618011803325
E21,AAVE,MR,1789603200000,funding,119.47,14.314841446234292,-0.04684221660666032,0.0,1,-0.04684221660666032
E21,CL,MR,1789603200000,funding,97.02,29.536505581118217,0.0513521213449232,0.0,1,0.0513521213449232
E21,AKE,MR,1789603200000,funding,0.020312,10692.438836488136,-0.010859240882337352,0.0,1,-0.010859240882337352
E21,ENA,MR,1789603200000,funding,0.14874,6987.472511523541,0.05196583306820058,0.0,-1,0.05196583306820058
E21,KORU,MR,1789603200000,funding,19.15,60.130382371206885,-0.30472060411399093,0.0,1,-0.30472060411399093
E19,AAVE,BRK24,1789606800000,exit,120.49,9.612598058174594,-46.23659665981968,1.2740441340324027,-1,0.0
E19,DOGE,BRK24,1789606800000,enter,0.08098,17779.794423810818,0.0,1.58378852768422,1,0.0
E20,AAVE,BRK24GATE,1789606800000,exit,120.49,10.299013107260198,-56.43859182778578,1.3650208982231593,-1,0.0
E20,ENA,BRK24GATE,1789606800000,enter,0.15211,4821.261518655451,0.0,0.8066982985629487,1,0.0
E21,AAVE,MR,1789606800000,exit_signal,119.47,14.314841446234292,44.948602141175684,1.881213518339772,1,0.0
E21,KORU,MR,1789606800000,exit_signal,19.15,60.130382371206885,52.313432662949836,1.266646504649473,1,0.0
E21,DOGE,MR,1789606800000,enter,0.08086,27470.56876394643,0.0,2.4433972092779794,-1,0.0
E21,ETH,MR,1789606800000,enter,2417.53,1.0024673525371603,0.0,1.938795919023329,-1,0.0
E21,NEAR,MR,1789606800000,stop,2.6545364204418975,517.4730054144071,-92.90525106741326,1.5110160334148781,-1,0.0
E21,BTC,MR,1789610400000,enter,76294.6,0.04372766848561369,0.0,2.668947980834002,-1,0.0
E19,ENA,BRK24,1789617600000,funding,0.15117,5321.1980283873645,0.003225666078864785,0.0,1,0.003225666078864785
E19,LIT,BRK24,1789617600000,funding,4.841,173.4322543086345,-0.04197927715540498,0.0,1,-0.04197927715540498
E20,LIT,BRK24GATE,1789617600000,funding,4.841,169.25831564808038,-0.04096897530261786,0.0,1,-0.04096897530261786
E20,ENA,BRK24GATE,1789617600000,funding,0.15117,4821.261518655451,0.0029226087161383298,0.0,1,0.0029226087161383298
E21,AKE,MR,1789617600000,funding,0.01951,10692.438836488136,0.05726330272661803,0.0,1,0.05726330272661803
E21,ENA,MR,1789617600000,funding,0.15117,6987.472511523541,-0.0042357478404637244,0.0,-1,-0.0042357478404637244
E19,ENA,BRK24,1789632000000,funding,0.15235,5321.1980283873645,0.0013052020765959521,0.0,1,0.0013052020765959521
E19,HYPE,BRK24,1789632000000,funding,79.57,17.147550747509918,-0.07864578053213053,0.0,1,-0.07864578053213053
E19,LIT,BRK24,1789632000000,funding,4.823,173.4322543086345,-0.04182318812652721,0.0,1,-0.04182318812652721
E19,NEAR,BRK24,1789632000000,funding,2.719,337.2797284528924,-0.09170635816634144,0.0,1,-0.09170635816634144
E19,DOGE,BRK24,1789632000000,funding,0.08113,17779.794423810818,-0.00201946461024528,0.0,1,-0.00201946461024528
E20,MU,BRK24GATE,1789632000000,exit,939.01,2.5177185924310947,-41.51717958918878,2.6005792290265948,-1,0.0
E20,FARTCOIN,BRK24GATE,1789632000000,enter,0.14512,6267.650186596121,0.0,1.000517534586712,1,0.0
E20,NEAR,BRK24GATE,1789632000000,funding,2.719,361.8079235387585,-0.09837557441018843,0.0,1,-0.09837557441018843
E20,ZEC,BRK24GATE,1789632000000,funding,1370.73,0.6128550141252744,-0.0222447557929961,0.0,1,-0.0222447557929961
E20,LIT,BRK24GATE,1789632000000,funding,4.823,169.25831564808038,-0.04081664281853459,0.0,1,-0.04081664281853459
E20,ENA,BRK24GATE,1789632000000,funding,0.15235,4821.261518655451,0.0011825758997111246,0.0,1,0.0011825758997111246
E20,FARTCOIN,BRK24GATE,1789632000000,funding,0.14541,6267.650186596121,-0.045568950681647104,0.0,1,-0.045568950681647104
E21,CL,MR,1789632000000,funding,96.76,29.536505581118217,0.4835655257809066,0.0,1,0.4835655257809066
E21,AKE,MR,1789632000000,funding,0.022175,10692.438836488136,0.041329743126319374,0.0,1,0.041329743126319374
E21,ENA,MR,1789632000000,funding,0.15235,6987.472511523541,-0.0017139117137802845,0.0,-1,-0.0017139117137802845
E21,DOGE,MR,1789632000000,funding,0.08113,27470.56876394643,0.003120162141346563,0.0,-1,0.003120162141346563
E21,ETH,MR,1789632000000,funding,2443.28,1.0024673525371603,0.09202051783182974,0.0,-1,0.09202051783182974
E21,BTC,MR,1789632000000,funding,76434.7,0.04372766848561369,0.19555862962246817,0.0,-1,0.19555862962246817
E19,ENA,BRK24,1789646400000,funding,0.15077,5321.1980283873645,0.06380509193662925,0.0,1,0.06380509193662925
E19,LIT,BRK24,1789646400000,funding,4.896,173.4322543086345,-0.042456215854753725,0.0,1,-0.042456215854753725
E20,LIT,BRK24GATE,1789646400000,funding,4.896,169.25831564808038,-0.04143443567065008,0.0,1,-0.04143443567065008
E20,ENA,BRK24GATE,1789646400000,funding,0.15077,4821.261518655451,0.05781048418180578,0.0,1,0.05781048418180578
E20,FARTCOIN,BRK24GATE,1789646400000,funding,0.1455,6267.650186596121,-0.04559715510748678,0.0,1,-0.04559715510748678
E21,AKE,MR,1789646400000,funding,0.021069,10692.438836488136,0.012151548928051545,0.0,1,0.012151548928051545
E21,ENA,MR,1789646400000,funding,0.15077,6987.472511523541,-0.083784952866628,0.0,-1,-0.083784952866628
E19,KORU,BRK24,1789650000000,exit,19.58,43.169969621790656,-57.84775929319947,0.9297948057141271,-1,0.0
E19,1000PEPE,BRK24,1789650000000,enter,0.003509,342370.1581553569,0.0,1.3215145734638623,1,0.0
E20,KORU,BRK24GATE,1789650000000,exit,19.58,46.162861777383036,-61.85823478169326,0.9942557169612758,-1,0.0
E20,CL,BRK24GATE,1789650000000,enter,95.08,21.056771292905186,0.0,2.2022855959823677,-1,0.0
E21,AKE,MR,1789657200000,exit_signal,0.021464,10692.438836488136,14.295790724384652,0.25245275790501953,1,0.0
E21,1000PEPE,MR,1789657200000,enter,0.003568,501234.68373192794,0.0,1.9672458867110707,-1,0.0
E19,ENA,BRK24,1789660800000,funding,0.15282,5321.1980283873645,0.05606913903203793,0.0,1,0.05606913903203793
E19,HYPE,BRK24,1789660800000,funding,82.57,17.147550747509918,-0.1415873265221894,0.0,1,-0.1415873265221894
E19,LIT,BRK24,1789660800000,funding,4.766,173.4322543086345,-0.035005583552880214,0.0,1,-0.035005583552880214
E19,NEAR,BRK24,1789660800000,funding,2.878,337.2797284528924,-0.09706910584874244,0.0,1,-0.09706910584874244
E19,DOGE,BRK24,1789660800000,funding,0.08194,17779.794423810818,-0.014874707585438867,0.0,1,-0.014874707585438867
E19,1000PEPE,BRK24,1789660800000,funding,0.00364,342370.1581553569,-0.12462273756854991,0.0,1,-0.12462273756854991
E20,NEAR,BRK24GATE,1789660800000,funding,2.878,361.8079235387585,-0.1041283203944547,0.0,1,-0.1041283203944547
E20,ZEC,BRK24GATE,1789660800000,funding,1481.13,0.6128550141252744,0.20386437373275848,0.0,1,0.20386437373275848
E20,LIT,BRK24GATE,1789660800000,funding,4.766,169.25831564808038,-0.03416311535624011,0.0,1,-0.03416311535624011
E20,ENA,BRK24GATE,1789660800000,funding,0.15282,4821.261518655451,0.05080133852511985,0.0,1,0.05080133852511985
E20,FARTCOIN,BRK24GATE,1789660800000,funding,0.1447,6267.650186596121,-0.04534644910002293,0.0,1,-0.04534644910002293
E20,CL,BRK24GATE,1789660800000,funding,96.22,21.056771292905186,-0.46547220131597866,0.0,-1,-0.46547220131597866
E21,CL,MR,1789660800000,funding,96.22,29.536505581118217,0.6529216697460708,0.0,1,0.6529216697460708
E21,ENA,MR,1789660800000,funding,0.15282,6987.472511523541,-0.07362657161810035,0.0,-1,-0.07362657161810035
E21,DOGE,MR,1789660800000,funding,0.08194,27470.56876394643,0.022982081110126437,0.0,-1,0.022982081110126437
E21,ETH,MR,1789660800000,funding,2469.21,1.0024673525371603,0.06925896147540073,0.0,-1,0.06925896147540073
E21,BTC,MR,1789660800000,funding,76745.8,0.04372766848561369,0.21004671359495639,0.0,-1,0.21004671359495639
E21,1000PEPE,MR,1789660800000,funding,0.00364,501234.68373192794,0.1824494248784218,0.0,-1,0.1824494248784218
E19,LIT,BRK24,1789664400000,exit,4.731,173.4322543086345,60.701289008022016,0.9025587946475648,1,0.0
E19,AAVE,BRK24,1789664400000,enter,127.32,9.192103261907363,0.0,1.28737244603665,1,0.0
E20,LIT,BRK24GATE,1789664400000,exit,4.731,169.25831564808038,26.2350389254525,0.8808372004641752,1,0.0
E20,BTR,BRK24GATE,1789664400000,enter,0.05268,15207.265081127141,0.0,0.8812305969211556,1,0.0
E21,CL,MR,1789664400000,exit_timeout,96.22,29.536505581118217,-26.28748996719523,3.1262028237167145,1,0.0
E21,ADA,MR,1789664400000,enter,0.2021,9032.270037902541,0.0,2.007963952126114,-1,0.0
E19,ENA,BRK24,1789675200000,funding,0.1535,5321.1980283873645,-0.04084019486787303,0.0,1,-0.04084019486787303
E20,ENA,BRK24GATE,1789675200000,funding,0.1535,4821.261518655451,-0.03700318215568059,0.0,1,-0.03700318215568059
E20,FARTCOIN,BRK24GATE,1789675200000,funding,0.14499,6267.650186596121,-0.04543733002772858,0.0,1,-0.04543733002772858
E20,BTR,BRK24GATE,1789675200000,funding,0.05224,15207.265081127141,-0.039721376391904095,0.0,1,-0.039721376391904095
E21,ENA,MR,1789675200000,exit_timeout,0.15347,6987.472511523541,-46.25706802628575,1.1796041469778697,-1,0.0
E21,BTR,MR,1789675200000,enter,0.05219,20298.73260243194,0.0,1.1653299399730155,-1,0.0
E21,BTR,MR,1789675200000,funding,0.05224,20298.73260243194,0.05302028955755224,0.0,-1,0.05302028955755224
E21,BTC,MR,1789686000000,exit_signal,76373.7,0.04372766848561369,-3.4588585772116613,2.6717150676957715,-1,0.0
E19,ENA,BRK24,1789689600000,funding,0.15454,5321.1980283873645,-0.04111689716534917,0.0,1,-0.04111689716534917
E19,HYPE,BRK24,1789689600000,funding,85.11,17.147550747509918,-0.14594280441205693,0.0,1,-0.14594280441205693
E19,NEAR,BRK24,1789689600000,funding,3.145,337.2797284528924,-0.10607447459843466,0.0,1,-0.10607447459843466
E19,DOGE,BRK24,1789689600000,funding,0.08169,17779.794423810818,-0.08063899168783098,0.0,1,-0.08063899168783098
E19,1000PEPE,BRK24,1789689600000,funding,0.003608,342370.1581553569,-0.12352715306245278,0.0,1,-0.12352715306245278
E19,AAVE,BRK24,1789689600000,funding,128.49,9.192103261907363,-0.10703067920685887,0.0,1,-0.10703067920685887
E20,NEAR,BRK24GATE,1789689600000,funding,3.145,361.8079235387585,-0.11378859195293954,0.0,1,-0.11378859195293954
E20,ZEC,BRK24GATE,1789689600000,funding,1466.64,0.6128550141252744,-0.010309668165704465,0.0,1,-0.010309668165704465
E20,ENA,BRK24GATE,1789689600000,funding,0.15454,4821.261518655451,-0.037253887754650675,0.0,1,-0.037253887754650675
E20,FARTCOIN,BRK24GATE,1789689600000,funding,0.14588,6267.650186596121,-0.04571624046103211,0.0,1,-0.04571624046103211
E20,CL,BRK24GATE,1789689600000,funding,96.54,21.056771292905186,-0.3856260869070576,0.0,-1,-0.3856260869070576
E20,BTR,BRK24GATE,1789689600000,funding,0.05224,15207.265081127141,-0.039721376391904095,0.0,1,-0.039721376391904095
E21,HYPE,MR,1789689600000,enter,84.2,20.84780928401879,0.0,1.9309240958858207,-1,0.0
E21,DOGE,MR,1789689600000,funding,0.08169,27470.56876394643,0.12459080872438302,0.0,-1,0.12459080872438302
E21,ETH,MR,1789689600000,funding,2446.5,1.0024673525371603,0.05917970280070959,0.0,-1,0.05917970280070959
E21,1000PEPE,MR,1789689600000,funding,0.003608,501234.68373192794,0.18084547389047964,0.0,-1,0.18084547389047964
E21,ADA,MR,1789689600000,funding,0.2026,9032.270037902541,0.1829937909679055,0.0,-1,0.1829937909679055
E21,BTR,MR,1789689600000,funding,0.05224,20298.73260243194,0.05302028955755224,0.0,-1,0.05302028955755224
E21,HYPE,MR,1789689600000,funding,85.11,20.84780928401879,0.17743570481628396,0.0,-1,0.17743570481628396
E21,DOGE,MR,1789693200000,exit_timeout,0.08169,27470.56876394643,-22.800572074075465,2.4684778385594623,-1,0.0
E21,ETH,MR,1789693200000,exit_timeout,2446.5,1.0024673525371603,-29.041479203001334,1.9620291023857304,-1,0.0
E21,HEMI,MR,1789693200000,enter,0.006483,218140.46779395273,0.0,1.5556251179790153,-1,0.0
E21,NEAR,MR,1789693200000,enter,3.145,299.9973234699696,0.0,1.03784074054436,-1,0.0
E21,ADA,MR,1789700400000,stop,0.2121163607438554,9032.270037902541,-90.4704750355483,2.1074814746652173,-1,0.0
E19,ENA,BRK24,1789704000000,funding,0.16472,5321.1980283873645,-0.043825386961798336,0.0,1,-0.043825386961798336
E20,ENA,BRK24GATE,1789704000000,funding,0.16472,4821.261518655451,-0.0397079098676463,0.0,1,-0.0397079098676463
E20,FARTCOIN,BRK24GATE,1789704000000,funding,0.15244,6267.650186596121,-0.04777202972223563,0.0,1,-0.04777202972223563
E20,BTR,BRK24GATE,1789704000000,funding,0.05161,15207.265081127141,-0.03924234754184859,0.0,1,-0.03924234754184859
E21,BTR,MR,1789704000000,exit_signal,0.05132,20298.73260243194,17.659897364115842,1.145904052872488,-1,0.0
E21,BTC,MR,1789704000000,enter,76945.5,0.05468873192537207,0.0,3.366441457890973,-1,0.0
E21,DOGE,MR,1789704000000,enter,0.08285,31543.448990576522,0.0,2.8747122237561915,-1,0.0
E21,NEAR,MR,1789704000000,stop,3.4427253843469847,299.9973234699696,-89.31681843316339,1.1360892408208396,-1,0.0
E21,HEMI,MR,1789704000000,funding,0.006525,218140.46779395273,0.040936022045745375,0.0,-1,0.040936022045745375
E21,AAVE,MR,1789707600000,enter,134.74,11.296060412375317,0.0,1.6742342979597955,-1,0.0
E20,BTR,BRK24GATE,1789711200000,exit,0.05116,15207.265081127141,-23.11504292331326,0.855804049705511,1,0.0
E20,DOGE,BRK24GATE,1789711200000,enter,0.0846,22130.584868646813,0.0,2.0594722278762725,1,0.0
E21,HEMI,MR,1789714800000,exit_signal,0.00641,218140.46779395273,15.924254148958582,1.5381084384151609,-1,0.0
E21,ETH,MR,1789714800000,enter,2479.57,1.189922747685012,0.0,2.3603973979818607,-1,0.0
E19,ENA,BRK24,1789718400000,funding,0.1694,5321.1980283873645,-0.04507054730044098,0.0,1,-0.04507054730044098
E19,HYPE,BRK24,1789718400000,funding,88.27,17.147550747509918,-0.15136143044827005,0.0,1,-0.15136143044827005
E19,NEAR,BRK24,1789718400000,funding,3.499,337.2797284528924,-0.11801417698566706,0.0,1,-0.11801417698566706
E19,DOGE,BRK24,1789718400000,funding,0.08443,17779.794423810818,-0.15011480432023475,0.0,1,-0.15011480432023475
E19,1000PEPE,BRK24,1789718400000,funding,0.003703,342370.1581553569,-0.12677966956492867,0.0,1,-0.12677966956492867
E19,AAVE,BRK24,1789718400000,funding,134.13,9.192103261907363,-0.12329368105196346,0.0,1,-0.12329368105196346
E20,NEAR,BRK24GATE,1789718400000,funding,3.499,361.8079235387585,-0.1265965924462116,0.0,1,-0.1265965924462116
E20,ZEC,BRK24GATE,1789718400000,funding,1483.24,0.6128550141252744,-0.0909011071151172,0.0,1,-0.0909011071151172
E20,ENA,BRK24GATE,1789718400000,funding,0.1694,4821.261518655451,-0.04083608506301167,0.0,1,-0.04083608506301167
E20,FARTCOIN,BRK24GATE,1789718400000,funding,0.15253,6267.650186596121,-0.0655532411106705,0.0,1,-0.0655532411106705
E20,CL,BRK24GATE,1789718400000,funding,95.35,21.056771292905186,-0.46058086495339007,0.0,-1,-0.46058086495339007
E20,DOGE,BRK24GATE,1789718400000,funding,0.08443,22130.584868646813,-0.18684852804598504,0.0,1,-0.18684852804598504
E21,HYPE,MR,1789718400000,stop,88.381340451373,20.84780928401879,-87.17178828177742,2.026813062995776,-1,0.0
E21,1000PEPE,MR,1789718400000,funding,0.003703,501234.68373192794,0.18560720338593295,0.0,-1,0.18560720338593295
E21,BTC,MR,1789718400000,funding,77781.1,0.05468873192537207,0.37199041360521073,0.0,-1,0.37199041360521073
E21,DOGE,MR,1789718400000,funding,0.08443,31543.448990576522,0.2663213398274376,0.0,-1,0.2663213398274376
E21,AAVE,MR,1789718400000,funding,134.13,11.296060412375317,0.1515140583111901,0.0,-1,0.1515140583111901
E21,ETH,MR,1789718400000,funding,2489.06,1.189922747685012,0.29617891143528563,0.0,-1,0.29617891143528563
E21,AKE,MR,1789722000000,enter,0.023895,18087.2164369657,0.0,0.475413440437425,-1,0.0
E21,DOGE,MR,1789725600000,stop,0.08557415869931626,31543.448990576522,-85.9293609741178,2.9692345208277207,-1,0.0
E21,1000PEPE,MR,1789729200000,stop,0.0037491061286343778,501234.68373192794,-90.7766731079662,2.067100227129834,-1,0.0
E19,ENA,BRK24,1789732800000,funding,0.16393,5321.1980283873645,-0.043615199639677034,0.0,1,-0.043615199639677034
E20,ENA,BRK24GATE,1789732800000,funding,0.16393,4821.261518655451,-0.0395174700376594,0.0,1,-0.0395174700376594
E20,FARTCOIN,BRK24GATE,1789732800000,funding,0.15174,6267.650186596121,-0.047552661965704776,0.0,1,-0.047552661965704776
E21,AKE,MR,1789732800000,funding,0.025653,18087.2164369657,-0.021232244782662335,0.0,-1,-0.021232244782662335
E20,CL,BRK24GATE,1789736400000,exit,96.83,21.056771292905186,-36.849349762584076,2.24281988072121,-1,0.0
E20,AAVE,BRK24GATE,1789736400000,enter,136.92,8.532708073646807,0.0,1.285128228388093,1,0.0
E20,ZEC,BRK24GATE,1789740000000,exit,1448.04,0.6128550141252744,106.04843164423747,0.9761824321193587,1,0.0
E20,AKE,BRK24GATE,1789740000000,enter,0.026714,12620.524524382237,0.0,0.37085916135878183,1,0.0
E21,BTC,MR,1789740000000,stop,78564.58673462382,0.05468873192537207,-88.54580039376827,3.437278098205988,-1,0.0
E21,ETH,MR,1789740000000,stop,2553.277632218302,1.189922747685012,-87.70638825455826,2.430562508585507,-1,0.0
E19,ENA,BRK24,1789747200000,funding,0.16645,5321.1980283873645,0.0053762804097782155,0.0,1,0.0053762804097782155
E19,HYPE,BRK24,1789747200000,funding,91.35,17.147550747509918,-0.1566428760785031,0.0,1,-0.1566428760785031
E19,NEAR,BRK24,1789747200000,funding,3.653,337.2797284528924,-0.1232082848038416,0.0,1,-0.1232082848038416
E19,DOGE,BRK24,1789747200000,funding,0.08749,17779.794423810818,-0.15555542141392084,0.0,1,-0.15555542141392084
E19,1000PEPE,BRK24,1789747200000,funding,0.003817,342370.1581553569,-0.1017626102107835,0.0,1,-0.1017626102107835
E19,AAVE,BRK24,1789747200000,funding,138.03,9.192103261907363,-0.12687860132410733,0.0,1,-0.12687860132410733
E20,NEAR,BRK24GATE,1789747200000,funding,3.653,361.8079235387585,-0.13216843446870846,0.0,1,-0.13216843446870846
E20,ENA,BRK24GATE,1789747200000,funding,0.16645,4821.261518655451,0.004871168807265813,0.0,1,0.004871168807265813
E20,FARTCOIN,BRK24GATE,1789747200000,funding,0.15921,6267.650186596121,-0.04989362931039842,0.0,1,-0.04989362931039842
E20,DOGE,BRK24GATE,1789747200000,funding,0.08749,22130.584868646813,-0.19362048701579096,0.0,1,-0.19362048701579096
E20,AAVE,BRK24GATE,1789747200000,funding,138.03,8.532708073646807,-0.1177769695405469,0.0,1,-0.1177769695405469
E20,AKE,BRK24GATE,1789747200000,funding,0.025777,12620.524524382237,-0.016265963033250046,0.0,1,-0.016265963033250046
E21,AAVE,MR,1789747200000,funding,138.03,11.296060412375317,0.1559195218720165,0.0,-1,0.1559195218720165
E21,AKE,MR,1789747200000,funding,0.025777,18087.2164369657,0.023311708904783245,0.0,-1,0.023311708904783245
E21,AKE,MR,1789754400000,stop,0.028547083778650346,18087.2164369657,-84.14324618734607,0.5679710112435057,-1,0.0
E19,ENA,BRK24,1789761600000,funding,0.16782,5321.1980283873645,-0.04465017265619838,0.0,1,-0.04465017265619838
E20,ENA,BRK24GATE,1789761600000,funding,0.16782,4821.261518655451,-0.04045520540303789,0.0,1,-0.04045520540303789
E20,FARTCOIN,BRK24GATE,1789761600000,funding,0.16417,6267.650186596121,-0.05144800655667426,0.0,1,-0.05144800655667426
E20,AKE,BRK24GATE,1789761600000,funding,0.04017,12620.524524382237,1.2011049610661941,0.0,1,1.2011049610661941
E19,ENA,BRK24,1789776000000,funding,0.16825,5321.1980283873645,-0.04476457841380871,0.0,1,-0.04476457841380871
E19,HYPE,BRK24,1789776000000,funding,92.56,17.147550747509918,-0.15871772971895182,0.0,1,-0.15871772971895182
E19,NEAR,BRK24,1789776000000,funding,3.763,337.2797284528924,-0.12691836181682342,0.0,1,-0.12691836181682342
E19,DOGE,BRK24,1789776000000,funding,0.08741,17779.794423810818,-0.15541318305853036,0.0,1,-0.15541318305853036
E19,1000PEPE,BRK24,1789776000000,funding,0.003816,342370.1581553569,-0.1306484523520842,0.0,1,-0.1306484523520842
E19,AAVE,BRK24,1789776000000,funding,139.45,9.192103261907363,-0.1281838799872982,0.0,1,-0.1281838799872982
E20,NEAR,BRK24GATE,1789776000000,funding,3.763,361.8079235387585,-0.13614832162763482,0.0,1,-0.13614832162763482
E20,ENA,BRK24GATE,1789776000000,funding,0.16825,4821.261518655451,-0.040558862525688986,0.0,1,-0.040558862525688986
E20,FARTCOIN,BRK24GATE,1789776000000,funding,0.16167,6267.650186596121,-0.1864354121326704,0.0,1,-0.1864354121326704
E20,DOGE,BRK24GATE,1789776000000,funding,0.08741,22130.584868646813,-0.1934434423368418,0.0,1,-0.1934434423368418
E20,AAVE,BRK24GATE,1789776000000,funding,139.45,8.532708073646807,-0.11898861408700473,0.0,1,-0.11898861408700473
E20,AKE,BRK24GATE,1789776000000,funding,0.046377,12620.524524382237,-0.02926510329336375,0.0,1,-0.02926510329336375
E21,AAVE,MR,1789776000000,funding,139.45,11.296060412375317,0.15752356245057378,0.0,-1,0.15752356245057378
E21,AKE,MR,1789779600000,enter,0.046377,8599.265471310424,0.0,0.43868894823925997,-1,0.0
E21,HEMI,MR,1789779600000,enter,0.006831,209433.5791193281,0.0,1.5737048568605434,-1,0.0
E21,LTC,MR,1789779600000,enter,58.14,39.90437511668844,0.0,2.552044406212693,-1,0.0
E21,MOVR,MR,1789779600000,enter,0.841,1881.5976797730489,0.0,1.7406660135580476,-1,0.0
E21,MU,MR,1789779600000,enter,1018.57,3.3153251262845367,0.0,3.7145797852676052,-1,0.0
E21,AAVE,MR,1789779600000,stop,142.15139958041507,11.296060412375317,-83.71961740062164,1.7663258771004793,-1,0.0
E21,ENA,MR,1789783200000,enter,0.17458,5293.503987769467,0.0,1.016553918803273,-1,0.0
E19,ENA,BRK24,1789790400000,funding,0.18323,5321.1980283873645,-0.048750155737070845,0.0,1,-0.048750155737070845
E20,ENA,BRK24GATE,1789790400000,funding,0.18323,4821.261518655451,-0.04416998740316192,0.0,1,-0.04416998740316192
E20,FARTCOIN,BRK24GATE,1789790400000,funding,0.1632,6267.650186596121,-0.1451365156281034,0.0,1,-0.1451365156281034
E20,AKE,BRK24GATE,1789790400000,funding,0.04193,12620.524524382237,-0.02645892966536736,0.0,1,-0.02645892966536736
E21,AKE,MR,1789790400000,funding,0.04193,8599.265471310424,0.018028360060602305,0.0,-1,0.018028360060602305
E21,HEMI,MR,1789790400000,funding,0.006699,209433.5791193281,0.07014977732601894,0.0,-1,0.07014977732601894
E21,MOVR,MR,1789790400000,funding,0.839,1881.5976797730489,0.0789330226664794,0.0,-1,0.0789330226664794
E21,ENA,MR,1789790400000,funding,0.18323,5293.503987769467,0.04849643678394998,0.0,-1,0.04849643678394998
E21,AKE,MR,1789797600000,stop,0.05594946634602327,8599.265471310424,-82.31617932463894,0.5292367454963628,-1,0.0
E19,DOGE,BRK24,1789801200000,exit,0.08704,17779.794423810818,107.74555420829373,1.7023086373133431,1,0.0
E19,AKE,BRK24,1789801200000,enter,0.058939,4722.956661502539,0.0,0.30620297693952797,1,0.0
E20,DOGE,BRK24GATE,1789801200000,exit,0.08704,22130.584868646813,53.998627079498476,2.1188707176637207,1,0.0
E20,FARTCOIN,BRK24GATE,1789801200000,exit,0.15941,6267.650186596121,89.56472116645855,1.0990387278698164,1,0.0
E21,BTR,MR,1789801200000,enter,0.04853,21107.842039445826,0.0,1.1267999315917363,1,0.0
E19,ENA,BRK24,1789804800000,funding,0.18004,5321.1980283873645,-0.04790142465154306,0.0,1,-0.04790142465154306
E19,HYPE,BRK24,1789804800000,funding,92.91,17.147550747509918,-0.013812861409376438,0.0,1,-0.013812861409376438
E19,NEAR,BRK24,1789804800000,funding,3.685,337.2797284528924,-0.12428757993489087,0.0,1,-0.12428757993489087
E19,1000PEPE,BRK24,1789804800000,funding,0.003746,342370.1581553569,-0.1253661943669843,0.0,1,-0.1253661943669843
E19,AAVE,BRK24,1789804800000,funding,142.18,9.192103261907363,-0.13069332417779891,0.0,1,-0.13069332417779891
E19,AKE,BRK24,1789804800000,funding,0.061102,4722.956661502539,0.4033223400685446,0.0,1,0.4033223400685446
E20,NEAR,BRK24GATE,1789804800000,funding,3.685,361.8079235387585,-0.1333262198240325,0.0,1,-0.1333262198240325
E20,ENA,BRK24GATE,1789804800000,funding,0.18004,4821.261518655451,-0.043400996190936375,0.0,1,-0.043400996190936375
E20,AAVE,BRK24GATE,1789804800000,funding,142.18,8.532708073646807,-0.12131804339111033,0.0,1,-0.12131804339111033
E20,AKE,BRK24GATE,1789804800000,funding,0.061102,12620.524524382237,1.0777442709895517,0.0,1,1.0777442709895517
E21,HEMI,MR,1789804800000,funding,0.006534,209433.5791193281,0.06842195029828449,0.0,-1,0.06842195029828449
E21,LTC,MR,1789804800000,funding,56.83,39.90437511668844,0.22677656378814043,0.0,-1,0.22677656378814043
E21,MOVR,MR,1789804800000,funding,0.834,1881.5976797730489,0.07846262324653615,0.0,-1,0.07846262324653615
E21,ENA,MR,1789804800000,funding,0.18004,5293.503987769467,0.04765212289790075,0.0,-1,0.04765212289790075
E21,BTR,MR,1789804800000,funding,0.04869,21107.842039445826,-0.05138704144503087,0.0,1,-0.05138704144503087
E21,HEMI,MR,1789808400000,exit_signal,0.006534,209433.5791193281,62.201772998440525,1.5052829065622586,-1,0.0
E21,LTC,MR,1789808400000,exit_signal,56.83,39.90437511668844,52.27473140286195,2.4945422016695447,-1,0.0
E21,AKE,MR,1789808400000,enter,0.061102,5459.071175313422,0.0,0.36691618364940076,-1,0.0
E21,ENA,MR,1789808400000,stop,0.18938448228581842,5293.503987769467,-78.36758601684215,1.1027582634217994,-1,0.0
E19,NEAR,BRK24,1789812000000,exit,3.631,337.2797284528924,380.11425396640965,1.3471289634136976,1,0.0
E19,LINK,BRK24,1789812000000,enter,12.492,123.11852301648769,0.0,1.6917962484741609,1,0.0
E20,NEAR,BRK24GATE,1789812000000,exit,3.631,361.8079235387585,430.55142901112254,1.4450970274061552,1,0.0
E20,SUI,BRK24GATE,1789812000000,enter,0.834,1474.966982080487,0.0,1.353134709360639,1,0.0
E20,TAO,BRK24GATE,1789812000000,enter,259.17,4.395380910930876,0.0,1.2530659577545507,1,0.0
E21,AAVE,MR,1789812000000,enter,145.12,8.762652250654622,0.0,1.3987997040764986,-1,0.0
E21,TAO,MR,1789812000000,enter,257.05,5.161141406503589,0.0,1.4593385383959223,-1,0.0
E19,ENA,BRK24,1789819200000,funding,0.19105,5321.1980283873645,-0.050830744166170304,0.0,1,-0.050830744166170304
E19,AKE,BRK24,1789819200000,funding,0.063164,4722.956661502539,0.0008293319200966669,0.0,1,0.0008293319200966669
E20,ENA,BRK24GATE,1789819200000,funding,0.19105,4821.261518655451,-0.0460551006569562,0.0,1,-0.0460551006569562
E20,AKE,BRK24GATE,1789819200000,funding,0.063164,12620.524524382237,0.002216112614741461,0.0,1,0.002216112614741461
E20,TAO,BRK24GATE,1789819200000,funding,268.35,4.395380910930876,-0.05897502337241504,0.0,1,-0.05897502337241504
E21,MOVR,MR,1789819200000,funding,0.85,1881.5976797730489,0.07996790139035459,0.0,-1,0.07996790139035459
E21,BTR,MR,1789819200000,funding,0.04967,21107.842039445826,-0.05242132570496371,0.0,1,-0.05242132570496371
E21,AKE,MR,1789819200000,funding,0.063164,5459.071175313422,-0.0009585906253746416,0.0,-1,-0.0009585906253746416
E21,TAO,MR,1789819200000,funding,268.35,5.161141406503589,0.06924961482176191,0.0,-1,0.06924961482176191
E20,ONDO,BRK24GATE,1789822800000,enter,0.4155,2488.634289883921,0.0,1.1374303021914463,1,0.0
E19,ENA,BRK24,1789833600000,funding,0.19936,5321.1980283873645,-0.05304170194696526,0.0,1,-0.05304170194696526
E19,HYPE,BRK24,1789833600000,funding,93.03,17.147550747509918,-0.1595236646040848,0.0,1,-0.1595236646040848
E19,1000PEPE,BRK24,1789833600000,funding,0.003843,342370.1581553569,0.13182284019748394,0.0,1,0.13182284019748394
E19,AAVE,BRK24,1789833600000,funding,142.48,9.192103261907363,-0.13096908727565612,0.0,1,-0.13096908727565612
E19,AKE,BRK24,1789833600000,funding,0.06288,4722.956661502539,-0.014848975743763985,0.0,1,-0.014848975743763985
E19,LINK,BRK24,1789833600000,funding,12.565,123.11852301648769,-0.15469842417021676,0.0,1,-0.15469842417021676
E20,ENA,BRK24GATE,1789833600000,funding,0.19936,4821.261518655451,-0.04805833481795754,0.0,1,-0.04805833481795754
E20,AAVE,BRK24GATE,1789833600000,funding,142.48,8.532708073646807,-0.1215740246333197,0.0,1,-0.1215740246333197
E20,AKE,BRK24GATE,1789833600000,funding,0.06288,12620.524524382237,-0.039678929104657756,0.0,1,-0.039678929104657756
E20,SUI,BRK24GATE,1789833600000,funding,0.8433,1474.966982080487,-0.12438396559884747,0.0,1,-0.12438396559884747
E20,TAO,BRK24GATE,1789833600000,funding,271.08,4.395380910930876,-0.05957499286675709,0.0,1,-0.05957499286675709
E20,ONDO,BRK24GATE,1789833600000,funding,0.4347,2488.634289883921,-0.054090466290627026,0.0,1,-0.054090466290627026
E21,MU,MR,1789833600000,exit_signal,1007.49,3.3153251262845367,36.7338023992328,3.674172602628449,-1,0.0
E21,BTC,MR,1789833600000,enter,81540.0,0.052321924800863916,0.0,3.4130637986099552,-1,0.0
E21,TAO,MR,1789833600000,stop,272.70729177273336,5.161141406503589,-80.80949688196205,1.5482289849660806,-1,0.0
E21,MOVR,MR,1789833600000,funding,0.85,1881.5976797730489,0.07996790139035459,0.0,-1,0.07996790139035459
E21,BTR,MR,1789833600000,funding,0.04952,21107.842039445826,-0.05226301688966787,0.0,1,-0.05226301688966787
E21,AKE,MR,1789833600000,funding,0.06288,5459.071175313422,0.017163319775185402,0.0,-1,0.017163319775185402
E21,AAVE,MR,1789833600000,funding,142.48,8.762652250654622,0.12485026926732705,0.0,-1,0.12485026926732705
E21,BTC,MR,1789833600000,funding,81610.9,0.052321924800863916,0.4270039372730825,0.0,-1,0.4270039372730825
E19,AAVE,BRK24,1789837200000,exit,141.24,9.192103261907363,127.95407740575064,1.4281219311829758,1,0.0
E19,WLD,BRK24,1789837200000,enter,0.4379,2121.2950984396457,0.0,1.021806635967393,1,0.0
E20,AAVE,BRK24GATE,1789837200000,exit,141.24,8.532708073646807,36.86129887815439,1.3256756571540627,1,0.0
E20,1000PEPE,BRK24GATE,1789837200000,enter,0.003889,361260.6029674684,0.0,1.5454367334345331,1,0.0
E21,ONDO,MR,1789837200000,enter,0.4347,2440.763358866371,0.0,1.1670998153091328,-1,0.0
E21,AKE,MR,1789840800000,stop,0.07605360163009887,5459.071175313422,-81.62185748364196,0.45670022688140693,-1,0.0
E21,1000PEPE,MR,1789844400000,enter,0.004188,316931.70887488144,0.0,1.4600409964448038,-1,0.0
E19,ENA,BRK24,1789848000000,funding,0.20577,5321.1980283873645,-0.054747145915063404,0.0,1,-0.054747145915063404
E19,AKE,BRK24,1789848000000,funding,0.067092,4722.956661502539,0.012975933311257985,0.0,1,0.012975933311257985
E20,ENA,BRK24GATE,1789848000000,funding,0.20577,4821.261518655451,-0.04960354913468661,0.0,1,-0.04960354913468661
E20,AKE,BRK24GATE,1789848000000,funding,0.067092,12620.524524382237,0.03467384867541448,0.0,1,0.03467384867541448
E20,TAO,BRK24GATE,1789848000000,funding,262.89,4.395380910930876,-0.0577750843837309,0.0,1,-0.0577750843837309
E20,ONDO,BRK24GATE,1789848000000,funding,0.4246,2488.634289883921,-0.052833705974235645,0.0,1,-0.052833705974235645
E21,MOVR,MR,1789848000000,funding,0.857,1881.5976797730489,0.08062646057827515,0.0,-1,0.08062646057827515
E21,BTR,MR,1789848000000,funding,0.04853,21107.842039445826,-0.0512181787087153,0.0,1,-0.0512181787087153
E21,ONDO,MR,1789848000000,funding,0.4246,2440.763358866371,0.05181740610873306,0.0,-1,0.05181740610873306
E19,HYPE,BRK24,1789855200000,exit,91.34,17.147550747509918,200.62634374586608,1.7228830138053115,1,0.0
E19,LINK,BRK24,1789855200000,exit,12.398,123.11852301648769,-11.57314116354999,1.6790657931942559,1,0.0
E19,KORU,BRK24,1789855200000,enter,20.04,104.93546475935648,0.0,2.313197385155254,1,0.0
E19,SOL,BRK24,1789855200000,enter,110.62,17.459395209476135,0.0,1.5450866384578001,-1,0.0
E21,AAVE,MR,1789855200000,exit_signal,141.66,8.762652250654622,30.31877678726506,1.3654490496105072,-1,0.0
E21,BTC,MR,1789855200000,exit_signal,81123.4,0.052321924800863916,21.797313872040213,3.3956259475123227,-1,0.0
E21,FARTCOIN,MR,1789855200000,enter,0.16581,7221.155180643221,0.0,1.3170737145526978,-1,0.0
E21,KORU,MR,1789855200000,enter,20.03,125.05038730663897,0.0,2.7552351835271764,-1,0.0
E19,ENA,BRK24,1789862400000,funding,0.2043,5321.1980283873645,-0.05435603785997693,0.0,1,-0.05435603785997693
E19,1000PEPE,BRK24,1789862400000,funding,0.004117,342370.1581553569,-0.14095379411256045,0.0,1,-0.14095379411256045
E19,AKE,BRK24,1789862400000,funding,0.064631,4722.956661502539,-0.01526247059947853,0.0,1,-0.01526247059947853
E19,WLD,BRK24,1789862400000,funding,0.431,2121.2950984396457,-0.09142781874274873,0.0,1,-0.09142781874274873
E19,KORU,BRK24,1789862400000,funding,20.01,104.93546475935648,-0.6588622691451396,0.0,1,-0.6588622691451396
E19,SOL,BRK24,1789862400000,funding,111.01,17.459395209476135,0.1938167462203946,0.0,-1,0.1938167462203946
E20,ENA,BRK24GATE,1789862400000,funding,0.2043,4821.261518655451,-0.049249186413065436,0.0,1,-0.049249186413065436
E20,AKE,BRK24GATE,1789862400000,funding,0.064631,12620.524524382237,-0.040783856026767415,0.0,1,-0.040783856026767415
E20,SUI,BRK24GATE,1789862400000,funding,0.8576,1474.966982080487,-0.12649316838322258,0.0,1,-0.12649316838322258
E20,TAO,BRK24GATE,1789862400000,funding,263.8,4.395380910930876,-0.05797507421517826,0.0,1,-0.05797507421517826
E20,ONDO,BRK24GATE,1789862400000,funding,0.42,2488.634289883921,-0.05226132008756234,0.0,1,-0.05226132008756234
E20,1000PEPE,BRK24GATE,1789862400000,funding,0.004117,361260.6029674684,-0.14873099024170675,0.0,1,-0.14873099024170675
E21,MOVR,MR,1789862400000,funding,0.863,1881.5976797730489,0.08119093988220706,0.0,-1,0.08119093988220706
E21,BTR,MR,1789862400000,funding,0.04866,21107.842039445826,-0.0513553796819717,0.0,1,-0.0513553796819717
E21,ONDO,MR,1789862400000,funding,0.42,2440.763358866371,0.0512560305361938,0.0,-1,0.0512560305361938
E21,1000PEPE,MR,1789862400000,funding,0.004117,316931.70887488144,0.1304807845437887,0.0,-1,0.1304807845437887
E21,FARTCOIN,MR,1789862400000,funding,0.17099,7221.155180643221,0.19466994783515815,0.0,-1,0.19466994783515815
E21,KORU,MR,1789862400000,funding,20.01,125.05038730663897,0.7851585936868344,0.0,-1,0.7851585936868344
E21,MOVR,MR,1789866000000,exit_timeout,0.863,1881.5976797730489,-41.39514895500711,1.7862006774085553,-1,0.0
E20,ONDO,BRK24GATE,1789869600000,exit,0.4112,2488.634289883921,-10.701127446500788,1.1256590620002953,1,0.0
E20,ONG,BRK24GATE,1789869600000,enter,0.08266,17973.19356701209,0.0,1.6342305982741416,1,0.0
E21,AAVE,MR,1789869600000,enter,140.32,10.09714006702706,0.0,1.5585137636257609,1,0.0
E19,ENA,BRK24,1789873200000,exit,0.19486,5321.1980283873645,250.41557921590947,1.1405775125927182,1,0.0
E19,AAVE,BRK24,1789873200000,enter,139.25,8.712663502328137,0.0,1.3345622319691126,-1,0.0
E20,ENA,BRK24GATE,1789873200000,exit,0.19486,4821.261518655451,206.1089299225206,1.0334181214777216,1,0.0
E20,SUI,BRK24GATE,1789873200000,exit,0.8376,1474.966982080487,5.309881135489824,1.3589755786096778,1,0.0
E20,TAO,BRK24GATE,1789873200000,exit,260.32,4.395380910930876,5.054688047570408,1.2586261146068782,1,0.0
E21,ONDO,MR,1789873200000,exit_signal,0.4131,2440.763358866371,52.720488551513505,1.1091072779024678,-1,0.0
E21,CL,MR,1789873200000,enter,96.71,41.14059167749927,0.0,4.37657728324405,-1,0.0
E19,KORU,BRK24,1789876800000,exit,19.67,104.93546475935648,-38.82612196096163,2.2704886509981965,1,0.0
E19,WLD,BRK24,1789876800000,exit,0.4183,2121.2950984396457,-41.57738392941707,0.9760715136450343,1,0.0
E19,ADA,BRK24,1789876800000,enter,0.2188,5153.426246065202,0.0,1.2403266289029728,-1,0.0
E19,BTC,BRK24,1789876800000,enter,80227.0,0.04541725815183153,0.0,2.9149522957975904,-1,0.0
E19,AKE,BRK24,1789876800000,funding,0.065305,4722.956661502539,0.26085694315219726,0.0,1,0.26085694315219726
E20,BTR,BRK24GATE,1789876800000,enter,0.04806,26139.80539266371,0.0,1.3819069518885598,-1,0.0
E20,KORU,BRK24GATE,1789876800000,enter,19.65,106.63747024751223,0.0,2.3049689193999767,-1,0.0
E20,AKE,BRK24GATE,1789876800000,funding,0.065305,12620.524524382237,0.6970530717002894,0.0,1,0.6970530717002894
E20,ONG,BRK24GATE,1789876800000,funding,0.08793,17973.19356701209,22.64627075594282,0.0,1,22.64627075594282
E20,BTR,BRK24GATE,1789876800000,funding,0.04758,26139.80539266371,0.06218659702914697,0.0,-1,0.06218659702914697
E21,1000PEPE,MR,1789876800000,exit_signal,0.00393,316931.70887488144,81.76838088971927,1.3700957774661127,-1,0.0
E21,FARTCOIN,MR,1789876800000,exit_signal,0.15925,7221.155180643221,47.3707779850196,1.264965858769176,-1,0.0
E21,KORU,MR,1789876800000,exit_signal,19.71,125.05038730663897,40.01612393812451,2.7112174471952395,-1,0.0
E21,ADA,MR,1789876800000,enter,0.2197,6169.952778926715,0.0,1.4910924880832195,1,0.0
E21,BTC,MR,1789876800000,enter,80301.2,0.054372586480597396,0.0,3.492947153196598,1,0.0
E21,DOGE,MR,1789876800000,enter,0.08537,19560.411818058623,0.0,1.8368595925984312,1,0.0
E21,BTR,MR,1789876800000,funding,0.04758,21107.842039445826,-0.05021555621184162,0.0,1,-0.05021555621184162
E20,BTR,BRK24GATE,1789880400000,exit,0.0496,26139.80539266371,-40.25530030470211,1.426187782223732,-1,0.0
E21,BTR,MR,1789884000000,exit_signal,0.05004,21107.842039445826,31.87284147956329,1.1618600572192563,1,0.0
E21,ETH,MR,1789884000000,enter,2578.83,1.0800297002878827,0.0,2.2281703935947204,1,0.0
E19,1000PEPE,BRK24,1789891200000,funding,0.003987,342370.1581553569,-0.1365029820565408,0.0,1,-0.1365029820565408
E19,AKE,BRK24,1789891200000,funding,0.069115,4722.956661502539,6.528542993194959,0.0,1,6.528542993194959
E19,SOL,BRK24,1789891200000,funding,108.42,17.459395209476135,0.18929476286114028,0.0,-1,0.18929476286114028
E19,AAVE,BRK24,1789891200000,funding,136.62,8.712663502328137,0.11903240876880702,0.0,-1,0.11903240876880702
E19,ADA,BRK24,1789891200000,funding,0.2192,5153.426246065202,0.11296310331374922,0.0,-1,0.11296310331374922
E19,BTC,BRK24,1789891200000,funding,80274.5,0.04541725815183153,0.2596937309237403,0.0,-1,0.2596937309237403
E20,AKE,BRK24GATE,1789891200000,funding,0.069115,12620.524524382237,17.445351050053567,0.0,1,17.445351050053567
E20,1000PEPE,BRK24GATE,1789891200000,funding,0.003987,361260.6029674684,-0.14403460240312965,0.0,1,-0.14403460240312965
E20,ONG,BRK24GATE,1789891200000,funding,0.09031,17973.19356701209,19.55621052795876,0.0,1,19.55621052795876
E21,AAVE,MR,1789891200000,funding,136.62,10.09714006702706,-0.13794712759572372,0.0,1,-0.13794712759572372
E21,ADA,MR,1789891200000,funding,0.2192,6169.952778926715,-0.1352453649140736,0.0,1,-0.1352453649140736
E21,BTC,MR,1789891200000,funding,80274.5,0.054372586480597396,-0.31089987413849723,0.0,1,-0.31089987413849723
E21,DOGE,MR,1789891200000,funding,0.08484,19560.411818058623,-0.1178414740971171,0.0,1,-0.1178414740971171
E21,ETH,MR,1789891200000,funding,2575.3,1.0800297002878827,-0.04836855447156258,0.0,1,-0.04836855447156258
E19,AKE,BRK24,1789894800000,funding,0.076203,4722.956661502539,7.19806932952956,0.0,1,7.19806932952956
E20,AKE,BRK24GATE,1789894800000,funding,0.076203,12620.524524382237,19.234436606629995,0.0,1,19.234436606629995
E19,AKE,BRK24,1789898400000,funding,0.094799,4722.956661502539,8.954631371075584,0.0,1,8.954631371075584
E20,AKE,BRK24GATE,1789898400000,funding,0.094799,12620.524524382237,23.928262087738233,0.0,1,23.928262087738233
E19,AKE,BRK24,1789902000000,funding,0.083766,4722.956661502539,6.3081563407485595,0.0,1,6.3081563407485595
E20,AKE,BRK24GATE,1789902000000,funding,0.083766,12620.524524382237,16.8564413158784,0.0,1,16.8564413158784
E19,AKE,BRK24,1789905600000,exit,0.05492,4722.956661502539,-18.981562822578713,0.28532325783469137,1,0.0
E19,BTR,BRK24,1789905600000,enter,0.05122,19645.583474925115,0.0,1.106871464144231,1,0.0
E19,BTR,BRK24,1789905600000,funding,0.05129,19645.583474925115,-0.050381098821445466,0.0,1,-0.050381098821445466
E20,AKE,BRK24GATE,1789905600000,exit,0.05492,12620.524524382237,355.97451473472535,0.7624311275669797,1,0.0
E20,BTR,BRK24GATE,1789905600000,enter,0.05122,21108.37940291219,0.0,1.1892883123188787,1,0.0
E20,ONG,BRK24GATE,1789905600000,funding,0.08511,17973.19356701209,19.647172245918192,0.0,1,19.647172245918192
E20,BTR,BRK24GATE,1789905600000,funding,0.05129,21108.37940291219,-0.05413243897876832,0.0,1,-0.05413243897876832
E20,NEAR,BRK24GATE,1789909200000,enter,3.688,201.98093644506355,0.0,0.8193962629703339,1,0.0
E19,1000PEPE,BRK24,1789916400000,exit,0.003912,342370.1581553569,137.97517373660872,1.4732872645741317,1,0.0
E19,MOVR,BRK24,1789916400000,enter,0.801,1449.7821084806317,0.0,1.2774030157822847,-1,0.0
E20,1000PEPE,BRK24GATE,1789916400000,exit,0.003912,361260.6029674684,8.308993868251623,1.55457662668961,1,0.0
E19,ADA,BRK24,1789920000000,exit,0.2232,5153.426246065202,-22.675075482686964,1.2652692119339284,-1,0.0
E19,BTC,BRK24,1789920000000,exit,80750.7,0.04541725815183153,-23.78501809411404,2.9339803102728816,-1,0.0
E19,NEAR,BRK24,1789920000000,enter,3.756,181.61405192438104,0.0,0.7503566169307727,1,0.0
E19,SPCX,BRK24,1789920000000,enter,153.12,51.91264634803019,0.0,8.743750849691422,1,0.0
E19,SOL,BRK24,1789920000000,funding,108.74,17.459395209476135,0.04319166294803439,0.0,-1,0.04319166294803439
E19,AAVE,BRK24,1789920000000,funding,135.91,8.712663502328137,-0.026524693363871744,0.0,-1,-0.026524693363871744
E19,BTR,BRK24,1789920000000,funding,0.05042,19645.583474925115,-0.04952651594028622,0.0,1,-0.04952651594028622
E19,MOVR,BRK24,1789920000000,funding,0.814,1449.7821084806317,0.059006131815161705,0.0,-1,0.059006131815161705
E19,NEAR,BRK24,1789920000000,funding,3.909,181.61405192438104,-0.07099293289724055,0.0,1,-0.07099293289724055
E20,KORU,BRK24GATE,1789920000000,exit,19.88,106.63747024751223,-24.526618156927857,2.3319481993725977,-1,0.0
E20,SPCX,BRK24GATE,1789920000000,enter,153.12,55.31790449423402,0.0,9.317305289772825,1,0.0
E20,ONG,BRK24GATE,1789920000000,funding,0.08604,17973.19356701209,6.57442267065362,0.0,1,6.57442267065362
E20,BTR,BRK24GATE,1789920000000,funding,0.05042,21108.37940291219,-0.05321422447474163,0.0,1,-0.05321422447474163
E20,NEAR,BRK24GATE,1789920000000,funding,3.909,201.98093644506355,-0.07895434805637534,0.0,1,-0.07895434805637534
E21,AAVE,MR,1789920000000,funding,135.91,10.09714006702706,0.03073957166581611,0.0,1,0.03073957166581611
E21,ADA,MR,1789920000000,funding,0.2245,6169.952778926715,-0.13851543988690476,0.0,1,-0.13851543988690476
E21,BTC,MR,1789920000000,funding,80870.9,0.054372586480597396,-0.18731901617098545,0.0,1,-0.18731901617098545
E21,DOGE,MR,1789920000000,funding,0.08578,19560.411818058623,-0.04238355509652251,0.0,1,-0.04238355509652251
E21,ETH,MR,1789920000000,funding,2611.75,1.0800297002878827,-0.1097560661380728,0.0,1,-0.1097560661380728
E19,SOL,BRK24,1789923600000,exit,109.22,17.459395209476135,24.44315329326669,1.5255321158231867,-1,0.0
E19,ADA,BRK24,1789923600000,enter,0.2314,5687.227623821192,0.0,1.4476269193674463,1,0.0
E20,SUI,BRK24GATE,1789923600000,enter,0.8872,1230.8185227919898,0.0,1.2011804127631587,1,0.0
E20,WLD,BRK24GATE,1789923600000,enter,0.4408,2075.4430996719275,0.0,1.0063408501689244,1,0.0
E21,ADA,MR,1789923600000,exit_signal,0.2245,6169.952778926715,29.615773338848225,1.5236698387559524,1,0.0
E21,BTC,MR,1789923600000,exit_signal,80870.9,0.054372586480597396,30.976062517996176,3.517728003210995,1,0.0
E21,ETH,MR,1789923600000,exit_signal,2611.75,1.0800297002878827,35.554577733477174,2.2566140557815024,1,0.0
E21,NEAR,MR,1789923600000,enter,3.909,200.3835319275265,0.0,0.8616291489351712,-1,0.0
E21,SPCX,MR,1789923600000,enter,153.26,63.72552218288028,0.0,10.743230882723056,-1,0.0
E21,DOGE,MR,1789927200000,exit_signal,0.08749,19560.411818058623,41.46807305428422,1.882474472958144,1,0.0
E21,ENA,MR,1789927200000,enter,0.22551,2789.8600949124784,0.0,0.6920554850040843,-1,0.0
E21,FARTCOIN,MR,1789927200000,enter,0.17028,6091.20933552297,0.0,1.1409322382181364,-1,0.0
E19,BTR,BRK24,1789934400000,funding,0.05035,19645.583474925115,-0.049457756398123984,0.0,1,-0.049457756398123984
E19,MOVR,BRK24,1789934400000,funding,0.835,1449.7821084806317,0.06052840302906637,0.0,-1,0.06052840302906637
E20,ONG,BRK24GATE,1789934400000,funding,0.08555,17973.19356701209,4.813908334462711,0.0,1,4.813908334462711
E20,BTR,BRK24GATE,1789934400000,funding,0.05035,21108.37940291219,-0.05314034514683144,0.0,1,-0.05314034514683144
E21,ENA,MR,1789934400000,funding,0.2216,2789.8600949124784,0.030911649851630262,0.0,-1,0.030911649851630262
E21,FARTCOIN,MR,1789934400000,funding,0.1678,6091.20933552297,0.07837500576407785,0.0,-1,0.07837500576407785
E19,MOVR,BRK24,1789938000000,exit,0.841,1449.7821084806317,-57.99128433922516,1.3411934285554323,-1,0.0
E19,PUMPFUN,BRK24,1789938000000,enter,0.004278,204647.03331031938,0.0,0.963028009351701,1,0.0
E19,AAVE,BRK24,1789945200000,exit,137.91,8.712663502328137,11.674969093119733,1.3217197659666808,-1,0.0
E19,HYPE,BRK24,1789945200000,enter,93.71,17.91815278712662,0.0,1.847021107449799,1,0.0
E19,BTR,BRK24,1789948800000,funding,0.05041,19645.583474925115,-0.04951669314854876,0.0,1,-0.04951669314854876
E19,NEAR,BRK24,1789948800000,funding,4.166,181.61405192438104,-0.07566041403169715,0.0,1,-0.07566041403169715
E19,ADA,BRK24,1789948800000,funding,0.2279,5687.227623821192,-0.12961191754688495,0.0,1,-0.12961191754688495
E19,PUMPFUN,BRK24,1789948800000,funding,0.004225,204647.03331031938,-0.04323168578680497,0.0,1,-0.04323168578680497
E19,HYPE,BRK24,1789948800000,funding,93.65,17.91815278712662,-0.16780350085144083,0.0,1,-0.16780350085144083
E20,ONG,BRK24GATE,1789948800000,funding,0.08713,17973.19356701209,12.27644058419648,0.0,1,12.27644058419648
E20,BTR,BRK24GATE,1789948800000,funding,0.05041,21108.37940291219,-0.05320367028504018,0.0,1,-0.05320367028504018
E20,NEAR,BRK24GATE,1789948800000,funding,4.166,201.98093644506355,-0.08414525812301347,0.0,1,-0.08414525812301347
E20,SUI,BRK24GATE,1789948800000,funding,0.8971,1230.8185227919898,-0.11041672967966941,0.0,1,-0.11041672967966941
E20,WLD,BRK24GATE,1789948800000,funding,0.4353,2075.4430996719275,-0.09034403812871901,0.0,1,-0.09034403812871901
E21,AAVE,MR,1789948800000,exit_signal,137.7,10.09714006702706,-26.454506975610943,1.5294138059525888,1,0.0
E21,CL,MR,1789948800000,exit_signal,95.86,41.14059167749927,34.969502925874146,4.338110830025588,-1,0.0
E21,HYPE,MR,1789948800000,enter,93.76,21.36581579857201,0.0,2.203584778201523,-1,0.0
E21,KORU,MR,1789948800000,enter,20.19,161.07172212924948,0.0,3.577241876768502,-1,0.0
E21,NEAR,MR,1789948800000,funding,4.166,200.3835319275265,0.08347977940100754,0.0,-1,0.08347977940100754
E21,ENA,MR,1789948800000,funding,0.21671,2789.8600949124784,0.030229529058424163,0.0,-1,0.030229529058424163
E21,FARTCOIN,MR,1789948800000,funding,0.1676,6091.20933552297,0.16426066755755425,0.0,-1,0.16426066755755425
E21,HYPE,MR,1789948800000,funding,93.65,21.36581579857201,0.2000908649536269,0.0,-1,0.2000908649536269
E21,KORU,MR,1789948800000,funding,20.39,161.07172212924948,4.868181668543199,0.0,-1,4.868181668543199
E21,KORU,MR,1789952400000,stop,20.704652026093484,161.07172212924948,-82.89588814018472,3.6684273537227057,-1,0.0
E21,NEAR,MR,1789952400000,stop,4.32135364056707,200.3835319275265,-82.62887890000326,0.9525209157251747,-1,0.0
E19,BTR,BRK24,1789956000000,exit,0.0498,19645.583474925115,-27.896728534393755,1.0761850627563978,1,0.0
E19,BTC,BRK24,1789956000000,enter,81822.9,0.046119098738123025,0.0,3.018878723311653,1,0.0
E20,BTR,BRK24GATE,1789956000000,exit,0.0498,21108.37940291219,-29.973898752135405,1.1563170236915299,1,0.0
E20,ADA,BRK24GATE,1789956000000,enter,0.2331,5536.091360351968,0.0,1.4195091857078481,1,0.0
E21,BTC,MR,1789956000000,enter,81569.5,0.055495392028521585,0.0,3.6213851040563934,-1,0.0
E21,CL,MR,1789956000000,enter,94.54,34.603789473838425,0.0,3.5985864825423537,1,0.0
E19,PUMPFUN,BRK24,1789963200000,funding,0.004402,204647.03331031938,-0.04504281203160129,0.0,1,-0.04504281203160129
E20,ONG,BRK24GATE,1789963200000,funding,0.08636,17973.19356701209,3.9070942074068373,0.0,1,3.9070942074068373
E21,ENA,MR,1789963200000,funding,0.21358,2789.8600949124784,0.029792915953570358,0.0,-1,0.029792915953570358
E21,FARTCOIN,MR,1789963200000,funding,0.17142,6091.20933552297,0.22259298513368214,0.0,-1,0.22259298513368214
E21,SPCX,MR,1789966800000,stop,154.55650193169714,63.72552218288028,-82.62026260851391,10.83411317159242,-1,0.0
E21,AKE,MR,1789970400000,enter,0.036638,1890.7620398154977,0.0,0.07620111357623623,1,0.0
E21,AKE,MR,1789970400000,funding,0.039839,1890.7620398154977,-0.0126992219565607,0.0,1,-0.0126992219565607
E21,AKE,MR,1789974000000,funding,0.041564,1890.7620398154977,-0.0009823454177861418,0.0,1,-0.0009823454177861418
E19,NEAR,BRK24,1789977600000,funding,4.261,181.61405192438104,-0.05803931064373407,0.0,1,-0.05803931064373407
E19,ADA,BRK24,1789977600000,funding,0.2322,5687.227623821192,-0.13205742542512805,0.0,1,-0.13205742542512805
E19,PUMPFUN,BRK24,1789977600000,funding,0.004383,204647.03331031938,-0.04484839734995649,0.0,1,-0.04484839734995649
E19,HYPE,BRK24,1789977600000,funding,94.14,17.91815278712662,-0.14429014683513375,0.0,1,-0.14429014683513375
E19,BTC,BRK24,1789977600000,funding,81704.8,0.046119098738123025,-0.3768151738578594,0.0,1,-0.3768151738578594
E20,ONG,BRK24GATE,1789977600000,funding,0.08632,17973.19356701209,2.2020449776157087,0.0,1,2.2020449776157087
E20,NEAR,BRK24GATE,1789977600000,funding,4.261,201.98093644506355,-0.06454805776443118,0.0,1,-0.06454805776443118
E20,SUI,BRK24GATE,1789977600000,funding,0.9664,1230.8185227919898,-0.11894630204261791,0.0,1,-0.11894630204261791
E20,WLD,BRK24GATE,1789977600000,funding,0.4478,2075.4430996719275,-0.09293834200330892,0.0,1,-0.09293834200330892
E20,ADA,BRK24GATE,1789977600000,funding,0.2322,5536.091360351968,-0.12854804138737272,0.0,1,-0.12854804138737272
E21,ENA,MR,1789977600000,funding,0.21452,2789.8600949124784,0.029924039378031245,0.0,-1,0.029924039378031245
E21,FARTCOIN,MR,1789977600000,funding,0.17054,6091.20933552297,0.2393902708964561,0.0,-1,0.2393902708964561
E21,HYPE,MR,1789977600000,funding,94.14,21.36581579857201,0.17205326550420325,0.0,-1,0.17205326550420325
E21,BTC,MR,1789977600000,funding,81704.8,0.055495392028521585,0.4534239906611951,0.0,-1,0.4534239906611951
E21,AKE,MR,1789977600000,funding,0.037097,1890.7620398154977,-0.000876769992387944,0.0,1,-0.000876769992387944
E21,BTC,MR,1789981200000,stop,83032.90296058594,0.055495392028521585,-81.21212099341584,3.686354800851126,-1,0.0
E21,AKE,MR,1789981200000,funding,0.040754,1890.7620398154977,-0.00096320145213301,0.0,1,-0.00096320145213301
E21,1000PEPE,MR,1789984800000,enter,0.004142,279168.8102482242,0.0,1.271948933252959,-1,0.0
E21,AKE,MR,1789984800000,funding,0.043862,1890.7620398154977,-0.001036657557379842,0.0,1,-0.001036657557379842
E21,AKE,MR,1789988400000,funding,0.045308,1890.7620398154977,-0.0037256424562832854,0.0,1,-0.0037256424562832854
E19,PUMPFUN,BRK24,1789992000000,funding,0.004426,204647.03331031938,-0.04528838847157368,0.0,1,-0.04528838847157368
E20,ONG,BRK24GATE,1789992000000,funding,0.0885,17973.19356701209,1.7541600573908394,0.0,1,1.7541600573908394
E21,FARTCOIN,MR,1789992000000,stop,0.183890066764112,6091.20933552297,-82.90176573064991,1.2321241805218515,-1,0.0
E21,ENA,MR,1789992000000,funding,0.22299,2789.8600949124784,0.031105545128226678,0.0,-1,0.031105545128226678
E21,AKE,MR,1789992000000,funding,0.051128,1890.7620398154977,-0.05668393811837425,0.0,1,-0.05668393811837425
E21,AKE,MR,1789995600000,funding,0.05337,1890.7620398154977,-0.08661102730674926,0.0,1,-0.08661102730674926
E19,SPCX,BRK24,1789999200000,exit,153.39,51.91264634803019,14.016414513967206,8.759168905656786,1,0.0
E19,1000PEPE,BRK24,1789999200000,enter,0.004281,232456.2133878169,0.0,1.0946595544645688,1,0.0
E20,SPCX,BRK24GATE,1789999200000,exit,153.39,55.31790449423402,14.93583421344218,9.333734707407611,1,0.0
E20,1000PEPE,BRK24GATE,1789999200000,enter,0.004281,249150.2508466017,0.0,1.1732734462617322,1,0.0
E21,AKE,MR,1789999200000,exit_signal,0.05337,1890.7620398154977,31.636230450192915,0.11100096707144844,1,0.0
E19,NEAR,BRK24,1790002800000,exit,4.103,181.61405192438104,63.02007601776022,0.8196787005503089,1,0.0
E19,CL,BRK24,1790002800000,enter,92.45,26.326108293495793,0.0,2.6772335829070553,-1,0.0
E20,NEAR,BRK24GATE,1790002800000,exit,4.103,201.98093644506355,83.8220886247013,0.9116005604575053,1,0.0
E20,BTC,BRK24GATE,1790002800000,enter,85828.9,0.03182941030747132,0.0,2.1855066194711403,1,0.0
E21,1000PEPE,MR,1790002800000,stop,0.004414832758476417,279168.8102482242,-76.1663965806024,1.3557319694916217,-1,0.0
E21,CL,MR,1790002800000,stop,92.38721025122045,34.603789473838425,-74.4946832482052,3.516642330969328,1,0.0
E19,PUMPFUN,BRK24,1790006400000,exit,0.004296,204647.03331031938,3.6836465995858827,0.9670800206112454,1,0.0
E19,DOGE,BRK24,1790006400000,enter,0.09523,13193.487239263324,0.0,1.382057368774551,1,0.0
E19,ADA,BRK24,1790006400000,funding,0.2447,5687.227623821192,-0.13916645995490456,0.0,1,-0.13916645995490456
E19,HYPE,BRK24,1790006400000,funding,93.06,17.91815278712662,0.018842335271581037,0.0,1,0.018842335271581037
E19,BTC,BRK24,1790006400000,funding,85879.7,0.046119098738123025,-0.3273117822327277,0.0,1,-0.3273117822327277
E19,1000PEPE,BRK24,1790006400000,funding,0.005083,232456.2133878169,-0.11815749326502734,0.0,1,-0.11815749326502734
E19,DOGE,BRK24,1790006400000,funding,0.09729,13193.487239263324,-0.1283594373507929,0.0,1,-0.1283594373507929
E20,ONG,BRK24GATE,1790006400000,funding,0.08949,17973.19356701209,-0.08042105461559561,0.0,1,-0.08042105461559561
E20,SUI,BRK24GATE,1790006400000,funding,1.0182,1230.8185227919898,-0.12532194199068042,0.0,1,-0.12532194199068042
E20,WLD,BRK24GATE,1790006400000,funding,0.4405,2075.4430996719275,0.13657722087272528,0.0,1,0.13657722087272528
E20,ADA,BRK24GATE,1790006400000,funding,0.2447,5536.091360351968,-0.1354681555878127,0.0,1,-0.1354681555878127
E20,1000PEPE,BRK24GATE,1790006400000,funding,0.005083,249150.2508466017,-0.12664307250532766,0.0,1,-0.12664307250532766
E20,BTC,BRK24GATE,1790006400000,funding,85879.7,0.03182941030747132,-0.2258964572207335,0.0,1,-0.2258964572207335
E21,ENA,MR,1790006400000,funding,0.2142,2789.8600949124784,0.013583175974866649,0.0,-1,0.013583175974866649
E21,HYPE,MR,1790006400000,funding,93.06,21.36581579857201,-0.022467821845830762,0.0,-1,-0.022467821845830762
E19,HYPE,BRK24,1790010000000,exit,92.92,17.91815278712662,-14.155340701829887,1.8314502326777862,1,0.0
E19,ETH,BRK24,1790010000000,enter,2765.69,0.6607030203554008,0.0,1.461839789093383,1,0.0
E21,ENA,MR,1790010000000,exit_signal,0.2142,2789.8600949124784,31.553317673460093,0.6573468355632782,-1,0.0
E21,HYPE,MR,1790010000000,exit_signal,93.06,21.36581579857201,14.956071059000468,2.1871331000366228,-1,0.0
E20,WLD,BRK24GATE,1790013600000,exit,0.4339,2075.4430996719275,-14.320557387736335,0.9905882370424144,1,0.0
E20,BTR,BRK24GATE,1790013600000,enter,0.04964,25898.563614311923,0.0,1.4141651675958884,-1,0.0
E20,ONG,BRK24GATE,1790020800000,funding,0.09041,17973.19356701209,0.10435470195987465,0.0,1,0.10435470195987465
E20,BTR,BRK24GATE,1790020800000,funding,0.05018,25898.563614311923,0.06497949610830861,0.0,-1,0.06497949610830861
E19,ADA,BRK24,1790035200000,funding,0.2451,5687.227623821192,-0.1393939490598574,0.0,1,-0.1393939490598574
E19,BTC,BRK24,1790035200000,funding,86579.8,0.046119098738123025,-0.3992982344926944,0.0,1,-0.3992982344926944
E19,1000PEPE,BRK24,1790035200000,funding,0.004765,232456.2133878169,-0.11076538567929477,0.0,1,-0.11076538567929477
E19,DOGE,BRK24,1790035200000,funding,0.09984,13193.487239263324,-0.13172377659680504,0.0,1,-0.13172377659680504
E19,ETH,BRK24,1790035200000,funding,2774.73,0.6607030203554008,-0.15817475058135155,0.0,1,-0.15817475058135155
E20,ONG,BRK24GATE,1790035200000,funding,0.0923,17973.19356701209,-0.08294628831176079,0.0,1,-0.08294628831176079
E20,SUI,BRK24GATE,1790035200000,funding,1.0428,1230.8185227919898,-0.1283497555567487,0.0,1,-0.1283497555567487
E20,ADA,BRK24GATE,1790035200000,funding,0.2451,5536.091360351968,-0.13568959924222676,0.0,1,-0.13568959924222676
E20,1000PEPE,BRK24GATE,1790035200000,funding,0.004765,249150.2508466017,-0.11872009452840572,0.0,1,-0.11872009452840572
E20,BTC,BRK24GATE,1790035200000,funding,86579.8,0.03182941030747132,-0.27557839785388055,0.0,1,-0.27557839785388055
E20,BTR,BRK24GATE,1790035200000,funding,0.05009,25898.563614311923,0.06486295257204422,0.0,-1,0.06486295257204422
E21,MOVR,MR,1790038800000,enter,0.906,1493.2678849321944,0.0,1.4881907741234253,-1,0.0
E21,ONG,MR,1790038800000,enter,0.0923,12456.916201793896,0.0,1.264750701968134,-1,0.0
E21,SKHYNIX,MR,1790038800000,enter,1390.78,2.226859793233448,0.0,3.406779269556536,-1,0.0
E21,TAO,MR,1790038800000,enter,319.96,2.6808436476000432,0.0,0.9435390068347209,-1,0.0
E20,BTR,BRK24GATE,1790042400000,exit,0.05089,25898.563614311923,-32.37320451788993,1.4497756925655672,-1,0.0
E20,NEAR,BRK24GATE,1790042400000,enter,4.465,137.3598681256617,0.0,0.6746429922991876,1,0.0
E21,UNI,MR,1790042400000,enter,9.078,91.3484260334766,0.0,0.9121871126850907,-1,0.0
E21,WLD,MR,1790042400000,enter,0.4696,1731.2608856454851,0.0,0.8943001230890318,-1,0.0
E19,CL,BRK24,1790046000000,exit,92.98,26.326108293495793,-13.9528373955528,2.692581704042163,-1,0.0
E19,HEMI,BRK24,1790046000000,enter,0.00659,161669.36093933173,0.0,1.171941197449216,1,0.0
E19,BTC,BRK24,1790049600000,exit,85357.6,0.046119098738123025,163.01717830964398,3.1492924659593684,1,0.0
E19,ETH,BRK24,1790049600000,exit,2727.04,0.6607030203554008,-25.536171736736303,1.4414108517039939,1,0.0
E19,AKE,BRK24,1790049600000,enter,0.060819,2362.789617722629,0.0,0.15807275193629983,1,0.0
E19,FARTCOIN,BRK24,1790049600000,enter,0.2007,3536.1515578737226,0.0,0.7806761794317818,1,0.0
E19,HEMI,BRK24,1790049600000,funding,0.006562,161669.36093933173,-0.053043717324194745,0.0,1,-0.053043717324194745
E19,AKE,BRK24,1790049600000,funding,0.05373,2362.789617722629,-0.01803109001533844,0.0,1,-0.01803109001533844
E19,FARTCOIN,BRK24,1790049600000,funding,0.20126,3536.1515578737226,-0.08338823251353826,0.0,1,-0.08338823251353826
E20,BTC,BRK24GATE,1790049600000,exit,85357.6,0.03182941030747132,-15.001201077910864,2.1735056586088115,1,0.0
E20,HEMI,BRK24GATE,1790049600000,enter,0.0066,171934.7819330886,0.0,1.2482465168342234,1,0.0
E20,ONG,BRK24GATE,1790049600000,funding,0.09176,17973.19356701209,0.158539541835489,0.0,1,0.158539541835489
E20,HEMI,BRK24GATE,1790049600000,funding,0.006562,171934.7819330886,-0.05641180195224638,0.0,1,-0.05641180195224638
E21,MOVR,MR,1790049600000,funding,0.897,1493.2678849321944,0.3468802909923187,0.0,-1,0.3468802909923187
E21,ONG,MR,1790049600000,funding,0.09176,12456.916201793896,-0.10988107260694233,0.0,-1,-0.10988107260694233
E21,TAO,MR,1790049600000,funding,315.16,2.6808436476000432,0.04224473419888149,0.0,-1,0.04224473419888149
E19,AKE,BRK24,1790053200000,funding,0.057493,2362.789617722629,-0.027198658348313604,0.0,1,-0.027198658348313604
E19,AKE,BRK24,1790056800000,funding,0.056106,2362.789617722629,-0.014433859496907061,0.0,1,-0.014433859496907061
E21,UNI,MR,1790056800000,exit_signal,8.842,91.3484260334766,21.558228543900373,0.8884730612868003,-1,0.0
E21,WLD,MR,1790056800000,exit_signal,0.4492,1731.2608856454851,35.31772206716795,0.8554506288151472,-1,0.0
E19,AKE,BRK24,1790060400000,funding,0.053958,2362.789617722629,-0.01251965569536022,0.0,1,-0.01251965569536022
E21,SKHYNIX,MR,1790060400000,exit_signal,1368.87,2.226859793233448,48.79049806974503,3.3531097216798167,-1,0.0
E21,PUMPFUN,MR,1790060400000,enter,0.00453,190019.65147578242,0.0,0.9468679233038239,-1,0.0
E21,XAG,MR,1790060400000,enter,65.62,57.0914858555272,0.0,4.120977632023665,1,0.0
E21,XAU,MR,1790060400000,enter,4328.43,1.4482934819626905,0.0,6.895720651744946,1,0.0
E19,ADA,BRK24,1790064000000,funding,0.2455,5687.227623821192,-0.13962143816481026,0.0,1,-0.13962143816481026
E19,1000PEPE,BRK24,1790064000000,funding,0.005136,232456.2133878169,-0.11938951119598278,0.0,1,-0.11938951119598278
E19,DOGE,BRK24,1790064000000,funding,0.09877,13193.487239263324,-0.13031207346220386,0.0,1,-0.13031207346220386
E19,HEMI,BRK24,1790064000000,funding,0.006566,161669.36093933173,-0.05307605119638261,0.0,1,-0.05307605119638261
E19,AKE,BRK24,1790064000000,funding,0.05321,2362.789617722629,-0.0015715504444877636,0.0,1,-0.0015715504444877636
E19,FARTCOIN,BRK24,1790064000000,funding,0.20365,3536.1515578737226,-0.09000275534982774,0.0,1,-0.09000275534982774
E20,ONG,BRK24GATE,1790064000000,funding,0.09114,17973.19356701209,0.02655322592811618,0.0,1,0.02655322592811618
E20,SUI,BRK24GATE,1790064000000,funding,1.0129,1230.8185227919898,-0.12466960817360065,0.0,1,-0.12466960817360065
E20,ADA,BRK24GATE,1790064000000,funding,0.2455,5536.091360351968,-0.13591104289664083,0.0,1,-0.13591104289664083
E20,1000PEPE,BRK24GATE,1790064000000,funding,0.005136,249150.2508466017,-0.12796356883481463,0.0,1,-0.12796356883481463
E20,NEAR,BRK24GATE,1790064000000,funding,4.366,137.3598681256617,-0.0599713184236639,0.0,1,-0.0599713184236639
E20,HEMI,BRK24GATE,1790064000000,funding,0.006566,171934.7819330886,-0.056446188908633,0.0,1,-0.056446188908633
E21,MOVR,MR,1790064000000,funding,0.89,1493.2678849321944,0.2789057065153646,0.0,-1,0.2789057065153646
E21,ONG,MR,1790064000000,funding,0.09114,12456.916201793896,-0.018403591384056544,0.0,-1,-0.018403591384056544
E21,TAO,MR,1790064000000,funding,318.08,2.6808436476000432,0.123371927097973,0.0,-1,0.123371927097973
E21,PUMPFUN,MR,1790064000000,funding,0.004566,190019.65147578242,0.04338148643192113,0.0,-1,0.04338148643192113
E21,XAU,MR,1790064000000,funding,4306.04,1.4482934819626905,-0.22014526117699298,0.0,1,-0.22014526117699298
E19,DOGE,BRK24,1790067600000,exit,0.09776,13193.487239263324,33.37952271533627,1.4187748437614207,1,0.0
E19,CL,BRK24,1790067600000,enter,91.15,28.462613714654623,0.0,2.853803964099846,-1,0.0
E19,AKE,BRK24,1790067600000,funding,0.054001,2362.789617722629,-0.001594912526832996,0.0,1,-0.001594912526832996
E19,AKE,BRK24,1790071200000,funding,0.053456,2362.789617722629,-0.0015788160225622607,0.0,1,-0.0015788160225622607
E19,HEMI,BRK24,1790074800000,exit,0.006417,161669.36093933173,-27.968799442504455,1.141175518062461,1,0.0
E19,ENA,BRK24,1790074800000,enter,0.20687,2698.152241022034,0.0,0.6139834295102511,-1,0.0
E19,AKE,BRK24,1790074800000,funding,0.053682,2362.789617722629,-0.0015854909032323272,0.0,1,-0.0015854909032323272
E20,HEMI,BRK24GATE,1790074800000,exit,0.006417,171934.7819330886,-31.464065093755217,1.2136360452310928,1,0.0
E20,CL,BRK24GATE,1790074800000,enter,89.63,24.00028615608446,0.0,2.3662602129868353,-1,0.0
E19,AKE,BRK24,1790078400000,funding,0.052787,2362.789617722629,-0.0015590571943840553,0.0,1,-0.0015590571943840553
E19,FARTCOIN,BRK24,1790078400000,funding,0.20106,3536.1515578737226,-0.1763511399373595,0.0,1,-0.1763511399373595
E19,ENA,BRK24,1790078400000,funding,0.20924,2698.152241022034,0.028228068745572526,0.0,-1,0.028228068745572526
E20,ONG,BRK24GATE,1790078400000,funding,0.09171,17973.19356701209,-0.08241607910153395,0.0,1,-0.08241607910153395
E21,MOVR,MR,1790078400000,exit_signal,0.875,1493.2678849321944,46.291304432898066,1.4372703392472372,-1,0.0
E21,AAVE,MR,1790078400000,enter,140.69,8.73821205019462,0.0,1.3523169586760695,1,0.0
E21,ONG,MR,1790078400000,funding,0.09171,12456.916201793896,0.05712118924332592,0.0,-1,0.05712118924332592
E21,TAO,MR,1790078400000,funding,319.42,2.6808436476000432,0.08214630542452081,0.0,-1,0.08214630542452081
E21,PUMPFUN,MR,1790078400000,funding,0.00462,190019.65147578242,0.04389453949090574,0.0,-1,0.04389453949090574
E21,XAG,MR,1790078400000,funding,65.69,57.0914858555272,-0.1219235438371699,0.0,1,-0.1219235438371699
E21,XAU,MR,1790078400000,funding,4328.4,1.4482934819626905,-0.4627623367109019,0.0,1,-0.4627623367109019
E19,AKE,BRK24,1790082000000,funding,0.05262,2362.789617722629,-0.025778580061197653,0.0,1,-0.025778580061197653
E19,AKE,BRK24,1790085600000,funding,0.05288,2362.789617722629,-0.013642669753231,0.0,1,-0.013642669753231
E21,AAVE,MR,1790085600000,exit_signal,144.16,8.73821205019462,30.321595814175325,1.3856707140716622,1,0.0
E21,ADA,MR,1790085600000,enter,0.2497,4583.173015538508,0.0,1.258860132177962,-1,0.0
E19,1000PEPE,BRK24,1790089200000,exit,0.004833,232456.2133878169,128.31582979007482,1.235806967233651,1,0.0
E19,KORU,BRK24,1790089200000,enter,23.4,44.65392098297302,0.0,1.1493919261017254,1,0.0
E19,AKE,BRK24,1790089200000,funding,0.051383,2362.789617722629,-0.024269303063595624,0.0,1,-0.024269303063595624
E20,1000PEPE,BRK24GATE,1790089200000,exit,0.004833,249150.2508466017,137.53093846732403,1.3245574785757885,1,0.0
E20,SUI,BRK24GATE,1790089200000,exit,0.9976,1230.8185227919898,135.88236491623573,1.350651014171018,1,0.0
E20,KORU,BRK24GATE,1790089200000,enter,23.4,47.62133700961709,0.0,1.225773214627544,1,0.0
E20,MU,BRK24GATE,1790089200000,enter,1076.39,2.3351914163956096,0.0,2.7649343575634777,1,0.0
E19,AKE,BRK24,1790092800000,exit,0.05042,2362.789617722629,-24.570649234697616,0.13104503777813245,1,0.0
E19,ZEC,BRK24,1790092800000,enter,1546.09,0.6328705269005843,0.0,1.0763222722292969,1,0.0
E19,ADA,BRK24,1790092800000,funding,0.2521,5687.227623821192,-0.14337500839653222,0.0,1,-0.14337500839653222
E19,FARTCOIN,BRK24,1790092800000,funding,0.20062,3536.1515578737226,-0.12773156173358977,0.0,1,-0.12773156173358977
E19,ENA,BRK24,1790092800000,funding,0.20627,2698.152241022034,0.02782739313778075,0.0,-1,0.02782739313778075
E19,ZEC,BRK24,1790092800000,funding,1543.09,0.6328705269005843,-0.09765761813550226,0.0,1,-0.09765761813550226
E20,ONG,BRK24GATE,1790092800000,funding,0.09259,17973.19356701209,-0.08320689961848249,0.0,1,-0.08320689961848249
E20,ADA,BRK24GATE,1790092800000,funding,0.2521,5536.091360351968,-0.13956486319447314,0.0,1,-0.13956486319447314
E20,NEAR,BRK24GATE,1790092800000,funding,4.407,137.3598681256617,-0.060534493882979115,0.0,1,-0.060534493882979115
E21,PUMPFUN,MR,1790092800000,exit_signal,0.004417,190019.65147578242,21.47222061676346,0.923248480625384,-1,0.0
E21,MU,MR,1790092800000,enter,1074.99,2.412178800325566,0.0,2.8523748974181786,-1,0.0
E21,ONG,MR,1790092800000,funding,0.09259,12456.916201793896,0.05766929355620485,0.0,-1,0.05766929355620485
E21,TAO,MR,1790092800000,funding,312.34,2.6808436476000432,0.04186673524456987,0.0,-1,0.04186673524456987
E21,XAG,MR,1790092800000,funding,65.84,57.0914858555272,-0.17170670862429102,0.0,1,-0.17170670862429102
E21,XAU,MR,1790092800000,funding,4336.35,1.4482934819626905,-0.515048013196136,0.0,1,-0.515048013196136
E21,ADA,MR,1790092800000,funding,0.2521,4583.173015538508,0.11554179172172577,0.0,-1,0.11554179172172577
E21,XAG,MR,1790100000000,exit_signal,66.14,57.0914858555272,29.687572644873917,4.153633961933027,1,0.0
E21,BTR,MR,1790100000000,enter,0.05159,28499.467947153553,0.0,1.617316306533017,-1,0.0
E21,XAU,MR,1790103600000,exit_signal,4355.57,1.4482934819626905,39.306685100466574,6.93895800535546,1,0.0
E21,ENA,MR,1790103600000,enter,0.20436,3270.691409422444,0.0,0.7352383460725279,1,0.0
E19,FARTCOIN,BRK24,1790107200000,funding,0.20266,3536.1515578737226,-0.21039730261265976,0.0,1,-0.21039730261265976
E19,ENA,BRK24,1790107200000,funding,0.20774,2698.152241022034,0.023614460994148018,0.0,-1,0.023614460994148018
E20,ONG,BRK24GATE,1790107200000,funding,0.09205,17973.19356701209,-0.08272162339217315,0.0,1,-0.08272162339217315
E21,TAO,MR,1790107200000,exit_signal,309.33,2.6808436476000432,28.497367973988446,0.9121919020633336,-1,0.0
E21,AKE,MR,1790107200000,enter,0.049102,3767.8688026283085,0.0,0.20351088334132075,1,0.0
E21,ONG,MR,1790107200000,funding,0.09205,12456.916201793896,0.057332956818756414,0.0,-1,0.057332956818756414
E21,BTR,MR,1790107200000,funding,0.05121,28499.467947153553,0.07297288767868668,0.0,-1,0.07297288767868668
E21,ENA,MR,1790107200000,funding,0.20774,3270.691409422444,-0.028625373148864718,0.0,1,-0.028625373148864718
E21,AKE,MR,1790107200000,funding,0.050781,3767.8688026283085,-0.007175105462485055,0.0,1,-0.007175105462485055
E20,NEAR,BRK24GATE,1790110800000,exit,4.276,137.3598681256617,-25.96101507575007,0.6460858757158624,1,0.0
E20,PENGU,BRK24GATE,1790110800000,enter,0.010166,70050.21177462325,0.0,0.783343498190902,1,0.0
E19,FARTCOIN,BRK24,1790114400000,exit,0.19516,3536.1515578737226,-19.590279630620387,0.7591268718380992,1,0.0
E19,HYPE,BRK24,1790114400000,enter,96.94,16.66027721887671,0.0,1.7765520009576992,1,0.0
E19,ENA,BRK24,1790118000000,exit,0.21474,2698.152241022034,-21.234458136843376,0.6373413334607788,-1,0.0
E19,AAVE,BRK24,1790118000000,enter,146.72,8.081865349922342,0.0,1.3043484125546667,1,0.0
E19,ADA,BRK24,1790121600000,funding,0.2542,5687.227623821192,-0.14456932619753468,0.0,1,-0.14456932619753468
E19,ZEC,BRK24,1790121600000,funding,1628.93,0.6328705269005843,-0.10309017873841689,0.0,1,-0.10309017873841689
E19,HYPE,BRK24,1790121600000,funding,97.19,16.66027721887671,-0.16192123429026276,0.0,1,-0.16192123429026276
E19,AAVE,BRK24,1790121600000,funding,147.94,8.081865349922342,-0.11956311598675114,0.0,1,-0.11956311598675114
E20,ONG,BRK24GATE,1790121600000,funding,0.09264,17973.19356701209,-0.0832518326024,0.0,1,-0.0832518326024
E20,ADA,BRK24GATE,1790121600000,funding,0.2542,5536.091360351968,-0.14072744238014703,0.0,1,-0.14072744238014703
E20,PENGU,BRK24GATE,1790121600000,funding,0.010044,70050.21177462325,-0.0351792163532158,0.0,1,-0.0351792163532158
E21,ENA,MR,1790121600000,exit_signal,0.21609,3270.691409422444,38.365210232525236,0.7774400773283056,1,0.0
E21,AAVE,MR,1790121600000,enter,146.37,9.059560029843892,0.0,1.4586525817250757,-1,0.0
E21,ONG,MR,1790121600000,funding,0.09264,12456.916201793896,0.05770043584670933,0.0,-1,0.05770043584670933
E21,ADA,MR,1790121600000,funding,0.2542,4583.173015538508,0.11650425805498885,0.0,-1,0.11650425805498885
E21,BTR,MR,1790121600000,funding,0.0517,28499.467947153553,0.07367112464339194,0.0,-1,0.07367112464339194
E21,AKE,MR,1790121600000,funding,0.050961,3767.8688026283085,-0.0212156668629864,0.0,1,-0.0212156668629864
E21,AAVE,MR,1790121600000,funding,147.94,9.059560029843892,0.13402713108151054,0.0,-1,0.13402713108151054
E21,ONG,MR,1790125200000,exit_timeout,0.09264,12456.916201793896,-4.2353515086100115,1.2694095886276053,-1,0.0
E21,FARTCOIN,MR,1790125200000,enter,0.20652,3285.1409619202686,0.0,0.7462920426013514,-1,0.0
E19,KORU,BRK24,1790132400000,exit,22.58,44.65392098297302,-36.616215206037886,1.1091140893750837,1,0.0
E20,KORU,BRK24GATE,1790132400000,exit,22.58,47.62133700961709,-39.04949634788603,1.1828187686448695,1,0.0
E19,BTC,BRK24,1790136000000,enter,86822.5,0.03278502789906045,0.0,2.2771824678129406,1,0.0
E20,ONG,BRK24GATE,1790136000000,funding,0.09192,17973.19356701209,-0.08260479763398758,0.0,1,-0.08260479763398758
E20,PENGU,BRK24GATE,1790136000000,funding,0.010409,70050.21177462325,-0.03645763271810267,0.0,1,-0.03645763271810267
E21,BTR,MR,1790136000000,stop,0.05438462701839736,28499.467947153553,-79.64538313506489,1.7049262279815882,-1,0.0
E21,AKE,MR,1790136000000,funding,0.04716,3767.8688026283085,-0.008884634636597551,0.0,1,-0.008884634636597551
E21,FARTCOIN,MR,1790136000000,funding,0.2115,3285.1409619202686,0.048949175232280345,0.0,-1,0.048949175232280345
E20,XRP,BRK24GATE,1790139600000,enter,1.6246,754.1364350635854,0.0,1.347687057644731,1,0.0
E21,DOGE,MR,1790139600000,enter,0.10387,10805.661750250503,0.0,1.234622494598372,-1,0.0
E19,BTC,BRK24,1790150400000,exit,85944.1,0.03278502789906045,-28.798368506534512,2.2541437730077134,1,0.0
E19,AKE,BRK24,1790150400000,enter,0.0438,3664.315037105117,0.0,0.17654669848772456,-1,0.0
E19,ADA,BRK24,1790150400000,funding,0.2559,5687.227623821192,-0.08000122434500329,0.0,1,-0.08000122434500329
E19,ZEC,BRK24,1790150400000,funding,1627.14,0.6328705269005843,-0.10297689491410168,0.0,1,-0.10297689491410168
E19,HYPE,BRK24,1790150400000,funding,96.47,16.66027721887671,-0.16072169433050365,0.0,1,-0.16072169433050365
E19,AAVE,BRK24,1790150400000,funding,149.73,8.081865349922342,-0.12100976988438722,0.0,1,-0.12100976988438722
E19,AKE,BRK24,1790150400000,funding,0.0415,3664.315037105117,0.007603453701993118,0.0,-1,0.007603453701993118
E20,ONG,BRK24GATE,1790150400000,funding,0.09175,17973.19356701209,-0.08245202548866797,0.0,1,-0.08245202548866797
E20,ADA,BRK24GATE,1790150400000,funding,0.2559,5536.091360351968,-0.07787521727790037,0.0,1,-0.07787521727790037
E20,PENGU,BRK24GATE,1790150400000,funding,0.010751,70050.21177462325,-0.03765549133944873,0.0,1,-0.03765549133944873
E20,XRP,BRK24GATE,1790150400000,funding,1.6162,754.1364350635854,-0.12188353063497669,0.0,1,-0.12188353063497669
E21,ADA,MR,1790150400000,funding,0.2559,4583.173015538508,0.06447068358795643,0.0,-1,0.06447068358795643
E21,AKE,MR,1790150400000,funding,0.0415,3767.8688026283085,-0.00781832776545374,0.0,1,-0.00781832776545374
E21,AAVE,MR,1790150400000,funding,149.73,9.059560029843892,0.1356487923268526,0.0,-1,0.1356487923268526
E21,FARTCOIN,MR,1790150400000,funding,0.20486,3285.1409619202686,0.092005006658418,0.0,-1,0.092005006658418
E21,DOGE,MR,1790150400000,funding,0.10084,10805.661750250503,0.10896429308952608,0.0,-1,0.10896429308952608
E19,CL,BRK24,1790154000000,exit,90.41,28.462613714654623,21.06233414884468,2.8306353965361173,-1,0.0
E19,HYPE,BRK24,1790154000000,exit,95.66,16.66027721887671,-21.32515484016221,1.7530943306335207,1,0.0
E19,LIT,BRK24,1790154000000,enter,5.252,169.9948547192373,0.0,0.9820942746839777,1,0.0
E19,PENGU,BRK24,1790154000000,enter,0.01098,58642.91048281901,0.0,0.7082890728114881,1,0.0
E20,CL,BRK24GATE,1790154000000,exit,90.41,24.00028615608446,-18.720223201745906,2.3868524585087556,-1,0.0
E20,LIT,BRK24GATE,1790154000000,enter,5.252,182.35201170382422,0.0,1.0534840420153333,1,0.0
E21,DOGE,MR,1790157600000,exit_signal,0.09967,10805.661750250503,45.38377935105221,1.1847003373122145,-1,0.0
E21,FARTCOIN,MR,1790157600000,exit_signal,0.20229,3285.1409619202686,13.896146268922774,0.7310062817055363,-1,0.0
E19,ADA,BRK24,1790164800000,exit,0.251,5687.227623821192,111.46966142689539,1.570243546937031,1,0.0
E19,1000PEPE,BRK24,1790164800000,enter,0.004784,149528.79063941503,0.0,0.7868803078608577,-1,0.0
E19,AKE,BRK24,1790164800000,funding,0.048753,3664.315037105117,0.026032346268300807,0.0,-1,0.026032346268300807
E19,LIT,BRK24,1790164800000,funding,5.153,169.9948547192373,-0.006815151523944828,0.0,1,-0.006815151523944828
E19,PENGU,BRK24,1790164800000,funding,0.010192,58642.91048281901,-0.02988442718204457,0.0,1,-0.02988442718204457
E20,ADA,BRK24GATE,1790164800000,exit,0.251,5536.091360351968,99.09603535030023,1.5285148245931786,1,0.0
E20,MU,BRK24GATE,1790164800000,exit,1087.66,2.3351914163956096,26.317607262778477,2.793883725552534,1,0.0
E20,ONG,BRK24GATE,1790164800000,exit,0.09055,17973.19356701209,141.80849724372555,1.7902199452422396,1,0.0
E20,XRP,BRK24GATE,1790164800000,exit,1.568,754.1364350635854,-42.68412222459892,1.3007345231976721,1,0.0
E20,NEAR,BRK24GATE,1790164800000,enter,4.69,143.61226751611292,0.0,0.7408956881156267,1,0.0
E20,XAG,BRK24GATE,1790164800000,enter,65.18,49.71427422260045,0.0,3.5644140332120076,-1,0.0
E20,XAU,BRK24GATE,1790164800000,enter,4314.13,1.4089469520267055,0.0,6.686218345561668,-1,0.0
E20,PENGU,BRK24GATE,1790164800000,funding,0.010192,70050.21177462325,-0.03569758792034801,0.0,1,-0.03569758792034801
E20,LIT,BRK24GATE,1790164800000,funding,5.153,182.35201170382422,-0.007310554148890292,0.0,1,-0.007310554148890292
E20,XAG,BRK24GATE,1790164800000,funding,65.17,49.71427422260045,0.7952931597642944,0.0,-1,0.7952931597642944
E20,XAU,BRK24GATE,1790164800000,funding,4314.96,1.4089469520267055,0.9633046563215629,0.0,-1,0.9633046563215629
E21,NEAR,MR,1790164800000,enter,4.595,152.5260043993101,0.0,0.7709426892363128,-1,0.0
E21,PUMPFUN,MR,1790164800000,enter,0.004302,206705.47076463135,0.0,0.9781716287523886,1,0.0
E21,AKE,MR,1790164800000,funding,0.048753,3767.8688026283085,-0.026768021955076864,0.0,1,-0.026768021955076864
E21,PUMPFUN,MR,1790164800000,funding,0.004205,206705.47076463135,-0.04345982522826375,0.0,1,-0.04345982522826375
E19,AAVE,BRK24,1790168400000,exit,146.37,8.081865349922342,-2.828652872472774,1.3012368943949466,1,0.0
E19,BTC,BRK24,1790168400000,enter,85393.5,0.034109614601161284,0.0,2.330191499555413,-1,0.0
E21,ADA,MR,1790168400000,exit_signal,0.2508,4583.173015538508,-5.041490317092439,1.2644057715267638,-1,0.0
E21,1000PEPE,MR,1790168400000,enter,0.004732,167265.0782470035,0.0,0.8706481852913026,1,0.0
E20,MU,BRK24GATE,1790172000000,enter,1101.01,2.6470298711215925,0.0,3.205846994243943,1,0.0
E21,AAVE,MR,1790172000000,exit_signal,146.94,9.059560029843892,-5.163949217010956,1.4643329258637878,-1,0.0
E21,AKE,MR,1790172000000,exit_signal,0.051242,3767.8688026283085,8.063239237624591,0.21238044650270776,1,0.0
E21,BTC,MR,1790172000000,enter,85463.6,0.0393695605384585,0.0,2.6917314992276817,1,0.0
E21,ETH,MR,1790172000000,enter,2721.02,0.9247547567904396,0.0,2.0130209506575376,1,0.0
E19,PENGU,BRK24,1790175600000,exit,0.009841,58642.91048281901,-66.79427503993082,0.6348153702675642,1,0.0
E19,ZEC,BRK24,1790175600000,exit,1596.2,0.6328705269005843,31.71314210298836,1.111206728542584,1,0.0
E19,AAVE,BRK24,1790175600000,enter,140.49,6.59299282363269,0.0,1.0188745179713723,-1,0.0
E19,ADA,BRK24,1790175600000,enter,0.2455,4011.2002278600226,0.0,1.0832246215335992,-1,0.0
E20,MU,BRK24GATE,1790175600000,exit,1082.52,2.6470298711215925,-48.94358231703827,3.1520090536952012,1,0.0
E20,PENGU,BRK24GATE,1790175600000,exit,0.009841,70050.21177462325,-22.76631882675248,0.7583005474814742,1,0.0
E20,HEMI,BRK24GATE,1790175600000,enter,0.006314,205825.15293128698,0.0,1.429538017168961,-1,0.0
E19,AKE,BRK24,1790179200000,funding,0.046475,3664.315037105117,0.008514952067473016,0.0,-1,0.008514952067473016
E19,LIT,BRK24,1790179200000,funding,5.218,169.9948547192373,0.0006652748639437352,0.0,1,0.0006652748639437352
E19,1000PEPE,BRK24,1790179200000,funding,0.004393,149528.79063941503,0.06568799772789503,0.0,-1,0.06568799772789503
E19,BTC,BRK24,1790179200000,funding,83957.0,0.034109614601161284,0.16538103772977508,0.0,-1,0.16538103772977508
E19,AAVE,BRK24,1790179200000,funding,138.81,6.59299282363269,0.09151733338484537,0.0,-1,0.09151733338484537
E19,ADA,BRK24,1790179200000,funding,0.2372,4011.2002278600226,0.06607866740166118,0.0,-1,0.06607866740166118
E20,NEAR,BRK24GATE,1790179200000,exit,4.318,143.61226751611292,-53.42376351599412,0.6821295482480331,1,0.0
E20,BTR,BRK24GATE,1790179200000,enter,0.05509,19380.282359201214,0.0,1.1744257306852344,1,0.0
E20,LIT,BRK24GATE,1790179200000,funding,5.218,182.35201170382422,0.000713634597802916,0.0,1,0.000713634597802916
E20,XAG,BRK24GATE,1790179200000,funding,64.58,49.71427422260045,0.22833416161949857,0.0,-1,0.22833416161949857
E20,XAU,BRK24GATE,1790179200000,funding,4286.91,1.4089469520267055,1.9619221477066011,0.0,-1,1.9619221477066011
E20,HEMI,BRK24GATE,1790179200000,funding,0.005998,205825.15293128698,0.061726963364092974,0.0,-1,0.061726963364092974
E20,BTR,BRK24GATE,1790179200000,funding,0.05703,19380.282359201214,-0.25317028362463784,0.0,1,-0.25317028362463784
E21,MU,MR,1790179200000,exit_signal,1080.9,2.412178800325566,-14.255976709924294,2.868056471799095,-1,0.0
E21,ADA,MR,1790179200000,enter,0.2399,4142.747699390228,0.0,1.0932296903920873,1,0.0
E21,NEAR,MR,1790179200000,funding,4.214,152.5260043993101,0.06427445825386928,0.0,-1,0.06427445825386928
E21,PUMPFUN,MR,1790179200000,funding,0.004033,206705.47076463135,-0.041682158179687914,0.0,1,-0.041682158179687914
E21,1000PEPE,MR,1790179200000,funding,0.004393,167265.0782470035,-0.07347954887390863,0.0,1,-0.07347954887390863
E21,BTC,MR,1790179200000,funding,83957.0,0.0393695605384585,-0.19088397371085505,0.0,1,-0.19088397371085505
E21,ETH,MR,1790179200000,funding,2654.54,0.9247547567904396,-0.005498748622282706,0.0,1,-0.005498748622282706
E21,ADA,MR,1790179200000,funding,0.2372,4142.747699390228,-0.06824571993581288,0.0,1,-0.06824571993581288
E21,NEAR,MR,1790182800000,exit_signal,4.214,152.5260043993101,58.112407676137046,0.7070190407925622,-1,0.0
E21,AAVE,MR,1790182800000,enter,138.81,6.941795203423214,0.0,1.0599496514058941,1,0.0
E21,ETH,MR,1790182800000,stop,2634.3265720376894,0.9247547567904396,-80.17015989061602,1.948884822745045,1,0.0
E20,SPCX,BRK24GATE,1790186400000,enter,151.37,25.450372710756863,0.0,4.237665208949994,-1,0.0
E21,DOGE,MR,1790186400000,enter,0.09236,9883.064742069164,0.0,1.0040798455352589,1,0.0
E19,AKE,BRK24,1790193600000,funding,0.045776,3664.315037105117,0.008386884256926191,0.0,-1,0.008386884256926191
E19,LIT,BRK24,1790193600000,funding,5.447,169.9948547192373,0.08098463421592628,0.0,1,0.08098463421592628
E20,LIT,BRK24GATE,1790193600000,funding,5.447,182.35201170382422,0.0868715173218789,0.0,1,0.0868715173218789
E20,XAG,BRK24GATE,1790193600000,funding,64.46,49.71427422260045,0.4718426708170906,0.0,-1,0.4718426708170906
E20,XAU,BRK24GATE,1790193600000,funding,4289.05,1.4089469520267055,1.0462926251035372,0.0,-1,1.0462926251035372
E20,HEMI,BRK24GATE,1790193600000,funding,0.006031,205825.15293128698,0.062066574866429594,0.0,-1,0.062066574866429594
E20,BTR,BRK24GATE,1790193600000,funding,0.05359,19380.282359201214,-0.05192946658147966,0.0,1,-0.05192946658147966
E21,PUMPFUN,MR,1790193600000,funding,0.004009,206705.47076463135,0.05792488803744897,0.0,1,0.05792488803744897
E19,AKE,BRK24,1790208000000,funding,0.043332,3664.315037105117,0.007939104959391947,0.0,-1,0.007939104959391947
E19,LIT,BRK24,1790208000000,funding,5.306,169.9948547192373,-0.045099634957013655,0.0,1,-0.045099634957013655
E19,1000PEPE,BRK24,1790208000000,funding,0.00433,149528.79063941503,0.0647459663468667,0.0,-1,0.0647459663468667
E19,BTC,BRK24,1790208000000,funding,84355.2,0.034109614601161284,0.019508252391674308,0.0,-1,0.019508252391674308
E19,AAVE,BRK24,1790208000000,funding,138.86,6.59299282363269,-0.04256173370243315,0.0,-1,-0.04256173370243315
E19,ADA,BRK24,1790208000000,funding,0.2383,4011.2002278600226,-0.08026432113069067,0.0,-1,-0.08026432113069067
E20,LIT,BRK24GATE,1790208000000,funding,5.306,182.35201170382422,-0.04837798870502457,0.0,1,-0.04837798870502457
E20,XAG,BRK24GATE,1790208000000,funding,64.39,49.71427422260045,0.33938084646482763,0.0,-1,0.33938084646482763
E20,XAU,BRK24GATE,1790208000000,funding,4293.18,1.4089469520267055,1.2705636469991979,0.0,-1,1.2705636469991979
E20,HEMI,BRK24GATE,1790208000000,funding,0.006034,205825.15293128698,0.06209744863936929,0.0,-1,0.06209744863936929
E20,BTR,BRK24GATE,1790208000000,funding,0.05405,19380.282359201214,-0.052375213075741285,0.0,1,-0.052375213075741285
E20,SPCX,BRK24GATE,1790208000000,funding,148.91,25.450372710756863,0.8387618558794105,0.0,-1,0.8387618558794105
E21,PUMPFUN,MR,1790208000000,funding,0.004001,206705.47076463135,-0.04135142942646451,0.0,1,-0.04135142942646451
E21,1000PEPE,MR,1790208000000,funding,0.00433,167265.0782470035,-0.0724257788809525,0.0,1,-0.0724257788809525
E21,BTC,MR,1790208000000,funding,84355.2,0.0393695605384585,-0.022516564098246993,0.0,1,-0.022516564098246993
E21,ADA,MR,1790208000000,funding,0.2383,4142.747699390228,0.08289659274493114,0.0,1,0.08289659274493114
E21,AAVE,MR,1790208000000,funding,138.86,6.941795203423214,0.04481346283373219,0.0,1,0.04481346283373219
E21,DOGE,MR,1790208000000,funding,0.09266,9883.064742069164,-0.01038477259386146,0.0,1,-0.01038477259386146
E19,AKE,BRK24,1790222400000,funding,0.04151,3664.315037105117,0.00760528585951167,0.0,-1,0.00760528585951167
E19,LIT,BRK24,1790222400000,funding,5.206,169.9948547192373,-0.04424966068341748,0.0,1,-0.04424966068341748
E20,LIT,BRK24GATE,1790222400000,funding,5.206,182.35201170382422,-0.04746622864650545,0.0,1,-0.04746622864650545
E20,XAG,BRK24GATE,1790222400000,funding,64.26,49.71427422260045,0.5564742129684026,0.0,-1,0.5564742129684026
E20,XAU,BRK24GATE,1790222400000,funding,4290.12,1.4089469520267055,1.1980905523846483,0.0,-1,1.1980905523846483
E20,HEMI,BRK24GATE,1790222400000,funding,0.006065,205825.15293128698,0.06241647762641279,0.0,-1,0.06241647762641279
E20,BTR,BRK24GATE,1790222400000,funding,0.05319,19380.282359201214,-0.051541860934295636,0.0,1,-0.051541860934295636
E21,PUMPFUN,MR,1790222400000,funding,0.003962,206705.47076463135,-0.04094835375847348,0.0,1,-0.04094835375847348
E19,ADA,BRK24,1790226000000,exit,0.241,4011.2002278600226,18.050401025370117,1.0633691804056922,-1,0.0
E19,HYPE,BRK24,1790226000000,enter,91.52,15.006224669167784,0.0,1.5107066498944592,-1,0.0
E20,HEMI,BRK24GATE,1790226000000,exit,0.00613,205825.15293128698,37.871828139356836,1.3878790062156683,-1,0.0
E20,LTC,BRK24GATE,1790226000000,enter,67.41,15.05040579221869,0.0,1.116002639898808,1,0.0
E19,1000PEPE,BRK24,1790229600000,exit,0.004415,149528.79063941503,55.17612374594421,0.7261865717403191,-1,0.0
E19,AAVE,BRK24,1790229600000,exit,140.23,6.59299282363269,1.7141781341446267,1.0169889220238133,-1,0.0
E19,LTC,BRK24,1790229600000,enter,68.8,13.527782430411953,0.0,1.0237825743335767,1,0.0
E19,SNDK,BRK24,1790229600000,enter,1781.55,1.0176436712045502,0.0,1.9942813906779133,-1,0.0
E19,HYPE,BRK24,1790236800000,exit,94.42,15.006224669167784,-43.51805154058666,1.5585765065891044,-1,0.0
E19,KORU,BRK24,1790236800000,enter,20.85,51.61928402538935,0.0,1.1838882791223049,-1,0.0
E19,AKE,BRK24,1790236800000,funding,0.046018,3664.315037105117,0.03048898669194637,0.0,-1,0.03048898669194637
E19,LIT,BRK24,1790236800000,funding,5.482,169.9948547192373,-0.04659558967854295,0.0,1,-0.04659558967854295
E19,BTC,BRK24,1790236800000,funding,84465.8,0.034109614601161284,-0.03731019171047505,0.0,-1,-0.03731019171047505
E19,LTC,BRK24,1790236800000,funding,68.92,13.527782430411953,-0.09323347651039919,0.0,1,-0.09323347651039919
E20,LIT,BRK24GATE,1790236800000,funding,5.482,182.35201170382422,-0.04998268640801822,0.0,1,-0.04998268640801822
E20,XAG,BRK24GATE,1790236800000,funding,64.13,49.71427422260045,0.3358743843610769,0.0,-1,0.3358743843610769
E20,XAU,BRK24GATE,1790236800000,funding,4283.38,1.4089469520267055,1.0711015960746493,0.0,-1,1.0711015960746493
E20,BTR,BRK24GATE,1790236800000,funding,0.0542,19380.282359201214,-0.052520565193435294,0.0,1,-0.052520565193435294
E20,SPCX,BRK24GATE,1790236800000,funding,148.53,25.450372710756863,1.2779910357590047,0.0,-1,1.2779910357590047
E20,LTC,BRK24GATE,1790236800000,funding,68.92,15.05040579221869,-0.10372739671997122,0.0,1,-0.10372739671997122
E21,PUMPFUN,MR,1790236800000,funding,0.004025,206705.47076463135,-0.041599475991382064,0.0,1,-0.041599475991382064
E21,1000PEPE,MR,1790236800000,funding,0.004411,167265.0782470035,-0.06758305342951397,0.0,1,-0.06758305342951397
E21,BTC,MR,1790236800000,funding,84465.8,0.0393695605384585,0.043063689473554795,0.0,1,0.043063689473554795
E21,ADA,MR,1790236800000,funding,0.2419,4142.747699390228,0.07630222909825726,0.0,1,0.07630222909825726
E21,AAVE,MR,1790236800000,funding,140.03,6.941795203423214,0.00184691320643717,0.0,1,0.00184691320643717
E21,DOGE,MR,1790236800000,funding,0.09457,9883.064742069164,-0.02952532285764982,0.0,1,-0.02952532285764982
E19,AKE,BRK24,1790240400000,exit,0.046276,3664.315037105117,-9.072844031872267,0.18652682692278402,-1,0.0
E19,CL,BRK24,1790240400000,enter,93.0,21.801004931605732,0.0,2.2302428045032667,1,0.0
E21,BTC,MR,1790240400000,stop,83426.56742689655,0.0393695605384585,-80.19707720560831,2.627573837463195,1,0.0
E21,PUMPFUN,MR,1790240400000,stop,0.0039136837131610236,206705.47076463135,-80.2671008766243,0.8898778177881018,1,0.0
E21,CL,MR,1790244000000,enter,94.32,23.32688255222938,0.0,2.420210718558903,-1,0.0
E21,MU,MR,1790244000000,enter,1045.45,2.3351397947593537,0.0,2.6853990882742833,1,0.0
E21,1000PEPE,MR,1790244000000,stop,0.004252560066922305,167265.0782470035,-80.19355792097875,0.782435271578226,1,0.0
E19,LIT,BRK24,1790247600000,exit,5.139,169.9948547192373,-19.209418583273738,0.9609639142423767,1,0.0
E19,HYPE,BRK24,1790247600000,enter,90.23,13.37340725306152,0.0,1.3273507900881154,-1,0.0
E20,LIT,BRK24GATE,1790247600000,exit,5.139,182.35201170382422,-20.605777322532052,1.0308176869605479,1,0.0
E20,PUMPFUN,BRK24GATE,1790247600000,enter,0.003813,210583.44270934217,0.0,0.8832501337557939,-1,0.0
E21,ENA,MR,1790247600000,enter,0.19915,3517.3372162228334,0.0,0.7705254772718549,1,0.0
E20,XAG,BRK24GATE,1790251200000,funding,63.65,49.71427422260045,0.6692523167277917,0.0,-1,0.6692523167277917
E20,XAU,BRK24GATE,1790251200000,funding,4271.05,1.4089469520267055,0.7863907986870042,0.0,-1,0.7863907986870042
E20,BTR,BRK24GATE,1790251200000,funding,0.0567,19380.282359201214,-0.05494310048833544,0.0,1,-0.05494310048833544
E20,PUMPFUN,BRK24GATE,1790251200000,funding,0.003783,210583.44270934217,-0.014458964522415362,0.0,-1,-0.014458964522415362
E21,ENA,MR,1790251200000,funding,0.20412,3517.3372162228334,-0.03589794362877024,0.0,1,-0.03589794362877024
E20,SPCX,BRK24GATE,1790254800000,exit,149.23,25.450372710756863,54.46379760102006,4.177755031588871,-1,0.0
E20,ENA,BRK24GATE,1790258400000,enter,0.21447,3542.8127231795847,0.0,0.8358097492143581,1,0.0
E21,ENA,MR,1790258400000,exit_signal,0.21008,3517.3372162228334,38.44449577331555,0.8128144226225021,1,0.0
E21,ONDO,MR,1790258400000,enter,0.4562,2011.3420780779843,0.0,1.0093316816210942,-1,0.0
E19,BTC,BRK24,1790262000000,exit,84567.8,0.034109614601161284,28.16430877617877,2.30766005253447,-1,0.0
E19,ADA,BRK24,1790262000000,enter,0.2497,4286.585566666776,0.0,1.1773964575963634,1,0.0
E21,AAVE,MR,1790262000000,exit_signal,141.84,6.941795203423214,21.033639466372346,1.0830866548189035,1,0.0
E21,ADA,MR,1790262000000,exit_signal,0.2414,4142.747699390228,6.214121549085348,1.1000652240960813,1,0.0
E21,DOGE,MR,1790262000000,exit_signal,0.09416,9883.064742069164,17.789516535724456,1.0236483137245558,1,0.0
E21,BTR,MR,1790262000000,enter,0.05632,16245.465578624218,0.0,1.0064390835269277,-1,0.0
E21,LTC,MR,1790262000000,enter,70.82,12.640151875499383,0.0,0.9846931114051528,-1,0.0
E21,ONG,MR,1790262000000,enter,0.09141,15670.484454405545,0.0,1.575682882374932,-1,0.0
E21,ONDO,MR,1790262000000,stop,0.49467351015191957,2011.3420780779843,-77.38338985991635,1.094453410467002,-1,0.0
E19,LTC,BRK24,1790265600000,funding,73.81,13.527782430411953,0.0982410002687568,0.0,1,0.0982410002687568
E19,CL,BRK24,1790265600000,funding,96.44,21.801004931605732,0.5150046598772138,0.0,1,0.5150046598772138
E19,HYPE,BRK24,1790265600000,funding,93.39,13.37340725306152,-0.005870029765808052,0.0,-1,-0.005870029765808052
E19,ADA,BRK24,1790265600000,funding,0.249,4286.585566666776,-0.04159501164371806,0.0,1,-0.04159501164371806
E20,XAG,BRK24GATE,1790265600000,funding,63.41,49.71427422260045,0.8477701258054287,0.0,-1,0.8477701258054287
E20,XAU,BRK24GATE,1790265600000,funding,4262.16,1.4089469520267055,0.8711681754661441,0.0,-1,0.8711681754661441
E20,BTR,BRK24GATE,1790265600000,funding,0.05607,19380.282359201214,-0.31745464144954355,0.0,1,-0.31745464144954355
E20,LTC,BRK24GATE,1790265600000,funding,73.81,15.05040579221869,0.10929854372541306,0.0,1,0.10929854372541306
E20,PUMPFUN,BRK24GATE,1790265600000,funding,0.003869,210583.44270934217,0.04073736699212224,0.0,-1,0.04073736699212224
E20,ENA,BRK24GATE,1790265600000,funding,0.21682,3542.8127231795847,-0.03840763273198988,0.0,1,-0.03840763273198988
E21,KORU,MR,1790265600000,enter,20.28,50.348107066918104,0.0,1.1231655724488092,1,0.0
E21,CL,MR,1790265600000,funding,96.44,23.32688255222938,-0.5510504333398986,0.0,-1,-0.5510504333398986
E21,BTR,MR,1790265600000,funding,0.05607,16245.465578624218,0.26610543411378934,0.0,-1,0.26610543411378934
E21,LTC,MR,1790265600000,funding,73.81,12.640151875499383,-0.09179487992107267,0.0,-1,-0.09179487992107267
E21,ONG,MR,1790265600000,funding,0.09248,15670.484454405545,0.07246032011717125,0.0,-1,0.07246032011717125
E21,MU,MR,1790272800000,exit_signal,1074.02,2.3351397947593537,66.7149439362746,2.758785526604185,1,0.0
E21,1000PEPE,MR,1790272800000,enter,0.004467,194294.15165645187,0.0,0.9547031729943075,-1,0.0
E20,XAG,BRK24GATE,1790280000000,funding,63.87,49.71427422260045,0.39998632999844586,0.0,-1,0.39998632999844586
E20,XAU,BRK24GATE,1790280000000,funding,4279.11,1.4089469520267055,0.5587110433781679,0.0,-1,0.5587110433781679
E20,BTR,BRK24GATE,1790280000000,funding,0.05807,19380.282359201214,-0.09071954165583043,0.0,1,-0.09071954165583043
E20,PUMPFUN,BRK24GATE,1790280000000,funding,0.003892,210583.44270934217,0.04097953795123799,0.0,-1,0.04097953795123799
E20,ENA,BRK24GATE,1790280000000,funding,0.22263,3542.8127231795847,-0.039436819828073545,0.0,1,-0.039436819828073545
E21,BTR,MR,1790280000000,funding,0.05807,16245.465578624218,0.0760453931456086,0.0,-1,0.0760453931456086
E21,ONG,MR,1790280000000,funding,0.09328,15670.484454405545,0.07308713949534747,0.0,-1,0.07308713949534747
E19,LTC,BRK24,1790294400000,funding,71.93,13.527782430411953,-0.0973053390219532,0.0,1,-0.0973053390219532
E19,SNDK,BRK24,1790294400000,funding,1755.55,1.0176436712045502,0.16625395573025176,0.0,-1,0.16625395573025176
E19,CL,BRK24,1790294400000,funding,93.96,21.801004931605732,0.1441679701570392,0.0,1,0.1441679701570392
E19,HYPE,BRK24,1790294400000,funding,92.05,13.37340725306152,-0.2742224913816471,0.0,-1,-0.2742224913816471
E19,ADA,BRK24,1790294400000,funding,0.2476,4286.585566666776,-0.10613585863066936,0.0,1,-0.10613585863066936
E20,XAG,BRK24GATE,1790294400000,funding,63.71,49.71427422260045,0.6316855961543707,0.0,-1,0.6316855961543707
E20,XAU,BRK24GATE,1790294400000,funding,4269.73,1.4089469520267055,0.664928923869291,0.0,-1,0.664928923869291
E20,BTR,BRK24GATE,1790294400000,funding,0.0583,19380.282359201214,-0.05649352307707154,0.0,1,-0.05649352307707154
E20,LTC,BRK24GATE,1790294400000,funding,71.93,15.05040579221869,-0.10825756886342905,0.0,1,-0.10825756886342905
E20,PUMPFUN,BRK24GATE,1790294400000,funding,0.00385,210583.44270934217,0.04053731272154837,0.0,-1,0.04053731272154837
E20,ENA,BRK24GATE,1790294400000,funding,0.22447,3542.8127231795847,-0.03976275859860607,0.0,1,-0.03976275859860607
E21,CL,MR,1790294400000,funding,93.96,23.32688255222938,-0.15425845359867393,0.0,-1,-0.15425845359867393
E21,BTR,MR,1790294400000,funding,0.0583,16245.465578624218,0.0473555321616896,0.0,-1,0.0473555321616896
E21,LTC,MR,1790294400000,funding,71.93,12.640151875499383,0.09092061244046708,0.0,-1,0.09092061244046708
E21,ONG,MR,1790294400000,funding,0.09276,15670.484454405545,0.07267970689953292,0.0,-1,0.07267970689953292
E21,1000PEPE,MR,1790294400000,funding,0.00442,194294.15165645187,0.08587801503215174,0.0,-1,0.08587801503215174
E19,CL,BRK24,1790301600000,exit,93.3,21.801004931605732,6.540301479481657,2.2374371361306964,1,0.0
E19,ENA,BRK24,1790301600000,enter,0.23529,2978.6312419611486,0.0,0.7709263594131426,1,0.0
E20,PUMPFUN,BRK24GATE,1790301600000,exit,0.003947,210583.44270934217,-28.21818132305185,0.9142901332111509,-1,0.0
E20,XAG,BRK24GATE,1790301600000,exit,64.13,49.71427422260045,52.19998793373104,3.5069940464849036,-1,0.0
E20,XAU,BRK24GATE,1790301600000,exit,4293.2,1.4089469520267055,29.489259705919356,6.653780159885158,-1,0.0
E20,SUI,BRK24GATE,1790301600000,enter,1.0557,938.1792351789144,0.0,1.089479400436218,1,0.0
E20,XPL,BRK24GATE,1790301600000,enter,0.116,5471.550998921823,0.0,0.6981699074624246,1,0.0
E19,LTC,BRK24,1790305200000,exit,70.35,13.527782430411953,20.968062767138488,1.046847443377429,1,0.0
E19,AKE,BRK24,1790305200000,enter,0.034608,6160.412859636631,0.0,0.234519525070935,-1,0.0
E20,LTC,BRK24GATE,1790305200000,exit,70.35,15.05040579221869,44.248193029122916,1.1646756522308432,1,0.0
E21,CL,MR,1790305200000,exit_signal,93.18,23.32688255222938,26.592646109541178,2.390958807838407,-1,0.0
E19,ENA,BRK24,1790308800000,funding,0.22293,2978.6312419611486,-0.03320131313851994,0.0,1,-0.03320131313851994
E19,AKE,BRK24,1790308800000,funding,0.03894,6160.412859636631,0.011994323837712522,0.0,-1,0.011994323837712522
E20,BTR,BRK24GATE,1790308800000,funding,0.05701,19380.282359201214,-0.05524349486490306,0.0,1,-0.05524349486490306
E20,ENA,BRK24GATE,1790308800000,funding,0.22293,3542.8127231795847,-0.039489962018921236,0.0,1,-0.039489962018921236
E20,XPL,BRK24GATE,1790308800000,funding,0.11541,5471.550998921823,-0.03157358503927837,0.0,1,-0.03157358503927837
E21,1000PEPE,MR,1790308800000,exit_signal,0.004388,194294.15165645187,15.349237980859543,0.937819011215362,-1,0.0
E21,PENGU,MR,1790308800000,enter,0.009544,72934.55031435881,0.0,0.7656960830202646,1,0.0
E21,BTR,MR,1790308800000,funding,0.05701,16245.465578624218,0.046307699631868336,0.0,-1,0.046307699631868336
E21,ONG,MR,1790308800000,funding,0.09415,15670.484454405545,0.049616898625786145,0.0,-1,0.049616898625786145
E21,PENGU,MR,1790308800000,funding,0.009596,72934.55031435881,-0.014025594094124409,0.0,1,-0.014025594094124409
E21,KORU,MR,1790312400000,exit_signal,20.65,50.348107066918104,18.62879961475957,1.1436572520250445,1,0.0
E19,KORU,BRK24,1790316000000,exit,20.89,51.61928402538935,-2.06477136101553,1.186159527619422,-1,0.0
E19,MOVR,BRK24,1790316000000,enter,0.967,1062.560300930641,0.0,1.1302453920999227,1,0.0
E20,MOVR,BRK24GATE,1790316000000,enter,0.967,1152.536115350672,0.0,1.2259526658985096,1,0.0
E21,MOVR,MR,1790316000000,enter,0.964,1193.082629923573,0.0,1.2651448207709568,-1,0.0
E19,SNDK,BRK24,1790319600000,exit,1784.06,1.0176436712045502,-2.554285614723412,1.997091104854109,-1,0.0
E19,BTR,BRK24,1790319600000,enter,0.05949,13990.610303509577,0.0,0.9155315476513632,1,0.0
E19,BTR,BRK24,1790319600000,same_bar_stop,0.05201516310575888,13990.610303509577,-104.57753006962339,0.8004962645747775,1,0.0
E19,MU,BRK24,1790319600000,enter,1089.34,2.220368070785186,0.0,2.660609329652048,1,0.0
E20,BTR,BRK24GATE,1790319600000,exit,0.05606,19380.282359201214,18.798873888425153,1.195104491962502,1,0.0
E19,HYPE,BRK24,1790323200000,funding,92.87,13.37340725306152,-0.09280136813654107,0.0,-1,-0.09280136813654107
E19,ADA,BRK24,1790323200000,funding,0.2492,4286.585566666776,-0.0746042838852211,0.0,1,-0.0746042838852211
E19,ENA,BRK24,1790323200000,funding,0.22035,2978.6312419611486,-0.03281706970830696,0.0,1,-0.03281706970830696
E19,AKE,BRK24,1790323200000,funding,0.035555,6160.412859636631,0.010951673961219023,0.0,-1,0.010951673961219023
E19,MOVR,BRK24,1790323200000,funding,0.997,1062.560300930641,-0.05296863100139245,0.0,1,-0.05296863100139245
E20,BTR,BRK24GATE,1790323200000,enter,0.04915,11413.334629668552,0.0,0.6170619367530302,-1,0.0
E20,ENA,BRK24GATE,1790323200000,funding,0.22035,3542.8127231795847,-0.03903293917763107,0.0,1,-0.03903293917763107
E20,SUI,BRK24GATE,1790323200000,funding,1.0132,938.1792351789144,-0.05448628268609339,0.0,1,-0.05448628268609339
E20,XPL,BRK24GATE,1790323200000,funding,0.11681,5471.550998921823,-0.0319565936092029,0.0,1,-0.0319565936092029
E20,MOVR,BRK24GATE,1790323200000,funding,0.997,1152.536115350672,-0.057453925350231,0.0,1,-0.057453925350231
E20,BTR,BRK24GATE,1790323200000,funding,0.05044,11413.334629668552,0.02878442993602409,0.0,-1,0.02878442993602409
E21,BTR,MR,1790323200000,exit_signal,0.05036,16245.465578624218,96.82297484860034,0.8999338111934674,-1,0.0
E21,SKHYNIX,MR,1790323200000,enter,1342.23,2.2513958378036283,0.0,3.3240801389126804,-1,0.0
E21,LTC,MR,1790323200000,funding,71.49,12.640151875499383,-0.0027470791510415303,0.0,-1,-0.0027470791510415303
E21,ONG,MR,1790323200000,funding,0.09441,15670.484454405545,0.07397252186702138,0.0,-1,0.07397252186702138
E21,PENGU,MR,1790323200000,funding,0.009597,72934.55031435881,-0.03499764396834508,0.0,1,-0.03499764396834508
E21,MOVR,MR,1790323200000,funding,0.997,1193.082629923573,0.059475169101690116,0.0,-1,0.059475169101690116
E21,SKHYNIX,MR,1790323200000,funding,1350.05,2.2513958378036283,0.6964703313124503,0.0,-1,0.6964703313124503
E20,LINK,BRK24GATE,1790326800000,enter,13.558,95.7163104710878,0.0,1.427493911103709,1,0.0
E21,KORU,MR,1790326800000,enter,21.14,61.59290841272995,0.0,1.4322814922296223,-1,0.0
E19,HYPE,BRK24,1790330400000,exit,93.7,13.37340725306152,-46.40572316812346,1.378397085573051,-1,0.0
E19,CL,BRK24,1790330400000,enter,92.17,18.58200292218582,0.0,1.8839735302716536,-1,0.0
E21,LTC,MR,1790330400000,exit_signal,70.61,12.640151875499383,2.6544318938547913,0.9817732363219126,-1,0.0
E21,BTR,MR,1790330400000,enter,0.05018,11691.483463945564,0.0,0.6453465042428673,1,0.0
E21,PENGU,MR,1790334000000,exit_signal,0.009872,72934.55031435881,23.922532503109704,0.7920108687736853,1,0.0
E21,LINK,MR,1790334000000,enter,14.113,93.07880528877965,0.0,1.444983296944602,-1,0.0
E21,MOVR,MR,1790334000000,stop,1.0296491973202815,1193.082629923573,-78.32491699125305,1.3513022294613353,-1,0.0
E19,ENA,BRK24,1790337600000,funding,0.24125,2978.6312419611486,-0.03592973935615636,0.0,1,-0.03592973935615636
E19,AKE,BRK24,1790337600000,funding,0.035212,6160.412859636631,0.010846022880676253,0.0,-1,0.010846022880676253
E19,MOVR,BRK24,1790337600000,funding,0.992,1062.560300930641,-0.05270299092615979,0.0,1,-0.05270299092615979
E20,ENA,BRK24GATE,1790337600000,funding,0.24125,3542.8127231795847,-0.04273517847335374,0.0,1,-0.04273517847335374
E20,XPL,BRK24GATE,1790337600000,funding,0.11091,5471.550998921823,0.0029796321315359586,0.0,1,0.0029796321315359586
E20,MOVR,BRK24GATE,1790337600000,funding,0.992,1152.536115350672,-0.057165791321393336,0.0,1,-0.057165791321393336
E20,BTR,BRK24GATE,1790337600000,funding,0.05023,11413.334629668552,0.028664589922412567,0.0,-1,0.028664589922412567
E21,ETH,MR,1790337600000,enter,2713.22,0.9030921954874023,0.0,1.9602302453122638,-1,0.0
E21,ONG,MR,1790337600000,funding,0.0956,15670.484454405545,0.07490491569205851,0.0,-1,0.07490491569205851
E21,BTR,MR,1790337600000,funding,0.05023,11691.483463945564,-0.029363160719699282,0.0,1,-0.029363160719699282
E19,CL,BRK24,1790348400000,exit,93.7,18.58200292218582,-28.430464470944322,1.9152470411896925,-1,0.0
E19,MU,BRK24,1790348400000,exit,1082.31,2.220368070785186,-15.609187537619796,2.643439223360666,1,0.0
E19,BTC,BRK24,1790348400000,enter,83326.0,0.030804760578883997,0.0,2.0534699839968704,-1,0.0
E19,HEMI,BRK24,1790348400000,enter,0.006502,171702.07918300282,0.0,1.2280476107326728,1,0.0
E20,XPL,BRK24GATE,1790348400000,exit,0.1084,5471.550998921823,-41.5837875918059,0.6524277411114382,1,0.0
E20,HEMI,BRK24GATE,1790348400000,enter,0.006502,205615.2601435161,0.0,1.470601463598456,1,0.0
E21,ONG,MR,1790348400000,exit_timeout,0.09516,15670.484454405545,-58.76431670402063,1.640323630749355,-1,0.0
E21,ENA,MR,1790348400000,enter,0.24695,2874.077784214713,0.0,0.7807288596930058,-1,0.0
E19,ADA,BRK24,1790352000000,funding,0.2541,4286.585566666776,-0.10892213924900276,0.0,1,-0.10892213924900276
E19,ENA,BRK24,1790352000000,funding,0.25191,2978.6312419611486,-0.03751734980812165,0.0,1,-0.03751734980812165
E19,AKE,BRK24,1790352000000,funding,0.037107,6160.412859636631,0.011429721999126825,0.0,-1,0.011429721999126825
E19,MOVR,BRK24,1790352000000,funding,1.003,1062.560300930641,-0.05328739909167164,0.0,1,-0.05328739909167164
E19,BTC,BRK24,1790352000000,funding,83759.7,0.030804760578883997,-0.01375245269983327,0.0,-1,-0.01375245269983327
E19,HEMI,BRK24,1790352000000,funding,0.006478,171702.07918300282,-0.05561430344737461,0.0,1,-0.05561430344737461
E20,ENA,BRK24GATE,1790352000000,funding,0.25191,3542.8127231795847,-0.04462349765480846,0.0,1,-0.04462349765480846
E20,SUI,BRK24GATE,1790352000000,funding,1.1011,938.1792351789144,-0.10330291558555027,0.0,1,-0.10330291558555027
E20,MOVR,BRK24GATE,1790352000000,funding,1.003,1152.536115350672,-0.0577996861848362,0.0,1,-0.0577996861848362
E20,BTR,BRK24GATE,1790352000000,funding,0.04946,11413.334629668552,0.028225176539170328,0.0,-1,0.028225176539170328
E20,LINK,BRK24GATE,1790352000000,funding,13.824,95.7163104710878,-0.13231822759523176,0.0,1,-0.13231822759523176
E20,HEMI,BRK24GATE,1790352000000,funding,0.006478,205615.2601435161,-0.06659878276048486,0.0,1,-0.06659878276048486
E21,BTR,MR,1790352000000,funding,0.04946,11691.483463945564,-0.028913038606337378,0.0,1,-0.028913038606337378
E21,LINK,MR,1790352000000,funding,13.824,93.07880528877965,0.12867214043120898,0.0,-1,0.12867214043120898
E21,ETH,MR,1790352000000,funding,2685.93,0.9030921954874023,0.00831995350274539,0.0,-1,0.00831995350274539
E21,ENA,MR,1790352000000,funding,0.25191,2874.077784214713,0.03620044673107642,0.0,-1,0.03620044673107642
E21,ETH,MR,1790355600000,exit_signal,2685.93,0.9030921954874023,24.645386014851177,1.9405139365003827,-1,0.0
E21,AAVE,MR,1790355600000,enter,149.2,7.61597557212437,0.0,1.2499339108970515,-1,0.0
E19,ENA,BRK24,1790366400000,funding,0.26197,2978.6312419611486,-0.0390156013228281,0.0,1,-0.0390156013228281
E19,AKE,BRK24,1790366400000,funding,0.032276,6160.412859636631,0.009941674272881595,0.0,-1,0.009941674272881595
E19,MOVR,BRK24,1790366400000,funding,0.998,1062.560300930641,-0.053021759016438984,0.0,1,-0.053021759016438984
E19,HEMI,BRK24,1790366400000,funding,0.006447,171702.07918300282,-0.055348165224640956,0.0,1,-0.055348165224640956
E20,ENA,BRK24GATE,1790366400000,funding,0.26197,3542.8127231795847,-0.046405532454567786,0.0,1,-0.046405532454567786
E20,MOVR,BRK24GATE,1790366400000,funding,0.998,1152.536115350672,-0.057511552155998534,0.0,1,-0.057511552155998534
E20,BTR,BRK24GATE,1790366400000,funding,0.049,11413.334629668552,0.027962669842687953,0.0,-1,0.027962669842687953
E20,HEMI,BRK24GATE,1790366400000,funding,0.006447,205615.2601435161,-0.06628007910726241,0.0,1,-0.06628007910726241
E21,BTR,MR,1790366400000,funding,0.049,11691.483463945564,-0.028644134486666636,0.0,1,-0.028644134486666636
E21,ENA,MR,1790366400000,funding,0.26197,2874.077784214713,0.037646107856536416,0.0,-1,0.037646107856536416
E19,ADA,BRK24,1790380800000,funding,0.2587,4286.585566666776,-0.11089396860966948,0.0,1,-0.11089396860966948
E19,ENA,BRK24,1790380800000,funding,0.26797,2978.6312419611486,-0.03990919069541645,0.0,1,-0.03990919069541645
E19,AKE,BRK24,1790380800000,funding,0.032786,6160.412859636631,0.01009876480080233,0.0,-1,0.01009876480080233
E19,MOVR,BRK24,1790380800000,funding,0.992,1062.560300930641,-0.05270299092615979,0.0,1,-0.05270299092615979
E19,BTC,BRK24,1790380800000,funding,84059.9,0.030804760578883997,0.027007912328176828,0.0,-1,0.027007912328176828
E19,HEMI,BRK24,1790380800000,funding,0.006444,171702.07918300282,-0.05532240991276351,0.0,1,-0.05532240991276351
E20,ENA,BRK24GATE,1790380800000,funding,0.26797,3542.8127231795847,-0.047468376271521666,0.0,1,-0.047468376271521666
E20,SUI,BRK24GATE,1790380800000,funding,1.1944,938.1792351789144,-0.05832521454580503,0.0,1,-0.05832521454580503
E20,MOVR,BRK24GATE,1790380800000,funding,0.992,1152.536115350672,-0.057165791321393336,0.0,1,-0.057165791321393336
E20,BTR,BRK24GATE,1790380800000,funding,0.04984,11413.334629668552,0.028442029897134034,0.0,-1,0.028442029897134034
E20,LINK,BRK24GATE,1790380800000,funding,13.925,95.7163104710878,-0.13328496233098977,0.0,1,-0.13328496233098977
E20,HEMI,BRK24GATE,1790380800000,funding,0.006444,205615.2601435161,-0.0662492368182409,0.0,1,-0.0662492368182409
E21,BTR,MR,1790380800000,funding,0.04984,11691.483463945564,-0.02913517679215235,0.0,1,-0.02913517679215235
E21,LINK,MR,1790380800000,funding,13.925,93.07880528877965,0.12961223636462568,0.0,-1,0.12961223636462568
E21,ENA,MR,1790380800000,funding,0.26797,2874.077784214713,0.03850833119180083,0.0,-1,0.03850833119180083
E21,AAVE,MR,1790380800000,funding,153.48,7.61597557212437,-0.032635686068205376,0.0,-1,-0.032635686068205376
E21,ENA,MR,1790384400000,stop,0.2727716709494839,2874.077784214713,-74.21349082721412,0.8623636996029413,-1,0.0
E21,CL,MR,1790388000000,enter,94.55,18.56701733207112,0.0,1.931062637622057,-1,0.0
E19,ENA,BRK24,1790395200000,funding,0.2716,2978.6312419611486,-0.0404498122658324,0.0,1,-0.0404498122658324
E19,AKE,BRK24,1790395200000,funding,0.032893,6160.412859636631,0.010131723009601386,0.0,-1,0.010131723009601386
E19,MOVR,BRK24,1790395200000,funding,0.967,1062.560300930641,-0.05137479054999649,0.0,1,-0.05137479054999649
E19,HEMI,BRK24,1790395200000,funding,0.006427,171702.07918300282,-0.05517646314545796,0.0,1,-0.05517646314545796
E20,ENA,BRK24GATE,1790395200000,funding,0.2716,3542.8127231795847,-0.04811139678077876,0.0,1,-0.04811139678077876
E20,MOVR,BRK24GATE,1790395200000,funding,0.967,1152.536115350672,-0.05572512117720499,0.0,1,-0.05572512117720499
E20,BTR,BRK24GATE,1790395200000,funding,0.04965,11413.334629668552,0.02833360321815218,0.0,-1,0.02833360321815218
E20,HEMI,BRK24GATE,1790395200000,funding,0.006427,205615.2601435161,-0.0660744638471189,0.0,1,-0.0660744638471189
E21,BTR,MR,1790395200000,funding,0.04965,11691.483463945564,-0.029024107699244864,0.0,1,-0.029024107699244864
E19,MOVR,BRK24,1790398800000,exit,0.965,1062.560300930641,-2.125120601861284,1.1279077594378755,1,0.0
E19,PUMPFUN,BRK24,1790398800000,enter,0.004351,189284.7850003573,0.0,0.9059359094902102,1,0.0
E20,MOVR,BRK24GATE,1790398800000,exit,0.965,1152.536115350672,-2.305072230701346,1.2234170864447385,1,0.0
E20,BTR,BRK24GATE,1790402400000,exit,0.05019,11413.334629668552,-11.869868014855285,0.6301187915693711,-1,0.0
E20,PUMPFUN,BRK24GATE,1790402400000,enter,0.004489,200728.56883070443,0.0,0.9911776000291356,1,0.0
E19,AKE,BRK24,1790409600000,exit,0.034919,6160.412859636631,-1.9158883993469846,0.23662700231021666,-1,0.0
E19,LTC,BRK24,1790409600000,enter,73.72,13.594697229717413,0.0,1.1024211877522445,1,0.0
E19,ADA,BRK24,1790409600000,funding,0.2556,4286.585566666776,0.014024336266752356,0.0,1,0.014024336266752356
E19,ENA,BRK24,1790409600000,funding,0.27163,2978.6312419611486,-0.04045428021269534,0.0,1,-0.04045428021269534
E19,BTC,BRK24,1790409600000,funding,84069.7,0.030804760578883997,0.06334521114152825,0.0,-1,0.06334521114152825
E19,HEMI,BRK24,1790409600000,funding,0.00642,171702.07918300282,-0.05511636741774391,0.0,1,-0.05511636741774391
E19,PUMPFUN,BRK24,1790409600000,funding,0.004568,189284.7850003573,-0.04323264489408161,0.0,1,-0.04323264489408161
E19,LTC,BRK24,1790409600000,funding,73.64,13.594697229717413,-0.08349286623329895,0.0,1,-0.08349286623329895
E20,ENA,BRK24GATE,1790409600000,funding,0.27163,3542.8127231795847,-0.048116710999863525,0.0,1,-0.048116710999863525
E20,SUI,BRK24GATE,1790409600000,funding,1.1618,938.1792351789144,0.022987607241236892,0.0,1,0.022987607241236892
E20,LINK,BRK24GATE,1790409600000,funding,14.079,95.7163104710878,-0.13475899351224452,0.0,1,-0.13475899351224452
E20,HEMI,BRK24GATE,1790409600000,funding,0.00642,205615.2601435161,-0.06600249850606867,0.0,1,-0.06600249850606867
E20,PUMPFUN,BRK24GATE,1790409600000,funding,0.004568,200728.56883070443,-0.045846405120932895,0.0,1,-0.045846405120932895
E21,BTR,MR,1790409600000,exit_signal,0.04984,11691.483463945564,-3.975104377741492,0.6409738894273517,1,0.0
E21,SKHYNIX,MR,1790409600000,exit_timeout,1355.9,2.2513958378036283,-30.77658110277576,3.357934378125734,-1,0.0
E21,ONG,MR,1790409600000,enter,0.09718,17496.77359645181,0.0,1.8703701039135057,-1,0.0
E21,PUMPFUN,MR,1790409600000,enter,0.004547,203897.97655917038,0.0,1.0198365093560025,-1,0.0
E21,LINK,MR,1790409600000,funding,14.079,93.07880528877965,0.13104564996607287,0.0,-1,0.13104564996607287
E21,AAVE,MR,1790409600000,funding,154.01,7.61597557212437,0.11729363978628742,0.0,-1,0.11729363978628742
E21,ONG,MR,1790409600000,funding,0.0974,17496.77359645181,0.08520928741472032,0.0,-1,0.08520928741472032
E21,PUMPFUN,MR,1790409600000,funding,0.004568,203897.97655917038,0.046570297846114515,0.0,-1,0.046570297846114515
E19,BTC,BRK24,1790413200000,exit,84164.3,0.030804760578883997,-25.823630793278543,2.0741288886314933,-1,0.0
E20,LTC,BRK24GATE,1790413200000,enter,73.92,14.991783647341897,0.0,1.2190119119326646,1,0.0
E21,KORU,MR,1790413200000,exit_timeout,21.48,61.59290841272995,-20.941588860328174,1.4553172399759833,-1,0.0
E21,LTC,MR,1790413200000,enter,73.64,15.300136877800476,0.0,1.2393722876493498,-1,0.0
E19,ADA,BRK24,1790416800000,exit,0.2524,4286.585566666776,11.573781030000328,1.1901276167293637,1,0.0
E19,1000PEPE,BRK24,1790416800000,enter,0.004383,253899.3230960327,0.0,1.2241248064429024,-1,0.0
E19,XRP,BRK24,1790416800000,enter,1.5414,922.3749791966571,0.0,1.5639236722271002,-1,0.0
E21,LINK,MR,1790420400000,exit_timeout,14.024,93.07880528877965,8.284013670701427,1.4358708819068304,-1,0.0
E21,1000PEPE,MR,1790420400000,enter,0.004391,287975.7084703786,0.0,1.3909514694827758,1,0.0
E19,ENA,BRK24,1790424000000,funding,0.28079,2978.6312419611486,-0.04181849332151354,0.0,1,-0.04181849332151354
E19,HEMI,BRK24,1790424000000,funding,0.006426,171702.07918300282,-0.05516787804149881,0.0,1,-0.05516787804149881
E19,PUMPFUN,BRK24,1790424000000,funding,0.004498,189284.7850003573,-0.04257014814658036,0.0,1,-0.04257014814658036
E20,ENA,BRK24GATE,1790424000000,funding,0.28079,3542.8127231795847,-0.049739319227079776,0.0,1,-0.049739319227079776
E20,HEMI,BRK24GATE,1790424000000,funding,0.006426,205615.2601435161,-0.06606418308411173,0.0,1,-0.06606418308411173
E20,PUMPFUN,BRK24GATE,1790424000000,funding,0.004498,200728.56883070443,-0.04514385513002543,0.0,1,-0.04514385513002543
E21,ONG,MR,1790424000000,funding,0.09723,17496.77359645181,0.08506056483915048,0.0,-1,0.08506056483915048
E21,PUMPFUN,MR,1790424000000,funding,0.004498,203897.97655917038,0.04585665492815742,0.0,-1,0.04585665492815742
E19,HEMI,BRK24,1790427600000,exit,0.006398,171702.07918300282,-17.85701623503228,1.2084048928741373,1,0.0
E19,TAO,BRK24,1790427600000,enter,332.33,2.639888032443215,0.0,0.9650453888040389,1,0.0
E20,HEMI,BRK24GATE,1790427600000,exit,0.006398,205615.2601435161,-21.383987054925658,1.4470790778380376,1,0.0
E20,TAO,BRK24GATE,1790427600000,enter,332.33,2.9913419277063684,0.0,1.0935239291181231,1,0.0
E22,SOL,BRK24R15,1789369200000,exit,101.59,53.99007184584627,-120.93776093469614,4.387881119055618,-1,0.0
E22,ETH,BRK24R15,1789369200000,enter,2521.99,2.1085998203476244,0.0,4.254294128734804,1,0.0
E22,BTC,BRK24R15,1789372800000,funding,77850.5,0.11111925696645596,-0.66878482182545,0.0,1,-0.66878482182545
E22,ETH,BRK24R15,1789372800000,funding,2522.0,2.1085998203476244,-0.4378749594211218,0.0,1,-0.4378749594211218
E23,XRP,BRK24R15,1789372800000,funding,1.39,3375.047949721614,-0.20435375327892416,0.0,1,-0.20435375327892416
E23,HYPE,BRK24R15,1789372800000,funding,79.92,40.165960532582815,-0.32100635657640186,0.0,1,-0.32100635657640186
E22,BTC,BRK24R15,1789401600000,funding,78542.8,0.11111925696645596,-0.37886587897697976,0.0,1,-0.37886587897697976
E22,ETH,BRK24R15,1789401600000,funding,2507.39,2.1085998203476244,-0.20788806831124904,0.0,1,-0.20788806831124904
E23,XRP,BRK24R15,1789401600000,funding,1.4029,3375.047949721614,-0.47348547686644527,0.0,1,-0.47348547686644527
E23,HYPE,BRK24R15,1789401600000,funding,79.83,40.165960532582815,-0.3206448629316086,0.0,1,-0.3206448629316086
E23,XRP,BRK24R15,1789412400000,target,1.4533715471662938,3375.047949721614,281.7204741236912,3.9241589283578637,1,0.0
E23,XRP,BRK24R15,1789419600000,enter,1.4798,2230.1077410799157,0.0,2.6400907482000475,1,0.0
E22,BTC,BRK24R15,1789430400000,funding,78158.1,0.11111925696645596,-0.23067014714448858,0.0,1,-0.23067014714448858
E22,ETH,BRK24R15,1789430400000,funding,2514.19,2.1085998203476244,-0.14335041254592723,0.0,1,-0.14335041254592723
E23,HYPE,BRK24R15,1789430400000,funding,80.31,40.165960532582815,-0.04922461371107254,0.0,1,-0.04922461371107254
E23,XRP,BRK24R15,1789430400000,funding,1.4227,2230.1077410799157,-0.31727742832343964,0.0,1,-0.31727742832343964
E23,BTR,BRK24R15,1789437600000,enter,0.04915,35126.10348804852,0.0,1.3811583891500678,-1,0.0
E22,BTC,BRK24R15,1789444800000,exit,77711.1,0.11111925696645596,29.79107279270749,6.908159752036766,1,0.0
E22,ETH,BRK24R15,1789444800000,exit,2495.01,2.1085998203476244,-56.89002315297799,4.208782110212422,1,0.0
E23,BTR,BRK24R15,1789444800000,funding,0.05001,35126.10348804852,0.08783282177186531,0.0,-1,0.08783282177186531
E23,HYPE,BRK24R15,1789448400000,exit,79.27,40.165960532582815,-9.63983052782024,2.5471645531342717,1,0.0
E22,BTC,BRK24R15,1789452000000,enter,77313.0,0.08448829443472633,0.0,5.225634806105598,-1,0.0
E22,ETH,BRK24R15,1789452000000,enter,2486.0,1.6469636708885556,0.0,3.2754813486631593,-1,0.0
E23,XRP,BRK24R15,1789452000000,exit,1.4075,2230.1077410799157,-161.23678968007798,2.5111013164559854,1,0.0
E23,HYPE,BRK24R15,1789452000000,enter,79.05,38.35702229618278,0.0,2.4256980900105987,-1,0.0
E22,BTC,BRK24R15,1789459200000,funding,76890.1,0.08448829443472633,0.0730185627049708,0.0,-1,0.0730185627049708
E22,ETH,BRK24R15,1789459200000,funding,2472.44,1.6469636708885556,-0.258654637888852,0.0,-1,-0.258654637888852
E23,BTR,BRK24R15,1789459200000,funding,0.04995,35126.10348804852,0.08772744346140117,0.0,-1,0.08772744346140117
E23,HYPE,BRK24R15,1789459200000,funding,78.65,38.35702229618278,0.03813209671743796,0.0,-1,0.03813209671743796
E23,BTR,BRK24R15,1789473600000,funding,0.05015,35126.10348804852,0.08807870449628166,0.0,-1,0.08807870449628166
E23,BTR,BRK24R15,1789477200000,exit,0.05095,35126.10348804852,-63.22698627848744,1.4317399781728577,-1,0.0
E23,XRP,BRK24R15,1789484400000,enter,1.3852,1914.7248913195453,0.0,2.1218215355646675,-1,0.0
E22,BTC,BRK24R15,1789488000000,funding,76476.9,0.08448829443472633,0.2335797128342826,0.0,-1,0.2335797128342826
E22,ETH,BRK24R15,1789488000000,funding,2423.18,1.6469636708885556,-0.2406107236155507,0.0,-1,-0.2406107236155507
E23,HYPE,BRK24R15,1789488000000,funding,77.24,38.35702229618278,-0.04334424836355922,0.0,-1,-0.04334424836355922
E23,XRP,BRK24R15,1789488000000,funding,1.3888,1914.7248913195453,0.20159167232238615,0.0,-1,0.20159167232238615
E22,BTC,BRK24R15,1789516800000,funding,75608.0,0.08448829443472633,0.2985746977331157,0.0,-1,0.2985746977331157
E22,ETH,BRK24R15,1789516800000,funding,2396.84,1.6469636708885556,-0.18470391826679286,0.0,-1,-0.18470391826679286
E23,HYPE,BRK24R15,1789516800000,funding,76.93,38.35702229618278,0.2950805725245341,0.0,-1,0.2950805725245341
E23,XRP,BRK24R15,1789516800000,funding,1.2826,1914.7248913195453,0.021979644003177718,0.0,-1,0.021979644003177718
E22,BTC,BRK24R15,1789545600000,funding,75719.8,0.08448829443472633,0.27265875458072275,0.0,-1,0.27265875458072275
E22,ETH,BRK24R15,1789545600000,funding,2395.08,1.6469636708885556,-0.20519859913630906,0.0,-1,-0.20519859913630906
E23,HYPE,BRK24R15,1789545600000,exit,77.92,38.35702229618278,43.343435194686364,2.39102334185485,-1,0.0
E23,BTR,BRK24R15,1789545600000,enter,0.05234,35318.74516390631,0.0,1.478866497503085,1,0.0
E23,XRP,BRK24R15,1789545600000,funding,1.2845,1914.7248913195453,0.06325741724098688,0.0,-1,0.06325741724098688
E23,BTR,BRK24R15,1789545600000,funding,0.05274,35318.74516390631,-0.09313553099722094,0.0,1,-0.09313553099722094
E22,BTC,BRK24R15,1789560000000,exit,76095.4,0.08448829443472633,102.87294730372327,5.143336448262619,-1,0.0
E22,ETH,BRK24R15,1789560000000,exit,2411.42,1.6469636708885556,122.83055057486835,3.177216908203265,-1,0.0
E23,BTR,BRK24R15,1789560000000,funding,0.05248,35318.74516390631,-0.09267638731009015,0.0,1,-0.09267638731009015
E23,BTR,BRK24R15,1789567200000,exit,0.04974,35318.74516390631,-91.82873742615634,1.4054035075621598,1,0.0
E23,XRP,BRK24R15,1789574400000,funding,1.2655,1914.7248913195453,0.009740799086858836,0.0,-1,0.009740799086858836
E23,HYPE,BRK24R15,1789585200000,enter,79.64,34.238059518652385,0.0,2.181375248052381,1,0.0
E23,XRP,BRK24R15,1789588800000,exit,1.301,1914.7248913195453,161.2198358491058,1.9928456668853827,-1,0.0
E23,XRP,BRK24R15,1789592400000,enter,1.3117,1613.3499697749826,0.0,1.692984924283076,1,0.0
E23,HYPE,BRK24R15,1789603200000,funding,78.26,34.238059518652385,-0.09621978701705682,0.0,1,-0.09621978701705682
E23,XRP,BRK24R15,1789603200000,funding,1.2987,1613.3499697749826,-0.023005928511099533,0.0,1,-0.023005928511099533
E22,SOL,BRK24R15,1789606800000,enter,98.88,31.45763658408561,0.0,2.488424884347508,1,0.0
E22,BTC,BRK24R15,1789610400000,enter,76529.1,0.06340383366636228,0.0,3.8817906616291253,1,0.0
E22,SOL,BRK24R15,1789632000000,funding,99.98,31.45763658408561,0.037018233131816874,0.0,1,0.037018233131816874
E22,BTC,BRK24R15,1789632000000,funding,76434.7,0.06340383366636228,-0.283554263330642,0.0,1,-0.283554263330642
E23,HYPE,BRK24R15,1789632000000,funding,79.57,34.238059518652385,-0.15702994289962813,0.0,1,-0.15702994289962813
E23,XRP,BRK24R15,1789632000000,funding,1.3014,1613.3499697749826,0.01927445331310619,0.0,1,0.01927445331310619
E22,BTC,BRK24R15,1789653600000,exit,76016.1,0.06340383366636228,-32.52616667084385,3.85576972829245,1,0.0
E23,XRP,BRK24R15,1789653600000,exit,1.2904,1613.3499697749826,-34.364354356207286,1.6654934407981103,1,0.0
E22,ETH,BRK24R15,1789657200000,enter,2479.93,1.518166164994104,0.0,3.011956654043063,1,0.0
E23,XRP,BRK24R15,1789657200000,enter,1.3177,2026.9183863882627,0.0,2.1366962861950514,1,0.0
E22,SOL,BRK24R15,1789660800000,funding,101.23,31.45763658408561,0.03633464925155371,0.0,1,0.03633464925155371
E22,ETH,BRK24R15,1789660800000,funding,2469.21,1.518166164994104,-0.10488781671389727,0.0,1,-0.10488781671389727
E23,HYPE,BRK24R15,1789660800000,funding,82.57,34.238059518652385,-0.28270365744551273,0.0,1,-0.28270365744551273
E23,XRP,BRK24R15,1789660800000,funding,1.3073,2026.9183863882627,-0.005538061949638035,0.0,1,-0.005538061949638035
E23,BTR,BRK24R15,1789664400000,enter,0.05268,29650.92873265643,0.0,1.2496087405090726,1,0.0
E23,BTR,BRK24R15,1789675200000,funding,0.05224,29650.92873265643,-0.0774482258496986,0.0,1,-0.0774482258496986
E23,XRP,BRK24R15,1789686000000,exit,1.2883,2026.9183863882627,-59.59140055981511,2.089023165747199,1,0.0
E22,SOL,BRK24R15,1789689600000,funding,101.59,31.45763658408561,-0.31957813005772573,0.0,1,-0.31957813005772573
E22,ETH,BRK24R15,1789689600000,funding,2446.5,1.518166164994104,-0.08962348970173938,0.0,1,-0.08962348970173938
E23,HYPE,BRK24R15,1789689600000,funding,85.11,34.238059518652385,-0.2914001245632505,0.0,1,-0.2914001245632505
E23,BTR,BRK24R15,1789689600000,funding,0.05224,29650.92873265643,-0.0774482258496986,0.0,1,-0.0774482258496986
E23,BTR,BRK24R15,1789704000000,funding,0.05161,29650.92873265643,-0.07651422159461993,0.0,1,-0.07651422159461993
E23,BTR,BRK24R15,1789711200000,exit,0.05116,29650.92873265643,-45.06941167363779,1.2135532111701623,1,0.0
E23,HYPE,BRK24R15,1789714800000,target,87.8398926525827,34.238059518652385,280.748412685687,2.4059739782009304,1,0.0
E22,SOL,BRK24R15,1789718400000,funding,105.77,31.45763658408561,-0.3327274221498735,0.0,1,-0.3327274221498735
E22,ETH,BRK24R15,1789718400000,funding,2489.06,1.518166164994104,-0.3778806674640225,0.0,1,-0.3778806674640225
E23,XRP,BRK24R15,1789718400000,enter,1.3286,2438.4453990373295,0.0,2.5917748457287972,1,0.0
E23,HYPE,BRK24R15,1789718400000,enter,87.96,31.941596785890027,0.0,2.2476662826295097,1,0.0
E23,XRP,BRK24R15,1789718400000,funding,1.3281,2438.4453990373295,-0.2329776421211587,0.0,1,-0.2329776421211587
E23,HYPE,BRK24R15,1789718400000,funding,88.27,31.941596785890027,-0.2819484748290513,0.0,1,-0.2819484748290513
E22,SOL,BRK24R15,1789740000000,target,107.96792401794471,31.45763658408561,285.88461106028797,2.7171325731957383,1,0.0
E22,BTC,BRK24R15,1789740000000,enter,78470.0,0.08178304039718812,0.0,5.134012143973881,1,0.0
E22,SOL,BRK24R15,1789743600000,enter,109.44,31.025289356380163,0.0,2.716326133729796,1,0.0
E22,ETH,BRK24R15,1789747200000,funding,2583.75,1.518166164994104,-0.3922561828803517,0.0,1,-0.3922561828803517
E22,BTC,BRK24R15,1789747200000,funding,80705.4,0.08178304039718812,-0.6600332988471226,0.0,1,-0.6600332988471226
E22,SOL,BRK24R15,1789747200000,funding,111.17,31.025289356380163,-0.3449081417748783,0.0,1,-0.3449081417748783
E23,XRP,BRK24R15,1789747200000,funding,1.385,2438.4453990373295,-0.33772468776667014,0.0,1,-0.33772468776667014
E23,HYPE,BRK24R15,1789747200000,funding,91.35,31.941596785890027,-0.2917864866391054,0.0,1,-0.2917864866391054
E22,ETH,BRK24R15,1789776000000,funding,2611.02,1.518166164994104,-0.39639622201229063,0.0,1,-0.39639622201229063
E22,BTC,BRK24R15,1789776000000,funding,80870.4,0.08178304039718812,-0.5875724075717499,0.0,1,-0.5875724075717499
E22,SOL,BRK24R15,1789776000000,funding,112.72,31.025289356380163,-0.34971706162511723,0.0,1,-0.34971706162511723
E23,XRP,BRK24R15,1789776000000,funding,1.3963,2438.4453990373295,-0.34048013106758235,0.0,1,-0.34048013106758235
E23,HYPE,BRK24R15,1789776000000,funding,92.56,31.941596785890027,-0.2956514198501981,0.0,1,-0.2956514198501981
E22,SOL,BRK24R15,1789801200000,exit,111.71,31.025289356380163,70.42740683898285,2.7726680592009822,1,0.0
E22,ETH,BRK24R15,1789804800000,funding,2626.8,1.518166164994104,-0.3987918882206513,0.0,1,-0.3987918882206513
E22,BTC,BRK24R15,1789804800000,funding,81087.4,0.08178304039718812,-0.5755543169984771,0.0,1,-0.5755543169984771
E23,XRP,BRK24R15,1789804800000,funding,1.4102,2438.4453990373295,-0.3438695701722442,0.0,1,-0.3438695701722442
E23,HYPE,BRK24R15,1789804800000,funding,92.91,31.941596785890027,-0.025729904876458955,0.0,1,-0.025729904876458955
E23,XRP,BRK24R15,1789826400000,target,1.4472435577383564,2438.4453990373295,289.305837492515,2.823219515722809,1,0.0
E23,XRP,BRK24R15,1789830000000,enter,1.4503,2030.149042812977,0.0,2.3554601254333285,1,0.0
E22,ETH,BRK24R15,1789833600000,funding,2640.33,1.518166164994104,-0.4008459670418883,0.0,1,-0.4008459670418883
E22,BTC,BRK24R15,1789833600000,funding,81610.9,0.08178304039718812,-0.6674387531550879,0.0,1,-0.6674387531550879
E23,HYPE,BRK24R15,1789833600000,funding,93.03,31.941596785890027,-0.29715267489913494,0.0,1,-0.29715267489913494
E23,XRP,BRK24R15,1789833600000,funding,1.4301,2030.149042812977,-0.29033161461268386,0.0,1,-0.29033161461268386
E22,ETH,BRK24R15,1789840800000,target,2667.389486967379,1.518166164994104,284.59465042102835,3.2396323743798856,1,0.0
E22,SOL,BRK24R15,1789844400000,enter,111.14,34.08115911134851,0.0,3.030224018908219,-1,0.0
E22,BTC,BRK24R15,1789851600000,exit,81040.0,0.08178304039718812,210.18241382077346,5.3021580750305,1,0.0
E23,XRP,BRK24R15,1789855200000,exit,1.4082,2030.149042812977,-85.46927470242639,2.287084705671387,1,0.0
E23,HYPE,BRK24R15,1789855200000,exit,91.34,31.941596785890027,107.9625971363086,2.334036360338556,1,0.0
E23,HYPE,BRK24R15,1789858800000,enter,91.06,32.16310711961233,0.0,2.343018027449519,-1,0.0
E22,SOL,BRK24R15,1789862400000,funding,111.01,34.08115911134851,0.3783349472950799,0.0,-1,0.3783349472950799
E23,HYPE,BRK24R15,1789862400000,funding,92.17,32.16310711961233,0.29644735832146685,0.0,-1,0.29644735832146685
E22,BTC,BRK24R15,1789873200000,enter,80861.1,0.09785492580451648,0.0,6.33012555277727,-1,0.0
E22,ETH,BRK24R15,1789873200000,enter,2610.55,2.015396515629719,0.0,4.20903469910173,-1,0.0
E23,XRP,BRK24R15,1789873200000,enter,1.3954,2110.7172552296333,0.0,2.3562358863579447,-1,0.0
E22,SOL,BRK24R15,1789891200000,funding,108.42,34.08115911134851,0.3695079270852406,0.0,-1,0.3695079270852406
E22,BTC,BRK24R15,1789891200000,funding,80274.5,0.09785492580451648,0.5595298308516644,0.0,-1,0.5595298308516644
E22,ETH,BRK24R15,1789891200000,funding,2575.3,2.015396515629719,0.09025845874613415,0.0,-1,0.09025845874613415
E23,HYPE,BRK24R15,1789891200000,funding,90.97,32.16310711961233,0.29258778546711334,0.0,-1,0.29258778546711334
E23,XRP,BRK24R15,1789891200000,funding,1.3792,2110.7172552296333,0.29111012384127105,0.0,-1,0.29111012384127105
E22,BTC,BRK24R15,1789920000000,exit,80750.7,0.09785492580451648,10.803183808819474,6.321483005730215,-1,0.0
E22,ETH,BRK24R15,1789920000000,exit,2590.44,2.015396515629719,40.52962392931391,4.176610999958279,-1,0.0
E22,SOL,BRK24R15,1789920000000,funding,108.74,34.08115911134851,0.08431116425022285,0.0,-1,0.08431116425022285
E23,XRP,BRK24R15,1789920000000,exit,1.3899,2110.7172552296333,11.608944903763112,2.346948730434934,-1,0.0
E23,HYPE,BRK24R15,1789920000000,exit,91.71,32.16310711961233,-20.90601962774774,2.359742843151717,-1,0.0
E22,SOL,BRK24R15,1789923600000,exit,109.22,34.08115911134851,65.4358254937892,2.9778753585131876,-1,0.0
E23,HYPE,BRK24R15,1789934400000,enter,93.42,34.34928973906646,0.0,2.5671285179388708,1,0.0
E22,SOL,BRK24R15,1789948800000,enter,111.16,34.035289882408506,0.0,3.0266902586628235,1,0.0
E22,SOL,BRK24R15,1789948800000,funding,111.12,34.035289882408506,-0.37820014117332335,0.0,1,-0.37820014117332335
E23,HYPE,BRK24R15,1789948800000,funding,93.65,34.34928973906646,-0.3216810984063574,0.0,1,-0.3216810984063574
E22,BTC,BRK24R15,1789952400000,enter,81479.4,0.09845464706480368,0.0,6.417620456041572,1,0.0
E23,XRP,BRK24R15,1789952400000,enter,1.4174,2332.3504013891293,0.0,2.644698767143162,1,0.0
E22,SOL,BRK24R15,1789977600000,funding,112.09,34.035289882408506,-0.38150156429191695,0.0,1,-0.38150156429191695
E22,BTC,BRK24R15,1789977600000,funding,81704.8,0.09845464706480368,-0.8044217247500373,0.0,1,-0.8044217247500373
E23,HYPE,BRK24R15,1789977600000,funding,94.14,34.34928973906646,-0.27660574831649515,0.0,1,-0.27660574831649515
E23,XRP,BRK24R15,1789977600000,funding,1.4383,2332.3504013891293,-0.3354619582317985,0.0,1,-0.3354619582317985
E22,BTC,BRK24R15,1789984800000,target,84646.70260311483,0.09845464706480368,311.8356599371048,6.667088983991256,1,0.0
E22,ETH,BRK24R15,1789984800000,enter,2713.81,1.5166699229602199,0.0,3.2927632029029397,1,0.0
E22,BTC,BRK24R15,1789995600000,enter,85349.9,0.0646310286852018,0.0,4.4130014681432845,1,0.0
E22,SOL,BRK24R15,1790006400000,funding,117.94,34.035289882408506,-0.4014122088731259,0.0,1,-0.4014122088731259
E22,ETH,BRK24R15,1790006400000,funding,2754.51,1.5166699229602199,-0.4177682469493156,0.0,1,-0.4177682469493156
E22,BTC,BRK24R15,1790006400000,funding,85879.7,0.0646310286852018,-0.45869277078914805,0.0,1,-0.45869277078914805
E23,HYPE,BRK24R15,1790006400000,funding,93.06,34.34928973906646,0.03612095740522803,0.0,1,0.03612095740522803
E23,XRP,BRK24R15,1790006400000,funding,1.4947,2332.3504013891293,-0.34861641449563313,0.0,1,-0.34861641449563313
E23,HYPE,BRK24R15,1790010000000,exit,92.92,34.34928973906646,-17.17464486953323,2.5533888020432443,1,0.0
E23,BTR,BRK24R15,1790013600000,enter,0.04964,46436.106222121794,0.0,1.8440706502929007,-1,0.0
E23,BTR,BRK24R15,1790020800000,funding,0.05018,46436.106222121794,0.11650819051130358,0.0,-1,0.11650819051130358
E23,XRP,BRK24R15,1790028000000,target,1.5449610880522218,2332.3504013891293,297.5171549202335,2.8827124910793485,1,0.0
E23,XRP,BRK24R15,1790031600000,enter,1.5562,1704.862038931866,0.0,2.122485043988616,1,0.0
E22,SOL,BRK24R15,1790035200000,funding,118.89,34.035289882408506,-0.40464556141195474,0.0,1,-0.40464556141195474
E22,ETH,BRK24R15,1790035200000,funding,2774.73,1.5166699229602199,-0.36309639790873927,0.0,1,-0.36309639790873927
E22,BTC,BRK24R15,1790035200000,funding,86579.8,0.0646310286852018,-0.5595741537359036,0.0,1,-0.5595741537359036
E23,BTR,BRK24R15,1790035200000,funding,0.05009,46436.106222121794,0.11629922803330404,0.0,-1,0.11629922803330404
E23,XRP,BRK24R15,1790035200000,funding,1.5362,1704.862038931866,-0.2619009064207133,0.0,1,-0.2619009064207133
E23,BTR,BRK24R15,1790042400000,exit,0.05089,46436.106222121794,-58.04513277765229,1.8905067565150224,-1,0.0
E22,SOL,BRK24R15,1790046000000,exit,116.63,34.035289882408506,186.1730356567745,3.1756286871882433,1,0.0
E22,BTC,BRK24R15,1790049600000,exit,85357.6,0.0646310286852018,0.4976589208768063,4.413399595279986,1,0.0
E22,ETH,BRK24R15,1790049600000,exit,2727.04,1.5166699229602199,20.065543080763735,3.308815637367551,1,0.0
E23,XRP,BRK24R15,1790064000000,funding,1.5181,1704.862038931866,-0.2588151061302466,0.0,1,-0.2588151061302466
E23,XRP,BRK24R15,1790092800000,funding,1.5719,1704.862038931866,-0.26798726389970007,0.0,1,-0.26798726389970007
E23,BTR,BRK24R15,1790096400000,enter,0.05091,52276.04941174324,0.0,2.1290989404414784,1,0.0
E23,BTR,BRK24R15,1790107200000,funding,0.05121,52276.04941174324,-0.13385282451876857,0.0,1,-0.13385282451876857
E23,XRP,BRK24R15,1790121600000,funding,1.572,1704.862038931866,-0.2680043125200894,0.0,1,-0.2680043125200894
E23,BTR,BRK24R15,1790121600000,funding,0.0517,52276.04941174324,-0.13513358772935627,0.0,1,-0.13513358772935627
E22,BTC,BRK24R15,1790128800000,enter,86716.6,0.06955022208983673,0.0,4.8249270311004295,1,0.0
E22,SOL,BRK24R15,1790128800000,enter,119.25,30.789942829421207,0.0,2.9373605459267833,1,0.0
E23,BTR,BRK24R15,1790136000000,funding,0.0531,52276.04941174324,-0.1387929111881783,0.0,1,-0.1387929111881783
E22,BTC,BRK24R15,1790150400000,exit,85944.1,0.06955022208983673,-53.72754656439887,4.78194499384891,1,0.0
E22,SOL,BRK24R15,1790150400000,exit,117.52,30.789942829421207,-53.26660109489881,2.894747265050864,1,0.0
E23,XRP,BRK24R15,1790150400000,funding,1.6162,1704.862038931866,-0.2755398027321682,0.0,1,-0.2755398027321682
E23,BTR,BRK24R15,1790150400000,funding,0.05317,52276.04941174324,-0.1389758773611194,0.0,1,-0.1389758773611194
E23,XRP,BRK24R15,1790164800000,exit,1.568,1704.862038931866,20.117372059396075,2.138578941636133,1,0.0
E23,BTR,BRK24R15,1790164800000,funding,0.05335,52276.04941174324,-0.1394463618058251,0.0,1,-0.1394463618058251
E22,BTC,BRK24R15,1790168400000,enter,85393.5,0.07007012603534608,0.0,4.786826646079461,-1,0.0
E22,ETH,BRK24R15,1790168400000,enter,2713.37,1.6599785905508297,0.0,3.603308886594324,-1,0.0
E23,BTR,BRK24R15,1790175600000,exit,0.05139,52276.04941174324,25.09250371763682,2.1491729434155884,1,0.0
E23,XRP,BRK24R15,1790175600000,enter,1.5328,1302.467226446456,0.0,1.5971374117577022,-1,0.0
E23,HYPE,BRK24R15,1790175600000,enter,93.71,33.92046567518287,0.0,2.542949470737109,-1,0.0
E22,BTC,BRK24R15,1790179200000,funding,83957.0,0.07007012603534608,0.33973617975698656,0.0,-1,0.33973617975698656
E22,ETH,BRK24R15,1790179200000,funding,2654.54,1.6599785905508297,0.009870514231784191,0.0,-1,0.009870514231784191
E23,XRP,BRK24R15,1790179200000,funding,1.5054,1302.467226446456,0.19607341626924948,0.0,-1,0.19607341626924948
E23,HYPE,BRK24R15,1790179200000,funding,92.78,33.92046567518287,-0.1503389162712574,0.0,-1,-0.1503389162712574
E22,BTC,BRK24R15,1790208000000,funding,84355.2,0.07007012603534608,0.04007508498109568,0.0,-1,0.04007508498109568
E22,ETH,BRK24R15,1790208000000,funding,2683.39,1.6599785905508297,0.1982194627793695,0.0,-1,0.1982194627793695
E23,XRP,BRK24R15,1790208000000,funding,1.5002,1302.467226446456,-0.0908005831498528,0.0,-1,-0.0908005831498528
E23,HYPE,BRK24R15,1790208000000,funding,94.0,33.92046567518287,-0.27867697780103234,0.0,-1,-0.27867697780103234
E22,ETH,BRK24R15,1790229600000,exit,2697.69,1.6599785905508297,26.028464299836738,3.5824861151544547,-1,0.0
E23,XRP,BRK24R15,1790229600000,exit,1.5109,1302.467226446456,28.524032259177424,1.57431818595036,-1,0.0
E22,BTC,BRK24R15,1790236800000,funding,84465.8,0.07007012603534608,-0.07664495380920855,0.0,-1,-0.07664495380920855
E23,HYPE,BRK24R15,1790236800000,exit,94.42,33.92046567518287,-24.083530629380107,2.562216295240613,-1,0.0
E23,XRP,BRK24R15,1790240400000,enter,1.4775,1464.0529884116265,0.0,1.7305106323025428,-1,0.0
E22,ETH,BRK24R15,1790244000000,enter,2633.35,1.6352443457299546,0.0,3.4449365582623805,-1,0.0
E22,SOL,BRK24R15,1790244000000,enter,112.85,29.221238831577846,0.0,2.638093441714848,-1,0.0
E23,HYPE,BRK24R15,1790244000000,enter,91.14,27.20683169409577,0.0,1.9837045124799109,-1,0.0
E22,BTC,BRK24R15,1790262000000,exit,84567.8,0.07007012603534608,57.856903067385055,4.740541123625553,-1,0.0
E22,SOL,BRK24R15,1790262000000,exit,116.1,29.221238831577846,-94.969026202628,2.7140686626769503,-1,0.0
E23,XRP,BRK24R15,1790262000000,exit,1.5191,1464.0529884116265,-60.90460431792346,1.7792343157568813,-1,0.0
E22,SOL,BRK24R15,1790265600000,enter,116.41,28.33122818153941,0.0,2.638430618090402,1,0.0
E22,ETH,BRK24R15,1790265600000,funding,2682.77,1.6352443457299546,0.15933527607366826,0.0,-1,0.15933527607366826
E22,SOL,BRK24R15,1790265600000,funding,116.27,28.33122818153941,-0.17339994485114177,0.0,1,-0.17339994485114177
E23,HYPE,BRK24R15,1790265600000,funding,93.39,27.20683169409577,-0.011941976255984539,0.0,-1,-0.011941976255984539
E22,ETH,BRK24R15,1790269200000,exit,2703.44,1.6352443457299546,-114.61427619221276,3.5366279792161506,-1,0.0
E23,XRP,BRK24R15,1790269200000,enter,1.5268,1414.118422917701,0.0,1.7272608064885968,1,0.0
E22,SOL,BRK24R15,1790294400000,funding,117.0,28.33122818153941,0.3501705805764453,0.0,1,0.3501705805764453
E23,HYPE,BRK24R15,1790294400000,funding,92.05,27.20683169409577,-0.5578776618836719,0.0,-1,-0.5578776618836719
E23,XRP,BRK24R15,1790294400000,funding,1.534,1414.118422917701,-0.011388602718967704,0.0,1,-0.011388602718967704
E22,SOL,BRK24R15,1790316000000,exit,116.04,28.33122818153941,-10.482554427169308,2.6300445745486667,1,0.0
E23,XRP,BRK24R15,1790323200000,exit,1.5203,1414.118422917701,-9.191769748964987,1.7199073906894247,1,0.0
E23,BTR,BRK24R15,1790323200000,enter,0.04915,20240.033716972146,0.0,0.7958381257513448,-1,0.0
E23,HYPE,BRK24R15,1790323200000,funding,92.87,27.20683169409577,-0.18879490888865996,0.0,-1,-0.18879490888865996
E23,BTR,BRK24R15,1790323200000,funding,0.05044,20240.033716972146,0.05104536503420375,0.0,-1,0.05104536503420375
E22,ETH,BRK24R15,1790330400000,enter,2706.28,1.7084758479888422,0.0,3.698891214316196,1,0.0
E22,SOL,BRK24R15,1790330400000,enter,118.4,31.63312735054037,0.0,2.996289822643184,1,0.0
E23,HYPE,BRK24R15,1790330400000,exit,93.7,27.20683169409577,-69.64948913688524,2.039424103789419,-1,0.0
E23,XRP,BRK24R15,1790330400000,enter,1.5599,1595.0315409632526,0.0,1.9904717605988624,1,0.0
E23,BTR,BRK24R15,1790337600000,funding,0.05023,20240.033716972146,0.05083284468017554,0.0,-1,0.05083284468017554
E22,ETH,BRK24R15,1790352000000,funding,2685.93,1.7084758479888422,-0.01573974361295314,0.0,1,-0.01573974361295314
E22,SOL,BRK24R15,1790352000000,funding,120.13,31.63312735054037,-0.3800087588620415,0.0,1,-0.3800087588620415
E23,BTR,BRK24R15,1790352000000,funding,0.04946,20240.033716972146,0.05005360338207212,0.0,-1,0.05005360338207212
E23,XRP,BRK24R15,1790352000000,funding,1.576,1595.0315409632526,0.07953567357877785,0.0,1,0.07953567357877785
E23,BTR,BRK24R15,1790366400000,funding,0.049,20240.033716972146,0.04958808260658176,0.0,-1,0.04958808260658176
E22,ETH,BRK24R15,1790380800000,funding,2690.39,1.7084758479888422,-0.00753820479213995,0.0,1,-0.00753820479213995
E22,SOL,BRK24R15,1790380800000,funding,122.12,31.63312735054037,-0.38630375120479904,0.0,1,-0.38630375120479904
E23,BTR,BRK24R15,1790380800000,funding,0.04984,20240.033716972146,0.0504381640226946,0.0,-1,0.0504381640226946
E23,XRP,BRK24R15,1790380800000,funding,1.5679,1595.0315409632526,-0.2500849953076284,0.0,1,-0.2500849953076284
E23,BTR,BRK24R15,1790395200000,funding,0.04965,20240.033716972146,0.05024588370238336,0.0,-1,0.05024588370238336
E23,XRP,BRK24R15,1790402400000,exit,1.5482,1595.0315409632526,-18.661869029270125,1.9755422653754462,1,0.0
E23,BTR,BRK24R15,1790402400000,exit,0.05019,20240.033716972146,-21.049635065651017,0.8126778338038656,-1,0.0
E22,SOL,BRK24R15,1790406000000,exit,120.17,31.63312735054037,55.99063541045633,3.041082330971549,1,0.0
E22,ETH,BRK24R15,1790409600000,funding,2689.75,1.7084758479888422,-0.11869848232026593,0.0,1,-0.11869848232026593
E23,XRP,BRK24R15,1790416800000,enter,1.5414,1797.997196177316,0.0,2.217146302550172,-1,0.0
E25,BTR,BBADD,1789437600000,enter,0.04949,16720.24734845713,0.0,0.6619880330201148,1,0.0
E25,BTR,BBADD,1789444800000,funding,0.05001,16720.24734845713,-0.04180897849481706,0.0,1,-0.04180897849481706
E25,BTR,BBADD,1789459200000,funding,0.04995,16720.24734845713,-0.04175881775277169,0.0,1,-0.04175881775277169
E24,BTC,BBADD,1789462800000,enter,76890.1,0.010875957750863939,0.0,0.6690027832477627,1,0.0
E25,BTR,BBADD,1789466400000,exit_signal,0.05038,16720.24734845713,14.881020140126878,0.6738928491322163,1,0.0
E24,BTC,BBADD,1789488000000,add,75906.5,0.01101615446408102,0.0,0.6689581830622129,1,0.0
E24,ETH,BBADD,1789488000000,enter,2406.61,0.3474355970898944,0.0,0.6689135858500087,1,0.0
E24,SOL,BBADD,1789488000000,enter,98.81,8.461554898428195,0.0,0.668868991610952,1,0.0
E24,BTC,BBADD,1789488000000,funding,76476.9,0.02189211221494496,-0.06052380769093813,0.0,1,-0.06052380769093813
E24,ETH,BBADD,1789488000000,funding,2423.18,0.3474355970898944,0.05075809011652274,0.0,1,0.05075809011652274
E24,SOL,BBADD,1789488000000,funding,99.3,8.461554898428195,0.04816212124904588,0.0,1,0.04816212124904588
E25,HYPE,BBADD,1789488000000,enter,76.94,10.769519611345906,0.0,0.6628854711175632,1,0.0
E25,HYPE,BBADD,1789488000000,funding,77.24,10.769519611345906,0.012169785474636633,0.0,1,0.012169785474636633
E25,XRP,BBADD,1789502400000,enter,1.3245,625.5587864022777,0.0,0.6628420900718536,1,0.0
E24,SOL,BBADD,1789506000000,add,97.82,8.546654059817644,0.0,0.6688269601050896,1,0.0
E25,XRP,BBADD,1789506000000,add,1.2951,639.7169143301503,0.0,0.6627979005991821,1,0.0
E24,BTC,BBADD,1789513200000,add,75416.6,0.011084800488902351,0.0,0.6687823716410826,1,0.0
E24,SOL,BBADD,1789513200000,add,96.49,8.663304308084255,0.0,0.6687377861496397,1,0.0
E24,BTC,BBADD,1789516800000,funding,75608.0,0.03297691270384731,-0.11653770275040166,0.0,1,-0.11653770275040166
E24,ETH,BBADD,1789516800000,funding,2396.84,0.3474355970898944,0.03896425723418922,0.0,1,0.03896425723418922
E24,SOL,BBADD,1789516800000,funding,96.81,25.671513266330095,0.22568638788965137,0.0,1,0.22568638788965137
E25,HYPE,BBADD,1789516800000,funding,76.93,10.769519611345906,-0.08284991437008406,0.0,1,-0.08284991437008406
E25,XRP,BBADD,1789516800000,funding,1.2826,1265.275700732428,-0.01452444139314674,0.0,1,-0.01452444139314674
E24,BTC,BBADD,1789545600000,funding,75719.8,0.03297691270384731,-0.10642236309663938,0.0,1,-0.10642236309663938
E24,ETH,BBADD,1789545600000,funding,2395.08,0.3474355970898944,0.04328771731465691,0.0,1,0.04328771731465691
E24,SOL,BBADD,1789545600000,funding,96.91,25.671513266330095,0.14158219761492521,0.0,1,0.14158219761492521
E25,HYPE,BBADD,1789545600000,exit_signal,77.52,10.769519611345906,6.246321374580607,0.6678825282172277,1,0.0
E25,XRP,BBADD,1789545600000,funding,1.2845,1265.275700732428,-0.04180134351883547,0.0,1,-0.04180134351883547
E24,BTC,BBADD,1789556400000,exit_signal,75954.2,0.03297691270384731,-3.6941495482628905,2.0037880183124477,1,0.0
E24,ETH,BBADD,1789560000000,exit_signal,2405.1,0.3474355970898944,-0.5246277516058164,0.6684938836487241,1,0.0
E24,SOL,BBADD,1789563600000,exit_signal,97.97,25.671513266330095,6.995982370257767,2.0120305237618874,1,0.0
E25,XRP,BBADD,1789574400000,add,1.2659,654.7874354368573,0.0,0.6631163316156141,1,0.0
E25,XRP,BBADD,1789574400000,funding,1.2655,1920.0631361692854,-0.009767956393265366,0.0,1,-0.009767956393265366
E25,XRP,BBADD,1789592400000,exit_signal,1.3,1920.0631361692854,10.136674161759004,1.9968656616160572,1,0.0
E25,BTR,BBADD,1789650000000,enter,0.05004,16577.091490884537,0.0,0.6636141265630898,1,0.0
E25,BTR,BBADD,1789660800000,exit_signal,0.05089,16577.091490884537,14.0905277672518,0.6748865487768912,1,0.0
E25,XRP,BBADD,1789686000000,enter,1.2912,643.2623351364533,0.0,0.6644642617025508,1,0.0
E25,XRP,BBADD,1789689600000,funding,1.2955,643.2623351364533,-0.02181700757833163,0.0,1,-0.02181700757833163
E25,XRP,BBADD,1789696800000,exit_signal,1.3,643.2623351364533,5.66070854920088,0.6689928285419116,1,0.0
E25,BTR,BBADD,1789794000000,enter,0.04957,16762.943581449865,0.0,0.6647512906659758,1,0.0
E25,BTR,BBADD,1789801200000,add,0.04853,17121.032709490646,0.0,0.6647069739132648,1,0.0
E25,BTR,BBADD,1789804800000,funding,0.04869,33883.97629094051,-0.08249054028029468,0.0,1,-0.08249054028029468
E25,BTR,BBADD,1789819200000,funding,0.04967,33883.97629094051,-0.08415085511855076,0.0,1,-0.08415085511855076
E25,BTR,BBADD,1789833600000,funding,0.04952,33883.97629094051,-0.08389672529636871,0.0,1,-0.08389672529636871
E25,BTR,BBADD,1789848000000,funding,0.04853,33883.97629094051,-0.08221946846996715,0.0,1,-0.08221946846996715
E25,BTR,BBADD,1789862400000,funding,0.04866,33883.97629094051,-0.08243971431585827,0.0,1,-0.08243971431585827
E24,ETH,BBADD,1789873200000,enter,2618.7,0.31913791536504504,0.0,0.6685811671731547,1,0.0
E24,SOL,BBADD,1789873200000,enter,110.14,7.5873501350025325,0.0,0.6685365950953432,1,0.0
E24,BTC,BBADD,1789876800000,enter,80301.2,0.010406009281134707,0.0,0.6684920259890034,1,0.0
E24,ETH,BBADD,1789876800000,add,2572.72,0.32477662738946406,0.0,0.6684474598539376,1,0.0
E24,SOL,BBADD,1789876800000,add,107.64,7.762018031051971,0.0,0.6684028966899475,1,0.0
E25,XRP,BBADD,1789876800000,enter,1.3703,606.2860142804237,0.0,0.6646349802947719,1,0.0
E25,HYPE,BBADD,1789876800000,enter,90.02,9.22837524017004,0.0,0.6645906712960856,1,0.0
E25,BTR,BBADD,1789876800000,funding,0.04758,33883.97629094051,-0.08060997959614748,0.0,1,-0.08060997959614748
E25,BTR,BBADD,1789880400000,add,0.04758,17458.517004326735,0.0,0.6645409912526928,1,0.0
E25,BTR,BBADD,1789884000000,exit_signal,0.05004,51342.493295267246,76.67929470525652,2.0553426915961386,1,0.0
E24,ETH,BBADD,1789891200000,funding,2575.3,0.6439145427545091,-0.028837369590809406,0.0,1,-0.028837369590809406
E24,SOL,BBADD,1789891200000,funding,108.42,15.349368166054504,-0.16641784965636292,0.0,1,-0.16641784965636292
E24,BTC,BBADD,1789891200000,funding,80274.5,0.010406009281134707,-0.059501068188898644,0.0,1,-0.059501068188898644
E25,XRP,BBADD,1789891200000,funding,1.3792,606.2860142804237,-0.08361896708955605,0.0,1,-0.08361896708955605
E25,HYPE,BBADD,1789891200000,funding,90.97,9.22837524017004,-0.08395052955982686,0.0,1,-0.08395052955982686
E24,ETH,BBADD,1789920000000,funding,2611.75,0.6439145427545091,-0.06543665153189096,0.0,1,-0.06543665153189096
E24,SOL,BBADD,1789920000000,funding,108.74,15.349368166054504,-0.03797180419707144,0.0,1,-0.03797180419707144
E24,BTC,BBADD,1789920000000,funding,80870.9,0.010406009281134707,-0.035849746112480325,0.0,1,-0.035849746112480325
E25,XRP,BBADD,1789920000000,funding,1.3904,606.2860142804237,-0.03077720251106835,0.0,1,-0.03077720251106835
E25,HYPE,BBADD,1789920000000,funding,91.94,9.22837524017004,-0.06545844363069216,0.0,1,-0.06545844363069216
E24,BTC,BBADD,1789923600000,exit_signal,80870.9,0.010406009281134707,5.928303487462412,0.6732346687789734,1,0.0
E24,ETH,BBADD,1789923600000,exit_signal,2611.75,0.6439145427545091,10.458023255223926,1.3453950456312715,1,0.0
E25,XRP,BBADD,1789923600000,exit_signal,1.3904,606.2860142804237,12.186348887036521,0.674384059404401,1,0.0
E25,HYPE,BBADD,1789923600000,exit_signal,91.94,9.22837524017004,17.718480461126493,0.6787654556649868,1,0.0
E24,SOL,BBADD,1789927200000,exit_signal,110.29,15.349368166054504,21.707450302538163,1.354305452027321,1,0.0
E25,HYPE,BBADD,1790168400000,enter,95.16,8.818798299796047,0.0,0.6713574769668734,1,0.0
E24,BTC,BBADD,1790172000000,enter,85463.6,0.009808953631372528,0.0,0.6706467916561354,1,0.0
E24,ETH,BBADD,1790172000000,enter,2721.02,0.3080655792083598,0.0,0.670602081870025,1,0.0
E24,BTC,BBADD,1790179200000,add,84504.1,0.00991900651957371,0.0,0.670557375064567,1,0.0
E24,ETH,BBADD,1790179200000,add,2674.85,0.31334124868663793,0.0,0.6705126712395628,1,0.0
E24,SOL,BBADD,1790179200000,enter,115.08,7.282629153575918,0.0,0.6704679703948134,1,0.0
E24,BTC,BBADD,1790179200000,funding,83957.0,0.019727960150946237,-0.09565134523519536,0.0,1,-0.09565134523519536
E24,ETH,BBADD,1790179200000,funding,2654.54,0.6214068278949978,-0.003694990389261668,0.0,1,-0.003694990389261668
E24,SOL,BBADD,1790179200000,funding,113.79,7.282629153575918,0.023783413658761087,0.0,1,0.023783413658761087
E25,XRP,BBADD,1790179200000,enter,1.5274,549.391711242751,0.0,0.6713127198017422,1,0.0
E25,HYPE,BBADD,1790179200000,funding,92.78,8.818798299796047,0.03908580123580504,0.0,1,0.03908580123580504
E25,XRP,BBADD,1790179200000,funding,1.5054,549.391711242751,-0.08270542821048374,0.0,1,-0.08270542821048374
E24,SOL,BBADD,1790182800000,add,113.79,7.364643586892404,0.0,0.6704182350019894,1,0.0
E25,HYPE,BBADD,1790182800000,add,92.78,9.043773680282529,0.0,0.6712650576452905,1,0.0
E25,XRP,BBADD,1790193600000,add,1.4953,561.1083951727475,0.0,0.6712203066414475,1,0.0
E24,BTC,BBADD,1790208000000,funding,84355.2,0.019727960150946237,-0.011282977843568178,0.0,1,-0.011282977843568178
E24,ETH,BBADD,1790208000000,funding,2683.39,0.6214068278949978,-0.07420272062177953,0.0,1,-0.07420272062177953
E24,SOL,BBADD,1790208000000,funding,114.96,14.647272740468322,0.008739183961327597,0.0,1,0.008739183961327597
E25,HYPE,BBADD,1790208000000,funding,94.0,17.862571980078577,0.14675174635953356,0.0,1,0.14675174635953356
E25,XRP,BBADD,1790208000000,funding,1.5002,1110.5001064154985,0.07741773090568134,0.0,1,0.07741773090568134
E24,BTC,BBADD,1790226000000,add,83899.6,0.009987658225109074,0.0,0.6703684240186891,1,0.0
E24,SOL,BBADD,1790229600000,exit_signal,115.34,14.647272740468322,13.308681139612892,1.351533150308493,1,0.0
E24,ETH,BBADD,1790236800000,exit_signal,2685.19,0.6214068278949978,-7.79804119161557,1.3348763201562954,1,0.0
E24,BTC,BBADD,1790236800000,funding,84465.8,0.02971561837605531,0.03250389754823536,0.0,1,0.03250389754823536
E25,HYPE,BBADD,1790236800000,funding,93.85,17.862571980078577,0.116895537980437,0.0,1,0.116895537980437
E25,XRP,BBADD,1790236800000,funding,1.5056,1110.5001064154985,-0.046179782681253605,0.0,1,-0.046179782681253605
E24,BTC,BBADD,1790240400000,exit_signal,84465.8,0.02971561837605531,-4.512259796026474,2.0079627829025704,1,0.0
E25,HYPE,BBADD,1790240400000,exit_signal,93.85,17.862571980078577,-1.8757879348305326,1.3411219042642997,1,0.0
E24,BTC,BBADD,1790247600000,enter,83219.6,0.01006492911891396,0.0,0.6700795002434978,1,0.0
E24,ETH,BBADD,1790247600000,enter,2641.32,0.31709279274984425,0.0,0.6700348282768149,1,0.0
E24,SOL,BBADD,1790247600000,enter,113.08,7.406152273702944,0.0,0.6699901592882631,1,0.0
E25,XRP,BBADD,1790247600000,add,1.4574,575.4946797212239,0.0,0.6709807569805694,1,0.0
E25,HYPE,BBADD,1790247600000,enter,90.46,9.271169922204619,0.0,0.6709360249301038,1,0.0
E24,BTC,BBADD,1790262000000,exit_signal,84212.0,0.01006492911891396,9.988435657610156,0.678070248769586,1,0.0
E24,SOL,BBADD,1790262000000,exit_signal,114.93,7.406152273702944,13.70138170635051,0.6809512646533435,1,0.0
E25,XRP,BBADD,1790262000000,exit_signal,1.5019,1685.9947861367223,15.303340019044303,2.0257564554389944,1,0.0
E24,ETH,BBADD,1790265600000,funding,2682.77,0.31709279274984425,-0.030896952987911744,0.0,1,-0.030896952987911744
E25,HYPE,BBADD,1790265600000,funding,93.39,9.271169922204619,0.004069422427463039,0.0,1,0.004069422427463039
E24,ETH,BBADD,1790269200000,exit_signal,2682.77,0.31709279274984425,13.143496259480987,0.6805496252843998,1,0.0
E25,HYPE,BBADD,1790269200000,exit_signal,93.39,9.271169922204619,27.164527872059598,0.6926676472277515,1,0.0
E25,BTR,BBADD,1790323200000,enter,0.05036,16718.16744628259,0.0,0.6735415300758331,1,0.0
E25,BTR,BBADD,1790323200000,funding,0.05044,16718.16744628259,-0.04216321829952469,0.0,1,-0.04216321829952469
E25,BTR,BBADD,1790337600000,funding,0.05023,16718.16744628259,-0.041987677541338725,0.0,1,-0.041987677541338725
E24,BTC,BBADD,1790348400000,enter,83887.2,0.010017365824480576,0.0,0.6722630163130936,1,0.0
E24,BTC,BBADD,1790352000000,funding,83759.7,0.010017365824480576,0.004472144794805814,0.0,1,0.004472144794805814
E25,BTR,BBADD,1790352000000,funding,0.04946,16718.16744628259,-0.04134402809465684,0.0,1,-0.04134402809465684
E25,BTR,BBADD,1790366400000,funding,0.049,16718.16744628259,-0.040959510243392346,0.0,1,-0.040959510243392346
E24,BTC,BBADD,1790380800000,funding,84059.9,0.010017365824480576,-0.008782672965564328,0.0,1,-0.008782672965564328
E25,BTR,BBADD,1790380800000,funding,0.04984,16718.16744628259,-0.041661673276136214,0.0,1,-0.041661673276136214
E25,BTR,BBADD,1790391600000,exit_signal,0.04975,16718.16744628259,-10.198082142232371,0.6653830643620472,1,0.0
E24,BTC,BBADD,1790409600000,funding,84069.7,0.010017365824480576,-0.020599158743945026,0.0,1,-0.020599158743945026
E24,BTC,BBADD,1790413200000,exit_signal,84069.7,0.010017365824480576,1.828169262967705,0.6737255517234678,1,0.0
E26,BTC,AD,1789433100000,enter,77984.8,0.010702875748016889,0.0,0.667729299707158,1,0.0
E26,BTC,AD,1789443000000,add,77678.6,0.010744348900799429,0.0,0.6676847844205108,1,0.0
E26,BTC,AD,1789450200000,add,77380.2,0.010785063105638612,0.0,0.6676402721015495,1,0.0
E26,BTC,AD,1789457400000,add,77178.5,0.010812528144983319,0.0,0.667595762750076,1,0.0
E26,BTC,AD,1789459200000,funding,76890.1,0.043044815899438246,-0.037201255036640825,0.0,1,-0.037201255036640825
E26,BTC,AD,1789488000000,funding,76476.9,0.043044815899438246,-0.1190034170303099,0.0,1,-0.1190034170303099
E26,BTC,AD,1789516800000,funding,75608.0,0.043044815899438246,-0.15211684627012576,0.0,1,-0.15211684627012576
E26,BTC,AD,1789545600000,funding,75719.8,0.043044815899438246,-0.13891327754716018,0.0,1,-0.13891327754716018
E26,BTC,AD,1789574400000,funding,75753.0,0.043044815899438246,-0.22554773334888117,0.0,1,-0.22554773334888117
E26,BTC,AD,1789603200000,funding,76169.9,0.043044815899438246,-0.19537888443246004,0.0,1,-0.19537888443246004
E26,BTC,AD,1789632000000,funding,76434.7,0.043044815899438246,-0.19250478018088263,0.0,1,-0.19250478018088263
E26,BTC,AD,1789660800000,funding,76745.8,0.043044815899438246,-0.2067666177983292,0.0,1,-0.2067666177983292
E26,BTC,AD,1789689600000,funding,76385.1,0.043044815899438246,-0.0617811924331818,0.0,1,-0.0617811924331818
E26,BTC,AD,1789718400000,funding,77781.1,0.043044815899438246,-0.2927889952146344,0.0,1,-0.2927889952146344
E26,BTC,AD,1789722000000,exit_target,77935.8,0.043044815899438246,16.419514251322216,2.6837857303803516,1,0.0
E26,BTC,AD,1789873200000,enter,80533.2,0.010373964372261003,0.0,0.6683588380673359,1,0.0
E26,BTC,AD,1789874100000,add,80301.2,0.010403242429930447,0.0,0.6683142808114646,1,0.0
E27,ETH,AD,1789876800000,enter,2572.72,0.3239113985716803,0.0,0.6666666666666666,1,0.0
E27,SOL,AD,1789876800000,enter,107.64,7.741339444237996,0.0,0.6666222222222223,1,0.0
E27,ETH,AD,1789880400000,exit_target,2586.68,0.3239113985716803,4.521803124060669,0.6702841091659152,1,0.0
E27,SOL,AD,1789880400000,exit_target,108.86,7.741339444237996,9.444434121970346,0.6741777695197986,1,0.0
E26,BTC,AD,1789891200000,funding,80274.5,0.02077720680219145,-0.11880308438253052,0.0,1,-0.11880308438253052
E26,BTC,AD,1789920000000,exit_target,80804.1,0.02077720680219145,8.042097566457976,1.3431067969319668,1,0.0
E26,SOL,AD,1790055900000,enter,115.77,7.2202255086063625,0.0,0.6687084057050868,1,0.0
E26,SOL,AD,1790064000000,funding,116.25,7.2202255086063625,0.07664115947593597,0.0,1,0.07664115947593597
E26,SOL,AD,1790067600000,exit_target,117.16,7.2202255086063625,10.036113456962848,0.6767372964706572,1,0.0
E27,ETH,AD,1790179200000,enter,2674.85,0.31189563547109983,0.0,0.6674192324318972,1,0.0
E27,ETH,AD,1790179200000,funding,2654.54,0.31189563547109983,-0.0018545843460109354,0.0,1,-0.0018545843460109354
E27,BTC,AD,1790182800000,enter,83957.0,0.009936256270731525,0.0,0.6673746141774454,1,0.0
E27,SOL,AD,1790182800000,enter,113.79,7.330720214171941,0.0,0.6673301225365001,1,0.0
E27,BTC,AD,1790190000000,exit_target,84281.2,0.009936256270731525,3.2213342829711316,0.6699516816038222,1,0.0
E27,SOL,AD,1790190000000,exit_target,114.49,7.330720214171941,5.131504149920275,0.6714353258564365,1,0.0
E27,ETH,AD,1790208000000,exit_target,2689.21,0.31189563547109983,4.4788213253650335,0.6710022894921891,1,0.0
