cell,sym,strategy,bar_close,action,price,qty,pnl,cost,direction,funding
E01,BTC,BRK24,1787821200000,enter,79142.3,0.0669043415249501,0.0,4.235970774616048,1,0.0
E01,ETH,BRK24,1787821200000,enter,2515.0,1.6407856255179163,0.0,3.3012606785420475,1,0.0
E02,XRP,BRK24,1787821200000,enter,1.4402,1634.249378044072,0.0,1.882916763407258,1,0.0
E03,ETH,BRK48,1787821200000,enter,2515.0,1.6414809520519145,0.0,3.302659675528452,1,0.0
E03,SOL,BRK48,1787821200000,enter,102.45,25.376519278854275,0.0,2.0798595200948964,1,0.0
E05,ETH,BRK96,1787821200000,enter,2533.91,1.6414809520519145,0.0,3.327491999371093,1,0.0
E05,SOL,BRK96,1787821200000,enter,103.21,25.376456242240955,0.0,2.095283239009351,1,0.0
E07,BTC,MR,1787824800000,enter,79724.2,0.096404538633767,0.0,6.148619775156934,-1,0.0
E07,ETH,MR,1787824800000,enter,2529.97,2.3204732980687997,0.0,4.696582263932097,-1,0.0
E08,XRP,MR,1787824800000,enter,1.4341,2397.4843221095957,0.0,2.7505858130698972,-1,0.0
E08,HYPE,MR,1787828400000,enter,83.09,39.51654133236885,0.0,2.6267435354452227,-1,0.0
E02,HYPE,BRK24,1787842800000,enter,83.83,26.644528009792445,0.0,1.7868886264487207,1,0.0
E04,HYPE,BRK48,1787842800000,enter,83.9,26.649545897463245,0.0,1.7887175206377333,1,0.0
E06,HYPE,BRK96,1787842800000,enter,83.9,26.649545897463245,0.0,1.7887175206377333,1,0.0
E01,BTC,BRK24,1787846400000,funding,80260.0,0.0669043415249501,-0.2381480776926472,0.0,1,-0.2381480776926472
E01,ETH,BRK24,1787846400000,funding,2520.39,1.6407856255179163,-0.0739413039266599,0.0,1,-0.0739413039266599
E02,XRP,BRK24,1787846400000,funding,1.4651,1634.249378044072,0.0269363110924391,0.0,1,0.0269363110924391
E02,HYPE,BRK24,1787846400000,funding,84.65,26.644528009792445,-0.225545929602893,0.0,1,-0.225545929602893
E03,ETH,BRK48,1787846400000,funding,2520.39,1.6414809520519145,-0.0739726385201492,0.0,1,-0.0739726385201492
E03,SOL,BRK48,1787846400000,funding,107.1,25.376519278854275,-0.2271286531979355,0.0,1,-0.2271286531979355
E04,HYPE,BRK48,1787846400000,funding,84.65,26.649545897463245,-0.2255884060220263,0.0,1,-0.2255884060220263
E05,ETH,BRK96,1787846400000,funding,2520.39,1.6414809520519145,-0.0739726385201492,0.0,1,-0.0739726385201492
E05,SOL,BRK96,1787846400000,funding,107.1,25.376456242240955,-0.2271280889983725,0.0,1,-0.2271280889983725
E06,HYPE,BRK96,1787846400000,funding,84.65,26.649545897463245,-0.2255884060220263,0.0,1,-0.2255884060220263
E07,BTC,MR,1787846400000,funding,80260.0,0.096404538633767,0.3431549438075913,0.0,-1,0.3431549438075913
E07,ETH,MR,1787846400000,funding,2520.39,2.3204732980687997,0.1045711387994668,0.0,-1,0.1045711387994668
E08,XRP,MR,1787846400000,funding,1.4651,2397.4843221095957,-0.0395162356536311,0.0,-1,-0.0395162356536311
E08,HYPE,MR,1787846400000,funding,84.65,39.51654133236885,0.3345075223785024,0.0,-1,0.3345075223785024
E07,ETH,MR,1787864400000,exit_signal,2496.9,2.3204732980687997,76.73805196713452,4.635191822358389,-1,0.0
E09,ETH,RSIDIV,1787864400000,enter,2496.9,2.160416820933542,0.0,4.31547580815117,-1,0.0
E01,BTC,BRK24,1787875200000,funding,80209.3,0.0669043415249501,-0.1361979731691869,0.0,1,-0.1361979731691869
E01,ETH,BRK24,1787875200000,funding,2509.8,1.6407856255179163,-0.0364858677395143,0.0,1,-0.0364858677395143
E02,XRP,BRK24,1787875200000,funding,1.4526,1634.249378044072,0.0249260617887415,0.0,1,0.0249260617887415
E02,HYPE,BRK24,1787875200000,funding,84.61,26.644528009792445,-0.0527753521840088,0.0,1,-0.0527753521840088
E03,ETH,BRK48,1787875200000,funding,2509.8,1.6414809520519145,-0.0365013295960546,0.0,1,-0.0365013295960546
E03,SOL,BRK48,1787875200000,funding,109.08,25.376519278854275,-0.0156395995845964,0.0,1,-0.0156395995845964
E04,HYPE,BRK48,1787875200000,funding,84.61,26.649545897463245,-0.0527852912149779,0.0,1,-0.0527852912149779
E05,ETH,BRK96,1787875200000,funding,2509.8,1.6414809520519145,-0.0365013295960546,0.0,1,-0.0365013295960546
E05,SOL,BRK96,1787875200000,funding,109.08,25.376456242240955,-0.0156395607350055,0.0,1,-0.0156395607350055
E06,HYPE,BRK96,1787875200000,funding,84.61,26.649545897463245,-0.0527852912149779,0.0,1,-0.0527852912149779
E07,BTC,MR,1787875200000,funding,80209.3,0.096404538633767,0.1962518794289774,0.0,-1,0.1962518794289774
E08,XRP,MR,1787875200000,funding,1.4526,2397.4843221095957,-0.0365671501261121,0.0,-1,-0.0365671501261121
E08,HYPE,MR,1787875200000,funding,84.61,39.51654133236885,0.0782712076995037,0.0,-1,0.0782712076995037
E09,ETH,RSIDIV,1787875200000,funding,2509.8,2.160416820933542,0.0480408172554059,0.0,-1,0.0480408172554059
E01,ETH,BRK24,1787886000000,exit,2487.18,1.6407856255179163,-45.6466561019087,3.264743353660521,1,0.0
E02,XRP,BRK24,1787886000000,exit,1.4341,1634.249378044072,-9.96892120606883,1.8749416264424028,1,0.0
E02,HYPE,BRK24,1787889600000,exit,83.17,26.644528009792445,-17.58538848646292,1.77282031565955,1,0.0
E08,XRP,MR,1787889600000,exit_signal,1.432,2397.4843221095957,5.034717076430129,2.746558039408753,-1,0.0
E08,HYPE,MR,1787889600000,exit_signal,83.31,39.51654133236885,-8.693639093121103,2.63369844671972,-1,0.0
E01,BTC,BRK24,1787893200000,exit,79610.2,0.0669043415249501,31.30454139952377,4.261014407735668,1,0.0
E01,ETH,BRK24,1787893200000,enter,2480.36,1.5650822934179054,0.0,3.105574013841629,-1,0.0
E03,ETH,BRK48,1787893200000,exit,2480.36,1.6414809520519145,-56.86090017907811,3.2571709553851895,1,0.0
E07,BTC,MR,1787896800000,exit_signal,79604.7,0.096404538633767,11.520342366735155,6.139403501263546,-1,0.0
E01,ETH,BRK24,1787904000000,funding,2495.3,1.5650822934179054,0.1591430062557022,0.0,-1,0.1591430062557022
E03,SOL,BRK48,1787904000000,funding,106.31,25.376519278854275,0.073001866308317,0.0,1,0.073001866308317
E04,HYPE,BRK48,1787904000000,funding,84.0,26.649545897463245,-0.1662132177624782,0.0,1,-0.1662132177624782
E05,ETH,BRK96,1787904000000,funding,2495.3,1.6414809520519145,-0.166911487350947,0.0,1,-0.166911487350947
E05,SOL,BRK96,1787904000000,funding,106.31,25.376456242240955,0.0730016849678279,0.0,1,0.0730016849678279
E06,HYPE,BRK96,1787904000000,funding,84.0,26.649545897463245,-0.1662132177624782,0.0,1,-0.1662132177624782
E09,ETH,RSIDIV,1787904000000,funding,2495.3,2.160416820933542,0.2196786898009753,0.0,-1,0.2196786898009753
E02,XRP,BRK24,1787911200000,enter,1.4151,1937.7024285455989,0.0,2.193634165307902,-1,0.0
E01,ETH,BRK24,1787929200000,exit,2519.3,1.5650822934179054,-60.94430450569333,3.1543294574461833,-1,0.0
E01,BTC,BRK24,1787929200000,enter,78933.7,0.0655970162048747,0.0,4.142252158408578,-1,0.0
E01,SOL,BRK24,1787929200000,enter,104.32,22.40687647389387,0.0,1.869988283005287,-1,0.0
E03,SOL,BRK48,1787929200000,exit,104.32,25.376519278854275,47.45409105145725,2.1178227929360625,1,0.0
E01,SOL,BRK24,1787932800000,exit,107.79,22.40687647389387,-77.75186136441204,1.9321897720968169,-1,0.0
E01,BTC,BRK24,1787932800000,funding,78285.0,0.0655970162048747,0.3429328239801158,0.0,-1,0.3429328239801158
E02,HYPE,BRK24,1787932800000,enter,82.21,26.519198575352085,0.0,1.7441146519037558,-1,0.0
E02,XRP,BRK24,1787932800000,funding,1.4028,1937.7024285455989,-0.1359376304278559,0.0,-1,-0.1359376304278559
E02,HYPE,BRK24,1787932800000,funding,81.68,26.519198575352085,0.2166088139634758,0.0,-1,0.2166088139634758
E04,HYPE,BRK48,1787932800000,exit,82.21,26.649545897463245,-45.0377325667132,1.7526873345843623,1,0.0
E05,ETH,BRK96,1787932800000,funding,2470.19,1.6414809520519145,-0.2266210859635262,0.0,1,-0.2266210859635262
E05,SOL,BRK96,1787932800000,funding,105.2,25.376456242240955,0.1661294069296296,0.0,1,0.1661294069296296
E06,HYPE,BRK96,1787932800000,funding,81.68,26.649545897463245,-0.2176734908904798,0.0,1,-0.2176734908904798
E09,ETH,RSIDIV,1787932800000,funding,2470.19,2.160416820933542,0.2982648111035431,0.0,-1,0.2982648111035431
E01,ETH,BRK24,1787936400000,enter,2465.0,1.4402248148443957,0.0,2.8401233348731485,-1,0.0
E03,BTC,BRK48,1787936400000,enter,77805.4,0.0570527911677378,0.0,3.551212190337845,-1,0.0
E03,ETH,BRK48,1787936400000,enter,2435.38,1.463445788457456,0.0,2.8512372834348154,-1,0.0
E05,ETH,BRK96,1787936400000,exit,2435.38,1.6414809520519145,-161.73511820567472,3.198103904806554,1,0.0
E05,BTC,BRK96,1787936400000,enter,77553.4,0.0561928502315193,0.0,3.48635727291609,-1,0.0
E07,BTC,MR,1787936400000,enter,78285.0,0.0863314865026548,0.0,5.406768336688269,1,0.0
E07,ETH,MR,1787936400000,enter,2470.19,2.214064284728124,0.0,4.375327564394052,1,0.0
E08,HYPE,MR,1787936400000,enter,81.68,36.74439239710235,0.0,2.4010255767962567,1,0.0
E08,XRP,MR,1787940000000,enter,1.3921,2522.471917705509,0.0,2.809226525310271,1,0.0
E04,XRP,BRK48,1787943600000,enter,1.3635,1700.837552152826,0.0,1.8552736018883025,-1,0.0
E04,HYPE,BRK48,1787943600000,enter,80.01,23.819110449473825,0.0,1.5246136216499204,-1,0.0
E06,HYPE,BRK96,1787943600000,exit,80.01,26.649545897463245,-103.66673354113205,1.7057841338048274,1,0.0
E01,BTC,BRK24,1787961600000,funding,77809.8,0.0655970162048747,0.458398386799641,0.0,-1,0.458398386799641
E01,ETH,BRK24,1787961600000,funding,2441.64,1.4402248148443957,0.0405453662600492,0.0,-1,0.0405453662600492
E02,XRP,BRK24,1787961600000,funding,1.3828,1937.7024285455989,-0.0050105806970206,0.0,-1,-0.0050105806970206
E02,HYPE,BRK24,1787961600000,funding,80.89,26.519198575352085,0.0480081878303739,0.0,-1,0.0480081878303739
E03,BTC,BRK48,1787961600000,funding,77809.8,0.0570527911677378,0.3986905037269713,0.0,-1,0.3986905037269713
E03,ETH,BRK48,1787961600000,funding,2441.64,1.463445788457456,0.0411990856449343,0.0,-1,0.0411990856449343
E04,XRP,BRK48,1787961600000,funding,1.3828,1700.837552152826,-0.0043980869725086,0.0,-1,-0.0043980869725086
E04,HYPE,BRK48,1787961600000,funding,80.89,23.819110449473825,0.0431201691544926,0.0,-1,0.0431201691544926
E05,SOL,BRK96,1787961600000,funding,104.09,25.376456242240955,-0.2641435330254861,0.0,1,-0.2641435330254861
E05,BTC,BRK96,1787961600000,funding,77809.8,0.0561928502315193,0.3926811520717932,0.0,-1,0.3926811520717932
E07,BTC,MR,1787961600000,funding,77809.8,0.0863314865026548,-0.6032929000799746,0.0,1,-0.6032929000799746
E07,ETH,MR,1787961600000,funding,2441.64,2.214064284728124,-0.062330579519486,0.0,1,-0.062330579519486
E08,HYPE,MR,1787961600000,funding,80.89,36.74439239710235,-0.066519042304416,0.0,1,-0.066519042304416
E08,XRP,MR,1787961600000,funding,1.3828,2522.471917705509,0.0065226986937919,0.0,1,0.0065226986937919
E09,ETH,RSIDIV,1787961600000,funding,2441.64,2.160416820933542,0.0608202902604379,0.0,-1,0.0608202902604379
E08,HYPE,MR,1787986800000,exit_signal,81.86,36.74439239710235,6.613990631478152,2.406316769301439,1,0.0
E01,BTC,BRK24,1787990400000,funding,77574.8,0.06559701620487475,0.1732185110479648,0.0,-1,0.1732185110479648
E01,ETH,BRK24,1787990400000,funding,2434.77,1.4402248148443957,0.007398960123845636,0.0,-1,0.007398960123845636
E02,XRP,BRK24,1787990400000,funding,1.3821,1937.7024285455989,0.009962526518553486,0.0,-1,0.009962526518553486
E02,HYPE,BRK24,1787990400000,funding,81.37,26.519198575352085,-0.05502561329594818,0.0,-1,-0.05502561329594818
E03,BTC,BRK48,1787990400000,funding,77574.8,0.0570527911677378,0.15065623574005807,0.0,-1,0.15065623574005807
E03,ETH,BRK48,1787990400000,funding,2434.77,1.4634457884574559,0.0075182547339850015,0.0,-1,0.0075182547339850015
E04,XRP,BRK48,1787990400000,funding,1.3821,1700.837552152826,0.008744706600689166,0.0,-1,0.008744706600689166
E04,HYPE,BRK48,1787990400000,funding,81.37,23.819110449473822,-0.04942310594047897,0.0,-1,-0.04942310594047897
E05,SOL,BRK96,1787990400000,funding,103.68,25.376456242240955,-0.10681985791773901,0.0,1,-0.10681985791773901
E05,BTC,BRK96,1787990400000,funding,77574.8,0.05619285023151935,0.1483854359814879,0.0,-1,0.1483854359814879
E07,BTC,MR,1787990400000,funding,77574.8,0.08633148650265486,-0.22797091108293496,0.0,1,-0.22797091108293496
E07,ETH,MR,1787990400000,funding,2434.77,2.2140642847281238,-0.011374455699893014,0.0,1,-0.011374455699893014
E08,XRP,MR,1787990400000,funding,1.3821,2522.471917705509,-0.012969067387354118,0.0,1,-0.012969067387354118
E09,ETH,RSIDIV,1787990400000,funding,2434.77,2.160416820933542,0.011098849113150202,0.0,-1,0.011098849113150202
E06,BTR,BRK96,1787997600000,enter,0.17977,3516.0591351227226,0.0,0.5056655605768096,1,0.0
E08,BTR,MR,1788001200000,enter,0.16932,4905.430893433819,0.0,0.6644700471009714,-1,0.0
E06,BTR,BRK96,1788004800000,funding,0.19058,3516.0591351227226,0.025517048142921897,0.0,1,0.025517048142921897
E08,BTR,MR,1788004800000,funding,0.19058,4905.430893433819,-0.0356001169090571,0.0,-1,-0.0356001169090571
E08,BTR,MR,1788008400000,stop,0.21002934790746836,4905.430893433819,-199.69689287684065,0.8242275614024439,-1,0.0
E01,BTC,BRK24,1788015600000,exit,77796.4,0.06559701620487475,74.60348652980424,4.082569369184735,-1,0.0
E01,ETH,BRK24,1788015600000,exit,2444.1,1.4402248148443957,30.100698630248,2.81604277596895,-1,0.0
E02,XRP,BRK24,1788015600000,exit,1.3921,1937.7024285455989,44.56715585654903,2.1579804406226626,-1,0.0
E02,HYPE,BRK24,1788015600000,exit,82.17,26.519198575352085,1.0607679430138723,1.743266037549345,-1,0.0
E08,BTR,MR,1788015600000,enter,0.21475,4079.277872536711,0.0,0.700819938501807,-1,0.0
E02,BTR,BRK24,1788019200000,enter,0.15226,2368.4112538910385,0.0,0.28849143801395966,-1,0.0
E02,BTR,BRK24,1788019200000,funding,0.16686,2368.4112538910385,0.019759655091212937,0.0,-1,0.019759655091212937
E03,BTC,BRK48,1788019200000,funding,77822.5,0.0570527911677378,0.29277299603254503,0.0,-1,0.29277299603254503
E03,ETH,BRK48,1788019200000,funding,2443.59,1.4634457884574559,0.16374785582018522,0.0,-1,0.16374785582018522
E04,XRP,BRK48,1788019200000,funding,1.3923,1700.837552152826,-0.017594805600297483,0.0,-1,-0.017594805600297483
E04,HYPE,BRK48,1788019200000,funding,82.9,23.819110449473822,0.07937909110170747,0.0,-1,0.07937909110170747
E05,SOL,BRK96,1788019200000,funding,104.96,25.376456242240955,0.04701100175282602,0.0,1,0.04701100175282602
E05,BTC,BRK96,1788019200000,funding,77822.5,0.05619285023151935,0.2883601096661708,0.0,-1,0.2883601096661708
E06,BTR,BRK96,1788019200000,funding,0.16686,3516.0591351227226,-0.02933448136432888,0.0,1,-0.02933448136432888
E07,BTC,MR,1788019200000,exit_signal,77976.0,0.08633148650265486,-26.676429329320353,5.385427193224812,1,0.0
E07,ETH,MR,1788019200000,exit_signal,2447.76,2.2140642847281238,-49.66146190645146,4.3355983948688905,1,0.0
E08,XRP,MR,1788019200000,exit_signal,1.3999,2522.471917705509,19.675280958103045,2.8249667500767535,1,0.0
E08,BTR,MR,1788019200000,funding,0.16686,4079.277872536711,0.034033415290573785,0.0,-1,0.034033415290573785
E09,ETH,RSIDIV,1788019200000,funding,2443.59,2.160416820933542,0.2417333288981021,0.0,-1,0.2417333288981021
E02,HYPE,BRK24,1788022800000,enter,83.17,31.691079663343416,0.0,2.1085976764802177,1,0.0
E04,HYPE,BRK48,1788022800000,exit,83.17,23.819110449473822,-75.2683890203372,1.5848283328661903,-1,0.0
E08,BTR,MR,1788022800000,exit_signal,0.16686,4079.277872536711,195.35661731578304,0.5445346446491806,-1,0.0
E08,HYPE,MR,1788022800000,enter,82.9,47.49916333574676,0.0,3.150144512426725,-1,0.0
E07,BTC,MR,1788026400000,enter,77988.4,0.12590031012244815,0.0,7.855010996762828,-1,0.0
E07,ETH,MR,1788026400000,enter,2449.92,3.2938667577012604,0.0,6.4557680376219775,-1,0.0
E01,BTC,BRK24,1788030000000,enter,78133.4,0.0850676473349571,0.0,5.317299613024909,1,0.0
E03,BTC,BRK48,1788030000000,exit,78133.4,0.0570527911677378,-18.713315503018,3.5661828427402593,-1,0.0
E01,SOL,BRK24,1788033600000,enter,105.45,31.61013821744047,0.0,2.666631260023278,1,0.0
E02,BTR,BRK24,1788033600000,funding,0.18013,2368.4112538910385,0.021331095958169642,0.0,-1,0.021331095958169642
E04,XRP,BRK48,1788033600000,exit,1.4023,1700.837552152826,-65.99249702352994,1.9080675995071266,-1,0.0
E06,BTR,BRK96,1788033600000,funding,0.18013,3516.0591351227226,-0.0316673866004828,0.0,1,-0.0316673866004828
E08,XRP,MR,1788037200000,enter,1.3971,3934.41128483307,0.0,4.397412804832226,-1,0.0
E01,BTC,BRK24,1788048000000,funding,78196.6,0.0850676473349571,-0.28084747342104405,0.0,1,-0.28084747342104405
E01,SOL,BRK24,1788048000000,funding,105.56,31.61013821744047,0.21915880337450447,0.0,1,0.21915880337450447
E02,BTR,BRK24,1788048000000,funding,0.1962,2368.4112538910385,0.10338251543722607,0.0,-1,0.10338251543722607
E02,HYPE,BRK24,1788048000000,funding,83.34,31.691079663343416,-0.030214579585396386,0.0,1,-0.030214579585396386
E03,ETH,BRK48,1788048000000,funding,2456.38,1.4634457884574559,0.0415196970555805,0.0,-1,0.0415196970555805
E05,SOL,BRK96,1788048000000,funding,105.56,25.376456242240955,0.1759395591907451,0.0,1,0.1759395591907451
E05,BTC,BRK96,1788048000000,funding,78196.6,0.05619285023151935,0.18551847272452018,0.0,-1,0.18551847272452018
E06,BTR,BRK96,1788048000000,funding,0.1962,3516.0591351227226,-0.15347800649816867,0.0,1,-0.15347800649816867
E07,BTC,MR,1788048000000,funding,78196.6,0.12590031012244815,0.41565489476379786,0.0,-1,0.41565489476379786
E07,ETH,MR,1788048000000,funding,2456.38,3.2938667577012604,0.09345091632355967,0.0,-1,0.09345091632355967
E08,HYPE,MR,1788048000000,funding,83.34,47.49916333574676,0.04528615831626899,0.0,-1,0.04528615831626899
E08,XRP,MR,1788048000000,funding,1.3956,3934.41128483307,0.27075452302716363,0.0,-1,0.27075452302716363
E09,ETH,RSIDIV,1788048000000,funding,2456.38,2.160416820933542,0.061293593945484684,0.0,-1,0.061293593945484684
E03,ETH,BRK48,1788051600000,exit,2460.68,1.4634457884574559,-37.02517844797323,2.880857426193194,-1,0.0
E10,BTR,RSIDIV,1788051600000,enter,0.1962,5209.157170595555,0.0,0.8176293094966783,-1,0.0
E02,BTR,BRK24,1788062400000,funding,0.17287,2368.4112538910385,0.02047136267300719,0.0,-1,0.02047136267300719
E06,BTR,BRK96,1788062400000,funding,0.17287,3516.0591351227226,-0.030391057134433252,0.0,1,-0.030391057134433252
E10,BTR,RSIDIV,1788062400000,funding,0.17287,5209.157170595555,0.04502535000404268,0.0,-1,0.04502535000404268
E02,HYPE,BRK24,1788066000000,exit,82.51,31.691079663343416,-20.916112577806548,2.0918647864179722,1,0.0
E01,BTC,BRK24,1788076800000,funding,78079.3,0.0850676473349571,-0.4460782214665908,0.0,1,-0.4460782214665908
E01,SOL,BRK24,1788076800000,funding,104.77,31.61013821744047,0.022222138954786703,0.0,1,0.022222138954786703
E02,BTR,BRK24,1788076800000,funding,0.18363,2368.4112538910385,0.053933357574034925,0.0,-1,0.053933357574034925
E05,SOL,BRK96,1788076800000,funding,104.77,25.376456242240955,0.017839818760552215,0.0,1,0.017839818760552215
E05,BTC,BRK96,1788076800000,funding,78079.3,0.05619285023151935,0.29466439328825833,0.0,-1,0.29466439328825833
E06,BTR,BRK96,1788076800000,funding,0.18363,3516.0591351227226,-0.08006754497323043,0.0,1,-0.08006754497323043
E07,BTC,MR,1788076800000,funding,78079.3,0.12590031012244815,0.6601967749310886,0.0,-1,0.6601967749310886
E07,ETH,MR,1788076800000,funding,2454.2,3.2938667577012604,0.3345888047075004,0.0,-1,0.3345888047075004
E08,HYPE,MR,1788076800000,funding,82.83,47.49916333574676,0.3354038233482668,0.0,-1,0.3354038233482668
E08,XRP,MR,1788076800000,funding,1.391,3934.41128483307,0.5472766097202801,0.0,-1,0.5472766097202801
E09,ETH,RSIDIV,1788076800000,funding,2454.2,2.160416820933542,0.21945371047449375,0.0,-1,0.21945371047449375
E10,BTR,RSIDIV,1788076800000,funding,0.18363,5209.157170595555,0.11862269944863361,0.0,-1,0.11862269944863361
E01,SOL,BRK24,1788080400000,exit,104.6,31.61013821744047,-26.868617484824668,2.6451363660354184,1,0.0
E02,HYPE,BRK24,1788080400000,enter,83.55,41.56758669734497,0.0,2.778377494850538,1,0.0
E08,XRP,MR,1788080400000,exit_signal,1.391,3934.41128483307,23.999908837481705,4.378212877762241,-1,0.0
E07,BTC,MR,1788087600000,exit_signal,77958.0,0.12590031012244815,3.827369427721691,7.851949101220651,-1,0.0
E02,BTR,BRK24,1788091200000,funding,0.17989,2368.4112538910385,0.1496555525724433,0.0,-1,0.1496555525724433
E06,BTR,BRK96,1788091200000,funding,0.17989,3516.0591351227226,-0.222173312122079,0.0,1,-0.222173312122079
E10,BTR,RSIDIV,1788091200000,funding,0.17989,5209.157170595555,0.3291570640535592,0.0,-1,0.3291570640535592
E01,ETH,BRK24,1788094800000,enter,2467.0,3.0714322784408963,0.0,6.061778744730953,1,0.0
E07,BTC,MR,1788098400000,enter,78752.7,0.16824323063304472,0.0,10.599686935259985,-1,0.0
E08,XRP,MR,1788098400000,enter,1.4019,4950.249834927775,0.0,5.551804194868198,-1,0.0
E01,BTC,BRK24,1788105600000,funding,78791.6,0.0850676473349571,-0.46945122756466073,0.0,1,-0.46945122756466073
E01,ETH,BRK24,1788105600000,funding,2479.79,3.0714322784408963,-0.26970051463182276,0.0,1,-0.26970051463182276
E02,BTR,BRK24,1788105600000,funding,0.16343,2368.4112538910385,0.0541742403932288,0.0,-1,0.0541742403932288
E02,HYPE,BRK24,1788105600000,funding,83.12,41.56758669734497,-0.24652122847831448,0.0,1,-0.24652122847831448
E05,SOL,BRK96,1788105600000,funding,106.22,25.376456242240955,-0.015606870784074328,0.0,1,-0.015606870784074328
E05,BTC,BRK96,1788105600000,funding,78791.6,0.05619285023151935,0.3101038214642567,0.0,-1,0.3101038214642567
E06,BTR,BRK96,1788105600000,funding,0.16343,3516.0591351227226,-0.0804251510416568,0.0,1,-0.0804251510416568
E07,ETH,MR,1788105600000,funding,2479.79,3.2938667577012604,0.2892323447651031,0.0,-1,0.2892323447651031
E07,BTC,MR,1788105600000,funding,78791.6,0.16824323063304472,0.9284609792854924,0.0,-1,0.9284609792854924
E08,HYPE,MR,1788105600000,funding,83.12,47.49916333574676,0.2816991080689398,0.0,-1,0.2816991080689398
E08,XRP,MR,1788105600000,funding,1.3976,4950.249834927775,0.625844721054431,0.0,-1,0.625844721054431
E09,ETH,RSIDIV,1788105600000,funding,2479.79,2.160416820933542,0.18970482680503453,0.0,-1,0.18970482680503453
E10,BTR,RSIDIV,1788105600000,funding,0.16343,5209.157170595555,0.11915250459240478,0.0,-1,0.11915250459240478
E03,BTC,BRK48,1788109200000,enter,78939.8,0.11109602230332699,0.0,7.015918225136137,1,0.0
E03,ETH,BRK48,1788109200000,enter,2483.31,2.934584452764346,0.0,5.829986333915382,1,0.0
E04,XRP,BRK48,1788109200000,enter,1.4118,3209.4700835771773,0.0,3.624903891195407,1,0.0
E05,BTC,BRK96,1788109200000,exit,78939.8,0.05619285023151935,-77.90576756097892,3.548681886964873,-1,0.0
E07,ETH,MR,1788109200000,stop,2510.4123168739097,3.2938667577012604,-199.25363164730206,6.6151709429398196,-1,0.0
E08,HYPE,MR,1788109200000,exit_signal,83.12,47.49916333574676,-10.449815933864233,3.1585043651738167,-1,0.0
E02,HYPE,BRK24,1788112800000,exit,82.6,41.56758669734497,-39.48920736247784,2.7467861289605557,1,0.0
E07,SOL,MR,1788112800000,enter,106.85,58.08851385969534,0.0,4.965406164726758,-1,0.0
E02,XRP,BRK24,1788116400000,enter,1.425,2956.1142402296828,0.0,3.3699702338618387,1,0.0
E02,BTR,BRK24,1788120000000,funding,0.16155,2368.4112538910385,0.13619628967800798,0.0,-1,0.13619628967800798
E06,BTR,BRK96,1788120000000,funding,0.16155,3516.0591351227226,-0.20219216899321985,0.0,1,-0.20219216899321985
E08,BTR,MR,1788120000000,enter,0.15666,4130.048628857305,0.0,0.5176107345574282,1,0.0
E08,BTR,MR,1788120000000,funding,0.16155,4130.048628857305,-0.23749984235887586,0.0,1,-0.23749984235887586
E10,BTR,RSIDIV,1788120000000,funding,0.16155,5209.157170595555,0.299554343790221,0.0,-1,0.299554343790221
E07,SOL,MR,1788127200000,exit_signal,104.69,58.08851385969534,125.47118993694174,4.865029212777204,-1,0.0
E08,XRP,MR,1788127200000,exit_signal,1.3951,4950.249834927775,33.66169887750846,5.524874835766192,-1,0.0
E08,HYPE,MR,1788127200000,enter,81.67,61.63293792309981,0.0,4.026849632143649,1,0.0
E02,XRP,BRK24,1788130800000,exit,1.382,2956.1142402296828,-127.1129123298768,3.268279903997937,1,0.0
E02,HYPE,BRK24,1788130800000,enter,81.28,39.97378569590696,0.0,2.5992554410906545,-1,0.0
E01,BTC,BRK24,1788134400000,exit,78080.7,0.0850676473349571,-4.4830650145519915,5.3137131610132675,1,0.0
E01,ETH,BRK24,1788134400000,exit,2455.56,3.0714322784408963,-35.13718526536402,6.033668996518662,1,0.0
E01,SOL,BRK24,1788134400000,enter,103.2,33.838372076990716,0.0,2.7936959986763537,-1,0.0
E01,SOL,BRK24,1788134400000,funding,101.7,33.838372076990716,-0.39489634001638746,0.0,-1,-0.39489634001638746
E02,BTR,BRK24,1788134400000,funding,0.1617,2368.4112538910385,0.086333400447585,0.0,-1,0.086333400447585
E02,HYPE,BRK24,1788134400000,funding,79.98,39.97378569590696,-0.05198490095812747,0.0,-1,-0.05198490095812747
E03,BTC,BRK48,1788134400000,exit,77921.8,0.11109602230332699,-113.09575070478688,6.925441624572309,1,0.0
E03,ETH,BRK48,1788134400000,exit,2450.38,2.934584452764346,-96.63586602952944,5.7526776410917595,1,0.0
E03,SOL,BRK48,1788134400000,enter,102.97,33.3530865819252,0.0,2.74749386027267,-1,0.0
E03,SOL,BRK48,1788134400000,funding,101.7,33.3530865819252,-0.3892330218925607,0.0,-1,-0.3892330218925607
E04,XRP,BRK48,1788134400000,exit,1.3785,3209.4700835771773,-106.87535378311964,3.5394036081689113,1,0.0
E04,HYPE,BRK48,1788134400000,enter,80.06,38.23261133506511,0.0,2.44872229078825,-1,0.0
E04,HYPE,BRK48,1788134400000,funding,79.98,38.23261133506511,-0.04972054757944653,0.0,-1,-0.04972054757944653
E05,SOL,BRK96,1788134400000,exit,102.97,25.376456242240955,-6.0903494981377,2.090410959410841,1,0.0
E05,ETH,BRK96,1788134400000,enter,2404.61,1.9974798557010485,0.0,3.8425280286538386,-1,0.0
E05,ETH,BRK96,1788134400000,funding,2415.47,1.9974798557010485,0.2720734418949614,0.0,-1,0.2720734418949614
E06,XRP,BRK96,1788134400000,enter,1.3621,2521.2823239363047,0.0,2.747390922746913,-1,0.0
E06,BTR,BRK96,1788134400000,funding,0.1617,3516.0591351227226,-0.12816749659132667,0.0,1,-0.12816749659132667
E06,XRP,BRK96,1788134400000,funding,1.3565,2521.2823239363047,-0.03868155123306565,0.0,-1,-0.03868155123306565
E07,BTC,MR,1788134400000,exit_signal,78394.5,0.16824323063304472,60.26472521275613,10.551475155089781,-1,0.0
E07,SOL,MR,1788134400000,enter,103.74,51.20323452798752,0.0,4.24945883994674,1,0.0
E07,SOL,MR,1788134400000,funding,101.7,51.20323452798752,0.5975455871842039,0.0,1,0.5975455871842039
E08,BTR,MR,1788134400000,funding,0.1617,4130.048628857305,-0.15054866065061398,0.0,1,-0.15054866065061398
E08,HYPE,MR,1788134400000,funding,79.98,61.63293792309981,0.08015208261895565,0.0,1,0.08015208261895565
E09,ETH,RSIDIV,1788134400000,funding,2415.47,2.160416820933542,0.2942668176209787,0.0,-1,0.2942668176209787
E10,BTR,RSIDIV,1788134400000,funding,0.1617,5209.157170595555,0.18988435866642145,0.0,-1,0.18988435866642145
E07,ETH,MR,1788138000000,enter,2415.47,2.5952231190279367,0.0,5.014946869854728,1,0.0
E08,XRP,MR,1788138000000,enter,1.3565,3387.899202874906,0.0,3.676548214959849,1,0.0
E10,HYPE,RSIDIV,1788138000000,enter,79.98,39.28689430845833,0.0,2.513732645432398,-1,0.0
E02,BTR,BRK24,1788148800000,funding,0.16077,2368.4112538910385,0.15082659764857434,0.0,-1,0.15082659764857434
E06,BTR,BRK96,1788148800000,funding,0.16077,3516.0591351227226,-0.22391180400384422,0.0,1,-0.22391180400384422
E08,BTR,MR,1788148800000,funding,0.16077,4130.048628857305,-0.2630122542232967,0.0,1,-0.2630122542232967
E10,BTR,RSIDIV,1788148800000,funding,0.16077,5209.157170595555,0.3317326969152072,0.0,-1,0.3317326969152072
E04,BTR,BRK48,1788152400000,enter,0.15076,3143.499935197397,0.0,0.3791312401842877,-1,0.0
E06,BTR,BRK96,1788152400000,exit,0.15076,3516.0591351227226,-102.00087550991022,0.4240648601688814,1,0.0
E06,BTR,BRK96,1788159600000,enter,0.13853,3095.1426915903635,0.0,0.34301609365281044,-1,0.0
E08,BTR,MR,1788159600000,stop,0.10828459215182781,4130.048628857305,-199.7927868537564,0.35777650507442316,1,0.0
E10,BTR,RSIDIV,1788159600000,target,0.11941214605351047,5209.157170595555,400.00000000000017,0.49762930949667816,-1,0.0
E01,SOL,BRK24,1788163200000,funding,102.91,33.838372076990716,-0.2441097116180623,0.0,-1,-0.2441097116180623
E02,BTR,BRK24,1788163200000,funding,0.09472,2368.4112538910385,0.01121679569842796,0.0,-1,0.01121679569842796
E02,HYPE,BRK24,1788163200000,funding,81.15,39.97378569590696,0.324387270922285,0.0,-1,0.324387270922285
E03,SOL,BRK48,1788163200000,funding,102.91,33.3530865819252,-0.2406088664242291,0.0,-1,-0.2406088664242291
E04,HYPE,BRK48,1788163200000,funding,81.15,38.23261133506511,0.3102576409840534,0.0,-1,0.3102576409840534
E04,BTR,BRK48,1788163200000,funding,0.09472,3143.499935197397,0.014887615693094871,0.0,-1,0.014887615693094871
E05,ETH,BRK96,1788163200000,funding,2439.25,1.9974798557010485,0.2642764125101388,0.0,-1,0.2642764125101388
E06,XRP,BRK96,1788163200000,funding,1.372,2521.2823239363047,0.07492625788722361,0.0,-1,0.07492625788722361
E06,BTR,BRK96,1788163200000,funding,0.09472,3095.1426915903635,0.014658595787371961,0.0,-1,0.014658595787371961
E07,SOL,MR,1788163200000,funding,102.91,51.20323452798752,0.36937967305579117,0.0,1,0.36937967305579117
E07,ETH,MR,1788163200000,funding,2439.25,2.5952231190279367,-0.3433607871451417,0.0,1,-0.3433607871451417
E08,HYPE,MR,1788163200000,funding,81.15,61.63293792309981,-0.500151291245955,0.0,1,-0.500151291245955
E08,XRP,MR,1788163200000,funding,1.372,3387.899202874906,-0.10067996231941909,0.0,1,-0.10067996231941909
E09,ETH,RSIDIV,1788163200000,funding,2439.25,2.160416820933542,0.2858337746602666,0.0,-1,0.2858337746602666
E10,HYPE,RSIDIV,1788163200000,funding,81.15,39.28689430845833,0.31881314731313937,0.0,-1,0.31881314731313937
E02,HYPE,BRK24,1788174000000,exit,82.08,39.97378569590696,-31.979028556725456,2.6248386639360346,-1,0.0
E01,SOL,BRK24,1788177600000,exit,104.09,33.838372076990716,-30.116151148521755,2.8177889195951713,-1,0.0
E02,BTR,BRK24,1788177600000,funding,0.10041,2368.4112538910385,0.01189060870015996,0.0,-1,0.01189060870015996
E04,BTR,BRK48,1788177600000,funding,0.10041,3143.499935197397,0.01578194142465853,0.0,-1,0.01578194142465853
E06,BTR,BRK96,1788177600000,funding,0.10041,3095.1426915903635,0.01553916388312942,0.0,-1,0.01553916388312942
E02,BTR,BRK24,1788192000000,funding,0.09983,2368.4112538910385,0.01182192477379712,0.0,-1,0.01182192477379712
E03,SOL,BRK48,1788192000000,funding,102.82,33.3530865819252,-0.20082357705942383,0.0,-1,-0.20082357705942383
E04,HYPE,BRK48,1788192000000,funding,82.12,38.23261133506511,0.2764472428716699,0.0,-1,0.2764472428716699
E04,BTR,BRK48,1788192000000,funding,0.09983,3143.499935197397,0.015690779926537807,0.0,-1,0.015690779926537807
E05,ETH,BRK96,1788192000000,funding,2466.57,1.9974798557010485,0.3495652498306502,0.0,-1,0.3495652498306502
E06,XRP,BRK96,1788192000000,funding,1.3722,2521.2823239363047,-0.24013802721648364,0.0,-1,-0.24013802721648364
E06,BTR,BRK96,1788192000000,funding,0.09983,3095.1426915903635,0.0154494047450733,0.0,-1,0.0154494047450733
E07,ETH,MR,1788192000000,exit_signal,2466.47,2.5952231190279367,132.35637907042477,5.120831973111068,1,0.0
E07,SOL,MR,1788192000000,funding,102.82,51.20323452798752,0.3083018025832591,0.0,1,0.3083018025832591
E08,HYPE,MR,1788192000000,exit_signal,81.57,61.63293792309981,-6.1632937923105064,4.021918997109801,1,0.0
E08,XRP,MR,1788192000000,funding,1.3722,3387.899202874906,0.32267843361409715,0.0,1,0.32267843361409715
E09,ETH,RSIDIV,1788192000000,funding,2466.57,2.160416820933542,0.3780797306128129,0.0,-1,0.3780797306128129
E10,HYPE,RSIDIV,1788192000000,funding,82.12,39.28689430845833,0.28407041092176316,0.0,-1,0.28407041092176316
E02,HYPE,BRK24,1788195600000,enter,84.02,37.42488006679845,0.0,2.5155507385699245,1,0.0
E04,HYPE,BRK48,1788195600000,exit,84.02,38.23261133506511,-151.4011408868576,2.5698432034977365,-1,0.0
E08,HYPE,MR,1788199200000,enter,83.75,50.35914103098092,0.0,3.374062449075722,-1,0.0
E01,BTC,BRK24,1788202800000,enter,79154.5,0.06715723568436587,0.0,4.2526379295825105,1,0.0
E07,SOL,MR,1788202800000,exit_signal,103.58,51.20323452798752,-8.192517524477829,4.242904825927158,1,0.0
E08,XRP,MR,1788202800000,exit_signal,1.3843,3387.899202874906,94.18359783992256,3.7518950932317865,1,0.0
E02,BTR,BRK24,1788206400000,funding,0.09841,2368.4112538910385,0.011653767574770857,0.0,-1,0.011653767574770857
E04,BTR,BRK48,1788206400000,funding,0.09841,3143.499935197397,0.01546759143113879,0.0,-1,0.01546759143113879
E06,BTR,BRK96,1788206400000,funding,0.09841,3095.1426915903635,0.015229649613970383,0.0,-1,0.015229649613970383
E04,HYPE,BRK48,1788213600000,enter,85.0,32.78505923471036,0.0,2.2293840279603048,1,0.0
E10,HYPE,RSIDIV,1788213600000,stop,85.07090063902457,39.28689430845833,-200.00567534022116,2.673737185704575,-1,0.0
E01,BTC,BRK24,1788220800000,funding,78541.8,0.06715723568436587,-0.11493462728436359,0.0,1,-0.11493462728436359
E02,BTR,BRK24,1788220800000,funding,0.09517,2368.4112538910385,0.011270084951640509,0.0,-1,0.011270084951640509
E02,HYPE,BRK24,1788220800000,funding,84.16,37.42488006679845,-0.3149677906421758,0.0,1,-0.3149677906421758
E03,SOL,BRK48,1788220800000,funding,102.99,33.3530865819252,-0.15090106062409386,0.0,-1,-0.15090106062409386
E04,BTR,BRK48,1788220800000,funding,0.09517,3143.499935197397,0.014958344441636814,0.0,-1,0.014958344441636814
E04,HYPE,BRK48,1788220800000,funding,84.16,32.78505923471036,-0.2759190585193224,0.0,1,-0.2759190585193224
E05,ETH,BRK96,1788220800000,funding,2466.53,1.9974798557010485,0.19968498685318792,0.0,-1,0.19968498685318792
E06,XRP,BRK96,1788220800000,funding,1.3792,2521.2823239363047,0.19083710965477158,0.0,-1,0.19083710965477158
E06,BTR,BRK96,1788220800000,funding,0.09517,3095.1426915903635,0.014728236497932746,0.0,-1,0.014728236497932746
E08,HYPE,MR,1788220800000,funding,84.16,50.35914103098092,0.42382253091673544,0.0,-1,0.42382253091673544
E09,ETH,RSIDIV,1788220800000,funding,2466.53,2.160416820933542,0.21597354449119713,0.0,-1,0.21597354449119713
E02,BTR,BRK24,1788224400000,exit,0.10485,2368.4112538910385,112.28637754697415,0.19866233597638033,-1,0.0
E02,BTR,BRK24,1788235200000,enter,0.16469,3015.7884763250413,0.0,0.3973361633327769,1,0.0
E02,BTR,BRK24,1788235200000,funding,0.16608,3015.7884763250413,-0.025043107507403146,0.0,1,-0.025043107507403146
E04,BTR,BRK48,1788235200000,exit,0.16469,3143.499935197397,-43.78895409729974,0.41416240346212746,-1,0.0
E06,BTR,BRK96,1788235200000,funding,0.16608,3095.1426915903635,0.02570206491096638,0.0,-1,0.02570206491096638
E08,BTR,MR,1788238800000,enter,0.16608,4187.574472100138,0.0,0.5563778946611129,-1,0.0
E02,XRP,BRK24,1788242400000,enter,1.3958,2431.152528839889,0.0,2.7147221598037734,1,0.0
E04,BTR,BRK48,1788242400000,enter,0.19139,2627.0808469474728,0.0,0.4022376026378215,1,0.0
E06,BTR,BRK96,1788242400000,exit,0.19139,3095.1426915903635,-163.60924267746668,0.47390348779478375,-1,0.0
E07,BTC,MR,1788246000000,enter,79155.1,0.11170948069248958,0.0,7.073900092129666,-1,0.0
E07,SOL,MR,1788246000000,enter,104.25,51.02512021234789,0.0,4.2554950257098145,-1,0.0
E08,XRP,MR,1788246000000,enter,1.3944,3613.425089275973,0.0,4.030847955589134,-1,0.0
E08,BTR,MR,1788246000000,stop,0.21329516882480992,4187.574472100138,-197.7170356666723,0.7145515231944506,-1,0.0
E01,BTC,BRK24,1788249600000,funding,78606.5,0.06715723568436587,-0.5278995246823106,0.0,1,-0.5278995246823106
E02,HYPE,BRK24,1788249600000,exit,83.33,37.42488006679845,-25.823167246090847,2.4948922047730524,1,0.0
E02,BTR,BRK24,1788249600000,funding,0.20865,3015.7884763250413,-0.03146221327926099,0.0,1,-0.03146221327926099
E02,XRP,BRK24,1788249600000,funding,1.3794,2431.152528839889,-0.33535317982817425,0.0,1,-0.33535317982817425
E03,SOL,BRK48,1788249600000,funding,103.07,33.3530865819252,-0.09078972656391437,0.0,-1,-0.09078972656391437
E04,HYPE,BRK48,1788249600000,funding,83.48,32.78505923471036,0.0010126517956180398,0.0,1,0.0010126517956180398
E04,BTR,BRK48,1788249600000,funding,0.20865,2627.0808469474728,-0.02740702093577951,0.0,1,-0.02740702093577951
E05,ETH,BRK96,1788249600000,funding,2471.54,1.9974798557010485,0.31645217234005557,0.0,-1,0.31645217234005557
E06,XRP,BRK96,1788249600000,funding,1.3794,2521.2823239363047,0.34778568376377383,0.0,-1,0.34778568376377383
E07,BTC,MR,1788249600000,funding,78606.5,0.11170948069248958,0.8781091294054182,0.0,-1,0.8781091294054182
E07,SOL,MR,1788249600000,funding,103.07,51.02512021234789,-0.13889439289497166,0.0,-1,-0.13889439289497166
E08,HYPE,MR,1788249600000,funding,83.48,50.35914103098092,-0.0015554730045085265,0.0,-1,-0.0015554730045085265
E08,XRP,MR,1788249600000,funding,1.3794,3613.425089275973,0.4984358568147277,0.0,-1,0.4984358568147277
E09,ETH,RSIDIV,1788249600000,funding,2471.54,2.160416820933542,0.34226557739400654,0.0,-1,0.34226557739400654
E01,BTC,BRK24,1788253200000,exit,78124.4,0.06715723568436587,-69.17866847846567,4.197294994799738,1,0.0
E01,SOL,BRK24,1788253200000,enter,102.1,33.24961486809311,0.0,2.7158285424258453,-1,0.0
E02,XRP,BRK24,1788253200000,exit,1.3686,2431.152528839889,-66.1273487844447,2.661820280776218,1,0.0
E07,SOL,MR,1788253200000,exit_signal,103.07,51.02512021234789,60.20964185057086,4.207327312229358,-1,0.0
E04,BTR,BRK48,1788256800000,exit,0.11917319481433578,2627.0808469474728,-189.7193857309954,0.2504620940530251,1,0.0
E07,BTC,MR,1788256800000,exit_signal,77838.6,0.11170948069248958,147.06553133166253,6.9562476670643365,-1,0.0
E08,XRP,MR,1788256800000,exit_signal,1.3621,3613.425089275973,116.7136303836139,3.937477051282243,-1,0.0
E08,HYPE,MR,1788256800000,exit_signal,83.03,50.35914103098092,36.25858154230621,3.345055583841877,-1,0.0
E02,BTR,BRK24,1788260400000,exit,0.09922451836116711,3015.7884763250413,-197.43004512346081,0.2393921272340082,1,0.0
E04,BTR,BRK48,1788260400000,enter,0.08228,1764.8156827317305,0.0,0.11616722750013345,-1,0.0
E06,BTR,BRK96,1788260400000,enter,0.08228,1826.6670666513855,0.0,0.12023853299526081,-1,0.0
E07,SOL,MR,1788260400000,enter,101.92,52.55477786923086,0.0,4.285106368345608,1,0.0
E04,BTR,BRK48,1788264000000,funding,0.08754,1764.8156827317305,0.007724598243316785,0.0,-1,0.007724598243316785
E06,BTR,BRK96,1788264000000,funding,0.08754,1826.6670666513855,0.007995321750733116,0.0,-1,0.007995321750733116
E01,BTC,BRK24,1788271200000,enter,77650.3,0.07211660861387778,0.0,4.479901035080156,-1,0.0
E02,XRP,BRK24,1788271200000,enter,1.3583,2337.1133310678206,0.0,2.539600830071537,-1,0.0
E07,ETH,MR,1788274800000,enter,2443.01,2.8468603958389047,0.0,5.563926732510723,1,0.0
E01,SOL,BRK24,1788278400000,funding,101.96,33.24961486809311,-0.3831864766323959,0.0,-1,-0.3831864766323959
E01,BTC,BRK24,1788278400000,funding,77872.3,0.07211660861387778,0.13517438037576676,0.0,-1,0.13517438037576676
E02,XRP,BRK24,1788278400000,funding,1.3772,2337.1133310678206,-0.022080093209689695,0.0,-1,-0.022080093209689695
E03,SOL,BRK48,1788278400000,funding,101.96,33.3530865819252,-0.38437894041315623,0.0,-1,-0.38437894041315623
E04,HYPE,BRK48,1788278400000,funding,83.23,32.78505923471036,-0.1579098967836731,0.0,1,-0.1579098967836731
E04,BTR,BRK48,1788278400000,funding,0.10171,1764.8156827317305,-0.014853575605750817,0.0,-1,-0.014853575605750817
E05,ETH,BRK96,1788278400000,funding,2448.06,1.9974798557010485,0.25295714120387264,0.0,-1,0.25295714120387264
E06,XRP,BRK96,1788278400000,funding,1.3772,2521.2823239363047,-0.02382004671336204,0.0,-1,-0.02382004671336204
E06,BTR,BRK96,1788278400000,funding,0.10171,1826.6670666513855,-0.015374147933139053,0.0,-1,-0.015374147933139053
E07,SOL,MR,1788278400000,funding,101.96,52.55477786923086,0.6056695766793323,0.0,1,0.6056695766793323
E07,ETH,MR,1788278400000,funding,2448.06,2.8468603958389047,-0.36052111618677213,0.0,1,-0.36052111618677213
E09,ETH,RSIDIV,1788278400000,funding,2448.06,2.160416820933542,0.27359117603732075,0.0,-1,0.27359117603732075
E10,XRP,RSIDIV,1788282000000,enter,1.3772,6042.416651390383,0.0,6.6572929698358685,-1,0.0
E02,HYPE,BRK24,1788285600000,enter,81.86,34.74593528816853,0.0,2.2754418101515808,-1,0.0
E04,HYPE,BRK48,1788285600000,exit,81.86,32.78505923471036,-102.94508599699054,2.1470279591627124,1,0.0
E08,XRP,MR,1788285600000,enter,1.3648,3447.8760214880585,0.0,3.7645289553015218,1,0.0
E08,HYPE,MR,1788285600000,enter,82.28,53.50534990013097,0.0,3.521936151826221,1,0.0
E03,BTC,BRK48,1788289200000,enter,76900.0,0.06848083795322613,0.0,4.212941150882472,-1,0.0
E05,BTC,BRK96,1788289200000,enter,76900.0,0.06892472862968743,0.0,4.240249305298371,-1,0.0
E04,BTR,BRK48,1788292800000,funding,0.09304,1764.8156827317305,0.008209922556068009,0.0,-1,0.008209922556068009
E06,BTR,BRK96,1788292800000,funding,0.09304,1826.6670666513855,0.008497655194062245,0.0,-1,0.008497655194062245
E10,BTR,RSIDIV,1788296400000,enter,0.09304,6767.130983869741,0.0,0.5036910933913925,1,0.0
E01,SOL,BRK24,1788307200000,funding,99.93,33.24961486809311,-0.27551281242168774,0.0,-1,-0.27551281242168774
E01,BTC,BRK24,1788307200000,funding,77392.6,0.07211660861387778,0.11391416653217021,0.0,-1,0.11391416653217021
E02,XRP,BRK24,1788307200000,funding,1.351,2337.1133310678206,0.21716873078455118,0.0,-1,0.21716873078455118
E02,HYPE,BRK24,1788307200000,funding,82.75,34.74593528816853,-0.11831555587069817,0.0,-1,-0.11831555587069817
E03,SOL,BRK48,1788307200000,funding,99.93,33.3530865819252,-0.27637019928156764,0.0,-1,-0.27637019928156764
E03,BTC,BRK48,1788307200000,funding,77392.6,0.06848083795322613,0.1081711651283223,0.0,-1,0.1081711651283223
E04,BTR,BRK48,1788307200000,funding,0.09031,1764.8156827317305,0.007969025215375129,0.0,-1,0.007969025215375129
E05,ETH,BRK96,1788307200000,funding,2417.18,1.9974798557010485,0.0699133258180981,0.0,-1,0.0699133258180981
E05,BTC,BRK96,1788307200000,funding,77392.6,0.06892472862968743,0.10887232727962678,0.0,-1,0.10887232727962678
E06,XRP,BRK96,1788307200000,funding,1.351,2521.2823239363047,0.23428204142269804,0.0,-1,0.23428204142269804
E06,BTR,BRK96,1788307200000,funding,0.09031,1826.6670666513855,0.008248315139464332,0.0,-1,0.008248315139464332
E07,SOL,MR,1788307200000,funding,99.93,52.55477786923086,0.43547916913899815,0.0,1,0.43547916913899815
E07,ETH,MR,1788307200000,funding,2417.18,2.8468603958389047,-0.09964229568816903,0.0,1,-0.09964229568816903
E08,XRP,MR,1788307200000,funding,1.351,3447.8760214880585,-0.3203827771359886,0.0,1,-0.3203827771359886
E08,HYPE,MR,1788307200000,funding,82.75,53.50534990013097,0.18219441102930473,0.0,1,0.18219441102930473
E09,ETH,RSIDIV,1788307200000,funding,2417.18,2.160416820933542,0.07561624447612553,0.0,-1,0.07561624447612553
E10,XRP,RSIDIV,1788307200000,funding,1.351,6042.416651390383,0.5614721107488339,0.0,-1,0.5614721107488339
E10,BTR,RSIDIV,1788307200000,funding,0.09031,6767.130983869741,-0.030556979957663818,0.0,1,-0.030556979957663818
E04,XRP,BRK48,1788314400000,enter,1.337,2131.6311338007768,0.0,2.2799926607133107,-1,0.0
E04,BTR,BRK48,1788321600000,funding,0.07108,1764.8156827317305,-0.018060042923952423,0.0,-1,-0.018060042923952423
E06,BTR,BRK96,1788321600000,funding,0.07108,1826.6670666513855,-0.01869299210919866,0.0,-1,-0.01869299210919866
E10,BTR,RSIDIV,1788321600000,funding,0.07108,6767.130983869741,0.0692506742979084,0.0,1,0.0692506742979084
E02,HYPE,BRK24,1788328800000,exit,83.35,34.74593528816853,-51.77144357937093,2.3168589650150775,-1,0.0
E08,HYPE,MR,1788328800000,exit_signal,83.07,53.50534990013097,42.26922642110304,3.555751532963104,1,0.0
E02,BTR,BRK24,1788332400000,enter,0.07002,2242.9953233829324,0.0,0.12564362603461834,-1,0.0
E10,BTR,RSIDIV,1788332400000,stop,0.06292717865783329,6767.130983869741,-203.77740631631033,0.34066916833834426,1,0.0
E01,SOL,BRK24,1788336000000,funding,99.78,33.24961486809311,0.021697408577860684,0.0,-1,0.021697408577860684
E01,BTC,BRK24,1788336000000,funding,77437.0,0.07211660861387778,0.4803781585024501,0.0,-1,0.4803781585024501
E02,XRP,BRK24,1788336000000,funding,1.3448,2337.1133310678206,0.3142950007620005,0.0,-1,0.3142950007620005
E02,BTR,BRK24,1788336000000,funding,0.05574,2242.9953233829324,-0.3023531430444956,0.0,-1,-0.3023531430444956
E03,SOL,BRK48,1788336000000,funding,99.78,33.3530865819252,0.021764930203605006,0.0,-1,0.021764930203605006
E03,BTC,BRK48,1788336000000,funding,77437.0,0.06848083795322613,0.4561598147911933,0.0,-1,0.4561598147911933
E04,BTR,BRK48,1788336000000,funding,0.05574,1764.8156827317305,-0.23789508743307278,0.0,-1,-0.23789508743307278
E04,XRP,BRK48,1788336000000,funding,1.3448,2131.6311338007768,0.28666175487352846,0.0,-1,0.28666175487352846
E05,ETH,BRK96,1788336000000,funding,2416.51,1.9974798557010485,0.19742143888549576,0.0,-1,0.19742143888549576
E05,BTC,BRK96,1788336000000,funding,77437.0,0.06892472862968743,0.45911662862136904,0.0,-1,0.45911662862136904
E06,XRP,BRK96,1788336000000,funding,1.3448,2521.2823239363047,0.3390620469229543,0.0,-1,0.3390620469229543
E06,BTR,BRK96,1788336000000,funding,0.05574,1826.6670666513855,-0.24623258155747174,0.0,-1,-0.24623258155747174
E07,SOL,MR,1788336000000,funding,99.78,52.55477786923086,-0.03429520891207873,0.0,1,-0.03429520891207873
E07,ETH,MR,1788336000000,funding,2416.51,2.8468603958389047,-0.2813701845595807,0.0,1,-0.2813701845595807
E08,XRP,MR,1788336000000,funding,1.3448,3447.8760214880585,-0.4636703673697142,0.0,1,-0.4636703673697142
E09,ETH,RSIDIV,1788336000000,funding,2416.51,2.160416820933542,0.21352535604492326,0.0,-1,0.21352535604492326
E10,XRP,RSIDIV,1788336000000,funding,1.3448,6042.416651390383,0.8125841912789787,0.0,-1,0.8125841912789787
E07,ETH,MR,1788343200000,stop,2371.4117421709702,2.8468603958389047,-203.83024462452826,5.4008625368111005,1,0.0
E08,HYPE,MR,1788343200000,enter,81.47,53.669934810922896,0.0,3.497991671236711,1,0.0
E08,BTR,MR,1788343200000,enter,0.05826,3363.4065974435243,0.0,0.15676165469364778,1,0.0
E07,SOL,MR,1788346800000,exit_timeout,98.59,52.55477786923086,-175.00741030453867,4.145100440101977,1,0.0
E07,BTC,MR,1788346800000,enter,76718.8,0.10354842127517916,0.0,6.355288497700973,1,0.0
E10,XRP,RSIDIV,1788346800000,target,1.3097069541079107,6042.416651390383,407.82110435141544,6.331036086354736,-1,0.0
E02,BTR,BRK24,1788350400000,funding,0.04866,2242.9953233829324,-0.16364310207158825,0.0,-1,-0.16364310207158825
E04,BTR,BRK48,1788350400000,funding,0.04866,1764.8156827317305,-0.12875635980873745,0.0,-1,-0.12875635980873745
E06,BTR,BRK96,1788350400000,funding,0.04866,1826.6670666513855,-0.13326887582984426,0.0,-1,-0.13326887582984426
E07,ETH,MR,1788350400000,enter,2371.36,2.551495745603518,0.0,4.840411961035487,1,0.0
E08,BTR,MR,1788350400000,funding,0.04866,3363.4065974435243,0.2453853930928317,0.0,1,0.2453853930928317
E01,SOL,BRK24,1788364800000,funding,99.27,33.24961486809311,0.005314109721408521,0.0,-1,0.005314109721408521
E01,BTC,BRK24,1788364800000,funding,77262.6,0.07211660861387778,0.32974602939998937,0.0,-1,0.32974602939998937
E02,XRP,BRK24,1788364800000,funding,1.3362,2337.1133310678206,0.3122850832972822,0.0,-1,0.3122850832972822
E02,BTR,BRK24,1788364800000,funding,0.05033,2242.9953233829324,-0.04249968121799864,0.0,-1,-0.04249968121799864
E03,SOL,BRK48,1788364800000,funding,99.27,33.3530865819252,0.00533064705703022,0.0,-1,0.00533064705703022
E03,BTC,BRK48,1788364800000,funding,77262.6,0.06848083795322613,0.3131218292025309,0.0,-1,0.3131218292025309
E04,BTR,BRK48,1788364800000,funding,0.05033,1764.8156827317305,-0.033439260056726476,0.0,-1,-0.033439260056726476
E04,XRP,BRK48,1788364800000,funding,1.3362,2131.6311338007768,0.2848285520984598,0.0,-1,0.2848285520984598
E05,ETH,BRK96,1788364800000,funding,2389.97,1.9974798557010485,0.1321897598119091,0.0,-1,0.1321897598119091
E05,BTC,BRK96,1788364800000,funding,77262.6,0.06892472862968743,0.3151514752281016,0.0,-1,0.3151514752281016
E06,XRP,BRK96,1788364800000,funding,1.3362,2521.2823239363047,0.33689374412436907,0.0,-1,0.33689374412436907
E06,BTR,BRK96,1788364800000,funding,0.05033,1826.6670666513855,-0.0346112036948045,0.0,-1,-0.0346112036948045
E07,BTC,MR,1788364800000,funding,77262.6,0.10354842127517916,-0.47346487060897463,0.0,1,-0.47346487060897463
E07,ETH,MR,1788364800000,funding,2389.97,2.551495745603518,-0.1688535725703539,0.0,1,-0.1688535725703539
E08,XRP,MR,1788364800000,funding,1.3362,3447.8760214880585,-0.46070519399123444,0.0,1,-0.46070519399123444
E08,HYPE,MR,1788364800000,funding,81.66,53.669934810922896,-0.09019569592166204,0.0,1,-0.09019569592166204
E08,BTR,MR,1788364800000,funding,0.05033,3363.4065974435243,0.06372893724195224,0.0,1,0.06372893724195224
E09,ETH,RSIDIV,1788364800000,funding,2389.97,2.160416820933542,0.14297264617598981,0.0,-1,0.14297264617598981
E07,BTC,MR,1788368400000,exit_signal,77262.6,0.10354842127517916,56.30963148944273,6.400336202892527,1,0.0
E08,XRP,MR,1788372000000,exit_timeout,1.3318,3447.8760214880585,-113.77990870910565,3.6735050283342376,1,0.0
E02,BTR,BRK24,1788379200000,funding,0.04888,2242.9953233829324,0.005481880570347887,0.0,-1,0.005481880570347887
E04,BTR,BRK48,1788379200000,funding,0.04888,1764.8156827317305,0.004313209528596349,0.0,-1,0.004313209528596349
E06,BTR,BRK96,1788379200000,funding,0.04888,1826.6670666513855,0.004464374310895986,0.0,-1,0.004464374310895986
E08,BTR,MR,1788379200000,funding,0.04888,3363.4065974435243,-0.008220165724151974,0.0,1,-0.008220165724151974
E02,XRP,BRK24,1788382800000,exit,1.3484,2337.1133310678206,23.13742197757147,2.5210908924894797,-1,0.0
E01,SOL,BRK24,1788393600000,exit,99.98,33.24961486809311,70.48918352035707,2.6594371956095597,-1,0.0
E01,BTC,BRK24,1788393600000,funding,77298.1,0.07211660861387778,0.3816844281595736,0.0,-1,0.3816844281595736
E02,BTR,BRK24,1788393600000,funding,0.04536,2242.9953233829324,-0.013586662451179494,0.0,-1,-0.013586662451179494
E03,SOL,BRK48,1788393600000,funding,100.4,33.3530865819252,-0.02863095658365623,0.0,-1,-0.02863095658365623
E03,BTC,BRK48,1788393600000,funding,77298.1,0.06848083795322613,0.36244174506336463,0.0,-1,0.36244174506336463
E04,BTR,BRK48,1788393600000,funding,0.04536,1764.8156827317305,-0.010690149337297705,0.0,-1,-0.010690149337297705
E04,XRP,BRK48,1788393600000,funding,1.3504,2131.6311338007768,0.28785546830845693,0.0,-1,0.28785546830845693
E05,ETH,BRK96,1788393600000,funding,2390.64,1.9974798557010485,0.4700761260454317,0.0,-1,0.4700761260454317
E05,BTC,BRK96,1788393600000,funding,77298.1,0.06892472862968743,0.36479108126021265,0.0,-1,0.36479108126021265
E06,XRP,BRK96,1788393600000,funding,1.3504,2521.2823239363047,0.3404739650243586,0.0,-1,0.3404739650243586
E06,BTR,BRK96,1788393600000,funding,0.04536,1826.6670666513855,-0.011064806326857196,0.0,-1,-0.011064806326857196
E07,ETH,MR,1788393600000,funding,2390.64,2.551495745603518,-0.6004552347756988,0.0,1,-0.6004552347756988
E08,HYPE,MR,1788393600000,funding,81.88,53.669934810922896,0.16105821471396817,0.0,1,0.16105821471396817
E08,BTR,MR,1788393600000,funding,0.04536,3363.4065974435243,0.02037341302014551,0.0,1,0.02037341302014551
E09,ETH,RSIDIV,1788393600000,funding,2390.64,2.160416820933542,0.5084208318443336,0.0,-1,0.5084208318443336
E02,XRP,BRK24,1788400800000,enter,1.3574,2421.74347057378,0.0,2.6298196695654794,1,0.0
E04,XRP,BRK48,1788400800000,exit,1.3574,2131.6311338007768,-43.485275129535786,2.3147808808169392,-1,0.0
E01,BTC,BRK24,1788404400000,exit,77548.1,0.07211660861387778,7.3703174003381,4.474004781159885,-1,0.0
E01,SOL,BRK24,1788404400000,enter,100.67,33.53342525392232,0.0,2.700647936249888,1,0.0
E03,BTC,BRK48,1788404400000,exit,77777.9,0.06848083795322613,-60.11932763913682,4.261036612993781,-1,0.0
E03,SOL,BRK48,1788404400000,exit,100.67,33.3530865819252,76.71209913842786,2.686124180961928,-1,0.0
E02,BTR,BRK24,1788408000000,funding,0.04431,2242.9953233829324,-0.06607951632213871,0.0,-1,-0.06607951632213871
E04,BTR,BRK48,1788408000000,funding,0.04431,1764.8156827317305,-0.05199215776194835,0.0,-1,-0.05199215776194835
E06,BTR,BRK96,1788408000000,funding,0.04431,1826.6670666513855,-0.053814323635705694,0.0,-1,-0.053814323635705694
E07,ETH,MR,1788408000000,exit_signal,2404.95,2.551495745603518,85.70474209482138,4.908975754711344,1,0.0
E07,BTC,MR,1788408000000,enter,77782.8,0.10697095313029803,0.0,6.656400202514677,-1,0.0
E07,SOL,MR,1788408000000,enter,101.05,50.04608002095026,0.0,4.045725108893619,-1,0.0
E08,HYPE,MR,1788408000000,exit_signal,82.27,53.669934810922896,42.93594784873817,3.532340429515701,1,0.0
E08,XRP,MR,1788408000000,enter,1.3691,3504.9145007257443,0.0,3.838862754354893,-1,0.0
E08,BTR,MR,1788408000000,funding,0.04431,3363.4065974435243,0.09908726908023725,0.0,1,0.09908726908023725
E01,BTC,BRK24,1788422400000,enter,77884.9,0.0726384328471677,0.0,4.525949662766697,1,0.0
E01,SOL,BRK24,1788422400000,funding,100.33,33.53342525392232,-0.0442756165933545,0.0,1,-0.0442756165933545
E01,BTC,BRK24,1788422400000,funding,77630.8,0.0726384328471677,-0.5293874097928386,0.0,1,-0.5293874097928386
E02,BTR,BRK24,1788422400000,funding,0.0446,2242.9953233829324,-0.03944882380169803,0.0,-1,-0.03944882380169803
E02,XRP,BRK24,1788422400000,funding,1.365,2421.74347057378,-0.330567983733321,0.0,1,-0.330567983733321
E04,BTR,BRK48,1788422400000,funding,0.0446,1764.8156827317305,-0.031038808768248008,0.0,-1,-0.031038808768248008
E05,ETH,BRK96,1788422400000,funding,2397.2,1.9974798557010485,0.29400522479931435,0.0,-1,0.29400522479931435
E05,BTC,BRK96,1788422400000,funding,77630.8,0.06892472862968743,0.502322009571924,0.0,-1,0.502322009571924
E06,XRP,BRK96,1788422400000,funding,1.365,2521.2823239363047,0.3441550372173056,0.0,-1,0.3441550372173056
E06,BTR,BRK96,1788422400000,funding,0.0446,1826.6670666513855,-0.03212662394142351,0.0,-1,-0.03212662394142351
E07,BTC,MR,1788422400000,funding,77630.8,0.10697095313029803,0.7796021139369567,0.0,-1,0.7796021139369567
E07,SOL,MR,1788422400000,funding,100.33,50.04608002095026,0.06607798142388552,0.0,-1,0.06607798142388552
E08,BTR,MR,1788422400000,funding,0.0446,3363.4065974435243,0.05915412879056023,0.0,1,0.05915412879056023
E08,XRP,MR,1788422400000,funding,1.365,3504.9145007257443,0.4784208293490641,0.0,-1,0.4784208293490641
E09,ETH,RSIDIV,1788422400000,funding,2397.2,2.160416820933542,0.31798760387291186,0.0,-1,0.31798760387291186
E02,BTR,BRK24,1788426000000,exit,0.05156,2242.9953233829324,41.405693669648926,0.0925190710988992,-1,0.0
E08,BTR,MR,1788429600000,exit_signal,0.05175,3363.4065974435243,-21.89577694935735,0.1392450331341619,1,0.0
E04,BTR,BRK48,1788436800000,funding,0.04918,1764.8156827317305,-0.04673316497841138,0.0,-1,-0.04673316497841138
E06,BTR,BRK96,1788436800000,funding,0.04918,1826.6670666513855,-0.04837101926378702,0.0,-1,-0.04837101926378702
E08,BTR,MR,1788436800000,enter,0.05342,6351.503044041221,0.0,0.27143783409014566,-1,0.0
E08,BTR,MR,1788436800000,funding,0.04918,6351.503044041221,-0.16819084424647024,0.0,-1,-0.16819084424647024
E02,HYPE,BRK24,1788440400000,enter,82.65,40.25778939469375,0.0,2.6618450347771514,1,0.0
E03,BTC,BRK48,1788440400000,enter,78398.4,0.0734460720197103,0.0,4.606443626104046,1,0.0
E04,XRP,BRK48,1788440400000,enter,1.3836,2306.9644108159805,0.0,2.5535327670439925,1,0.0
E05,BTC,BRK96,1788440400000,exit,78398.4,0.06892472862968743,-103.27681337872325,4.3228707560013495,-1,0.0
E06,XRP,BRK96,1788440400000,exit,1.3836,2521.2823239363047,-54.20756996463018,2.790756978718617,-1,0.0
E03,ETH,BRK48,1788447600000,enter,2457.16,1.7548819975758063,0.0,3.4496206793306943,1,0.0
E05,ETH,BRK96,1788447600000,exit,2457.16,1.9974798557010485,-104.96756641708956,3.9265020817875107,-1,0.0
E05,BTC,BRK96,1788447600000,enter,79367.5,0.0685449615457819,0.0,4.352193788387876,1,0.0
E06,XRP,BRK96,1788447600000,enter,1.433,2309.502208378926,0.0,2.647613331685601,1,0.0
E07,BTC,MR,1788447600000,stop,79636.7792913577,0.10697095313029803,-198.32193188036732,6.815057748018971,-1,0.0
E08,XRP,MR,1788447600000,stop,1.424896348494374,3504.9145007257443,-195.56143092547842,3.995311899095276,-1,0.0
E01,SOL,BRK24,1788451200000,funding,105.12,33.53342525392232,-0.17970621612405419,0.0,1,-0.17970621612405419
E01,BTC,BRK24,1788451200000,funding,81321.4,0.0726384328471677,-0.49820136052476244,0.0,1,-0.49820136052476244
E02,XRP,BRK24,1788451200000,funding,1.4642,2421.74347057378,-0.3198771535910906,0.0,1,-0.3198771535910906
E02,HYPE,BRK24,1788451200000,funding,84.51,40.25778939469375,-0.18725630542727614,0.0,1,-0.18725630542727614
E03,BTC,BRK48,1788451200000,funding,81321.4,0.0734460720197103,-0.503740672412457,0.0,1,-0.503740672412457
E03,ETH,BRK48,1788451200000,funding,2516.41,1.7548819975758063,-0.44160026075197345,0.0,1,-0.44160026075197345
E04,BTR,BRK48,1788451200000,funding,0.04812,1764.8156827317305,0.000714201846792158,0.0,-1,0.000714201846792158
E04,XRP,BRK48,1788451200000,funding,1.4642,2306.9644108159805,-0.30471650615947476,0.0,1,-0.30471650615947476
E05,BTC,BRK96,1788451200000,funding,81321.4,0.0685449615457819,-0.470125686371517,0.0,1,-0.470125686371517
E06,BTR,BRK96,1788451200000,funding,0.04812,1826.6670666513855,0.000739232433869496,0.0,-1,0.000739232433869496
E06,XRP,BRK96,1788451200000,funding,1.4642,2309.502208378926,-0.30505171237379486,0.0,1,-0.30505171237379486
E07,ETH,MR,1788451200000,enter,2488.56,2.3843375763609296,0.0,4.746853695223004,-1,0.0
E07,SOL,MR,1788451200000,stop,105.01012642335526,50.04608002095026,-198.188803876317,4.204276151994673,-1,0.0
E07,ETH,MR,1788451200000,funding,2516.41,2.3843375763609296,0.5999970920530406,0.0,-1,0.5999970920530406
E08,HYPE,MR,1788451200000,enter,83.9,58.01351418531757,0.0,3.8938670721185153,-1,0.0
E08,BTR,MR,1788451200000,funding,0.04812,6351.503044041221,0.002570384685690607,0.0,-1,0.002570384685690607
E08,HYPE,MR,1788451200000,funding,84.51,58.01351418531757,0.2698458234924174,0.0,-1,0.2698458234924174
E09,ETH,RSIDIV,1788451200000,funding,2516.41,2.160416820933542,0.5436494492365375,0.0,-1,0.5436494492365375
E07,BTC,MR,1788454800000,enter,81321.4,0.08715845639088038,0.0,5.670278156436272,-1,0.0
E04,BTR,BRK48,1788465600000,funding,0.04904,1764.8156827317305,0.004327328054058203,0.0,-1,0.004327328054058203
E05,ETH,BRK96,1788465600000,enter,2519.07,1.5020709850661134,0.0,3.027057565080396,1,0.0
E06,BTR,BRK96,1788465600000,funding,0.04904,1826.6670666513855,0.004478987647429197,0.0,-1,0.004478987647429197
E08,BTR,MR,1788465600000,funding,0.04904,6351.503044041221,0.015573885463989074,0.0,-1,0.015573885463989074
E09,ETH,RSIDIV,1788469200000,exit_timeout,2517.2,2.160416820933542,-43.856461464950314,4.35056097732313,-1,0.0
E01,SOL,BRK24,1788480000000,funding,103.87,33.53342525392232,-0.14482799991717382,0.0,1,-0.14482799991717382
E01,BTC,BRK24,1788480000000,funding,81224.6,0.0726384328471677,-0.43377003302195,0.0,1,-0.43377003302195
E02,XRP,BRK24,1788480000000,funding,1.4506,2421.74347057378,-0.35129810784143256,0.0,1,-0.35129810784143256
E02,HYPE,BRK24,1788480000000,funding,87.46,40.25778939469375,-0.35209462604599157,0.0,1,-0.35209462604599157
E03,BTC,BRK48,1788480000000,funding,81224.6,0.0734460720197103,-0.4385929574272813,0.0,1,-0.4385929574272813
E03,ETH,BRK48,1788480000000,funding,2506.26,1.7548819975758063,-0.43981905552443407,0.0,1,-0.43981905552443407
E04,BTR,BRK48,1788480000000,funding,0.04837,1764.8156827317305,0.00426820672868669,0.0,-1,0.00426820672868669
E04,XRP,BRK48,1788480000000,funding,1.4506,2306.9644108159805,-0.3346482574329661,0.0,1,-0.3346482574329661
E05,BTC,BRK96,1788480000000,funding,81224.6,0.0685449615457819,-0.4093253263841779,0.0,1,-0.4093253263841779
E05,ETH,BRK96,1788480000000,funding,2506.26,1.5020709850661134,-0.3764580427031798,0.0,1,-0.3764580427031798
E06,BTR,BRK96,1788480000000,funding,0.04837,1826.6670666513855,0.004417794300696377,0.0,-1,0.004417794300696377
E06,XRP,BRK96,1788480000000,funding,1.4506,2309.502208378926,-0.33501639034744696,0.0,1,-0.33501639034744696
E07,ETH,MR,1788480000000,funding,2506.26,2.3843375763609296,0.5975769894130344,0.0,-1,0.5975769894130344
E07,BTC,MR,1788480000000,funding,81224.6,0.08715845639088038,0.520478278852192,0.0,-1,0.520478278852192
E08,BTR,MR,1788480000000,exit_signal,0.04631,6351.503044041221,45.15918664313312,0.23531048477563915,-1,0.0
E08,HYPE,MR,1788480000000,stop,87.19331469965634,58.01351418531757,-191.05675904522766,4.046712479354698,-1,0.0
E08,HYPE,MR,1788490800000,enter,87.22,47.599159656413974,0.0,3.3212789641859417,-1,0.0
E04,BTR,BRK48,1788494400000,funding,0.05057,1764.8156827317305,0.0044623364537871805,0.0,-1,0.0044623364537871805
E06,BTR,BRK96,1788494400000,funding,0.05057,1826.6670666513855,0.004618727678028028,0.0,-1,0.004618727678028028
E02,BTR,BRK24,1788501600000,enter,0.05489,6342.729106456248,0.0,0.27852192052270675,1,0.0
E04,BTR,BRK48,1788501600000,exit,0.05489,1764.8156827317305,48.33830155002211,0.07749658626011575,-1,0.0
E01,BTC,BRK24,1788505200000,exit,80631.6,0.0726384328471677,199.51598350131636,4.68556244956775,1,0.0
E01,SOL,BRK24,1788508800000,funding,103.54,33.53342525392232,0.20120534680334523,0.0,1,0.20120534680334523
E02,XRP,BRK24,1788508800000,funding,1.4434,2421.74347057378,-0.34955445254261946,0.0,1,-0.34955445254261946
E02,HYPE,BRK24,1788508800000,funding,86.25,40.25778939469375,-0.3472234335292336,0.0,1,-0.3472234335292336
E02,BTR,BRK24,1788508800000,funding,0.05168,6342.729106456248,0.016278162649407582,0.0,1,0.016278162649407582
E03,BTC,BRK48,1788508800000,funding,80626.2,0.0734460720197103,-0.409839313054708,0.0,1,-0.409839313054708
E03,ETH,BRK48,1788508800000,funding,2503.61,1.7548819975758063,-0.4393540117950765,0.0,1,-0.4393540117950765
E04,XRP,BRK48,1788508800000,funding,1.4434,2306.9644108159805,-0.33298724305717864,0.0,1,-0.33298724305717864
E05,BTC,BRK96,1788508800000,funding,80626.2,0.0685449615457819,-0.3824904338756962,0.0,1,-0.3824904338756962
E05,ETH,BRK96,1788508800000,funding,2503.61,1.5020709850661134,-0.37605999389213723,0.0,1,-0.37605999389213723
E06,BTR,BRK96,1788508800000,funding,0.05168,1826.6670666513855,-0.004688010967865636,0.0,-1,-0.004688010967865636
E06,XRP,BRK96,1788508800000,funding,1.4434,2309.502208378926,-0.3333535487574142,0.0,1,-0.3333535487574142
E07,ETH,MR,1788508800000,funding,2503.61,2.3843375763609296,0.5969451399552987,0.0,-1,0.5969451399552987
E07,BTC,MR,1788508800000,funding,80626.2,0.08715845639088038,0.4863563280084046,0.0,-1,0.4863563280084046
E08,HYPE,MR,1788508800000,funding,86.25,47.599159656413974,0.41054275203657054,0.0,-1,0.41054275203657054
E01,ETH,BRK24,1788512400000,enter,2530.0,1.7175311268806848,0.0,3.476283000806506,1,0.0
E02,BTR,BRK24,1788523200000,funding,0.04932,6342.729106456248,-0.01564116997652111,0.0,1,-0.01564116997652111
E06,BTR,BRK96,1788523200000,funding,0.04932,1826.6670666513855,0.004504560986362318,0.0,-1,0.004504560986362318
E01,ETH,BRK24,1788526800000,exit,2496.0,1.7175311268806848,-58.396058313943286,3.4295661541553515,1,0.0
E01,SOL,BRK24,1788526800000,exit,103.14,33.53342525392232,82.82756037718809,2.7669099845516385,1,0.0
E02,XRP,BRK24,1788526800000,exit,1.4335,2421.74347057378,184.2946781106648,2.777255412054011,1,0.0
E02,HYPE,BRK24,1788526800000,exit,85.61,40.25778939469375,119.16305660829326,2.7571754800637858,1,0.0
E02,BTR,BRK24,1788526800000,exit,0.04835,6342.729106456248,-41.481448356223886,0.24533676183772765,1,0.0
E07,BTC,MR,1788530400000,exit_signal,79425.0,0.08715845639088038,165.28729669966503,5.538048319076539,-1,0.0
E07,ETH,MR,1788530400000,exit_signal,2450.13,2.3843375763609296,91.63009305955013,4.673549620775364,-1,0.0
E07,SOL,MR,1788530400000,enter,101.53,45.682206395777364,0.0,3.7104915322906207,1,0.0
E08,HYPE,MR,1788530400000,exit_signal,85.49,47.599159656413974,82.34654620559637,3.2554017272214644,-1,0.0
E01,BTC,BRK24,1788534000000,enter,78644.4,0.057813717799546076,0.0,3.637380118491697,-1,0.0
E02,XRP,BRK24,1788534000000,enter,1.3881,1851.3732798840438,0.0,2.0559129998456327,-1,0.0
E03,BTC,BRK48,1788534000000,exit,78644.4,0.0734460720197103,18.067733716848736,4.620897813077524,1,0.0
E04,XRP,BRK48,1788534000000,exit,1.3881,2306.9644108159805,10.381339848671793,2.56183783892293,1,0.0
E08,XRP,MR,1788534000000,enter,1.4124,2678.3084849328357,0.0,3.02627432329531,1,0.0
E01,BTC,BRK24,1788537600000,funding,79384.9,0.057813717799546076,0.20313287248398587,0.0,-1,0.20313287248398587
E02,XRP,BRK24,1788537600000,funding,1.3983,1851.3732798840438,0.015869192327015193,0.0,-1,0.015869192327015193
E03,ETH,BRK48,1788537600000,funding,2450.85,1.7548819975758063,-0.17814545436248388,0.0,1,-0.17814545436248388
E05,BTC,BRK96,1788537600000,funding,79384.9,0.0685449615457819,-0.24083790946252467,0.0,1,-0.24083790946252467
E05,ETH,BRK96,1788537600000,funding,2450.85,1.5020709850661134,-0.15248154490669535,0.0,1,-0.15248154490669535
E06,BTR,BRK96,1788537600000,funding,0.04927,1826.6670666513855,0.004499994318695689,0.0,-1,0.004499994318695689
E06,XRP,BRK96,1788537600000,funding,1.3983,2309.502208378926,-0.019796080629794426,0.0,1,-0.019796080629794426
E07,BTC,MR,1788537600000,enter,78869.7,0.08249752940359013,0.0,5.205244315841866,1,0.0
E07,SOL,MR,1788537600000,funding,101.38,45.682206395777364,0.3617015687919453,0.0,1,0.3617015687919453
E07,BTC,MR,1788537600000,funding,79384.9,0.08249752940359013,-0.289861312477554,0.0,1,-0.289861312477554
E08,XRP,MR,1788537600000,funding,1.3983,2678.3084849328357,-0.02295733276497211,0.0,1,-0.02295733276497211
E06,BTR,BRK96,1788552000000,funding,0.05218,1826.6670666513855,0.004765774376893465,0.0,-1,0.004765774376893465
E09,ETH,RSIDIV,1788555600000,enter,2454.57,1.7595152914477004,0.0,3.4550827591430258,-1,0.0
E02,HYPE,BRK24,1788559200000,enter,83.48,32.555302874882415,0.0,2.1741733471961475,-1,0.0
E01,BTC,BRK24,1788566400000,funding,79621.0,0.057813717799546076,-0.10209866603267367,0.0,-1,-0.10209866603267367
E02,XRP,BRK24,1788566400000,funding,1.3978,1851.3732798840438,-0.05933939065436054,0.0,-1,-0.05933939065436054
E02,HYPE,BRK24,1788566400000,funding,84.36,32.555302874882415,0.27463653505250807,0.0,-1,0.27463653505250807
E03,ETH,BRK48,1788566400000,funding,2454.77,1.7548819975758063,-0.13505052320528024,0.0,1,-0.13505052320528024
E05,BTC,BRK96,1788566400000,funding,79621.0,0.0685449615457819,0.12104997574019001,0.0,1,0.12104997574019001
E05,ETH,BRK96,1788566400000,funding,2454.77,1.5020709850661134,-0.11559493612953681,0.0,1,-0.11559493612953681
E06,BTR,BRK96,1788566400000,funding,0.05036,1826.6670666513855,0.004599547673828189,0.0,-1,0.004599547673828189
E06,XRP,BRK96,1788566400000,funding,1.3978,2309.502208378926,0.07402313474497639,0.0,1,0.07402313474497639
E07,SOL,MR,1788566400000,funding,101.85,45.682206395777364,0.483325875100063,0.0,1,0.483325875100063
E07,BTC,MR,1788566400000,funding,79621.0,0.08249752940359013,0.1456901237921073,0.0,1,0.1456901237921073
E08,XRP,MR,1788566400000,funding,1.3978,2678.3084849328357,0.08584394903348296,0.0,1,0.08584394903348296
E09,ETH,RSIDIV,1788566400000,funding,2454.77,1.7595152914477004,0.13540708778479468,0.0,-1,0.13540708778479468
E06,BTR,BRK96,1788580800000,funding,0.05193,1826.6670666513855,0.004742941038560323,0.0,-1,0.004742941038560323
E01,BTC,BRK24,1788595200000,funding,79666.0,0.057813717799546076,0.0970439456215467,0.0,-1,0.0970439456215467
E02,XRP,BRK24,1788595200000,exit,1.4043,1851.3732798840438,-29.992247134121907,2.07990679755293,-1,0.0
E02,HYPE,BRK24,1788595200000,funding,84.51,32.555302874882415,0.2751248645956313,0.0,-1,0.2751248645956313
E03,ETH,BRK48,1788595200000,funding,2456.11,1.7548819975758063,-0.13443461472742585,0.0,1,-0.13443461472742585
E05,BTC,BRK96,1788595200000,funding,79666.0,0.0685449615457819,-0.11505701024008691,0.0,1,-0.11505701024008691
E05,ETH,BRK96,1788595200000,funding,2456.11,1.5020709850661134,-0.11506775637880752,0.0,1,-0.11506775637880752
E06,BTR,BRK96,1788595200000,funding,0.05071,1826.6670666513855,0.004631514347494588,0.0,-1,0.004631514347494588
E06,XRP,BRK96,1788595200000,funding,1.4038,2309.502208378926,0.020619623712778055,0.0,1,0.020619623712778055
E07,SOL,MR,1788595200000,exit_signal,102.23,45.682206395777364,31.977544477044283,3.736073567872256,1,0.0
E07,BTC,MR,1788595200000,funding,79666.0,0.08249752940359013,-0.1384772690992173,0.0,1,-0.1384772690992173
E08,XRP,MR,1788595200000,funding,1.4038,2678.3084849328357,0.023912388109305825,0.0,1,0.023912388109305825
E09,ETH,RSIDIV,1788595200000,funding,2456.11,1.7595152914477004,0.1347895531662767,0.0,-1,0.1347895531662767
E02,HYPE,BRK24,1788602400000,exit,84.77,32.555302874882415,-41.996340708598055,2.2077704197630257,-1,0.0
E08,XRP,MR,1788606000000,exit_signal,1.4066,2678.3084849328357,-15.53418921261052,3.0138469719252217,1,0.0
E06,BTR,BRK96,1788609600000,funding,0.05112,1826.6670666513855,0.004668961022360941,0.0,-1,0.004668961022360941
E01,BTC,BRK24,1788613200000,exit,79728.9,0.057813717799546076,-62.69897695360772,3.6875393000545835,-1,0.0
E01,SOL,BRK24,1788616800000,enter,103.22,46.42911717599191,0.0,3.833930779924708,1,0.0
E07,BTC,MR,1788616800000,exit_signal,79661.8,0.08249752940359013,65.34629304058423,5.257521350274334,1,0.0
E07,SOL,MR,1788616800000,enter,103.19,69.07772102378404,0.0,5.70250402595542,-1,0.0
E08,XRP,MR,1788616800000,enter,1.4139,4186.018497689004,0.0,4.734889243105986,-1,0.0
E02,XRP,BRK24,1788620400000,enter,1.4181,2893.533126866602,0.0,3.2826554617676225,1,0.0
E01,SOL,BRK24,1788624000000,funding,102.88,46.42911717599191,-0.14291669704597615,0.0,1,-0.14291669704597615
E02,XRP,BRK24,1788624000000,funding,1.4116,2893.533126866602,-0.05889865383838019,0.0,1,-0.05889865383838019
E03,ETH,BRK48,1788624000000,funding,2458.63,1.7548819975758063,-0.07783548368362447,0.0,1,-0.07783548368362447
E05,BTC,BRK96,1788624000000,funding,79756.4,0.0685449615457819,0.12081847609976296,0.0,1,0.12081847609976296
E05,ETH,BRK96,1788624000000,funding,2458.63,1.5020709850661134,-0.0666223836196763,0.0,1,-0.0666223836196763
E06,BTR,BRK96,1788624000000,funding,0.04954,1826.6670666513855,0.004524654324095483,0.0,-1,0.004524654324095483
E06,XRP,BRK96,1788624000000,funding,1.4116,2309.502208378926,-0.047010545636153714,0.0,1,-0.047010545636153714
E07,SOL,MR,1788624000000,funding,102.88,69.07772102378404,0.2126329408926929,0.0,-1,0.2126329408926929
E08,XRP,MR,1788624000000,funding,1.4116,4186.018497689004,0.08520754511749104,0.0,-1,0.08520754511749104
E09,ETH,RSIDIV,1788624000000,funding,2458.63,1.7595152914477004,0.07804098734145756,0.0,-1,0.07804098734145756
E01,BTC,BRK24,1788627600000,enter,79840.4,0.101168595870086,0.0,6.461872929364811,1,0.0
E02,HYPE,BRK24,1788627600000,enter,85.67,45.571658197414735,0.0,3.1232991662180165,1,0.0
E07,BTC,MR,1788627600000,enter,79756.4,0.1504959822419974,0.0,9.602414206468513,-1,0.0
E08,HYPE,MR,1788631200000,enter,85.99,65.85492981152265,0.0,4.530292331594266,-1,0.0
E06,BTR,BRK96,1788638400000,funding,0.04897,1826.6670666513855,0.004472594312695918,0.0,-1,0.004472594312695918
E01,SOL,BRK24,1788652800000,funding,103.11,46.42911717599191,-0.2812542434809709,0.0,1,-0.2812542434809709
E01,BTC,BRK24,1788652800000,funding,79795.3,0.101168595870086,-0.1296488220359983,0.0,1,-0.1296488220359983
E02,XRP,BRK24,1788652800000,exit,1.4015,2893.533126866602,-48.03264990598544,3.2442293418428343,1,0.0
E02,HYPE,BRK24,1788652800000,funding,85.36,45.571658197414735,-0.2387680001302285,0.0,1,-0.2387680001302285
E03,ETH,BRK48,1788652800000,funding,2479.17,1.7548819975758063,-0.09710652589907787,0.0,1,-0.09710652589907787
E05,BTC,BRK96,1788652800000,funding,79795.3,0.0685449615457819,-0.08784122626674813,0.0,1,-0.08784122626674813
E05,ETH,BRK96,1788652800000,funding,2479.17,1.5020709850661134,-0.08311720971271468,0.0,1,-0.08311720971271468
E06,BTR,BRK96,1788652800000,funding,0.04856,1826.6670666513855,0.004435147637829565,0.0,-1,0.004435147637829565
E06,XRP,BRK96,1788652800000,funding,1.4116,2309.502208378926,-0.1795007380531639,0.0,1,-0.1795007380531639
E07,SOL,MR,1788652800000,funding,103.11,69.07772102378404,0.4184529741172893,0.0,-1,0.4184529741172893
E07,BTC,MR,1788652800000,funding,79795.3,0.1504959822419974,0.19286248515182536,0.0,-1,0.19286248515182536
E08,XRP,MR,1788652800000,funding,1.4116,4186.018497689004,0.32534864314625916,0.0,-1,0.32534864314625916
E08,HYPE,MR,1788652800000,funding,85.36,65.85492981152265,0.3450401085187164,0.0,-1,0.3450401085187164
E09,ETH,RSIDIV,1788652800000,funding,2479.17,1.7595152914477004,0.09736290956019619,0.0,-1,0.09736290956019619
E02,HYPE,BRK24,1788660000000,exit,84.97,45.571658197414735,-31.900160738190444,3.097779037627464,1,0.0
E02,XRP,BRK24,1788667200000,enter,1.4273,3109.7736854384734,0.0,3.5508639849810666,1,0.0
E02,BTR,BRK24,1788667200000,enter,0.04733,16754.86518121045,0.0,0.6344062152213524,-1,0.0
E02,BTR,BRK24,1788667200000,funding,0.04691,16754.86518121045,0.03929853628252911,0.0,-1,0.03929853628252911
E03,SOL,BRK48,1788667200000,enter,104.73,46.02978326849197,0.0,3.8565593613673315,1,0.0
E04,BTR,BRK48,1788667200000,enter,0.0471,15968.085823854208,0.0,0.6016774738428265,-1,0.0
E04,BTR,BRK48,1788667200000,funding,0.04691,15968.085823854208,0.03745314529985005,0.0,-1,0.03745314529985005
E06,BTR,BRK96,1788667200000,funding,0.04691,1826.6670666513855,0.0042844476048308254,0.0,-1,0.0042844476048308254
E07,SOL,MR,1788667200000,stop,106.03253065479642,69.07772102378404,-196.35553957358124,5.859588457614285,-1,0.0
E07,ETH,MR,1788670800000,enter,2508.68,3.7333266937813705,0.0,7.49257760812436,-1,0.0
E01,BTC,BRK24,1788678000000,exit,79640.0,0.101168595870086,-20.274186612364645,6.44565358007492,1,0.0
E01,BTC,BRK24,1788681600000,enter,79499.0,0.11728574993156143,0.0,7.459279867047363,-1,0.0
E01,SOL,BRK24,1788681600000,funding,105.17,46.42911717599191,-0.488295025339907,0.0,1,-0.488295025339907
E01,BTC,BRK24,1788681600000,funding,79773.6,0.11728574993156143,0.19517255360544497,0.0,-1,0.19517255360544497
E02,XRP,BRK24,1788681600000,funding,1.4161,3109.7736854384734,-0.0967503988354088,0.0,1,-0.0967503988354088
E02,BTR,BRK24,1788681600000,funding,0.04776,16754.86518121045,0.040010618052730554,0.0,-1,0.040010618052730554
E03,ETH,BRK48,1788681600000,funding,2495.78,1.7548819975758063,-0.27364986600652097,0.0,1,-0.27364986600652097
E03,SOL,BRK48,1788681600000,funding,105.17,46.02978326849197,-0.48409523063473003,0.0,1,-0.48409523063473003
E04,BTR,BRK48,1788681600000,funding,0.04776,15968.085823854208,0.03813178894736385,0.0,-1,0.03813178894736385
E05,BTC,BRK96,1788681600000,funding,79773.6,0.0685449615457819,-0.11406411426352872,0.0,1,-0.11406411426352872
E05,ETH,BRK96,1788681600000,funding,2495.78,1.5020709850661134,-0.2342274434198069,0.0,1,-0.2342274434198069
E06,BTR,BRK96,1788681600000,funding,0.04776,1826.6670666513855,0.004362080955163509,0.0,-1,0.004362080955163509
E06,XRP,BRK96,1788681600000,funding,1.4161,2309.502208378926,-0.07185257911796017,0.0,1,-0.07185257911796017
E07,BTC,MR,1788681600000,exit_signal,79736.4,0.1504959822419974,3.0099196448399477,9.60000627075264,-1,0.0
E07,ETH,MR,1788681600000,funding,2495.78,3.7333266937813705,0.5821612797459382,0.0,-1,0.5821612797459382
E08,XRP,MR,1788681600000,funding,1.4161,4186.018497689004,0.13023422285686545,0.0,-1,0.13023422285686545
E08,HYPE,MR,1788681600000,funding,86.53,65.85492981152265,0.5698427076591055,0.0,-1,0.5698427076591055
E09,ETH,RSIDIV,1788681600000,funding,2495.78,1.7595152914477004,0.2743723648691021,0.0,-1,0.2743723648691021
E04,HYPE,BRK48,1788688800000,enter,87.42,42.024732910079216,0.0,2.9390417207993003,1,0.0
E07,SOL,MR,1788692400000,enter,106.45,55.03310401874316,0.0,4.686619138236168,-1,0.0
E02,BTR,BRK24,1788696000000,funding,0.04756,16754.86518121045,0.08747944317665655,0.0,-1,0.08747944317665655
E04,BTR,BRK48,1788696000000,funding,0.04756,15968.085823854208,0.08337156052048351,0.0,-1,0.08337156052048351
E06,BTR,BRK96,1788696000000,funding,0.04756,1826.6670666513855,0.0095372786430416,0.0,-1,0.0095372786430416
E08,HYPE,MR,1788699600000,stop,88.85966996154269,65.85492981152265,-188.9819138996293,4.68147786271397,-1,0.0
E08,XRP,MR,1788703200000,exit_timeout,1.4179,4186.018497689004,-16.744073990756032,4.748284502298591,-1,0.0
E02,XRP,BRK24,1788706800000,exit,1.4062,3109.7736854384734,-65.61622476275215,3.498371005170865,1,0.0
E08,HYPE,MR,1788706800000,enter,89.4,57.85147374409837,0.0,4.137537402177916,-1,0.0
E01,SOL,BRK24,1788710400000,funding,105.69,46.42911717599191,-0.49070933943305856,0.0,1,-0.49070933943305856
E01,BTC,BRK24,1788710400000,funding,79675.0,0.11728574993156143,0.27809952566372337,0.0,-1,0.27809952566372337
E02,BTR,BRK24,1788710400000,exit,0.04888,16754.86518121045,-25.970041030876246,0.6551822480460534,-1,0.0
E03,ETH,BRK48,1788710400000,funding,2478.43,1.7548819975758063,-0.045842172074714034,0.0,1,-0.045842172074714034
E03,SOL,BRK48,1788710400000,funding,105.69,46.02978326849197,-0.4864887793646916,0.0,1,-0.4864887793646916
E04,BTR,BRK48,1788710400000,funding,0.04851,15968.085823854208,0.03873059216575838,0.0,-1,0.03873059216575838
E04,HYPE,BRK48,1788710400000,funding,88.42,42.024732910079216,-0.37158268839092046,0.0,1,-0.37158268839092046
E05,BTC,BRK96,1788710400000,funding,79675.0,0.0685449615457819,-0.1625288775801267,0.0,1,-0.1625288775801267
E05,ETH,BRK96,1788710400000,funding,2478.43,1.5020709850661134,-0.03923807792259348,0.0,1,-0.03923807792259348
E06,BTR,BRK96,1788710400000,funding,0.04851,1826.6670666513855,0.004430580970162936,0.0,-1,0.004430580970162936
E06,XRP,BRK96,1788710400000,funding,1.4104,2309.502208378926,-0.14726352376348018,0.0,1,-0.14726352376348018
E07,ETH,MR,1788710400000,exit_signal,2477.24,3.7333266937813705,117.3757912524865,7.3986769751223695,-1,0.0
E07,BTC,MR,1788710400000,enter,79501.0,0.17694269881271493,0.0,11.253697198647721,1,0.0
E07,SOL,MR,1788710400000,funding,105.69,55.03310401874316,0.5816448763740965,0.0,-1,0.5816448763740965
E07,BTC,MR,1788710400000,funding,79675.0,0.17694269881271493,-0.41955378755039513,0.0,1,-0.41955378755039513
E08,XRP,MR,1788710400000,enter,1.4097,4439.696010563198,0.0,5.0069115728727525,1,0.0
E08,HYPE,MR,1788710400000,funding,88.42,57.85147374409837,0.5115227308453179,0.0,-1,0.5115227308453179
E08,XRP,MR,1788710400000,funding,1.4104,4439.696010563198,-0.2830935933216177,0.0,1,-0.2830935933216177
E09,ETH,RSIDIV,1788710400000,funding,2478.43,1.7595152914477004,0.04596320599906991,0.0,-1,0.04596320599906991
E02,BTR,BRK24,1788714000000,enter,0.0496,19441.76406749712,0.0,0.7714491981982857,1,0.0
E04,BTR,BRK48,1788714000000,exit,0.0496,15968.085823854208,-39.92021455963545,0.633613645490535,-1,0.0
E10,BTR,RSIDIV,1788714000000,enter,0.04851,31025.60469978581,0.0,1.2040416671892877,1,0.0
E02,BTR,BRK24,1788724800000,funding,0.04758,19441.76406749712,-0.04625195671657565,0.0,1,-0.04625195671657565
E06,BTR,BRK96,1788724800000,funding,0.04758,1826.6670666513855,0.004345640951563646,0.0,-1,0.004345640951563646
E07,BTC,MR,1788724800000,exit_signal,79908.7,0.17694269881271493,72.13953830594336,11.311408829292475,1,0.0
E10,BTR,RSIDIV,1788724800000,funding,0.04758,31025.60469978581,-0.07380991358079045,0.0,1,-0.07380991358079045
E01,BTC,BRK24,1788732000000,exit,79997.1,0.11728574993156143,-58.42003204091143,7.506015892680091,-1,0.0
E08,XRP,MR,1788732000000,exit_signal,1.4216,4439.696010563198,52.83238252570215,5.049177478893314,1,0.0
E02,BTR,BRK24,1788735600000,exit,0.04623,19441.76406749712,-65.51874490746525,0.7190342022723135,1,0.0
E01,BTC,BRK24,1788739200000,enter,80082.0,0.12227941761048387,0.0,7.833904256866217,1,0.0
E01,SOL,BRK24,1788739200000,funding,106.49,46.42911717599191,-0.22214455439504704,0.0,1,-0.22214455439504704
E01,BTC,BRK24,1788739200000,funding,80299.6,0.12227941761048387,-0.25598102556378993,0.0,1,-0.25598102556378993
E03,ETH,BRK48,1788739200000,funding,2513.13,1.7548819975758063,-0.28155014259720107,0.0,1,-0.28155014259720107
E03,SOL,BRK48,1788739200000,funding,106.49,46.02978326849197,-0.22023390309835858,0.0,1,-0.22023390309835858
E04,HYPE,BRK48,1788739200000,funding,87.94,42.024732910079216,-0.3695655012112366,0.0,1,-0.3695655012112366
E05,BTC,BRK96,1788739200000,funding,80299.6,0.0685449615457819,-0.14349274715727328,0.0,1,-0.14349274715727328
E05,ETH,BRK96,1788739200000,funding,2513.13,1.5020709850661134,-0.24098959395599703,0.0,1,-0.24098959395599703
E06,BTR,BRK96,1788739200000,funding,0.04723,1826.6670666513855,0.004313674277897248,0.0,-1,0.004313674277897248
E06,XRP,BRK96,1788739200000,funding,1.423,2309.502208378926,-0.2952521203642853,0.0,1,-0.2952521203642853
E07,SOL,MR,1788739200000,funding,106.49,55.03310401874316,0.26331115284573126,0.0,-1,0.26331115284573126
E08,BTR,MR,1788739200000,enter,0.04591,30154.989451274796,0.0,1.1075324525664207,1,0.0
E08,HYPE,MR,1788739200000,funding,87.94,57.85147374409837,0.5087458601056011,0.0,-1,0.5087458601056011
E08,BTR,MR,1788739200000,funding,0.04723,30154.989451274796,-0.07121100758918544,0.0,1,-0.07121100758918544
E09,ETH,RSIDIV,1788739200000,funding,2513.13,1.7595152914477004,0.28229350001503806,0.0,-1,0.28229350001503806
E10,BTR,RSIDIV,1788739200000,funding,0.04723,31025.60469978581,-0.0732669654985442,0.0,1,-0.0732669654985442
E07,BTC,MR,1788742800000,enter,80299.6,0.17472626395536728,0.0,11.22435928408833,-1,0.0
E01,SOL,BRK24,1788750000000,exit,104.85,46.42911717599191,75.67946099686661,3.894474348722201,1,0.0
E01,ETH,BRK24,1788750000000,enter,2526.57,2.3227706008682896,0.0,4.694914013628637,1,0.0
E07,SOL,MR,1788750000000,exit_signal,105.25,55.03310401874316,66.03972482249195,4.633787358378175,-1,0.0
E08,HYPE,MR,1788750000000,exit_signal,86.77,57.85147374409837,152.14937594697926,4.015817901420332,-1,0.0
E08,XRP,MR,1788750000000,enter,1.406,4493.943147831376,0.0,5.054787252680732,1,0.0
E06,BTR,BRK96,1788753600000,funding,0.04645,1826.6670666513855,0.004242434262297843,0.0,-1,0.004242434262297843
E07,BTC,MR,1788753600000,exit_signal,79828.7,0.17472626395536728,82.27859769658397,11.158536405931063,-1,0.0
E08,BTR,MR,1788753600000,funding,0.04645,30154.989451274796,-0.07003496300058572,0.0,1,-0.07003496300058572
E10,BTR,RSIDIV,1788753600000,funding,0.04645,31025.60469978581,-0.07205696691525255,0.0,1,-0.07205696691525255
E01,BTC,BRK24,1788757200000,exit,79520.6,0.12227941761048387,-68.64766504652493,7.778986124828997,1,0.0
E07,SOL,MR,1788757200000,enter,104.9,51.408297120843244,0.0,4.314184294381166,1,0.0
E02,BTR,BRK24,1788760800000,enter,0.04578,21003.49757220772,0.0,0.7692320950845357,-1,0.0
E04,BTR,BRK48,1788760800000,enter,0.04578,20263.12688388178,0.0,0.7421167589952864,-1,0.0
E01,ETH,BRK24,1788768000000,exit,2486.84,2.3227706008682896,-92.28367597249719,4.621087072850639,1,0.0
E01,BTC,BRK24,1788768000000,enter,79132.2,0.10824307675339734,0.0,6.852410238612151,-1,0.0
E01,SOL,BRK24,1788768000000,enter,104.63,35.01029588101524,0.0,2.9305018064244996,-1,0.0
E01,BTC,BRK24,1788768000000,funding,79353.0,0.10824307675339734,0.06399112587861192,0.0,-1,0.06399112587861192
E01,SOL,BRK24,1788768000000,funding,104.43,35.01029588101524,0.11564324003976535,0.0,-1,0.11564324003976535
E02,XRP,BRK24,1788768000000,enter,1.3954,2821.4688392925345,0.0,3.1496620946790426,-1,0.0
E02,BTR,BRK24,1788768000000,funding,0.04449,21003.49757220772,0.04672228034937608,0.0,-1,0.04672228034937608
E02,XRP,BRK24,1788768000000,funding,1.3983,2821.4688392925345,-0.06959438424761573,0.0,-1,-0.06959438424761573
E03,SOL,BRK48,1788768000000,exit,104.63,46.02978326849197,-4.602978326849589,3.852876978705852,1,0.0
E03,BTC,BRK48,1788768000000,enter,79132.2,0.1081847602906683,0.0,6.848718470618578,-1,0.0
E03,ETH,BRK48,1788768000000,funding,2487.95,1.7548819975758063,-0.13456192808207418,0.0,1,-0.13456192808207418
E03,BTC,BRK48,1788768000000,funding,79353.0,0.1081847602906683,0.06395665036092324,0.0,-1,0.06395665036092324
E04,HYPE,BRK48,1788768000000,funding,86.33,42.024732910079216,-0.36279951921271386,0.0,1,-0.36279951921271386
E04,BTR,BRK48,1788768000000,funding,0.04449,20263.12688388178,0.04507532575319503,0.0,-1,0.04507532575319503
E05,BTC,BRK96,1788768000000,exit,79132.2,0.0685449615457819,-16.12862945172268,4.3392908848264975,1,0.0
E05,ETH,BRK96,1788768000000,funding,2487.95,1.5020709850661134,-0.11517672877483918,0.0,1,-0.11517672877483918
E06,XRP,BRK96,1788768000000,exit,1.3936,2309.502208378926,-90.99438701012991,2.5748178220774967,1,0.0
E06,BTR,BRK96,1788768000000,funding,0.04449,1826.6670666513855,0.004063420889766007,0.0,-1,0.004063420889766007
E07,SOL,MR,1788768000000,funding,104.43,51.408297120843244,-0.16980782065326716,0.0,1,-0.16980782065326716
E08,BTR,MR,1788768000000,funding,0.04449,30154.989451274796,-0.06707977403436079,0.0,1,-0.06707977403436079
E08,XRP,MR,1788768000000,funding,1.3983,4493.943147831376,0.1108476556117265,0.0,1,0.1108476556117265
E09,ETH,RSIDIV,1788768000000,funding,2487.95,1.7595152914477004,0.13491720265759216,0.0,-1,0.13491720265759216
E10,BTR,RSIDIV,1788768000000,funding,0.04449,31025.60469978581,-0.06901645765467354,0.0,1,-0.06901645765467354
E07,BTC,MR,1788771600000,enter,79353.0,0.15589571280996103,0.0,9.89663399888707,1,0.0
E02,BTR,BRK24,1788782400000,funding,0.04461,21003.49757220772,0.04684830133480932,0.0,-1,0.04684830133480932
E04,BTR,BRK48,1788782400000,funding,0.04461,20263.12688388178,0.045196904514498315,0.0,-1,0.045196904514498315
E06,BTR,BRK96,1788782400000,funding,0.04461,1826.6670666513855,0.004074380892165916,0.0,-1,0.004074380892165916
E08,BTR,MR,1788782400000,funding,0.04461,30154.989451274796,-0.06726070397106844,0.0,1,-0.06726070397106844
E10,BTR,RSIDIV,1788782400000,funding,0.04461,31025.60469978581,-0.06920261128287225,0.0,1,-0.06920261128287225
E07,SOL,MR,1788789600000,exit_signal,105.68,51.408297120843244,40.09847175425779,4.346263071784572,1,0.0
E08,XRP,MR,1788789600000,exit_signal,1.4112,4493.943147831376,23.368504368723578,5.073482056175711,1,0.0
E01,BTC,BRK24,1788796800000,funding,78787.8,0.10824307675339734,0.16902959555375274,0.0,-1,0.16902959555375274
E01,SOL,BRK24,1788796800000,funding,103.19,35.01029588101524,-0.14577294662966517,0.0,-1,-0.14577294662966517
E02,BTR,BRK24,1788796800000,funding,0.0448,21003.49757220772,0.0470478345617453,0.0,-1,0.0470478345617453
E02,XRP,BRK24,1788796800000,funding,1.3828,2821.4688392925345,-0.14509779325711253,0.0,-1,-0.14509779325711253
E03,ETH,BRK48,1788796800000,exit,2468.04,1.7548819975758063,19.093116133624964,3.4648951722375947,1,0.0
E03,BTC,BRK48,1788796800000,funding,78787.8,0.1081847602906683,0.1689385300703531,0.0,-1,0.1689385300703531
E04,HYPE,BRK48,1788796800000,exit,85.86,42.024732910079216,-65.55858333972367,2.8865948541275213,1,0.0
E04,XRP,BRK48,1788796800000,enter,1.3853,2583.7589008986547,0.0,2.863424964331925,-1,0.0
E04,BTR,BRK48,1788796800000,funding,0.0448,20263.12688388178,0.045389404219895194,0.0,-1,0.045389404219895194
E04,XRP,BRK48,1788796800000,funding,1.3828,2583.7589008986547,-0.13287324304556933,0.0,-1,-0.13287324304556933
E05,ETH,BRK96,1788796800000,funding,2468.85,1.5020709850661134,-0.0297412713708734,0.0,1,-0.0297412713708734
E06,XRP,BRK96,1788796800000,enter,1.3822,2693.7494269961485,0.0,2.9786403663952616,-1,0.0
E06,BTR,BRK96,1788796800000,funding,0.0448,1826.6670666513855,0.004091734229299104,0.0,-1,0.004091734229299104
E06,XRP,BRK96,1788796800000,funding,1.3828,2693.7494269961485,-0.1385296523575137,0.0,-1,-0.1385296523575137
E07,BTC,MR,1788796800000,funding,78787.8,0.15589571280996103,-0.24344272239106182,0.0,1,-0.24344272239106182
E08,BTR,MR,1788796800000,funding,0.0448,30154.989451274796,-0.06754717637085554,0.0,1,-0.06754717637085554
E09,ETH,RSIDIV,1788796800000,funding,2468.85,1.7595152914477004,0.03483871420487105,0.0,-1,0.03483871420487105
E10,BTR,RSIDIV,1788796800000,funding,0.0448,31025.60469978581,-0.06949735452752022,0.0,1,-0.06949735452752022
E07,ETH,MR,1788800400000,enter,2468.85,3.158677797597632,0.0,6.238641344479131,1,0.0
E07,SOL,MR,1788800400000,enter,103.19,52.20679591228475,0.0,4.309775416150931,1,0.0
E08,XRP,MR,1788800400000,enter,1.3828,3858.854483772446,0.0,4.268819184128431,1,0.0
E08,HYPE,MR,1788800400000,enter,85.08,52.159663450525436,0.0,3.5501953330965637,1,0.0
E02,BTR,BRK24,1788804000000,exit,0.04655,21003.49757220772,-16.172693130599942,0.7821702495890156,-1,0.0
E08,BTR,MR,1788807600000,exit_signal,0.04627,30154.989451274796,10.855796202458903,1.1162170895283878,1,0.0
E04,BTR,BRK48,1788811200000,funding,0.0457,20263.12688388178,0.22983011958189528,0.0,-1,0.22983011958189528
E06,BTR,BRK96,1788811200000,funding,0.0457,1826.6670666513855,0.020718574816739877,0.0,-1,0.020718574816739877
E10,BTR,RSIDIV,1788811200000,funding,0.0457,31025.60469978581,-0.3519011887511007,0.0,1,-0.3519011887511007
E02,HYPE,BRK24,1788822000000,enter,84.67,38.034055203609576,0.0,2.5762747632716985,-1,0.0
E01,BTC,BRK24,1788825600000,funding,79072.5,0.10824307675339734,0.30838259623758585,0.0,-1,0.30838259623758585
E01,SOL,BRK24,1788825600000,funding,103.73,35.01029588101524,-0.27313398915859327,0.0,-1,-0.27313398915859327
E02,XRP,BRK24,1788825600000,funding,1.396,2821.4688392925345,0.001102855739902666,0.0,-1,0.001102855739902666
E02,HYPE,BRK24,1788825600000,funding,85.13,38.034055203609576,0.3237839119483283,0.0,-1,0.3237839119483283
E03,BTC,BRK48,1788825600000,funding,79072.5,0.1081847602906683,0.3082164536747618,0.0,-1,0.3082164536747618
E04,BTR,BRK48,1788825600000,funding,0.04574,20263.12688388178,0.15182491075117838,0.0,-1,0.15182491075117838
E04,XRP,BRK48,1788825600000,funding,1.396,2583.7589008986547,0.0010099396791832661,0.0,-1,0.0010099396791832661
E05,ETH,BRK96,1788825600000,funding,2489.22,1.5020709850661134,-0.06965729311062402,0.0,1,-0.06965729311062402
E06,BTR,BRK96,1788825600000,funding,0.04574,1826.6670666513855,0.013686612434286599,0.0,-1,0.013686612434286599
E06,XRP,BRK96,1788825600000,funding,1.396,2693.7494269961485,0.0010529327760242545,0.0,-1,0.0010529327760242545
E07,BTC,MR,1788825600000,funding,79072.5,0.15589571280996103,-0.44414410695449813,0.0,1,-0.44414410695449813
E07,ETH,MR,1788825600000,funding,2489.22,3.158677797597632,-0.14648105673886924,0.0,1,-0.14648105673886924
E07,SOL,MR,1788825600000,funding,103.73,52.20679591228475,0.40729305679599337,0.0,1,0.40729305679599337
E08,XRP,MR,1788825600000,funding,1.396,3858.854483772446,-0.001508349040616974,0.0,1,-0.001508349040616974
E08,HYPE,MR,1788825600000,funding,85.13,52.159663450525436,-0.444035214954323,0.0,1,-0.444035214954323
E09,ETH,RSIDIV,1788825600000,funding,2489.22,1.7595152914477004,0.08159605877987378,0.0,-1,0.08159605877987378
E10,BTR,RSIDIV,1788825600000,funding,0.04574,31025.60469978581,-0.23246459895058133,0.0,1,-0.23246459895058133
E07,ETH,MR,1788832800000,exit_signal,2494.66,3.158677797597632,81.52547395599471,6.3038617236439265,1,0.0
E08,XRP,MR,1788832800000,exit_signal,1.4009,3858.854483772446,69.8452661562813,4.324695397053456,1,0.0
E01,BTC,BRK24,1788836400000,exit,79435.9,0.10824307675339734,-32.873422410006455,6.878708976540156,-1,0.0
E02,XRP,BRK24,1788836400000,exit,1.4059,2821.4688392925345,-29.625422812571482,3.1733624329290993,-1,0.0
E07,BTC,MR,1788836400000,exit_signal,79406.0,0.15589571280996103,8.262472778927934,9.903243977110213,1,0.0
E03,SOL,BRK48,1788840000000,enter,102.85,38.32532801523546,0.0,3.153407989093574,-1,0.0
E04,BTR,BRK48,1788840000000,funding,0.04667,20263.12688388178,0.19520729277947885,0.0,-1,0.19520729277947885
E06,BTR,BRK96,1788840000000,funding,0.04667,1826.6670666513855,0.017597418943968015,0.0,-1,0.017597418943968015
E08,BTR,MR,1788840000000,enter,0.04709,41593.02505031357,0.0,1.566892439695413,-1,0.0
E08,BTR,MR,1788840000000,funding,0.04667,41593.02505031357,0.4006914562154369,0.0,-1,0.4006914562154369
E10,BTR,RSIDIV,1788840000000,funding,0.04667,31025.60469978581,-0.2988889293837972,0.0,1,-0.2988889293837972
E01,BTC,BRK24,1788843600000,enter,78633.3,0.10427194213138623,0.0,6.559397525759946,-1,0.0
E02,BTR,BRK24,1788843600000,enter,0.04713,27783.947492646963,0.0,1.047565956262761,1,0.0
E04,BTR,BRK48,1788843600000,exit,0.04713,20263.12688388178,-27.355221293240344,0.7640009360298786,-1,0.0
E05,BTC,BRK96,1788847200000,enter,78603.9,0.10335288169562072,0.0,6.4991516620115215,-1,0.0
E07,BTC,MR,1788847200000,enter,78643.2,0.1625867471304465,0.0,10.229073657543305,1,0.0
E04,HYPE,BRK48,1788850800000,enter,83.76,38.60021362639699,0.0,2.58652311467761,-1,0.0
E07,ETH,MR,1788850800000,enter,2472.0,3.461192266024252,0.0,6.844853825289562,1,0.0
E01,SOL,BRK24,1788854400000,funding,102.91,35.01029588101524,-0.16468899549005936,0.0,-1,-0.16468899549005936
E01,BTC,BRK24,1788854400000,funding,78442.6,0.10427194213138623,0.2448901057001942,0.0,-1,0.2448901057001942
E02,HYPE,BRK24,1788854400000,funding,84.08,38.034055203609576,0.3197903361519493,0.0,-1,0.3197903361519493
E02,BTR,BRK24,1788854400000,funding,0.04702,27783.947492646963,-0.31953267222399095,0.0,1,-0.31953267222399095
E03,BTC,BRK48,1788854400000,funding,78442.6,0.1081847602906683,0.2540796386946487,0.0,-1,0.2540796386946487
E03,SOL,BRK48,1788854400000,funding,102.91,38.32532801523546,-0.18028296002144867,0.0,-1,-0.18028296002144867
E04,XRP,BRK48,1788854400000,funding,1.3879,2583.7589008986547,0.11919860604724275,0.0,-1,0.11919860604724275
E04,HYPE,BRK48,1788854400000,funding,84.08,38.60021362639699,0.32455059617074594,0.0,-1,0.32455059617074594
E05,ETH,BRK96,1788854400000,funding,2478.49,1.5020709850661134,-0.12467884649935534,0.0,1,-0.12467884649935534
E05,BTC,BRK96,1788854400000,funding,78442.6,0.10335288169562072,0.24273162660544514,0.0,-1,0.24273162660544514
E06,BTR,BRK96,1788854400000,funding,0.04702,1826.6670666513855,0.021007807088072976,0.0,-1,0.021007807088072976
E06,XRP,BRK96,1788854400000,funding,1.3879,2693.7494269961485,0.12427288654015721,0.0,-1,0.12427288654015721
E07,SOL,MR,1788854400000,funding,102.91,52.20679591228475,0.24558160850080163,0.0,1,0.24558160850080163
E07,BTC,MR,1788854400000,funding,78442.6,0.1625867471304465,-0.3818465914834156,0.0,1,-0.3818465914834156
E07,ETH,MR,1788854400000,funding,2478.49,3.461192266024252,-0.2872949837463238,0.0,1,-0.2872949837463238
E08,XRP,MR,1788854400000,enter,1.3826,4310.167270943749,0.0,4.767389815045462,1,0.0
E08,HYPE,MR,1788854400000,funding,84.08,52.159663450525436,-0.43855845029201784,0.0,1,-0.43855845029201784
E08,BTR,MR,1788854400000,funding,0.04702,41593.02505031357,0.47834565062158224,0.0,-1,0.47834565062158224
E08,XRP,MR,1788854400000,funding,1.3879,4310.167270943749,-0.19884437760359563,0.0,1,-0.19884437760359563
E09,ETH,RSIDIV,1788854400000,funding,2478.49,1.7595152914477004,0.14604791592191005,0.0,-1,0.14604791592191005
E10,BTR,RSIDIV,1788854400000,funding,0.04702,31025.60469978581,-0.35681374576853914,0.0,1,-0.35681374576853914
E06,BTR,BRK96,1788858000000,exit,0.05068,1826.6670666513855,57.722679306183785,0.07406038955031378,-1,0.0
E08,BTR,MR,1788858000000,stop,0.05165672031146188,41593.02505031357,-189.9437123124098,1.7188474095453408,-1,0.0
E06,BTR,BRK96,1788861600000,enter,0.05433,23786.2819966184,0.0,1.0338469607010223,1,0.0
E07,ETH,MR,1788865200000,exit_signal,2490.79,3.461192266024252,65.03580267859557,6.8968824674324365,1,0.0
E08,XRP,MR,1788865200000,exit_signal,1.3983,4310.167270943749,67.66962615381706,4.821525515968516,1,0.0
E08,BTR,MR,1788865200000,enter,0.05027,30661.23056490393,0.0,1.2330720483981765,-1,0.0
E02,BTR,BRK24,1788868800000,funding,0.04991,27783.947492646963,-0.0693348409679005,0.0,1,-0.0693348409679005
E06,HYPE,BRK96,1788868800000,enter,83.18,40.95642315841861,0.0,2.725404222653808,-1,0.0
E06,BTR,BRK96,1788868800000,funding,0.04991,23786.2819966184,-0.05935866672256122,0.0,1,-0.05935866672256122
E08,BTR,MR,1788868800000,funding,0.04991,30661.23056490393,0.07651510087471776,0.0,-1,0.07651510087471776
E10,BTR,RSIDIV,1788868800000,funding,0.04991,31025.60469978581,-0.07742439652831551,0.0,1,-0.07742439652831551
E03,ETH,BRK48,1788876000000,enter,2457.18,2.216180785363501,0.0,4.35644408174359,-1,0.0
E05,ETH,BRK96,1788876000000,exit,2457.18,1.5020709850661134,-92.96317326574224,2.952687026467802,1,0.0
E08,HYPE,MR,1788876000000,stop,81.46574308916463,52.159663450525436,-188.5184240929084,3.3993805938222366,1,0.0
E04,XRP,BRK48,1788879600000,exit,1.4081,2583.7589008986547,-58.90970294048915,2.9105527266843167,-1,0.0
E07,ETH,MR,1788879600000,enter,2458.38,3.246614011047712,0.0,6.38512876198358,1,0.0
E01,SOL,BRK24,1788883200000,exit,104.04,35.01029588101524,20.656074569798612,2.9139769467686607,-1,0.0
E01,BTC,BRK24,1788883200000,funding,78871.7,0.10427194213138623,0.4744486369609919,0.0,-1,0.4744486369609919
E02,HYPE,BRK24,1788883200000,funding,83.94,38.034055203609576,0.3192578593790988,0.0,-1,0.3192578593790988
E02,BTR,BRK24,1788883200000,funding,0.04999,27783.947492646963,-0.06944597675787109,0.0,1,-0.06944597675787109
E03,BTC,BRK48,1788883200000,funding,78871.7,0.1081847602906683,0.49225238362956775,0.0,-1,0.49225238362956775
E03,SOL,BRK48,1788883200000,funding,104.26,38.32532801523546,-0.0005194538308528984,0.0,-1,-0.0005194538308528984
E03,ETH,BRK48,1788883200000,funding,2497.49,2.216180785363501,0.2698258557948276,0.0,-1,0.2698258557948276
E04,XRP,BRK48,1788883200000,enter,1.4319,2553.357432003059,0.0,2.9249220055081437,1,0.0
E04,HYPE,BRK48,1788883200000,funding,83.94,38.60021362639699,0.32401019317997637,0.0,-1,0.32401019317997637
E04,XRP,BRK48,1788883200000,funding,1.4341,2553.357432003059,-0.16990612304613123,0.0,1,-0.16990612304613123
E05,BTC,BRK96,1788883200000,funding,78871.7,0.10335288169562072,0.47026681237692225,0.0,-1,0.47026681237692225
E06,XRP,BRK96,1788883200000,exit,1.4319,2693.7494269961485,-133.8793465217082,3.085743843612628,-1,0.0
E06,BTR,BRK96,1788883200000,funding,0.04999,23786.2819966184,-0.05945381185054769,0.0,1,-0.05945381185054769
E06,HYPE,BRK96,1788883200000,funding,83.94,40.95642315841861,0.34378821599176584,0.0,-1,0.34378821599176584
E07,SOL,MR,1788883200000,funding,104.26,52.20679591228475,0.000707600470435925,0.0,1,0.000707600470435925
E07,BTC,MR,1788883200000,funding,78871.7,0.1625867471304465,-0.7397873194570782,0.0,1,-0.7397873194570782
E07,ETH,MR,1788883200000,funding,2497.49,3.246614011047712,-0.3952838187895131,0.0,1,-0.3952838187895131
E08,XRP,MR,1788883200000,enter,1.417,3907.9245632775646,0.0,4.430023284931448,-1,0.0
E08,BTR,MR,1788883200000,funding,0.04999,30661.23056490393,0.07663774579697737,0.0,-1,0.07663774579697737
E08,XRP,MR,1788883200000,funding,1.4341,3907.9245632775646,0.2600420541915109,0.0,-1,0.2600420541915109
E09,ETH,RSIDIV,1788883200000,funding,2497.49,1.7595152914477004,0.21422562745533869,0.0,-1,0.21422562745533869
E10,BTR,RSIDIV,1788883200000,funding,0.04999,31025.60469978581,-0.07754849894711464,0.0,1,-0.07754849894711464
E01,SOL,BRK24,1788886800000,enter,104.49,37.00452144345719,0.0,3.0932819565014738,1,0.0
E02,HYPE,BRK24,1788886800000,exit,84.57,38.034055203609576,3.8034055203612818,2.5732320388554095,-1,0.0
E02,XRP,BRK24,1788886800000,enter,1.4342,2572.5081668671833,0.0,2.9515929703367316,1,0.0
E03,SOL,BRK48,1788886800000,exit,104.49,38.32532801523546,-62.85353794498618,3.203690819449563,-1,0.0
E07,BTC,MR,1788886800000,exit_signal,78871.7,0.1625867471304465,37.151071719307026,10.25879451491875,1,0.0
E07,ETH,MR,1788886800000,exit_signal,2497.49,3.246614011047712,126.97507397207497,6.4867088211612405,1,0.0
E07,SOL,MR,1788886800000,exit_signal,104.26,52.20679591228475,55.86127162614506,4.354464433451847,1,0.0
E01,ETH,BRK24,1788894000000,enter,2507.32,1.965385729781008,0.0,3.9422807583956136,1,0.0
E03,ETH,BRK48,1788894000000,exit,2507.32,2.216180785363501,-111.11930457812666,4.445339525406091,-1,0.0
E02,BTR,BRK24,1788897600000,funding,0.05018,27783.947492646963,-0.06970992425905125,0.0,1,-0.06970992425905125
E06,BTR,BRK96,1788897600000,funding,0.05018,23786.2819966184,-0.059679781529515565,0.0,1,-0.059679781529515565
E08,BTR,MR,1788897600000,funding,0.05018,30661.23056490393,0.07692902748734397,0.0,-1,0.07692902748734397
E10,BTR,RSIDIV,1788897600000,funding,0.05018,31025.60469978581,-0.07784324219176261,0.0,1,-0.07784324219176261
E01,BTC,BRK24,1788912000000,funding,78425.6,0.10427194213138623,0.4380734762015669,0.0,-1,0.4380734762015669
E01,SOL,BRK24,1788912000000,funding,103.31,37.00452144345719,-0.007187121767408298,0.0,1,-0.007187121767408298
E01,ETH,BRK24,1788912000000,funding,2483.98,1.965385729781008,-0.16632901925124285,0.0,1,-0.16632901925124285
E02,BTR,BRK24,1788912000000,funding,0.0512,27783.947492646963,-0.07112690558117624,0.0,1,-0.07112690558117624
E02,XRP,BRK24,1788912000000,funding,1.4166,2572.5081668671833,-0.16267776068837608,0.0,1,-0.16267776068837608
E03,BTC,BRK48,1788912000000,funding,78425.6,0.1081847602906683,0.45451224024243886,0.0,-1,0.45451224024243886
E04,HYPE,BRK48,1788912000000,funding,85.12,38.60021362639699,-0.053556097997226264,0.0,-1,-0.053556097997226264
E04,XRP,BRK48,1788912000000,funding,1.4166,2553.357432003059,-0.1614667252081558,0.0,1,-0.1614667252081558
E05,BTC,BRK96,1788912000000,funding,78425.6,0.10335288169562072,0.43421226491399145,0.0,-1,0.43421226491399145
E06,BTR,BRK96,1788912000000,funding,0.0512,23786.2819966184,-0.06089288191134311,0.0,1,-0.06089288191134311
E06,HYPE,BRK96,1788912000000,funding,85.12,40.95642315841861,-0.056825235049686854,0.0,-1,-0.056825235049686854
E08,BTR,MR,1788912000000,funding,0.0512,30661.23056490393,0.07849275024615407,0.0,-1,0.07849275024615407
E08,XRP,MR,1788912000000,funding,1.4166,3907.9245632775646,0.24712551939817287,0.0,-1,0.24712551939817287
E09,ETH,RSIDIV,1788912000000,funding,2483.98,1.7595152914477004,0.1489063690396643,0.0,-1,0.1489063690396643
E10,BTR,RSIDIV,1788912000000,funding,0.0512,31025.60469978581,-0.07942554803145169,0.0,1,-0.07942554803145169
E04,HYPE,BRK48,1788915600000,exit,85.45,38.60021362639699,-65.23436102861083,2.6387106035004986,-1,0.0
E09,BTC,RSIDIV,1788915600000,enter,78425.6,0.1643257888667134,0.0,10.309878869876256,1,0.0
E02,BTR,BRK24,1788926400000,funding,0.05176,27783.947492646963,-0.07190485611097035,0.0,1,-0.07190485611097035
E06,BTR,BRK96,1788926400000,funding,0.05176,23786.2819966184,-0.061558897807248415,0.0,1,-0.061558897807248415
E08,BTR,MR,1788926400000,funding,0.05176,30661.23056490393,0.07935126470197137,0.0,-1,0.07935126470197137
E10,BTR,RSIDIV,1788926400000,funding,0.05176,31025.60469978581,-0.08029426496304569,0.0,1,-0.08029426496304569
E01,BTC,BRK24,1788930000000,exit,78955.0,0.10427194213138623,-33.54428378366664,6.58623295278688,-1,0.0
E03,BTC,BRK48,1788930000000,exit,78978.0,0.1081847602906683,16.682090036820735,6.8353727985891215,-1,0.0
E07,BTC,MR,1788933600000,enter,79137.9,0.14641957842195671,0.0,9.269870364159175,-1,0.0
E07,ETH,MR,1788933600000,enter,2508.38,3.2985971373360834,0.0,6.619308069880868,-1,0.0
E04,BTR,BRK48,1788937200000,enter,0.0544,16746.73312961976,0.0,0.7288178258010519,1,0.0
E01,SOL,BRK24,1788940800000,funding,104.52,37.00452144345719,0.0664859792720338,0.0,1,0.0664859792720338
E01,ETH,BRK24,1788940800000,funding,2509.6,1.965385729781008,-0.28977450661318205,0.0,1,-0.28977450661318205
E02,BTR,BRK24,1788940800000,funding,0.0531,27783.947492646963,-0.0737663805929777,0.0,1,-0.0737663805929777
E02,XRP,BRK24,1788940800000,funding,1.4403,2572.5081668671833,-0.32768642986661983,0.0,1,-0.32768642986661983
E03,ETH,BRK48,1788940800000,enter,2513.0,2.0362632134045664,0.0,4.09370356422854,1,0.0
E03,ETH,BRK48,1788940800000,funding,2509.6,2.0362632134045664,-0.30022461192115585,0.0,1,-0.30022461192115585
E04,XRP,BRK48,1788940800000,funding,1.4403,2553.357432003059,-0.3252470067317306,0.0,1,-0.3252470067317306
E04,BTR,BRK48,1788940800000,funding,0.0531,16746.73312961976,-0.044462576459140465,0.0,1,-0.044462576459140465
E05,BTC,BRK96,1788940800000,funding,79245.9,0.10335288169562072,0.5649663509592949,0.0,-1,0.5649663509592949
E06,BTR,BRK96,1788940800000,funding,0.0531,23786.2819966184,-0.06315257870102185,0.0,1,-0.06315257870102185
E06,HYPE,BRK96,1788940800000,funding,86.86,40.95642315841861,0.11056632037499067,0.0,-1,0.11056632037499067
E07,BTC,MR,1788940800000,funding,79245.9,0.14641957842195671,0.8003853745817356,0.0,-1,0.8003853745817356
E07,ETH,MR,1788940800000,funding,2509.6,3.2985971373360834,0.48634186333169477,0.0,-1,0.48634186333169477
E08,BTR,MR,1788940800000,funding,0.0531,30661.23056490393,0.08140556714981993,0.0,-1,0.08140556714981993
E08,XRP,MR,1788940800000,funding,1.4403,3907.9245632775646,0.49779194671633853,0.0,-1,0.49779194671633853
E09,ETH,RSIDIV,1788940800000,funding,2509.6,1.7595152914477004,0.25942117505575746,0.0,-1,0.25942117505575746
E09,BTC,RSIDIV,1788940800000,funding,79245.9,0.1643257888667134,-0.8982675643040959,0.0,1,-0.8982675643040959
E10,BTR,RSIDIV,1788940800000,funding,0.0531,31025.60469978581,-0.08237298047793133,0.0,1,-0.08237298047793133
E03,BTC,BRK48,1788944400000,enter,79612.8,0.08899449265589349,0.0,5.668080595932095,1,0.0
E05,BTC,BRK96,1788944400000,exit,79612.8,0.10335288169562072,-104.27272234271265,6.582569839885691,-1,0.0
E07,ETH,MR,1788951600000,exit_signal,2489.11,3.2985971373360834,63.563966836466264,6.5684568964116945,-1,0.0
E08,BTR,MR,1788951600000,exit_timeout,0.05325,30661.23056490393,-91.3704670834136,1.3061684220649075,-1,0.0
E02,BTR,BRK24,1788955200000,funding,0.0533,27783.947492646963,-0.45999231274984775,0.0,1,-0.45999231274984775
E04,BTR,BRK48,1788955200000,funding,0.0533,16746.73312961976,-0.2772596840437087,0.0,1,-0.2772596840437087
E06,BTR,BRK96,1788955200000,funding,0.0533,23786.2819966184,-0.39380677890498605,0.0,1,-0.39380677890498605
E10,BTR,RSIDIV,1788955200000,funding,0.0533,31025.60469978581,-0.5136613385874701,0.0,1,-0.5136613385874701
E01,ETH,BRK24,1788969600000,exit,2480.8,1.965385729781008,-52.122029553792295,3.9005831347525803,1,0.0
E01,SOL,BRK24,1788969600000,exit,102.9,37.00452144345719,-58.83718909509654,3.0462122052253964,1,0.0
E01,BTC,BRK24,1788969600000,enter,78228.8,0.07785851498928632,0.0,4.872622557915106,-1,0.0
E01,BTC,BRK24,1788969600000,funding,78571.9,0.07785851498928632,0.47557378562515246,0.0,-1,0.47557378562515246
E02,XRP,BRK24,1788969600000,exit,1.4089,2572.5081668671833,-65.08445662173942,2.8995254050393395,1,0.0
E02,BTR,BRK24,1788969600000,funding,0.05367,27783.947492646963,-0.07455822309651813,0.0,1,-0.07455822309651813
E03,BTC,BRK48,1788969600000,exit,78228.8,0.08899449265589349,-123.16837783575659,5.569545893663489,1,0.0
E03,ETH,BRK48,1788969600000,exit,2472.78,2.0362632134045664,-81.89850644313125,4.028184759074036,1,0.0
E04,XRP,BRK48,1788969600000,exit,1.4085,2553.357432003059,-59.74856390887123,2.877123154381047,1,0.0
E04,BTR,BRK48,1788969600000,funding,0.05367,16746.73312961976,-0.044939858353334625,0.0,1,-0.044939858353334625
E06,BTR,BRK96,1788969600000,funding,0.05367,23786.2819966184,-0.06383048773792548,0.0,1,-0.06383048773792548
E06,HYPE,BRK96,1788969600000,funding,84.97,40.95642315841861,-0.10951771716850801,0.0,-1,-0.10951771716850801
E07,BTC,MR,1788969600000,funding,78571.9,0.14641957842195671,0.8943570681941557,0.0,-1,0.8943570681941557
E08,XRP,MR,1788969600000,exit_signal,1.4246,3907.9245632775646,-29.70022668090969,4.4537834662761755,-1,0.0
E09,ETH,RSIDIV,1788969600000,funding,2489.13,1.7595152914477004,0.17571205137173673,0.0,-1,0.17571205137173673
E09,BTC,RSIDIV,1788969600000,funding,78571.9,0.1643257888667134,-1.0037314158629416,0.0,1,-1.0037314158629416
E10,BTR,RSIDIV,1788969600000,funding,0.05367,31025.60469978581,-0.08325721021187524,0.0,1,-0.08325721021187524
E07,BTC,MR,1788973200000,exit_signal,78571.9,0.14641957842195671,82.8734813868275,9.203571579049713,-1,0.0
E02,HYPE,BRK24,1788976800000,enter,87.0,35.96539203215087,0.0,2.503191285437701,1,0.0
E04,HYPE,BRK48,1788976800000,enter,87.0,34.02324156030822,0.0,2.3680176125974524,1,0.0
E06,HYPE,BRK96,1788976800000,exit,87.0,40.95642315841861,-156.4535364651588,2.8505670518259354,-1,0.0
E08,BTR,MR,1788980400000,enter,0.0562,23673.78234633791,0.0,1.0643732542913524,-1,0.0
E01,ETH,BRK24,1788984000000,enter,2467.92,1.825330216770262,0.0,3.6038151588573326,-1,0.0
E02,BTR,BRK24,1788984000000,funding,0.05692,27783.947492646963,-0.07907311456407326,0.0,1,-0.07907311456407326
E04,BTR,BRK48,1788984000000,funding,0.05692,16746.73312961976,-0.047661202486897834,0.0,1,-0.047661202486897834
E06,BTR,BRK96,1788984000000,funding,0.05692,23786.2819966184,-0.06769575856237596,0.0,1,-0.06769575856237596
E08,BTR,MR,1788984000000,funding,0.05692,23673.78234633791,0.0673755845576777,0.0,-1,0.0673755845576777
E10,BTR,RSIDIV,1788984000000,funding,0.05692,31025.60469978581,-0.08829887097559043,0.0,1,-0.08829887097559043
E07,ETH,MR,1788987600000,enter,2464.2,2.938231393283903,0.0,5.792311839464154,1,0.0
E07,SOL,MR,1788987600000,enter,102.29,58.50841833327414,0.0,4.78786088904849,1,0.0
E08,XRP,MR,1788987600000,enter,1.4007,3426.1206447633585,0.0,3.839173749696029,1,0.0
E02,HYPE,BRK24,1788994800000,exit,83.8,35.96539203215087,-115.0892545028829,2.4111198818353943,1,0.0
E02,BTR,BRK24,1788994800000,exit,0.052,27783.947492646963,135.30782428919068,1.1558122156941135,1,0.0
E02,XRP,BRK24,1788994800000,enter,1.3902,2384.010338771274,0.0,2.65140093836786,-1,0.0
E03,SOL,BRK48,1788994800000,enter,101.63,35.22807467971984,0.0,2.8641833837599417,-1,0.0
E04,HYPE,BRK48,1788994800000,exit,83.8,34.02324156030822,-108.87437299298641,2.2809181142030632,1,0.0
E04,BTR,BRK48,1788994800000,exit,0.04881,16746.73312961976,-93.61423819457441,0.6539264352453924,1,0.0
E04,XRP,BRK48,1788994800000,enter,1.3794,2199.010945372498,0.0,2.426652558437459,-1,0.0
E05,SOL,BRK96,1788994800000,enter,101.63,35.23035072083861,0.0,2.864368435007062,-1,0.0
E06,BTR,BRK96,1788994800000,exit,0.04632352223869907,23786.2819966184,-190.4443378299579,0.8814914904370559,1,0.0
E10,BTR,RSIDIV,1788994800000,target,0.061901714963184085,31025.60469978581,415.4860546999562,1.5364305109492526,1,0.0
E01,BTC,BRK24,1788998400000,funding,78263.4,0.07785851498928632,0.07781363874269977,0.0,-1,0.07781363874269977
E01,ETH,BRK24,1788998400000,funding,2466.87,1.825330216770262,-0.13450019974958197,0.0,-1,-0.13450019974958197
E02,XRP,BRK24,1788998400000,funding,1.3942,2384.010338771274,-0.3218755538342559,0.0,-1,-0.3218755538342559
E03,SOL,BRK48,1788998400000,funding,101.5,35.22807467971984,-0.4015812043288525,0.0,-1,-0.4015812043288525
E04,XRP,BRK48,1788998400000,funding,1.3942,2199.010945372498,-0.2968979850541125,0.0,-1,-0.2968979850541125
E05,SOL,BRK96,1788998400000,funding,101.5,35.23035072083861,-0.40160714997992447,0.0,-1,-0.40160714997992447
E07,ETH,MR,1788998400000,funding,2466.87,2.938231393283903,0.2165047757804783,0.0,1,0.2165047757804783
E07,SOL,MR,1788998400000,funding,101.5,58.50841833327414,0.6669646669955169,0.0,1,0.6669646669955169
E08,BTR,MR,1788998400000,funding,0.06091,23673.78234633791,0.07209850413577211,0.0,-1,0.07209850413577211
E08,XRP,MR,1788998400000,funding,1.3942,3426.1206447633585,0.46257537649965164,0.0,1,0.46257537649965164
E09,ETH,RSIDIV,1788998400000,funding,2466.87,1.7595152914477004,-0.1296506001970959,0.0,-1,-0.1296506001970959
E09,BTC,RSIDIV,1788998400000,funding,78263.4,0.1643257888667134,-0.1642310744398748,0.0,1,-0.1642310744398748
E02,BTR,BRK24,1789002000000,enter,0.06291,11296.118530894573,0.0,0.568511053422862,1,0.0
E04,BTR,BRK48,1789002000000,enter,0.06291,10419.56173747957,0.0,0.5243957031238717,1,0.0
E06,BTR,BRK96,1789002000000,enter,0.06291,10888.961856780861,0.0,0.5480196723280671,1,0.0
E08,BTR,MR,1789009200000,stop,0.06383658389827404,23673.78234633791,-180.7868250772883,1.2090027143531832,-1,0.0
E02,BTR,BRK24,1789012800000,funding,0.06969,11296.118530894573,-0.039361325020902144,0.0,1,-0.039361325020902144
E04,BTR,BRK48,1789012800000,funding,0.06969,10419.56173747957,-0.03630696287424756,0.0,1,-0.03630696287424756
E06,BTR,BRK96,1789012800000,funding,0.06969,10888.961856780861,-0.03794258758995291,0.0,1,-0.03794258758995291
E08,BTR,MR,1789016400000,enter,0.06969,12634.573927014028,0.0,0.7044027655788861,-1,0.0
E08,BTR,MR,1789023600000,exit_signal,0.05287,12634.573927014028,212.51353345237595,0.5343919388169853,-1,0.0
E01,BTC,BRK24,1789027200000,funding,78062.3,0.07785851498928632,0.2488865142028424,0.0,-1,0.2488865142028424
E01,ETH,BRK24,1789027200000,funding,2471.45,1.825330216770262,0.17837333688192558,0.0,-1,0.17837333688192558
E02,XRP,BRK24,1789027200000,funding,1.382,2384.010338771274,-0.01584751800615494,0.0,-1,-0.01584751800615494
E02,BTR,BRK24,1789027200000,funding,0.05312,11296.118530894573,-0.03000249081805599,0.0,1,-0.03000249081805599
E03,SOL,BRK48,1789027200000,funding,101.26,35.22807467971984,-0.25644563719629954,0.0,-1,-0.25644563719629954
E04,XRP,BRK48,1789027200000,funding,1.382,2199.010945372498,-0.01461774933848805,0.0,-1,-0.01461774933848805
E04,BTR,BRK48,1789027200000,funding,0.05312,10419.56173747957,-0.02767435597474574,0.0,1,-0.02767435597474574
E05,SOL,BRK96,1789027200000,funding,101.26,35.23035072083861,-0.25646220582289336,0.0,-1,-0.25646220582289336
E06,BTR,BRK96,1789027200000,funding,0.05312,10888.961856780861,-0.028921082691609968,0.0,1,-0.028921082691609968
E07,ETH,MR,1789027200000,funding,2471.45,2.938231393283903,-0.2871273007678716,0.0,1,-0.2871273007678716
E07,SOL,MR,1789027200000,funding,101.26,58.50841833327414,0.42591679384232156,0.0,1,0.42591679384232156
E08,XRP,MR,1789027200000,funding,1.382,3426.1206447633585,0.022774862896412843,0.0,1,0.022774862896412843
E09,ETH,RSIDIV,1789027200000,funding,2471.45,1.7595152914477004,0.1719418278110945,0.0,-1,0.1719418278110945
E09,BTC,RSIDIV,1789027200000,funding,78062.3,0.1643257888667134,-0.5252922277068393,0.0,1,-0.5252922277068393
E10,BTR,RSIDIV,1789030800000,enter,0.05312,20387.550614538126,0.0,0.8663893509154122,1,0.0
E06,XRP,BRK96,1789034400000,enter,1.3745,2469.503600461991,0.0,2.7154661590680056,-1,0.0
E02,BTR,BRK24,1789041600000,funding,0.0528,11296.118530894573,-0.029821752921561678,0.0,1,-0.029821752921561678
E04,BTR,BRK48,1789041600000,funding,0.0528,10419.56173747957,-0.027507642986946065,0.0,1,-0.027507642986946065
E06,BTR,BRK96,1789041600000,funding,0.0528,10888.961856780861,-0.028746859301901472,0.0,1,-0.028746859301901472
E10,BTR,RSIDIV,1789041600000,funding,0.0528,20387.550614538126,-0.053823133622380656,0.0,1,-0.053823133622380656
E02,BTR,BRK24,1789045200000,exit,0.05027,11296.118530894573,-142.7829382305073,0.4542847028384562,1,0.0
E02,HYPE,BRK24,1789045200000,enter,82.09,33.69011696721776,0.0,2.212497361471125,-1,0.0
E03,BTC,BRK48,1789045200000,enter,77579.4,0.07775608823608376,0.0,4.825816537361949,-1,0.0
E05,BTC,BRK96,1789045200000,enter,77579.4,0.07776111195809154,0.0,4.826128327233254,-1,0.0
E07,SOL,MR,1789045200000,stop,98.77210487449082,58.50841833327414,-205.8264796558773,4.623199705323788,1,0.0
E08,XRP,MR,1789045200000,stop,1.3479386107009437,3426.1206447633585,-180.76688512389362,3.6945602415969145,1,0.0
E09,BTC,RSIDIV,1789045200000,stop,77214.49691985857,0.1643257888667134,-199.01546904314705,10.150666494641738,1,0.0
E07,BTC,MR,1789048800000,enter,76867.9,0.11524320744459354,0.0,7.086802676424217,1,0.0
E08,HYPE,MR,1789048800000,enter,80.67,44.86577747790694,0.0,2.8954578153142023,1,0.0
E01,BTC,BRK24,1789056000000,funding,77224.0,0.07785851498928632,0.4591180096226329,0.0,-1,0.4591180096226329
E01,ETH,BRK24,1789056000000,funding,2440.01,1.825330216770262,-0.39055582500101277,0.0,-1,-0.39055582500101277
E02,XRP,BRK24,1789056000000,funding,1.3559,2384.010338771274,-0.08469096600050723,0.0,-1,-0.08469096600050723
E02,HYPE,BRK24,1789056000000,funding,80.64,33.69011696721776,0.166999915351574,0.0,-1,0.166999915351574
E03,SOL,BRK48,1789056000000,funding,99.68,35.22807467971984,-0.13364900246387446,0.0,-1,-0.13364900246387446
E03,BTC,BRK48,1789056000000,funding,77224.0,0.07775608823608376,0.4585140170205529,0.0,-1,0.4585140170205529
E04,XRP,BRK48,1789056000000,funding,1.3559,2199.010945372498,-0.07811894024976095,0.0,-1,-0.07811894024976095
E04,BTR,BRK48,1789056000000,funding,0.04802,10419.56173747957,-0.025017367731688448,0.0,1,-0.025017367731688448
E05,SOL,BRK96,1789056000000,funding,99.68,35.23035072083861,-0.13365763735601252,0.0,-1,-0.13365763735601252
E05,BTC,BRK96,1789056000000,funding,77224.0,0.07776111195809154,0.45854364102827283,0.0,-1,0.45854364102827283
E06,BTR,BRK96,1789056000000,funding,0.04802,10888.961856780861,-0.02614439741813085,0.0,1,-0.02614439741813085
E06,XRP,BRK96,1789056000000,funding,1.3559,2469.503600461991,-0.08772807821490004,0.0,-1,-0.08772807821490004
E07,ETH,MR,1789056000000,funding,2440.01,2.938231393283903,0.6286771430751484,0.0,1,0.6286771430751484
E07,BTC,MR,1789056000000,funding,77224.0,0.11524320744459354,-0.6795689852519106,0.0,1,-0.6795689852519106
E08,HYPE,MR,1789056000000,funding,80.64,44.86577747790694,-0.22239700290395803,0.0,1,-0.22239700290395803
E09,ETH,RSIDIV,1789056000000,funding,2440.01,1.7595152914477004,-0.3764737689321582,0.0,-1,-0.3764737689321582
E10,BTR,RSIDIV,1789056000000,funding,0.04802,20387.550614538126,-0.048950509025506045,0.0,1,-0.048950509025506045
E07,ETH,MR,1789066800000,exit_signal,2464.96,2.938231393283903,2.2330558588964076,5.794098284151271,1,0.0
E04,BTR,BRK48,1789070400000,funding,0.04971,10419.56173747957,-0.02589782069850547,0.0,1,-0.02589782069850547
E06,BTR,BRK96,1789070400000,funding,0.04971,10888.961856780861,-0.027064514695028827,0.0,1,-0.027064514695028827
E10,BTR,RSIDIV,1789070400000,funding,0.04971,20387.550614538126,-0.050673257052434514,0.0,1,-0.050673257052434514
E01,BTC,BRK24,1789084800000,funding,76535.2,0.07785851498928632,0.3033684653053326,0.0,-1,0.3033684653053326
E01,ETH,BRK24,1789084800000,funding,2437.05,1.825330216770262,0.0008451999909081939,0.0,-1,0.0008451999909081939
E02,XRP,BRK24,1789084800000,funding,1.3337,2384.010338771274,-0.04511787961534513,0.0,-1,-0.04511787961534513
E02,HYPE,BRK24,1789084800000,funding,78.54,33.69011696721776,-0.12169054196597696,0.0,-1,-0.12169054196597696
E03,SOL,BRK48,1789084800000,funding,98.61,35.22807467971984,-0.14673502036162142,0.0,-1,-0.14673502036162142
E03,BTC,BRK48,1789084800000,funding,76535.2,0.07775608823608376,0.3029693689838892,0.0,-1,0.3029693689838892
E04,XRP,BRK48,1789084800000,funding,1.3337,2199.010945372498,-0.04161672854039644,0.0,-1,-0.04161672854039644
E04,BTR,BRK48,1789084800000,funding,0.04835,10419.56173747957,-0.02518929050035686,0.0,1,-0.02518929050035686
E05,SOL,BRK96,1789084800000,funding,98.61,35.23035072083861,-0.14674450072473924,0.0,-1,-0.14674450072473924
E05,BTC,BRK96,1789084800000,funding,76535.2,0.07776111195809154,0.3029889434496471,0.0,-1,0.3029889434496471
E06,BTR,BRK96,1789084800000,funding,0.04835,10888.961856780861,-0.02632406528876773,0.0,1,-0.02632406528876773
E06,XRP,BRK96,1789084800000,funding,1.3337,2469.503600461991,-0.04673585694797408,0.0,-1,-0.04673585694797408
E07,BTC,MR,1789084800000,funding,76535.2,0.11524320744459354,-0.449034443877349,0.0,1,-0.449034443877349
E08,HYPE,MR,1789084800000,funding,78.54,44.86577747790694,0.16205763792165015,0.0,1,0.16205763792165015
E09,ETH,RSIDIV,1789084800000,funding,2437.05,1.7595152914477004,0.0008147250807942976,0.0,-1,0.0008147250807942976
E10,BTR,RSIDIV,1789084800000,funding,0.04835,20387.550614538126,-0.04928690361064592,0.0,1,-0.04928690361064592
E04,BTR,BRK48,1789088400000,exit,0.04771,10419.56173747957,-158.37733840968937,0.3976938323961202,1,0.0
E07,SOL,MR,1789088400000,enter,98.61,57.22131407275561,0.0,4.514075024571545,1,0.0
E08,XRP,MR,1789088400000,enter,1.3337,3453.3827732543155,0.0,3.684621283751425,1,0.0
E06,BTR,BRK96,1789099200000,funding,0.05076,10888.961856780861,-0.027636185192509825,0.0,1,-0.027636185192509825
E10,BTR,RSIDIV,1789099200000,funding,0.05076,20387.550614538126,-0.051743603459697765,0.0,1,-0.051743603459697765
E01,BTC,BRK24,1789110000000,exit,77320.0,0.07785851498928632,70.75781842226364,4.816016303177295,-1,0.0
E01,ETH,BRK24,1789113600000,exit,2471.31,1.825330216770262,-6.187869434850956,3.608765454405213,-1,0.0
E02,XRP,BRK24,1789113600000,exit,1.358,2384.010338771274,76.76513290843504,2.5899888320411124,-1,0.0
E02,HYPE,BRK24,1789113600000,funding,79.81,33.69011696721776,-0.05253931291490231,0.0,-1,-0.05253931291490231
E03,SOL,BRK48,1789113600000,funding,99.69,35.22807467971984,0.0018612999853552736,0.0,-1,0.0018612999853552736
E03,BTC,BRK48,1789113600000,funding,77180.8,0.07775608823608376,0.12032560575337725,0.0,-1,0.12032560575337725
E04,XRP,BRK48,1789113600000,funding,1.3506,2199.010945372498,-0.10816682393830789,0.0,-1,-0.10816682393830789
E05,SOL,BRK96,1789113600000,funding,99.69,35.23035072083861,0.0018614202415810125,0.0,-1,0.0018614202415810125
E05,BTC,BRK96,1789113600000,funding,77180.8,0.07776111195809154,0.1203333798377922,0.0,-1,0.1203333798377922
E06,BTR,BRK96,1789113600000,funding,0.05501,10888.961856780861,-0.02995008958707576,0.0,1,-0.02995008958707576
E06,XRP,BRK96,1789113600000,funding,1.3506,2469.503600461991,-0.12147204711659201,0.0,-1,-0.12147204711659201
E07,BTC,MR,1789113600000,funding,77180.8,0.11524320744459354,-0.17833598705005071,0.0,1,-0.17833598705005071
E07,SOL,MR,1789113600000,funding,99.69,57.22131407275561,-0.003023328183953894,0.0,1,-0.003023328183953894
E08,HYPE,MR,1789113600000,funding,79.81,44.86577747790694,0.06996761466799965,0.0,1,0.06996761466799965
E08,XRP,MR,1789113600000,funding,1.3506,3453.3827732543155,0.1698679341329561,0.0,1,0.1698679341329561
E09,ETH,RSIDIV,1789113600000,funding,2466.46,1.7595152914477004,0.2996180028797723,0.0,-1,0.2996180028797723
E10,BTR,RSIDIV,1789113600000,funding,0.05501,20387.550614538126,-0.056075957965287124,0.0,1,-0.056075957965287124
E01,ETH,BRK24,1789117200000,enter,2476.97,2.0279415701422656,0.0,4.018520344796229,1,0.0
E02,BTR,BRK24,1789117200000,enter,0.05563,11114.361652514164,0.0,0.49463355098349043,1,0.0
E07,BTC,MR,1789120800000,exit_signal,77328.7,0.11524320744459354,53.10406999046904,7.129285932416593,1,0.0
E07,SOL,MR,1789120800000,exit_signal,99.88,57.22131407275561,72.6710688723994,4.572211879669464,1,0.0
E02,XRP,BRK24,1789128000000,enter,1.3282,2702.5014814210404,0.0,2.871569974098741,-1,0.0
E02,BTR,BRK24,1789128000000,funding,0.05205,11114.361652514164,-0.028925126200668113,0.0,1,-0.028925126200668113
E06,BTR,BRK96,1789128000000,funding,0.05205,10888.961856780861,-0.028338523232272192,0.0,1,-0.028338523232272192
E10,BTR,RSIDIV,1789128000000,funding,0.05205,20387.550614538126,-0.05305860047433548,0.0,1,-0.05305860047433548
E01,ETH,BRK24,1789131600000,exit,2436.31,2.0279415701422656,-82.45610424198422,3.952555461402643,1,0.0
E01,BTC,BRK24,1789131600000,enter,77960.0,0.084723567902719,0.0,5.2840394829567785,1,0.0
E01,SOL,BRK24,1789131600000,enter,101.47,39.14863188334251,0.0,3.1779293417622116,1,0.0
E02,XRP,BRK24,1789131600000,exit,1.359,2702.5014814210404,-83.23704562776787,2.9381596106009553,-1,0.0
E02,HYPE,BRK24,1789131600000,exit,80.39,33.69011696721776,57.27319884427029,2.166678802395709,-1,0.0
E03,BTC,BRK48,1789131600000,exit,77960.0,0.07775608823608376,-29.593967182653934,4.849491711108072,-1,0.0
E03,SOL,BRK48,1789131600000,exit,101.47,35.22807467971984,5.636491948755054,2.8596741902009377,-1,0.0
E02,XRP,BRK24,1789135200000,enter,1.3707,2305.3339067195657,0.0,2.527936948752407,1,0.0
E03,ETH,BRK48,1789135200000,enter,2520.62,1.6698154545671469,0.0,3.367176184872833,1,0.0
E03,SOL,BRK48,1789135200000,enter,104.64,32.7283930516531,0.0,2.7397592391399845,1,0.0
E04,XRP,BRK48,1789135200000,exit,1.3707,2199.010945372498,19.13139522474058,2.4113474422576666,-1,0.0
E05,SOL,BRK96,1789135200000,exit,104.64,35.23035072083861,-106.04335566972439,2.9492031195428416,-1,0.0
E05,ETH,BRK96,1789135200000,enter,2522.73,1.655940665896897,0.0,3.3419929568624633,1,0.0
E07,BTC,MR,1789135200000,enter,77989.5,0.11307298279481866,0.0,7.054804313341208,-1,0.0
E07,ETH,MR,1789135200000,enter,2510.39,2.7581352615282033,0.0,5.539196143350229,-1,0.0
E07,ETH,MR,1789135200000,same_bar_stop,2584.1230360430213,2.7581352615282033,-203.36568664978742,5.701888692670059,-1,0.0
E08,XRP,MR,1789135200000,exit_signal,1.3657,3453.3827732543155,110.50824874413743,3.7730278827467347,1,0.0
E08,HYPE,MR,1789135200000,exit_signal,81.96,44.86577747790694,57.876852946499596,2.941759297671402,1,0.0
E09,ETH,RSIDIV,1789135200000,stop,2567.6968346662793,1.7595152914477004,-199.04839546839395,3.614321475517741,-1,0.0
E04,XRP,BRK48,1789138800000,enter,1.4326,1827.0462749439587,0.0,2.0939411947877726,1,0.0
E05,BTC,BRK96,1789138800000,exit,79392.1,0.07776111195809154,-140.95756764643346,4.9388943813504005,-1,0.0
E05,SOL,BRK96,1789138800000,enter,105.15,27.788799273621926,0.0,2.3375937948970766,1,0.0
E06,XRP,BRK96,1789138800000,exit,1.4326,2469.503600461991,-143.47815918684176,2.830248686417479,-1,0.0
E07,SOL,MR,1789138800000,enter,104.83,46.05879195429877,0.0,3.8626745284553126,-1,0.0
E07,BTC,MR,1789138800000,stop,79789.28256260681,0.11307298279481866,-203.50678273605422,7.217609739530052,-1,0.0
E01,BTC,BRK24,1789142400000,funding,77686.0,0.084723567902719,-0.368714402082997,0.0,1,-0.368714402082997
E01,SOL,BRK24,1789142400000,funding,101.56,39.14863188334251,-0.16909651784969346,0.0,1,-0.16909651784969346
E02,BTR,BRK24,1789142400000,exit,0.04956,11114.361652514164,-67.46417523076097,0.44066221079888157,1,0.0
E02,XRP,BRK24,1789142400000,funding,1.3737,2305.3339067195657,-0.10615238253038556,0.0,1,-0.10615238253038556
E03,ETH,BRK48,1789142400000,funding,2557.51,1.6698154545671469,-0.4270569723210024,0.0,1,-0.4270569723210024
E03,SOL,BRK48,1789142400000,funding,101.56,32.7283930516531,-0.14136527979680005,0.0,1,-0.14136527979680005
E04,XRP,BRK48,1789142400000,funding,1.3737,1827.0462749439587,-0.08412894744369008,0.0,1,-0.08412894744369008
E05,ETH,BRK96,1789142400000,funding,2557.51,1.655940665896897,-0.42350848124379736,0.0,1,-0.42350848124379736
E05,SOL,BRK96,1789142400000,funding,101.56,27.788799273621926,-0.12002946121836121,0.0,1,-0.12002946121836121
E06,BTR,BRK96,1789142400000,funding,0.04972,10888.961856780861,-0.027069959175957222,0.0,1,-0.027069959175957222
E07,ETH,MR,1789142400000,enter,2607.06,1.8263179808663865,0.0,3.8090564441580175,-1,0.0
E07,SOL,MR,1789142400000,funding,101.56,46.05879195429877,0.19894389563966614,0.0,-1,0.19894389563966614
E07,ETH,MR,1789142400000,funding,2557.51,1.8263179808663865,0.4670826499245593,0.0,-1,0.4670826499245593
E08,XRP,MR,1789142400000,enter,1.3942,2681.7587854923113,0.0,2.9911264789867045,-1,0.0
E08,HYPE,MR,1789142400000,enter,82.88,39.85368411874526,0.0,2.6424586718092855,-1,0.0
E08,XRP,MR,1789142400000,funding,1.3737,2681.7587854923113,0.123485402102504,0.0,-1,0.123485402102504
E08,HYPE,MR,1789142400000,funding,81.93,39.85368411874526,-0.06269207692509694,0.0,-1,-0.06269207692509694
E10,BTR,RSIDIV,1789142400000,funding,0.04972,20387.550614538126,-0.05068345082774179,0.0,1,-0.05068345082774179
E06,BTR,BRK96,1789156800000,funding,0.05235,10888.961856780861,-0.028501857660123905,0.0,1,-0.028501857660123905
E08,XRP,MR,1789156800000,exit_signal,1.3516,2681.7587854923113,114.24292426197297,2.8997321395771265,-1,0.0
E08,HYPE,MR,1789156800000,exit_signal,79.89,39.85368411874526,119.16251551504811,2.547128659397247,-1,0.0
E10,BTR,RSIDIV,1789156800000,funding,0.05235,20387.550614538126,-0.05336441373355355,0.0,1,-0.05336441373355355
E01,BTC,BRK24,1789171200000,funding,77178.6,0.084723567902719,-0.014320073523443569,0.0,1,-0.014320073523443569
E01,SOL,BRK24,1789171200000,funding,102.41,39.14863188334251,-0.24295821030509027,0.0,1,-0.24295821030509027
E02,XRP,BRK24,1789171200000,funding,1.3556,2305.3339067195657,-0.12387938592614006,0.0,1,-0.12387938592614006
E03,ETH,BRK48,1789171200000,funding,2515.43,1.6698154545671469,0.10110131460538585,0.0,1,0.10110131460538585
E03,SOL,BRK48,1789171200000,funding,102.41,32.7283930516531,-0.20311391278463953,0.0,1,-0.20311391278463953
E04,XRP,BRK48,1789171200000,funding,1.3556,1827.0462749439587,-0.09817812939764815,0.0,1,-0.09817812939764815
E05,ETH,BRK96,1789171200000,funding,2515.43,1.655940665896897,0.10026124609925395,0.0,1,0.10026124609925395
E05,SOL,BRK96,1789171200000,funding,102.41,27.788799273621926,-0.17245856657686426,0.0,1,-0.17245856657686426
E06,BTR,BRK96,1789171200000,funding,0.0524,10888.961856780861,-0.028529080064765858,0.0,1,-0.028529080064765858
E07,SOL,MR,1789171200000,funding,102.41,46.05879195429877,0.2858429815728081,0.0,-1,0.2858429815728081
E07,ETH,MR,1789171200000,funding,2515.43,1.8263179808663865,-0.11057697917936038,0.0,-1,-0.11057697917936038
E10,BTR,RSIDIV,1789171200000,funding,0.0524,20387.550614538126,-0.0534153826100899,0.0,1,-0.0534153826100899
E09,BTC,RSIDIV,1789174800000,enter,77178.6,0.10798397714309109,0.0,6.667241742668617,1,0.0
E09,SOL,RSIDIV,1789174800000,enter,102.41,33.36711876454681,0.0,2.7337013061417914,1,0.0
E10,XRP,RSIDIV,1789174800000,enter,1.3556,3763.239348491698,0.0,4.081157808652277,1,0.0
E06,BTR,BRK96,1789185600000,funding,0.05059,10888.961856780861,-0.02754362901672719,0.0,1,-0.02754362901672719
E10,BTR,RSIDIV,1789185600000,funding,0.05059,20387.550614538126,-0.051570309279474195,0.0,1,-0.051570309279474195
E02,HYPE,BRK24,1789189200000,enter,78.5,28.242475642947866,0.0,1.7736274703771262,-1,0.0
E07,ETH,MR,1789189200000,exit_signal,2512.06,1.8263179808663865,173.50020818230672,3.670256277612172,-1,0.0
E01,BTC,BRK24,1789200000000,funding,77234.3,0.084723567902719,-0.10135982898266434,0.0,1,-0.10135982898266434
E01,SOL,BRK24,1789200000000,funding,101.61,39.14863188334251,-0.20346920064183804,0.0,1,-0.20346920064183804
E02,XRP,BRK24,1789200000000,funding,1.3686,2305.3339067195657,0.12989464297159747,0.0,1,0.12989464297159747
E02,HYPE,BRK24,1789200000000,funding,79.06,28.242475642947866,0.05334278947027854,0.0,-1,0.05334278947027854
E03,ETH,BRK48,1789200000000,funding,2523.05,1.6698154545671469,0.016599329857623822,0.0,1,0.016599329857623822
E03,SOL,BRK48,1789200000000,funding,101.61,32.7283930516531,-0.17010096271959885,0.0,1,-0.17010096271959885
E04,XRP,BRK48,1789200000000,funding,1.3686,1827.0462749439587,0.10294540104784139,0.0,1,0.10294540104784139
E05,ETH,BRK96,1789200000000,funding,2523.05,1.655940665896897,0.016461403122539197,0.0,1,0.016461403122539197
E05,SOL,BRK96,1789200000000,funding,101.61,27.788799273621926,-0.14442815758795782,0.0,1,-0.14442815758795782
E06,BTR,BRK96,1789200000000,funding,0.05069,10888.961856780861,-0.02759807382601109,0.0,1,-0.02759807382601109
E07,SOL,MR,1789200000000,funding,101.61,46.05879195429877,0.23938373145186267,0.0,-1,0.23938373145186267
E09,BTC,RSIDIV,1789200000000,funding,77234.3,0.10798397714309109,-0.1291876360620123,0.0,1,-0.1291876360620123
E09,SOL,RSIDIV,1789200000000,funding,101.61,33.36711876454681,-0.17342064476159552,0.0,1,-0.17342064476159552
E10,BTR,RSIDIV,1789200000000,funding,0.05069,20387.550614538126,-0.051672247032546886,0.0,1,-0.051672247032546886
E10,XRP,RSIDIV,1789200000000,funding,1.3686,3763.239348491698,0.21204070705947403,0.0,1,0.21204070705947403
E02,HYPE,BRK24,1789214400000,exit,79.9,28.242475642947866,-39.539465900127176,1.805259043097228,-1,0.0
E06,BTR,BRK96,1789214400000,funding,0.05035,10888.961856780861,-0.027412961474445816,0.0,1,-0.027412961474445816
E10,BTR,RSIDIV,1789214400000,funding,0.05035,20387.550614538126,-0.05132565867209973,0.0,1,-0.05132565867209973
E07,SOL,MR,1789221600000,exit_signal,102.01,46.05879195429877,129.88579331112223,3.758765893806414,-1,0.0
E01,BTC,BRK24,1789228800000,funding,77350.1,0.084723567902719,-0.2498802440244722,0.0,1,-0.2498802440244722
E01,SOL,BRK24,1789228800000,funding,102.01,39.14863188334251,-0.1265157254091383,0.0,1,-0.1265157254091383
E02,BTR,BRK24,1789228800000,enter,0.04924,18563.137708323222,0.0,0.7312391206062684,-1,0.0
E02,XRP,BRK24,1789228800000,funding,1.3716,2305.3339067195657,-0.19367225417046408,0.0,1,-0.19367225417046408
E02,BTR,BRK24,1789228800000,funding,0.04941,18563.137708323222,0.045860231708412524,0.0,-1,0.045860231708412524
E03,ETH,BRK48,1789228800000,funding,2533.87,1.6698154545671469,-0.2923686842532063,0.0,1,-0.2923686842532063
E03,SOL,BRK48,1789228800000,funding,102.01,32.7283930516531,-0.10576758852630853,0.0,1,-0.10576758852630853
E04,XRP,BRK48,1789228800000,funding,1.3716,1827.0462749439587,-0.15349107108117943,0.0,1,-0.15349107108117943
E05,ETH,BRK96,1789228800000,funding,2533.87,1.655940665896897,-0.2899393417191453,0.0,1,-0.2899393417191453
E05,SOL,BRK96,1789228800000,funding,102.01,27.788799273621926,-0.08980441791242084,0.0,1,-0.08980441791242084
E06,BTR,BRK96,1789228800000,funding,0.04941,10888.961856780861,-0.026901180267177117,0.0,1,-0.026901180267177117
E09,BTC,RSIDIV,1789228800000,funding,77350.1,0.10798397714309109,-0.31848354864175493,0.0,1,-0.31848354864175493
E09,SOL,RSIDIV,1789228800000,funding,102.01,33.36711876454681,-0.1078317435942306,0.0,1,-0.1078317435942306
E10,BTR,RSIDIV,1789228800000,funding,0.04941,20387.550614538126,-0.05036744379321645,0.0,1,-0.05036744379321645
E10,XRP,RSIDIV,1789228800000,funding,1.3716,3763.239348491698,-0.31615161928646174,0.0,1,-0.31615161928646174
E01,BTC,BRK24,1789236000000,exit,77130.1,0.084723567902719,-70.312089002466,5.227789811754806,1,0.0
E01,SOL,BRK24,1789243200000,exit,101.51,39.14863188334251,1.5659452753339451,3.179182097982479,1,0.0
E02,XRP,BRK24,1789243200000,exit,1.3621,2305.3339067195657,-19.82587159778813,2.5120762514741766,1,0.0
E02,BTR,BRK24,1789243200000,funding,0.05021,18563.137708323222,0.04660275721674545,0.0,-1,0.04660275721674545
E06,BTR,BRK96,1789243200000,funding,0.05021,10888.961856780861,-0.02733673874144835,0.0,1,-0.02733673874144835
E10,BTR,RSIDIV,1789243200000,funding,0.05021,20387.550614538126,-0.05118294581779797,0.0,1,-0.05118294581779797
E07,SOL,MR,1789246800000,enter,101.21,69.99010913707335,0.0,5.666959156610554,1,0.0
E02,BTR,BRK24,1789257600000,funding,0.04971,18563.137708323222,0.04613867877403737,0.0,-1,0.04613867877403737
E03,ETH,BRK48,1789257600000,funding,2524.87,1.6698154545671469,-0.16986533728548223,0.0,1,-0.16986533728548223
E03,SOL,BRK48,1789257600000,funding,101.71,32.7283930516531,-0.12799254676255584,0.0,1,-0.12799254676255584
E04,XRP,BRK48,1789257600000,funding,1.3655,1827.0462749439587,0.04767623356601149,0.0,1,0.04767623356601149
E05,ETH,BRK96,1789257600000,funding,2524.87,1.655940665896897,-0.16845389648776382,0.0,1,-0.16845389648776382
E05,SOL,BRK96,1789257600000,funding,101.71,27.788799273621926,-0.1086750328649173,0.0,1,-0.1086750328649173
E06,BTR,BRK96,1789257600000,funding,0.04971,10888.961856780861,-0.027064514695028827,0.0,1,-0.027064514695028827
E07,SOL,MR,1789257600000,funding,101.71,69.99010913707335,-0.273713784312755,0.0,1,-0.273713784312755
E09,BTC,RSIDIV,1789257600000,funding,77244.7,0.10798397714309109,-0.47719947527885814,0.0,1,-0.47719947527885814
E09,SOL,RSIDIV,1789257600000,funding,101.71,33.36711876454681,-0.13049044302489204,0.0,1,-0.13049044302489204
E10,BTR,RSIDIV,1789257600000,funding,0.04971,20387.550614538126,-0.050673257052434514,0.0,1,-0.050673257052434514
E10,XRP,RSIDIV,1789257600000,funding,1.3655,3763.239348491698,0.09820062064328305,0.0,1,0.09820062064328305
E06,BTR,BRK96,1789268400000,exit,0.04776,10888.961856780861,-164.96777213023,0.41604545462388315,1,0.0
E07,SOL,MR,1789268400000,exit_signal,102.25,69.99010913707335,72.78971350255672,5.7251909274126,1,0.0
E02,BTR,BRK24,1789272000000,exit,0.05095,18563.137708323222,-31.74296548123277,0.7566334929912546,-1,0.0
E08,BTR,MR,1789272000000,enter,0.04831,32999.83621209583,0.0,1.2753776699250798,1,0.0
E08,BTR,MR,1789272000000,funding,0.04836,32999.83621209583,-0.07979360396084773,0.0,1,-0.07979360396084773
E10,BTR,RSIDIV,1789272000000,funding,0.04836,20387.550614538126,-0.04929709738595319,0.0,1,-0.04929709738595319
E01,BTC,BRK24,1789282800000,enter,77022.6,0.1334184768460587,0.0,8.220990379778595,-1,0.0
E01,ETH,BRK24,1789282800000,enter,2508.8,2.478761407966783,0.0,4.974973296245652,-1,0.0
E02,XRP,BRK24,1789282800000,enter,1.3601,3816.018068486348,0.0,4.1521329399586255,-1,0.0
E03,ETH,BRK48,1789282800000,exit,2508.8,1.6698154545671469,-19.73721867298319,3.3513864099344466,1,0.0
E03,SOL,BRK48,1789282800000,exit,101.15,32.7283930516531,-114.22209175026916,2.648381565739769,1,0.0
E04,XRP,BRK48,1789282800000,exit,1.3601,1827.0462749439587,-132.46085493343702,1.9879725108410229,1,0.0
E01,BTC,BRK24,1789286400000,funding,77082.9,0.1334184768460587,0.4426355450060686,0.0,-1,0.4426355450060686
E01,ETH,BRK24,1789286400000,funding,2516.46,2.478761407966783,0.38361879186056363,0.0,-1,0.38361879186056363
E02,HYPE,BRK24,1789286400000,enter,78.62,45.368330102261076,0.0,2.853486490111813,-1,0.0
E02,XRP,BRK24,1789286400000,funding,1.3571,3816.018068486348,0.17037982617243888,0.0,-1,0.17037982617243888
E02,HYPE,BRK24,1789286400000,funding,78.52,45.368330102261076,0.14837068129657033,0.0,-1,0.14837068129657033
E05,ETH,BRK96,1789286400000,funding,2516.46,1.655940665896897,-0.2562771695583287,0.0,1,-0.2562771695583287
E05,SOL,BRK96,1789286400000,funding,100.67,27.788799273621926,-0.10373124152022425,0.0,1,-0.10373124152022425
E07,BTC,MR,1789286400000,enter,77083.6,0.21452074694374612,0.0,13.228825159290361,1,0.0
E07,ETH,MR,1789286400000,enter,2511.77,3.9840533182924145,0.0,8.00562048262987,1,0.0
E07,BTC,MR,1789286400000,funding,77082.9,0.21452074694374612,-0.7117043304887574,0.0,1,-0.7117043304887574
E07,ETH,MR,1789286400000,funding,2516.46,3.9840533182924145,-0.616581215021033,0.0,1,-0.616581215021033
E08,BTR,MR,1789286400000,exit_signal,0.0507,32999.83621209583,78.86960854690915,1.338473356762607,1,0.0
E09,BTC,RSIDIV,1789286400000,funding,77082.9,0.10798397714309109,-0.3582528275285655,0.0,1,-0.3582528275285655
E09,SOL,RSIDIV,1789286400000,funding,100.67,33.36711876454681,-0.12455423573067845,0.0,1,-0.12455423573067845
E10,BTR,RSIDIV,1789286400000,funding,0.05014,20387.550614538126,-0.05111158939064708,0.0,1,-0.05111158939064708
E10,XRP,RSIDIV,1789286400000,funding,1.3571,3763.239348491698,-0.16802333074267295,0.0,1,-0.16802333074267295
E04,HYPE,BRK48,1789290000000,enter,78.34,42.31536723222059,0.0,2.651988695177729,-1,0.0
E06,HYPE,BRK96,1789290000000,enter,78.04,44.10323524596879,0.0,2.753453182876324,-1,0.0
E08,XRP,MR,1789290000000,enter,1.3571,5896.707505296804,0.0,6.401937404350634,1,0.0
E08,HYPE,MR,1789290000000,enter,78.52,70.80657765174878,0.0,4.447785981772252,1,0.0
E10,BTR,RSIDIV,1789300800000,funding,0.05007,20387.550614538126,-0.051040232963496204,0.0,1,-0.051040232963496204
E03,ETH,BRK48,1789308000000,enter,2466.0,2.1723636576346825,0.0,4.285639023781702,-1,0.0
E04,XRP,BRK48,1789308000000,enter,1.3359,3400.8879111936476,0.0,3.634596928450876,-1,0.0
E05,ETH,BRK96,1789308000000,exit,2466.0,1.655940665896897,-93.941513976331,3.2668397456813985,1,0.0
E07,ETH,MR,1789308000000,stop,2461.1671926964464,3.9840533182924145,-201.6042823526344,7.844337056747763,1,0.0
E01,BTC,BRK24,1789315200000,funding,77100.1,0.1334184768460587,0.40724561932541414,0.0,-1,0.40724561932541414
E01,ETH,BRK24,1789315200000,funding,2489.67,2.478761407966783,0.041964825819094095,0.0,-1,0.041964825819094095
E02,XRP,BRK24,1789315200000,funding,1.3429,3816.018068486348,-0.6484581102441118,0.0,-1,-0.6484581102441118
E02,HYPE,BRK24,1789315200000,funding,77.94,45.368330102261076,0.10342822370897918,0.0,-1,0.10342822370897918
E03,ETH,BRK48,1789315200000,funding,2489.67,2.1723636576346825,0.036777586667022716,0.0,-1,0.036777586667022716
E04,HYPE,BRK48,1789315200000,funding,77.94,42.31536723222059,0.09646824687081872,0.0,-1,0.09646824687081872
E04,XRP,BRK48,1789315200000,funding,1.3429,3400.8879111936476,-0.5779148076516942,0.0,-1,-0.5779148076516942
E05,SOL,BRK96,1789315200000,funding,100.18,27.788799273621926,0.03780511635452302,0.0,1,0.03780511635452302
E06,HYPE,BRK96,1789315200000,funding,77.94,44.10323524596879,0.1005441300358211,0.0,-1,0.1005441300358211
E07,BTC,MR,1789315200000,exit_signal,77173.4,0.21452074694374612,19.263963075545906,13.244236329750796,1,0.0
E08,XRP,MR,1789315200000,funding,1.3429,5896.707505296804,1.0020308439115337,0.0,1,1.0020308439115337
E08,HYPE,MR,1789315200000,funding,77.94,70.80657765174878,-0.161420941368686,0.0,1,-0.161420941368686
E09,BTC,RSIDIV,1789315200000,funding,77100.1,0.10798397714309109,-0.3296095315163882,0.0,1,-0.3296095315163882
E09,SOL,RSIDIV,1789315200000,funding,100.18,33.36711876454681,0.04539410986736263,0.0,1,0.04539410986736263
E10,BTR,RSIDIV,1789315200000,funding,0.05063,20387.550614538126,-0.07030461914339399,0.0,1,-0.07030461914339399
E10,XRP,RSIDIV,1789315200000,funding,1.3429,3763.239348491698,0.6394893924826655,0.0,1,0.6394893924826655
E01,BTC,BRK24,1789318800000,exit,77289.8,0.1334184768460587,-35.6494170132665,8.249509913389208,-1,0.0
E08,XRP,MR,1789329600000,exit_signal,1.3577,5896.707505296804,3.538024503177693,6.4047678239531765,1,0.0
E10,BTR,RSIDIV,1789329600000,funding,0.0502,20387.550614538126,-0.0511727520424907,0.0,1,-0.0511727520424907
E02,XRP,BRK24,1789333200000,exit,1.3599,3816.018068486348,0.7632036136971856,4.151522377067669,-1,0.0
E02,HYPE,BRK24,1789333200000,exit,78.75,45.368330102261076,-5.897882913293734,2.8582047964424477,-1,0.0
E01,ETH,BRK24,1789336800000,exit,2514.89,2.478761407966783,-15.095656974516942,4.987049821825266,-1,0.0
E01,BTC,BRK24,1789336800000,enter,77399.6,0.12974349093725737,0.0,8.033675440917877,1,0.0
E08,HYPE,MR,1789336800000,exit_signal,78.88,70.80657765174878,25.490367954629523,4.468178276135955,1,0.0
E01,SOL,BRK24,1789340400000,enter,99.35,51.90129405189667,0.0,4.1251148512447475,-1,0.0
E03,SOL,BRK48,1789340400000,enter,99.35,50.92104577649012,0.0,4.0472047183154345,-1,0.0
E05,SOL,BRK96,1789340400000,exit,99.35,27.788799273621926,-161.1750357870075,2.208653766267471,1,0.0
E01,BTC,BRK24,1789344000000,funding,76789.0,0.12974349093725737,-0.3757995667529174,0.0,1,-0.3757995667529174
E01,SOL,BRK24,1789344000000,funding,99.21,51.90129405189667,-0.1731651538865459,0.0,-1,-0.1731651538865459
E03,ETH,BRK48,1789344000000,funding,2475.31,2.1723636576346825,0.2171880760744863,0.0,-1,0.2171880760744863
E03,SOL,BRK48,1789344000000,funding,99.21,50.92104577649012,-0.1698946218784602,0.0,-1,-0.1698946218784602
E04,HYPE,BRK48,1789344000000,funding,77.28,42.31536723222059,0.136102876347364,0.0,-1,0.136102876347364
E04,XRP,BRK48,1789344000000,funding,1.3401,3400.8879111936476,-0.009889839860845618,0.0,-1,-0.009889839860845618
E06,HYPE,BRK96,1789344000000,funding,77.28,44.10323524596879,0.14185336358442843,0.0,-1,0.14185336358442843
E09,BTC,RSIDIV,1789344000000,funding,76789.0,0.10798397714309109,-0.3127735467381158,0.0,1,-0.3127735467381158
E09,SOL,RSIDIV,1789344000000,funding,99.21,33.36711876454681,0.11132713280397007,0.0,1,0.11132713280397007
E10,BTR,RSIDIV,1789344000000,funding,0.05001,20387.550614538126,-0.05097907031165259,0.0,1,-0.05097907031165259
E10,XRP,RSIDIV,1789344000000,funding,1.3401,3763.239348491698,0.010943564000482783,0.0,1,0.010943564000482783
E01,BTC,BRK24,1789347600000,exit,76517.1,0.12974349093725737,-114.49863075212963,7.942076536316173,1,0.0
E01,BTC,BRK24,1789354800000,enter,77443.0,0.10682025478889964,0.0,6.617984793293403,1,0.0
E02,XRP,BRK24,1789354800000,enter,1.3699,3260.7856815238615,0.0,3.5735602440956304,1,0.0
E04,XRP,BRK48,1789354800000,exit,1.3699,3400.8879111936476,-115.63018898058337,3.727101079635342,-1,0.0
E02,HYPE,BRK24,1789358400000,enter,79.51,38.80614170240209,0.0,2.4683810614063924,1,0.0
E04,HYPE,BRK48,1789358400000,exit,79.51,42.31536723222059,-49.50897966169816,2.6915958789070875,-1,0.0
E04,XRP,BRK48,1789358400000,enter,1.3739,2757.375254059794,0.0,3.0306862892422006,1,0.0
E07,BTC,MR,1789358400000,enter,77582.8,0.1631365497054359,0.0,10.125272246789516,-1,0.0
E10,BTR,RSIDIV,1789358400000,funding,0.04987,20387.550614538126,-0.05083635745735082,0.0,1,-0.05083635745735082
E08,XRP,MR,1789362000000,enter,1.3721,4672.411707283036,0.0,5.128812882850443,-1,0.0
E08,HYPE,MR,1789362000000,enter,79.86,59.85920691885706,0.0,3.8242850116319405,-1,0.0
E01,SOL,BRK24,1789369200000,exit,101.59,51.90129405189667,-116.25889867624902,4.218121970185747,-1,0.0
E01,ETH,BRK24,1789369200000,enter,2521.99,2.0270219240698824,0.0,4.089703217828002,1,0.0
E03,ETH,BRK48,1789369200000,exit,2521.99,2.1723636576346825,-121.6306411909654,4.382943536734475,-1,0.0
E03,SOL,BRK48,1789369200000,exit,101.77,50.92104577649012,-123.22893077910618,4.14578786293872,-1,0.0
E03,BTC,BRK48,1789369200000,enter,77836.7,0.09923041481542345,0.0,6.179014423090936,1,0.0
E01,BTC,BRK24,1789372800000,funding,77850.5,0.10682025478889964,-0.6429107520752163,0.0,1,-0.6429107520752163
E01,ETH,BRK24,1789372800000,funding,2522.0,2.0270219240698824,-0.4209343727447994,0.0,1,-0.4209343727447994
E02,XRP,BRK24,1789372800000,funding,1.39,3260.7856815238615,-0.1974353557591794,0.0,1,-0.1974353557591794
E02,HYPE,BRK24,1789372800000,funding,79.92,38.80614170240209,-0.3101386844855975,0.0,1,-0.3101386844855975
E03,BTC,BRK48,1789372800000,funding,77850.5,0.09923041481542345,-0.5972303730579479,0.0,1,-0.5972303730579479
E04,XRP,BRK48,1789372800000,funding,1.39,2757.375254059794,-0.16695465983291402,0.0,1,-0.16695465983291402
E06,HYPE,BRK96,1789372800000,funding,79.92,44.10323524596879,0.35247305608578255,0.0,-1,0.35247305608578255
E07,BTC,MR,1789372800000,funding,77850.5,0.1631365497054359,0.9818572523473952,0.0,-1,0.9818572523473952
E08,XRP,MR,1789372800000,funding,1.39,4672.411707283036,0.28290705301725616,0.0,-1,0.28290705301725616
E08,HYPE,MR,1789372800000,funding,79.92,59.85920691885706,0.47839478169550564,0.0,-1,0.47839478169550564
E09,BTC,RSIDIV,1789372800000,funding,77850.5,0.10798397714309109,-0.6499147572184216,0.0,1,-0.6499147572184216
E09,SOL,RSIDIV,1789372800000,funding,101.55,33.36711876454681,-0.09379176760373968,0.0,1,-0.09379176760373968
E10,BTR,RSIDIV,1789372800000,funding,0.04995,20387.550614538126,-0.12624586025173035,0.0,1,-0.12624586025173035
E10,XRP,RSIDIV,1789372800000,funding,1.39,3763.239348491698,-0.22785812136821473,0.0,1,-0.22785812136821473
E10,BTR,RSIDIV,1789387200000,funding,0.05034,20387.550614538126,-0.05131546489679247,0.0,1,-0.05131546489679247
E04,HYPE,BRK48,1789390800000,enter,80.79,35.036842518365646,0.0,2.2645012056470084,1,0.0
E06,HYPE,BRK96,1789390800000,exit,80.79,44.10323524596879,-121.28389692641417,2.8504803004174555,-1,0.0
E01,BTC,BRK24,1789401600000,funding,78542.8,0.10682025478889964,-0.364208246419056,0.0,1,-0.364208246419056
E01,ETH,BRK24,1789401600000,funding,2507.39,2.0270219240698824,-0.19984525662625166,0.0,1,-0.19984525662625166
E02,XRP,BRK24,1789401600000,funding,1.4029,3260.7856815238615,-0.45745562326098255,0.0,1,-0.45745562326098255
E02,HYPE,BRK24,1789401600000,funding,79.83,38.80614170240209,-0.30978942921027586,0.0,1,-0.30978942921027586
E03,BTC,BRK48,1789401600000,funding,78542.8,0.09923041481542345,-0.33833036106104175,0.0,1,-0.33833036106104175
E04,XRP,BRK48,1789401600000,funding,1.4029,2757.375254059794,-0.38683217439204853,0.0,1,-0.38683217439204853
E04,HYPE,BRK48,1789401600000,funding,79.83,35.036842518365646,-0.27969911382411294,0.0,1,-0.27969911382411294
E07,BTC,MR,1789401600000,funding,78542.8,0.1631365497054359,0.5562210726092205,0.0,-1,0.5562210726092205
E08,XRP,MR,1789401600000,funding,1.4029,4672.411707283036,0.6554926384147371,0.0,-1,0.6554926384147371
E08,HYPE,MR,1789401600000,funding,79.83,59.85920691885706,0.4778560488332359,0.0,-1,0.4778560488332359
E09,BTC,RSIDIV,1789401600000,funding,78542.8,0.10798397714309109,-0.3681760077652194,0.0,1,-0.3681760077652194
E09,SOL,RSIDIV,1789401600000,funding,101.92,33.36711876454681,-0.10232937224148177,0.0,1,-0.10232937224148177
E10,BTR,RSIDIV,1789401600000,funding,0.05036,20387.550614538126,-0.05133585244740701,0.0,1,-0.05133585244740701
E10,XRP,RSIDIV,1789401600000,funding,1.4029,3763.239348491698,-0.5279448481999004,0.0,1,-0.5279448481999004
E03,ETH,BRK48,1789405200000,enter,2535.89,1.7962156850816238,0.0,3.6440043149133112,1,0.0
E07,BTC,MR,1789405200000,stop,78792.51680923214,0.1631365497054359,-197.34902637879986,10.283151467892555,-1,0.0
E08,XRP,MR,1789405200000,stop,1.4120873059035262,4672.411707283036,-186.83715624634323,5.278282607847518,-1,0.0
E06,XRP,BRK96,1789408800000,enter,1.4329,2397.4075821971746,0.0,2.7481962596242657,1,0.0
E07,SOL,MR,1789408800000,enter,102.55,65.80378923358701,0.0,5.398542868723478,-1,0.0
E07,BTC,MR,1789412400000,enter,78911.0,0.12765472995656854,0.0,8.058689916482225,-1,0.0
E08,XRP,MR,1789412400000,enter,1.4339,3671.2266388331245,0.0,4.211337501938254,-1,0.0
E10,XRP,RSIDIV,1789412400000,target,1.470348826111218,3763.239348491698,431.8272976149678,4.426619646744251,1,0.0
E10,BTR,RSIDIV,1789416000000,funding,0.0504,20387.550614538126,-0.05137662754863608,0.0,1,-0.05137662754863608
E08,XRP,MR,1789419600000,stop,1.4837072433305092,3671.2266388331245,-182.85367852180897,4.3576204447557005,-1,0.0
E01,BTC,BRK24,1789430400000,funding,78158.1,0.10682025478889964,-0.22174593821848088,0.0,1,-0.22174593821848088
E01,ETH,BRK24,1789430400000,funding,2514.19,2.0270219240698824,-0.13780444551453702,0.0,1,-0.13780444551453702
E02,XRP,BRK24,1789430400000,funding,1.4227,3260.7856815238615,-0.4639119789103998,0.0,1,-0.4639119789103998
E02,HYPE,BRK24,1789430400000,funding,80.31,38.80614170240209,-0.04755811412422985,0.0,1,-0.04755811412422985
E03,BTC,BRK48,1789430400000,funding,78158.1,0.09923041481542345,-0.20599034777196285,0.0,1,-0.20599034777196285
E03,ETH,BRK48,1789430400000,funding,2514.19,1.7962156850816238,-0.12211338395896594,0.0,1,-0.12211338395896594
E04,XRP,BRK48,1789430400000,funding,1.4227,2757.375254059794,-0.3922917773950869,0.0,1,-0.3922917773950869
E04,HYPE,BRK48,1789430400000,funding,80.31,35.036842518365646,-0.04293872263363816,0.0,1,-0.04293872263363816
E06,XRP,BRK96,1789430400000,funding,1.4227,2397.4075821971746,-0.3410791767191921,0.0,1,-0.3410791767191921
E07,SOL,MR,1789430400000,funding,102.48,65.80378923358701,0.3837767007686466,0.0,-1,0.3837767007686466
E07,BTC,MR,1789430400000,funding,78158.1,0.12765472995656854,0.2649957905285548,0.0,-1,0.2649957905285548
E08,HYPE,MR,1789430400000,funding,80.31,59.85920691885706,0.07335928977079104,0.0,-1,0.07335928977079104
E09,BTC,RSIDIV,1789430400000,funding,78158.1,0.10798397714309109,-0.2241616851736437,0.0,1,-0.2241616851736437
E09,SOL,RSIDIV,1789430400000,funding,102.48,33.36711876454681,-0.194601601256684,0.0,1,-0.194601601256684
E10,BTR,RSIDIV,1789430400000,funding,0.05014,20387.550614538126,-0.05111158939064708,0.0,1,-0.05111158939064708
E07,BTC,MR,1789437600000,exit_signal,77926.4,0.12765472995656854,125.68884711523813,7.958138838790035,-1,0.0
E08,BTR,MR,1789437600000,enter,0.04949,48834.457547427184,0.0,1.9334538432177373,1,0.0
E01,BTC,BRK24,1789444800000,exit,77711.1,0.10682025478889964,28.638510308904618,6.640895601540528,1,0.0
E01,ETH,BRK24,1789444800000,exit,2495.01,2.0270219240698824,-54.68905151140454,4.045951976618878,1,0.0
E07,SOL,MR,1789444800000,exit_signal,101.94,65.80378923358701,40.14031143248804,5.366430619577488,-1,0.0
E08,HYPE,MR,1789444800000,exit_signal,79.93,59.85920691885706,-4.190144484320436,3.827637127219397,-1,0.0
E08,BTR,MR,1789444800000,funding,0.05001,48834.457547427184,-0.12211056109734168,0.0,1,-0.12211056109734168
E10,BTR,RSIDIV,1789444800000,funding,0.05001,20387.550614538126,-0.05097907031165259,0.0,1,-0.05097907031165259
E02,HYPE,BRK24,1789448400000,exit,79.27,38.80614170240209,-9.313474008576854,2.4609302821995307,1,0.0
E01,BTC,BRK24,1789452000000,enter,77313.0,0.08121959581606521,0.0,5.0234644890619595,-1,0.0
E01,ETH,BRK24,1789452000000,enter,2486.0,1.5832456385618692,0.0,3.1487589259718454,-1,0.0
E02,XRP,BRK24,1789452000000,exit,1.4075,3260.7856815238615,122.60554162529745,3.6716446773958684,1,0.0
E02,HYPE,BRK24,1789452000000,enter,79.05,37.10857050944716,0.0,2.346745999017439,-1,0.0
E03,BTC,BRK48,1789452000000,exit,77313.0,0.09923041481542345,-51.96696823883698,6.1374408484998675,1,0.0
E03,ETH,BRK48,1789452000000,exit,2486.0,1.7962156850816238,-89.61320052872198,3.572313754490334,1,0.0
E04,HYPE,BRK48,1789452000000,exit,79.05,35.036842518365646,-60.96410598195654,2.2157299208614436,1,0.0
E01,BTC,BRK24,1789459200000,funding,76890.1,0.08121959581606521,0.07019360716944684,0.0,-1,0.07019360716944684
E01,ETH,BRK24,1789459200000,funding,2472.44,1.5832456385618692,-0.24864775985640727,0.0,-1,-0.24864775985640727
E02,HYPE,BRK24,1789459200000,funding,78.65,37.10857050944716,0.03689096585197976,0.0,-1,0.03689096585197976
E04,XRP,BRK48,1789459200000,funding,1.3935,2757.375254059794,-0.33352052975500557,0.0,1,-0.33352052975500557
E06,XRP,BRK96,1789459200000,funding,1.3935,2397.4075821971746,-0.289980352030725,0.0,1,-0.289980352030725
E08,BTR,MR,1789459200000,funding,0.04995,48834.457547427184,-0.12196405772469941,0.0,1,-0.12196405772469941
E09,BTC,RSIDIV,1789459200000,funding,76890.1,0.10798397714309109,-0.09332458252245308,0.0,1,-0.09332458252245308
E09,SOL,RSIDIV,1789459200000,funding,100.4,33.36711876454681,0.027704985647153332,0.0,1,0.027704985647153332
E10,BTR,RSIDIV,1789459200000,funding,0.04995,20387.550614538126,-0.05091790765980898,0.0,1,-0.05091790765980898
E07,BTC,MR,1789462800000,enter,76890.1,0.12912885586507947,0.0,7.942984512281238,1,0.0
E07,ETH,MR,1789462800000,enter,2472.44,2.582699355125213,0.0,5.108455354868626,1,0.0
E08,HYPE,MR,1789462800000,enter,78.65,53.10506771940879,0.0,3.3413708609052013,1,0.0
E08,BTR,MR,1789466400000,exit_signal,0.05038,48834.457547427184,43.46266721721029,1.9682239769915055,1,0.0
E10,BTR,RSIDIV,1789473600000,funding,0.05015,20387.550614538126,-0.05112178316595436,0.0,1,-0.05112178316595436
E03,BTC,BRK48,1789480800000,enter,76305.4,0.0793756349423774,0.0,4.8454316596256675,-1,0.0
E03,ETH,BRK48,1789480800000,enter,2460.65,1.614293067418964,0.0,3.177768189075579,-1,0.0
E05,BTC,BRK96,1789480800000,enter,76305.4,0.08011768393351276,0.0,4.890729535696212,-1,0.0
E05,ETH,BRK96,1789480800000,enter,2460.65,1.6293844054970108,0.0,3.207475789908976,-1,0.0
E02,XRP,BRK24,1789484400000,enter,1.3852,1865.0927054328258,0.0,2.0668211324524406,-1,0.0
E04,XRP,BRK48,1789484400000,exit,1.3852,2757.375254059794,31.158340370875912,3.0556129615389014,1,0.0
E04,HYPE,BRK48,1789484400000,enter,76.9,33.00130793186973,0.0,2.0302404639686262,-1,0.0
E06,HYPE,BRK96,1789484400000,enter,76.39,34.80022217366498,0.0,2.126711177477014,-1,0.0
E07,ETH,MR,1789484400000,stop,2396.6821687832858,2.582699355125213,-195.65970182909274,4.951927593405351,1,0.0
E08,BTR,MR,1789484400000,enter,0.05082,53172.91359413365,0.0,2.161797975083098,-1,0.0
E01,BTC,BRK24,1789488000000,funding,76476.9,0.08121959581606521,0.22454293809765274,0.0,-1,0.22454293809765274
E01,ETH,BRK24,1789488000000,funding,2423.18,1.5832456385618692,-0.2313019318452916,0.0,-1,-0.2313019318452916
E02,HYPE,BRK24,1789488000000,funding,77.24,37.10857050944716,-0.041933471377370087,0.0,-1,-0.041933471377370087
E02,XRP,BRK24,1789488000000,funding,1.3888,1865.0927054328258,0.19636615120482026,0.0,-1,0.19636615120482026
E03,BTC,BRK48,1789488000000,funding,76476.9,0.0793756349423774,0.21944505022767793,0.0,-1,0.21944505022767793
E03,ETH,BRK48,1789488000000,funding,2423.18,1.614293067418964,-0.2358377600822785,0.0,-1,-0.2358377600822785
E04,HYPE,BRK48,1789488000000,funding,77.24,33.00130793186973,-0.03729217759074095,0.0,-1,-0.03729217759074095
E05,BTC,BRK96,1789488000000,funding,76476.9,0.08011768393351276,0.22149654850229725,0.0,-1,0.22149654850229725
E05,ETH,BRK96,1789488000000,funding,2423.18,1.6293844054970108,-0.23804250681681133,0.0,-1,-0.23804250681681133
E06,XRP,BRK96,1789488000000,funding,1.3888,2397.4075821971746,-0.2524108846782836,0.0,1,-0.2524108846782836
E06,HYPE,BRK96,1789488000000,funding,77.24,34.80022217366498,-0.039324988820951506,0.0,-1,-0.039324988820951506
E07,SOL,MR,1789488000000,enter,98.81,57.275455861376514,0.0,4.527510234930091,1,0.0
E07,BTC,MR,1789488000000,funding,76476.9,0.12912885586507947,-0.3569947916854576,0.0,1,-0.3569947916854576
E07,SOL,MR,1789488000000,funding,99.3,57.275455861376514,0.3260047926064283,0.0,1,0.3260047926064283
E08,HYPE,MR,1789488000000,funding,77.24,53.10506771940879,0.06000985235036758,0.0,1,0.06000985235036758
E08,BTR,MR,1789488000000,funding,0.05086,53172.91359413365,0.13521871926988188,0.0,-1,0.13521871926988188
E09,BTC,RSIDIV,1789488000000,funding,76476.9,0.10798397714309109,-0.2985368155499168,0.0,1,-0.2985368155499168
E09,SOL,RSIDIV,1789488000000,funding,99.3,33.36711876454681,0.18992150248507364,0.0,1,0.18992150248507364
E10,BTR,RSIDIV,1789488000000,funding,0.05086,20387.550614538126,-0.05184554121277046,0.0,1,-0.05184554121277046
E04,XRP,BRK48,1789498800000,enter,1.3332,1505.0341447236342,0.0,1.6052092173964394,-1,0.0
E06,XRP,BRK96,1789498800000,exit,1.3612538800044205,2397.4075821971746,-171.76495131241106,2.6107842985743366,1,0.0
E07,BTC,MR,1789498800000,stop,75373.64141909273,0.12912885586507947,-195.81856151933835,7.786329663065768,1,0.0
E08,HYPE,MR,1789498800000,stop,75.28266060177894,53.10506771940879,-178.82278677676277,3.198312631483791,1,0.0
E09,BTC,RSIDIV,1789498800000,stop,75414.18182723482,0.10798397714309109,-190.52889163873067,6.514818629357633,1,0.0
E09,SOL,RSIDIV,1789498800000,stop,96.70391707005352,33.36711876454681,-190.3955468038773,2.5813848686986893,1,0.0
E07,ETH,MR,1789502400000,enter,2401.54,1.8538807494475587,0.0,3.561735020022632,1,0.0
E08,XRP,MR,1789502400000,enter,1.3245,1975.7210119284064,0.0,2.0934739842393397,1,0.0
E08,BTR,MR,1789502400000,funding,0.05152,53172.91359413365,0.4685039043013973,0.0,-1,0.4685039043013973
E10,BTR,RSIDIV,1789502400000,funding,0.05152,20387.550614538126,-0.17963369724218495,0.0,1,-0.17963369724218495
E06,XRP,BRK96,1789506000000,enter,1.2876,1226.9080583040025,0.0,1.2638134526977869,-1,0.0
E01,BTC,BRK24,1789516800000,funding,75608.0,0.08121959581606521,0.2870233851095499,0.0,-1,0.2870233851095499
E01,ETH,BRK24,1789516800000,funding,2396.84,1.5832456385618692,-0.1775580592275102,0.0,-1,-0.1775580592275102
E02,HYPE,BRK24,1789516800000,funding,76.93,37.10857050944716,0.28547623292917707,0.0,-1,0.28547623292917707
E02,XRP,BRK24,1789516800000,funding,1.2826,1865.0927054328258,0.021409902740693872,0.0,-1,0.021409902740693872
E03,BTC,BRK48,1789516800000,funding,75608.0,0.0793756349423774,0.2805069787342457,0.0,-1,0.2805069787342457
E03,ETH,BRK48,1789516800000,funding,2396.84,1.614293067418964,-0.18103997073738645,0.0,-1,-0.18103997073738645
E04,HYPE,BRK48,1789516800000,funding,76.93,33.00130793186973,0.25387906191987386,0.0,-1,0.25387906191987386
E04,XRP,BRK48,1789516800000,funding,1.2826,1505.0341447236342,0.017276693306501674,0.0,-1,0.017276693306501674
E05,BTC,BRK96,1789516800000,funding,75608.0,0.08011768393351276,0.28312931896153687,0.0,-1,0.28312931896153687
E05,ETH,BRK96,1789516800000,funding,2396.84,1.6293844054970108,-0.1827324362872794,0.0,-1,-0.1827324362872794
E06,HYPE,BRK96,1789516800000,funding,76.93,34.80022217366498,0.26771810918200467,0.0,-1,0.26771810918200467
E06,XRP,BRK96,1789516800000,funding,1.2826,1226.9080583040025,0.014084008866447386,0.0,-1,0.014084008866447386
E07,SOL,MR,1789516800000,funding,96.81,57.275455861376514,0.5035266372489589,0.0,1,0.5035266372489589
E07,ETH,MR,1789516800000,funding,2396.84,1.8538807494475587,0.20790928450632043,0.0,1,0.20790928450632043
E08,BTR,MR,1789516800000,funding,0.05031,53172.91359413365,1.2336091175261272,0.0,-1,1.2336091175261272
E08,XRP,MR,1789516800000,funding,1.2826,1975.7210119284064,-0.022679834940599396,0.0,1,-0.022679834940599396
E10,BTR,RSIDIV,1789516800000,funding,0.05031,20387.550614538126,-0.47299022419742587,0.0,1,-0.47299022419742587
E08,BTR,MR,1789520400000,exit_signal,0.05031,53172.91359413365,27.11818593300798,2.1401034263366916,-1,0.0
E10,BTR,RSIDIV,1789531200000,funding,0.05074,20387.550614538126,-0.05172321590908323,0.0,1,-0.05172321590908323
E01,BTC,BRK24,1789545600000,funding,75719.8,0.08121959581606521,0.2621100827152678,0.0,-1,0.2621100827152678
E01,ETH,BRK24,1789545600000,funding,2395.08,1.5832456385618692,-0.19725983812763173,0.0,-1,-0.19725983812763173
E02,HYPE,BRK24,1789545600000,exit,77.92,37.10857050944716,41.93268467567513,2.3131998512768983,-1,0.0
E02,BTR,BRK24,1789545600000,enter,0.05234,34402.216677301636,0.0,1.4404896167119743,1,0.0
E02,XRP,BRK24,1789545600000,funding,1.2845,1865.0927054328258,0.061617701840904114,0.0,-1,0.061617701840904114
E02,BTR,BRK24,1789545600000,funding,0.05274,34402.216677301636,-0.09071864537804443,0.0,1,-0.09071864537804443
E03,BTC,BRK48,1789545600000,funding,75719.8,0.0793756349423774,0.2561592929794929,0.0,-1,0.2561592929794929
E03,ETH,BRK48,1789545600000,funding,2395.08,1.614293067418964,-0.2011281012963165,0.0,-1,-0.2011281012963165
E04,HYPE,BRK48,1789545600000,funding,77.56,33.00130793186973,0.0854132327594444,0.0,-1,0.0854132327594444
E04,XRP,BRK48,1789545600000,funding,1.2845,1505.0341447236342,0.04972232475084391,0.0,-1,0.04972232475084391
E05,BTC,BRK96,1789545600000,funding,75719.8,0.08011768393351276,0.2585540170665931,0.0,-1,0.2585540170665931
E05,ETH,BRK96,1789545600000,funding,2395.08,1.6293844054970108,-0.20300836221976296,0.0,-1,-0.20300836221976296
E06,HYPE,BRK96,1789545600000,funding,77.56,34.80022217366498,0.09006914158481413,0.0,-1,0.09006914158481413
E06,XRP,BRK96,1789545600000,funding,1.2845,1226.9080583040025,0.04053377867092915,0.0,-1,0.04053377867092915
E07,SOL,MR,1789545600000,funding,96.91,57.275455861376514,0.31588262157050456,0.0,1,0.31588262157050456
E07,ETH,MR,1789545600000,funding,2395.08,1.8538807494475587,0.2309788245342244,0.0,1,0.2309788245342244
E08,BTR,MR,1789545600000,enter,0.0517,49429.260064116526,0.0,2.0443941962518597,-1,0.0
E08,BTR,MR,1789545600000,same_bar_stop,0.055268683315378174,49429.260064116526,-176.3973756823012,2.1855120967977006,-1,0.0
E08,XRP,MR,1789545600000,funding,1.2845,1975.7210119284064,-0.06527256681622282,0.0,1,-0.06527256681622282
E10,BTR,RSIDIV,1789545600000,funding,0.05274,20387.550614538126,-0.053761970970537046,0.0,1,-0.053761970970537046
E08,BTR,MR,1789552800000,enter,0.05401,34086.67016697207,0.0,1.4728168445745295,-1,0.0
E01,BTC,BRK24,1789560000000,exit,76095.4,0.08121959581606521,98.89297986564146,4.9443501051694465,-1,0.0
E01,ETH,BRK24,1789560000000,exit,2411.42,1.5832456385618692,118.07845972394409,3.0542961581926904,-1,0.0
E02,BTR,BRK24,1789560000000,funding,0.05248,34402.216677301636,-0.09027141656123949,0.0,1,-0.09027141656123949
E08,BTR,MR,1789560000000,funding,0.05248,34086.67016697207,0.08944342251813472,0.0,-1,0.08944342251813472
E10,BTR,RSIDIV,1789560000000,funding,0.05248,20387.550614538126,-0.05349693281254805,0.0,1,-0.05349693281254805
E07,ETH,MR,1789563600000,exit_signal,2421.26,1.8538807494475587,36.55852837910633,3.590981842725917,1,0.0
E07,SOL,MR,1789563600000,exit_signal,97.97,57.275455861376514,-48.11138292355647,4.489021128591245,1,0.0
E02,BTR,BRK24,1789567200000,exit,0.04974,34402.216677301636,-89.44576336098419,1.3689330060231868,1,0.0
E08,BTR,MR,1789570800000,exit_signal,0.05022,34086.67016697207,129.1884799328242,1.36946606062827,-1,0.0
E02,XRP,BRK24,1789574400000,funding,1.2655,1865.0927054328258,0.009488304771275468,0.0,-1,0.009488304771275468
E03,BTC,BRK48,1789574400000,funding,75753.0,0.0793756349423774,0.41591523091204846,0.0,-1,0.41591523091204846
E03,ETH,BRK48,1789574400000,funding,2391.7,1.614293067418964,0.10038352296299431,0.0,-1,0.10038352296299431
E04,HYPE,BRK48,1789574400000,funding,78.62,33.00130793186973,0.2513093556754046,0.0,-1,0.2513093556754046
E04,XRP,BRK48,1789574400000,funding,1.2655,1505.0341447236342,0.007656575254793991,0.0,-1,0.007656575254793991
E05,BTC,BRK96,1789574400000,funding,75753.0,0.08011768393351276,0.4198034451949347,0.0,-1,0.4198034451949347
E05,ETH,BRK96,1789574400000,funding,2391.7,1.6293844054970108,0.10132196574830721,0.0,-1,0.10132196574830721
E06,HYPE,BRK96,1789574400000,funding,78.62,34.80022217366498,0.26500832724205237,0.0,-1,0.26500832724205237
E06,XRP,BRK96,1789574400000,funding,1.2655,1226.9080583040025,0.006241661634090534,0.0,-1,0.006241661634090534
E08,XRP,MR,1789574400000,funding,1.2655,1975.7210119284064,-0.0100511052611935,0.0,1,-0.0100511052611935
E10,BTR,RSIDIV,1789574400000,funding,0.05079,20387.550614538126,-0.05177418478561958,0.0,1,-0.05177418478561958
E02,HYPE,BRK24,1789585200000,enter,79.64,33.349575047960656,0.0,2.1247681254556694,1,0.0
E04,HYPE,BRK48,1789585200000,exit,79.64,33.00130793186973,-90.4235837333229,2.1025793309552845,-1,0.0
E02,XRP,BRK24,1789588800000,exit,1.301,1865.0927054328258,157.04080579744402,1.9411884878144852,-1,0.0
E08,XRP,MR,1789588800000,exit_timeout,1.2781,1975.7210119284064,-91.67345495347804,2.0201352202765572,1,0.0
E10,BTR,RSIDIV,1789588800000,funding,0.05059,20387.550614538126,-0.051570309279474195,0.0,1,-0.051570309279474195
E02,XRP,BRK24,1789592400000,enter,1.3117,1571.4839962178385,0.0,1.649052446271151,1,0.0
E04,XRP,BRK48,1789592400000,exit,1.3117,1505.0341447236342,32.35823411155791,1.579322630107193,-1,0.0
E07,SOL,MR,1789592400000,enter,98.03,46.42211333728613,0.0,3.6406078163633278,-1,0.0
E02,HYPE,BRK24,1789603200000,funding,78.26,33.349575047960656,-0.09372286436022964,0.0,1,-0.09372286436022964
E02,XRP,BRK24,1789603200000,funding,1.2987,1571.4839962178385,-0.022408931199451414,0.0,1,-0.022408931199451414
E03,BTC,BRK48,1789603200000,funding,76169.9,0.0793756349423774,0.36028317654768455,0.0,-1,0.36028317654768455
E03,ETH,BRK48,1789603200000,funding,2417.53,1.614293067418964,0.18225150963025308,0.0,-1,0.18225150963025308
E05,BTC,BRK96,1789603200000,funding,76169.9,0.08011768393351276,0.36365131045772303,0.0,-1,0.36365131045772303
E05,ETH,BRK96,1789603200000,funding,2417.53,1.6293844054970108,0.1839553013410495,0.0,-1,0.1839553013410495
E06,HYPE,BRK96,1789603200000,funding,78.26,34.80022217366498,0.09779964205833877,0.0,-1,0.09779964205833877
E06,XRP,BRK96,1789603200000,funding,1.2987,1226.9080583040025,0.0174953727386071,0.0,-1,0.0174953727386071
E07,SOL,MR,1789603200000,funding,98.61,46.42211333728613,0.13998559495148363,0.0,-1,0.13998559495148363
E10,BTR,RSIDIV,1789603200000,funding,0.05106,20387.550614538126,-0.052049416718915845,0.0,1,-0.052049416718915845
E01,SOL,BRK24,1789606800000,enter,98.88,30.240597774902582,0.0,2.392152246385894,1,0.0
E07,ETH,MR,1789606800000,enter,2417.53,2.0447215449022793,0.0,3.9545405411580865,-1,0.0
E01,BTC,BRK24,1789610400000,enter,76529.1,0.06095085452990718,0.0,3.7316112331237763,1,0.0
E03,BTC,BRK48,1789610400000,exit,76529.1,0.0793756349423774,-17.75632953661075,4.8596367232549555,-1,0.0
E03,ETH,BRK48,1789610400000,exit,2429.98,1.614293067418964,49.510368377739745,3.1381598943733873,-1,0.0
E10,BTR,RSIDIV,1789617600000,funding,0.05083,20387.550614538126,-0.05181495988684865,0.0,1,-0.05181495988684865
E10,XRP,RSIDIV,1789621200000,enter,1.3021,2996.1538847926686,0.0,3.121033578710827,1,0.0
E01,SOL,BRK24,1789632000000,funding,99.98,30.240597774902582,0.03558606494434413,0.0,1,0.03558606494434413
E01,BTC,BRK24,1789632000000,funding,76434.7,0.06095085452990718,-0.2725840640259275,0.0,1,-0.2725840640259275
E02,HYPE,BRK24,1789632000000,funding,79.57,33.349575047960656,-0.15295498457367745,0.0,1,-0.15295498457367745
E02,XRP,BRK24,1789632000000,funding,1.3014,1571.4839962178385,0.018774286723183074,0.0,1,0.018774286723183074
E05,BTC,BRK96,1789632000000,funding,76434.7,0.08011768393351276,0.35830184917630425,0.0,-1,0.35830184917630425
E05,ETH,BRK96,1789632000000,funding,2443.28,1.6293844054970108,0.14956776034797103,0.0,-1,0.14956776034797103
E06,HYPE,BRK96,1789632000000,funding,79.57,34.80022217366498,0.1596082540205852,0.0,-1,0.1596082540205852
E06,XRP,BRK96,1789632000000,funding,1.3014,1226.9080583040025,-0.014657688990165287,0.0,-1,-0.014657688990165287
E07,SOL,MR,1789632000000,funding,99.98,46.42211333728613,-0.05462789963250618,0.0,-1,-0.05462789963250618
E07,ETH,MR,1789632000000,funding,2443.28,2.0447215449022793,0.18769323001651758,0.0,-1,0.18769323001651758
E10,BTR,RSIDIV,1789632000000,funding,0.05045,20387.550614538126,-0.05142759642517243,0.0,1,-0.05142759642517243
E10,XRP,RSIDIV,1789632000000,funding,1.3014,2996.1538847926686,0.035794607030843056,0.0,1,0.035794607030843056
E10,BTR,RSIDIV,1789635600000,exit_timeout,0.05045,20387.550614538126,-54.43476014081677,0.8228415428027588,1,0.0
E04,HYPE,BRK48,1789639200000,enter,80.4,29.183926558566892,0.0,1.8771101562470227,1,0.0
E06,HYPE,BRK96,1789639200000,exit,80.4,34.80022217366498,-139.54889091639674,2.2383502902101315,-1,0.0
E08,HYPE,MR,1789639200000,enter,80.33,47.004030321720535,0.0,3.0206670045950483,-1,0.0
E03,SOL,BRK48,1789650000000,enter,101.34,32.40271269873351,0.0,2.6269527239117236,1,0.0
E01,BTC,BRK24,1789653600000,exit,76016.1,0.06095085452990718,-31.267788373842382,3.706597002424702,1,0.0
E02,XRP,BRK24,1789653600000,exit,1.2904,1571.4839962178385,-33.47260911944011,1.622274358975599,1,0.0
E06,HYPE,BRK96,1789653600000,enter,82.46,29.48332653188519,0.0,1.9449560846554022,1,0.0
E01,ETH,BRK24,1789657200000,enter,2479.93,1.459431074179268,0.0,2.8954295230315137,1,0.0
E02,XRP,BRK24,1789657200000,enter,1.3177,1974.3204298911864,0.0,2.0812496243740934,1,0.0
E03,ETH,BRK48,1789657200000,enter,2479.93,1.3885793310490393,0.0,2.754863632358755,1,0.0
E05,ETH,BRK96,1789657200000,exit,2479.93,1.6293844054970108,-31.414531337981952,3.2326074149793618,-1,0.0
E01,SOL,BRK24,1789660800000,funding,101.23,30.240597774902582,0.03492892768251616,0.0,1,0.03492892768251616
E01,ETH,BRK24,1789660800000,funding,2469.21,1.459431074179268,-0.10082989763882384,0.0,1,-0.10082989763882384
E02,HYPE,BRK24,1789660800000,funding,82.57,33.349575047960656,-0.2753674411710111,0.0,1,-0.2753674411710111
E02,XRP,BRK24,1789660800000,funding,1.3073,1974.3204298911864,-0.005394350814813203,0.0,1,-0.005394350814813203
E03,SOL,BRK48,1789660800000,funding,101.23,32.40271269873351,0.03742624458008277,0.0,1,0.03742624458008277
E03,ETH,BRK48,1789660800000,funding,2469.21,1.3885793310490393,-0.09593485728114837,0.0,1,-0.09593485728114837
E04,HYPE,BRK48,1789660800000,funding,82.57,29.183926558566892,-0.24097168159408683,0.0,1,-0.24097168159408683
E05,BTC,BRK96,1789660800000,funding,76745.8,0.08011768393351276,0.3848468668438227,0.0,-1,0.3848468668438227
E06,XRP,BRK96,1789660800000,funding,1.3073,1226.9080583040025,0.0033522281306575183,0.0,-1,0.0033522281306575183
E06,HYPE,BRK96,1789660800000,funding,82.57,29.48332653188519,-0.243443827173776,0.0,1,-0.243443827173776
E07,SOL,MR,1789660800000,funding,101.23,46.42211333728613,-0.05361913318305294,0.0,-1,-0.05361913318305294
E07,ETH,MR,1789660800000,funding,2469.21,2.0447215449022793,0.14126673586715063,0.0,-1,0.14126673586715063
E08,HYPE,MR,1789660800000,funding,82.57,47.004030321720535,0.38811227836644646,0.0,-1,0.38811227836644646
E10,XRP,RSIDIV,1789660800000,funding,1.3073,2996.1538847926686,-0.00818626242480196,0.0,1,-0.00818626242480196
E02,BTR,BRK24,1789664400000,enter,0.05268,28881.495553114164,0.0,1.2171817485904433,1,0.0
E08,BTR,MR,1789664400000,enter,0.05186,40694.5979948737,0.0,1.6883374816113204,-1,0.0
E02,BTR,BRK24,1789675200000,funding,0.05224,28881.495553114164,-0.07543846638473421,0.0,1,-0.07543846638473421
E08,BTR,MR,1789675200000,funding,0.05224,40694.5979948737,0.1062942899626101,0.0,-1,0.1062942899626101
E07,SOL,MR,1789678800000,exit_timeout,100.91,46.42211333728613,-133.69568641138383,3.7475643654924347,-1,0.0
E02,XRP,BRK24,1789686000000,exit,1.2883,1974.3204298911864,-58.04502063880106,2.0348136078630525,1,0.0
E08,HYPE,MR,1789686000000,stop,84.01985730346478,47.004030321720535,-173.43816457488035,3.159417536254953,-1,0.0
E01,SOL,BRK24,1789689600000,funding,101.59,30.240597774902582,-0.30721423279523535,0.0,1,-0.30721423279523535
E01,ETH,BRK24,1789689600000,funding,2446.5,1.459431074179268,-0.08615611970749724,0.0,1,-0.08615611970749724
E02,HYPE,BRK24,1789689600000,funding,85.11,33.349575047960656,-0.2838382332331931,0.0,1,-0.2838382332331931
E02,BTR,BRK24,1789689600000,funding,0.05224,28881.495553114164,-0.07543846638473421,0.0,1,-0.07543846638473421
E03,SOL,BRK48,1789689600000,funding,101.59,32.40271269873351,-0.32917915830643374,0.0,1,-0.32917915830643374
E03,ETH,BRK48,1789689600000,funding,2446.5,1.3885793310490393,-0.08197345471521889,0.0,1,-0.08197345471521889
E04,HYPE,BRK48,1789689600000,funding,85.11,29.183926558566892,-0.24838439893996284,0.0,1,-0.24838439893996284
E05,BTC,BRK96,1789689600000,funding,76385.1,0.08011768393351276,0.11499099124876931,0.0,-1,0.11499099124876931
E06,XRP,BRK96,1789689600000,funding,1.2955,1226.9080583040025,0.04161204681796962,0.0,-1,0.04161204681796962
E06,HYPE,BRK96,1789689600000,funding,85.11,29.48332653188519,-0.25093259211287483,0.0,1,-0.25093259211287483
E07,ETH,MR,1789689600000,funding,2446.5,2.0447215449022793,0.12070818369423068,0.0,-1,0.12070818369423068
E08,BTR,MR,1789689600000,funding,0.05224,40694.5979948737,0.1062942899626101,0.0,-1,0.1062942899626101
E10,XRP,RSIDIV,1789689600000,funding,1.2955,2996.1538847926686,-0.10161812442586626,0.0,1,-0.10161812442586626
E07,ETH,MR,1789693200000,exit_timeout,2446.5,2.0447215449022793,-59.235583155818624,4.001929007682741,-1,0.0
E08,HYPE,MR,1789693200000,enter,85.11,40.34990217628851,0.0,2.7473441393791322,-1,0.0
E07,SOL,MR,1789700400000,enter,102.45,51.0030028927975,0.0,4.180206117093683,-1,0.0
E02,BTR,BRK24,1789704000000,funding,0.05161,28881.495553114164,-0.07452869927481111,0.0,1,-0.07452869927481111
E04,XRP,BRK48,1789704000000,enter,1.32,2043.4376261033235,0.0,2.1578701331651096,1,0.0
E05,BTC,BRK96,1789704000000,exit,77144.0,0.08011768393351276,-67.18668974664426,4.944478887493528,-1,0.0
E05,SOL,BRK96,1789704000000,enter,104.78,32.344381682618426,0.0,2.711235450163807,1,0.0
E06,XRP,BRK96,1789704000000,exit,1.32,1226.9080583040025,-39.75182108904966,1.2956149095690268,-1,0.0
E07,BTC,MR,1789704000000,enter,76945.5,0.11284374597154755,0.0,6.94625476452297,-1,0.0
E08,BTR,MR,1789704000000,exit_signal,0.05132,40694.5979948737,21.975082917232033,1.6707574152775346,-1,0.0
E08,XRP,MR,1789707600000,enter,1.3258,3119.3977003627997,0.0,3.3085579769128004,-1,0.0
E02,BTR,BRK24,1789711200000,exit,0.05116,28881.495553114164,-43.89987324073354,1.1820618499978564,1,0.0
E07,SOL,MR,1789711200000,stop,106.03385596813453,51.0030028927975,-182.78741631013494,4.326436050141791,-1,0.0
E07,ETH,MR,1789714800000,enter,2479.57,2.426107102663032,0.0,4.81256191084014,-1,0.0
E01,SOL,BRK24,1789718400000,funding,105.77,30.240597774902582,-0.3198548026651446,0.0,1,-0.3198548026651446
E01,ETH,BRK24,1789718400000,funding,2489.06,1.459431074179268,-0.36326115094966493,0.0,1,-0.36326115094966493
E02,XRP,BRK24,1789718400000,enter,1.3286,2306.613628680897,0.0,2.4516534936523517,1,0.0
E02,HYPE,BRK24,1789718400000,funding,88.27,33.349575047960656,-0.29437669894834867,0.0,1,-0.29437669894834867
E02,XRP,BRK24,1789718400000,funding,1.3281,2306.613628680897,-0.2203819715244641,0.0,1,-0.2203819715244641
E03,SOL,BRK48,1789718400000,funding,105.77,32.40271269873351,-0.3427234922145043,0.0,1,-0.3427234922145043
E03,ETH,BRK48,1789718400000,funding,2489.06,1.3885793310490393,-0.34562572697409216,0.0,1,-0.34562572697409216
E04,HYPE,BRK48,1789718400000,funding,88.27,29.183926558566892,-0.25760651973246995,0.0,1,-0.25760651973246995
E04,XRP,BRK48,1789718400000,funding,1.3281,2043.4376261033235,-0.1952372114377297,0.0,1,-0.1952372114377297
E05,SOL,BRK96,1789718400000,funding,105.77,32.344381682618426,-0.34210652505705513,0.0,1,-0.34210652505705513
E06,HYPE,BRK96,1789718400000,funding,88.27,29.48332653188519,-0.26024932329695055,0.0,1,-0.26024932329695055
E07,BTC,MR,1789718400000,funding,77781.1,0.11284374597154755,0.7675583298219202,0.0,-1,0.7675583298219202
E07,ETH,MR,1789718400000,funding,2489.06,2.426107102663032,0.6038726144954446,0.0,-1,0.6038726144954446
E08,HYPE,MR,1789718400000,funding,88.27,40.34990217628851,0.3561685865100987,0.0,-1,0.3561685865100987
E08,XRP,MR,1789718400000,funding,1.3281,3119.3977003627997,0.298038217856181,0.0,-1,0.298038217856181
E10,XRP,RSIDIV,1789718400000,funding,1.3281,2996.1538847926686,-0.2862630706378428,0.0,1,-0.2862630706378428
E08,HYPE,MR,1789729200000,stop,89.31878459923246,40.34990217628851,-169.82404686009934,2.8832033768672116,-1,0.0
E05,BTC,BRK96,1789740000000,enter,79577.3,0.0722547310634007,0.0,4.599869128201246,1,0.0
E07,BTC,MR,1789740000000,stop,78564.58673462382,0.11284374597154755,-182.7038121877931,7.092417814273205,-1,0.0
E07,ETH,MR,1789740000000,stop,2553.277632218302,2.426107102663032,-178.82261004529707,4.955619998876378,-1,0.0
E08,HYPE,MR,1789740000000,enter,91.23,37.625827073495756,0.0,2.7460833631320143,-1,0.0
E08,XRP,MR,1789743600000,stop,1.3803538603389875,3119.3977003627997,-170.17518648735083,3.4446981261026806,-1,0.0
E01,SOL,BRK24,1789747200000,funding,111.17,30.240597774902582,-0.336184725463592,0.0,1,-0.336184725463592
E01,ETH,BRK24,1789747200000,funding,2583.75,1.459431074179268,-0.3770805037910684,0.0,1,-0.3770805037910684
E02,HYPE,BRK24,1789747200000,funding,91.35,33.349575047960656,-0.30464836806312057,0.0,1,-0.30464836806312057
E02,XRP,BRK24,1789747200000,funding,1.385,2306.613628680897,-0.3194659875723042,0.0,1,-0.3194659875723042
E03,SOL,BRK48,1789747200000,funding,111.17,32.40271269873351,-0.36022095707182045,0.0,1,-0.36022095707182045
E03,ETH,BRK48,1789747200000,funding,2583.75,1.3885793310490393,-0.35877418465979555,0.0,1,-0.35877418465979555
E04,HYPE,BRK48,1789747200000,funding,91.35,29.183926558566892,-0.2665951691125086,0.0,1,-0.2665951691125086
E04,XRP,BRK48,1789747200000,funding,1.385,2043.4376261033235,-0.2830161112153103,0.0,1,-0.2830161112153103
E05,SOL,BRK96,1789747200000,funding,111.17,32.344381682618426,-0.3595724911656691,0.0,1,-0.3595724911656691
E05,BTC,BRK96,1789747200000,funding,80705.4,0.0722547310634007,-0.5831346972364179,0.0,1,-0.5831346972364179
E06,HYPE,BRK96,1789747200000,funding,91.35,29.48332653188519,-0.2693301878687712,0.0,1,-0.2693301878687712
E08,HYPE,MR,1789747200000,funding,91.35,37.625827073495756,0.3437119303163837,0.0,-1,0.3437119303163837
E10,XRP,RSIDIV,1789747200000,funding,1.385,2996.1538847926686,-0.41496731304378465,0.0,1,-0.41496731304378465
E08,XRP,MR,1789750800000,enter,1.385,2493.02227091418,0.0,2.7622686761729116,-1,0.0
E01,SOL,BRK24,1789776000000,funding,112.72,30.240597774902582,-0.34087201811870194,0.0,1,-0.34087201811870194
E01,ETH,BRK24,1789776000000,funding,2611.02,1.459431074179268,-0.3810603723303553,0.0,1,-0.3810603723303553
E02,HYPE,BRK24,1789776000000,funding,92.56,33.349575047960656,-0.3086836666439238,0.0,1,-0.3086836666439238
E02,XRP,BRK24,1789776000000,funding,1.3963,2306.613628680897,-0.32207246097271364,0.0,1,-0.32207246097271364
E03,SOL,BRK48,1789776000000,funding,112.72,32.40271269873351,-0.3652433775401241,0.0,1,-0.3652433775401241
E03,ETH,BRK48,1789776000000,funding,2611.02,1.3885793310490393,-0.36256084049556625,0.0,1,-0.36256084049556625
E04,HYPE,BRK48,1789776000000,funding,92.56,29.183926558566892,-0.2701264242260952,0.0,1,-0.2701264242260952
E04,XRP,BRK48,1789776000000,funding,1.3963,2043.4376261033235,-0.28532519573280707,0.0,1,-0.28532519573280707
E05,SOL,BRK96,1789776000000,funding,112.72,32.344381682618426,-0.36458587032647494,0.0,1,-0.36458587032647494
E05,BTC,BRK96,1789776000000,funding,80870.4,0.0722547310634007,-0.5191160182255996,0.0,1,-0.5191160182255996
E06,HYPE,BRK96,1789776000000,funding,92.56,29.48332653188519,-0.2728976703791293,0.0,1,-0.2728976703791293
E08,HYPE,MR,1789776000000,funding,92.56,37.625827073495756,0.34826465539227675,0.0,-1,0.34826465539227675
E08,XRP,MR,1789776000000,funding,1.3963,2493.02227091418,0.348100699687747,0.0,-1,0.348100699687747
E10,XRP,RSIDIV,1789776000000,funding,1.3963,2996.1538847926686,-0.41835296693360036,0.0,1,-0.41835296693360036
E06,BTR,BRK96,1789779600000,enter,0.04816,32778.385550534615,0.0,1.2628856384909979,-1,0.0
E06,BTR,BRK96,1789790400000,funding,0.04957,32778.385550534615,0.08124122858700004,0.0,-1,0.08124122858700004
E01,SOL,BRK24,1789801200000,exit,111.71,30.240597774902582,387.98686945200006,2.702541741947494,1,0.0
E01,ETH,BRK24,1789804800000,funding,2626.8,1.459431074179268,-0.3833633545654102,0.0,1,-0.3833633545654102
E02,HYPE,BRK24,1789804800000,funding,92.91,33.349575047960656,-0.02686407318351123,0.0,1,-0.02686407318351123
E02,XRP,BRK24,1789804800000,funding,1.4102,2306.613628680897,-0.32527865391658006,0.0,1,-0.32527865391658006
E03,SOL,BRK48,1789804800000,funding,111.59,32.40271269873351,-0.36158187100516725,0.0,1,-0.36158187100516725
E03,ETH,BRK48,1789804800000,funding,2626.8,1.3885793310490393,-0.36475201867996165,0.0,1,-0.36475201867996165
E04,HYPE,BRK48,1789804800000,funding,92.91,29.183926558566892,-0.02350851960554442,0.0,1,-0.02350851960554442
E04,XRP,BRK48,1789804800000,funding,1.4102,2043.4376261033235,-0.2881655740330907,0.0,1,-0.2881655740330907
E05,SOL,BRK96,1789804800000,funding,111.59,32.344381682618426,-0.36093095519633905,0.0,1,-0.36093095519633905
E05,BTC,BRK96,1789804800000,funding,81087.4,0.0722547310634007,-0.5084981211891223,0.0,1,-0.5084981211891223
E06,HYPE,BRK96,1789804800000,funding,92.91,29.48332653188519,-0.02374969517623152,0.0,1,-0.02374969517623152
E06,BTR,BRK96,1789804800000,funding,0.04869,32778.385550534615,0.07979897962277652,0.0,-1,0.07979897962277652
E08,HYPE,MR,1789804800000,funding,92.91,37.625827073495756,0.030308721194764913,0.0,-1,0.030308721194764913
E08,XRP,MR,1789804800000,funding,1.4102,2493.02227091418,0.35156600064431764,0.0,-1,0.35156600064431764
E10,XRP,RSIDIV,1789804800000,funding,1.4102,2996.1538847926686,-0.4225176208334621,0.0,1,-0.4225176208334621
E06,BTR,BRK96,1789819200000,funding,0.04967,32778.385550534615,0.08140512051475271,0.0,-1,0.08140512051475271
E08,HYPE,MR,1789819200000,exit_signal,91.88,37.625827073495756,-24.45678759777192,2.765648793210232,-1,0.0
E08,XRP,MR,1789830000000,stop,1.4504416573977936,2493.02227091418,-163.14750933823518,2.8927866836434997,-1,0.0
E10,XRP,RSIDIV,1789830000000,target,1.451845126452148,2996.1538847926686,448.6594423483723,3.479961132589525,1,0.0
E01,BTC,BRK24,1789833600000,enter,81735.0,0.0816833062178987,0.0,5.34110802697596,1,0.0
E01,ETH,BRK24,1789833600000,funding,2640.33,1.459431074179268,-0.3853379648087747,0.0,1,-0.3853379648087747
E01,BTC,BRK24,1789833600000,funding,81610.9,0.0816833062178987,-0.6666248135418308,0.0,1,-0.6666248135418308
E02,HYPE,BRK24,1789833600000,funding,93.03,33.349575047960656,-0.310251096671178,0.0,1,-0.310251096671178
E02,XRP,BRK24,1789833600000,funding,1.4301,2306.613628680897,-0.329868815037655,0.0,1,-0.329868815037655
E03,SOL,BRK48,1789833600000,funding,111.61,32.40271269873351,-0.3616466764305647,0.0,1,-0.3616466764305647
E03,ETH,BRK48,1789833600000,funding,2640.33,1.3885793310490393,-0.366630766514871,0.0,1,-0.366630766514871
E04,HYPE,BRK48,1789833600000,funding,93.03,29.183926558566892,-0.27149806877434784,0.0,1,-0.27149806877434784
E04,XRP,BRK48,1789833600000,funding,1.4301,2043.4376261033235,-0.2922320149090363,0.0,1,-0.2922320149090363
E05,SOL,BRK96,1789833600000,funding,111.61,32.344381682618426,-0.3609956439597043,0.0,1,-0.3609956439597043
E05,BTC,BRK96,1789833600000,funding,81610.9,0.0722547310634007,-0.5896773631342088,0.0,1,-0.5896773631342088
E06,HYPE,BRK96,1789833600000,funding,93.03,29.48332653188519,-0.27428338672612795,0.0,1,-0.27428338672612795
E06,BTR,BRK96,1789833600000,funding,0.04952,32778.385550534615,0.0811592826231237,0.0,-1,0.0811592826231237
E07,BTC,MR,1789833600000,enter,81540.0,0.11046728440443399,0.0,7.206001896270037,-1,0.0
E07,BTC,MR,1789833600000,funding,81610.9,0.11046728440443399,0.9015334500801822,0.0,-1,0.9015334500801822
E01,SOL,BRK24,1789844400000,enter,111.14,32.02541696038337,0.0,2.8474438727816063,-1,0.0
E03,SOL,BRK48,1789844400000,exit,111.14,32.40271269873351,317.5465844475883,2.880989991469794,1,0.0
E06,BTR,BRK96,1789848000000,funding,0.04853,32778.385550534615,0.07953675253837224,0.0,-1,0.07953675253837224
E01,BTC,BRK24,1789851600000,exit,81040.0,0.0816833062178987,-56.76989782143959,5.295692108718809,1,0.0
E01,ETH,BRK24,1789855200000,exit,2627.98,1.459431074179268,216.0687705322409,3.068284539457306,1,0.0
E02,XRP,BRK24,1789855200000,exit,1.4082,2306.613628680897,183.60644484299914,2.598538649526751,1,0.0
E02,HYPE,BRK24,1789855200000,exit,91.34,33.349575047960656,390.19002806113974,2.4369201479045812,1,0.0
E04,HYPE,BRK48,1789855200000,exit,91.09,29.183926558566892,311.97617491108,2.1266910961758865,1,0.0
E07,BTC,MR,1789855200000,exit_signal,81123.4,0.11046728440443399,46.02067068288784,7.169185359723728,-1,0.0
E02,HYPE,BRK24,1789858800000,enter,91.06,31.346755798444118,0.0,2.2835484664050574,-1,0.0
E07,SOL,MR,1789858800000,enter,110.51,44.34499532507747,0.0,3.920452346699449,1,0.0
E01,SOL,BRK24,1789862400000,funding,111.01,32.02541696038337,0.3555141536772158,0.0,-1,0.3555141536772158
E02,HYPE,BRK24,1789862400000,funding,92.17,31.346755798444118,0.28892304819425946,0.0,-1,0.28892304819425946
E03,ETH,BRK48,1789862400000,funding,2631.6,1.3885793310490393,-0.2989489049224276,0.0,1,-0.2989489049224276
E04,XRP,BRK48,1789862400000,funding,1.4102,2043.4376261033235,-0.2881655740330907,0.0,1,-0.2881655740330907
E05,SOL,BRK96,1789862400000,funding,111.01,32.344381682618426,-0.35905498105874717,0.0,1,-0.35905498105874717
E05,BTC,BRK96,1789862400000,funding,81234.9,0.0722547310634007,-0.3851635360385728,0.0,1,-0.3851635360385728
E06,HYPE,BRK96,1789862400000,funding,92.17,29.48332653188519,-0.2717478206443858,0.0,1,-0.2717478206443858
E06,BTR,BRK96,1789862400000,funding,0.04866,32778.385550534615,0.07974981204445072,0.0,-1,0.07974981204445072
E07,SOL,MR,1789862400000,funding,111.01,44.34499532507747,-0.492273793103685,0.0,1,-0.492273793103685
E01,BTC,BRK24,1789873200000,enter,80861.1,0.0915574704052614,0.0,5.922750216149506,-1,0.0
E01,ETH,BRK24,1789873200000,enter,2610.55,1.8856956389017892,0.0,3.938162200108053,-1,0.0
E02,XRP,BRK24,1789873200000,enter,1.3954,2057.143860920706,0.0,2.2964308348230027,-1,0.0
E03,ETH,BRK48,1789873200000,exit,2610.55,1.3885793310490393,181.376232221626,2.8999646181360563,1,0.0
E04,XRP,BRK48,1789873200000,exit,1.3954,2043.4376261033235,154.0751970081904,2.2811302907716624,1,0.0
E08,XRP,MR,1789873200000,enter,1.4002,2537.2280651071205,0.0,2.842101389410392,1,0.0
E04,BTR,BRK48,1789876800000,enter,0.04802,42262.21539576615,0.0,1.6235452666437524,-1,0.0
E04,BTR,BRK48,1789876800000,funding,0.04758,42262.21539576615,0.10054181042652767,0.0,-1,0.10054181042652767
E06,BTR,BRK96,1789876800000,funding,0.04758,32778.385550534615,0.07797977922472184,0.0,-1,0.07797977922472184
E07,BTC,MR,1789876800000,enter,80301.2,0.11461607457524482,0.0,7.36304666214532,1,0.0
E08,HYPE,MR,1789876800000,enter,90.02,39.00323262047643,0.0,2.808856800396231,1,0.0
E04,BTR,BRK48,1789880400000,exit,0.04994,42262.21539576615,-81.14345355987093,1.6884600294916492,-1,0.0
E09,ETH,RSIDIV,1789880400000,enter,2586.68,1.7750376888439694,0.0,3.673163591183135,-1,0.0
E01,SOL,BRK24,1789891200000,funding,108.42,32.02541696038337,0.3472195706844765,0.0,-1,0.3472195706844765
E01,BTC,BRK24,1789891200000,funding,80274.5,0.0915574704052614,0.5235212791576989,0.0,-1,0.5235212791576989
E01,ETH,BRK24,1789891200000,funding,2575.3,1.8856956389017892,0.0844498741124411,0.0,-1,0.0844498741124411
E02,HYPE,BRK24,1789891200000,funding,90.97,31.346755798444118,0.28516143749844614,0.0,-1,0.28516143749844614
E02,XRP,BRK24,1789891200000,funding,1.3792,2057.143860920706,0.2837212812981838,0.0,-1,0.2837212812981838
E05,SOL,BRK96,1789891200000,funding,108.42,32.344381682618426,-0.35067778620294904,0.0,1,-0.35067778620294904
E05,BTC,BRK96,1789891200000,funding,80274.5,0.0722547310634007,-0.41314912987518837,0.0,1,-0.41314912987518837
E06,HYPE,BRK96,1789891200000,funding,90.97,29.48332653188519,-0.26820982146055955,0.0,1,-0.26820982146055955
E06,BTR,BRK96,1789891200000,funding,0.04977,32778.385550534615,0.08156901244250539,0.0,-1,0.08156901244250539
E07,SOL,MR,1789891200000,funding,108.42,44.34499532507747,-0.48078843931448995,0.0,1,-0.48078843931448995
E07,BTC,MR,1789891200000,funding,80274.5,0.11461607457524482,-0.6553692856308776,0.0,1,-0.6553692856308776
E08,XRP,MR,1789891200000,funding,1.3792,2537.2280651071205,-0.34993449473957405,0.0,1,-0.34993449473957405
E08,HYPE,MR,1789891200000,funding,90.97,39.00323262047643,-0.3548124071484741,0.0,1,-0.3548124071484741
E09,ETH,RSIDIV,1789891200000,funding,2575.3,1.7750376888439694,0.07949411679978903,0.0,-1,0.07949411679978903
E06,BTR,BRK96,1789905600000,funding,0.05129,32778.385550534615,0.08406016974434602,0.0,-1,0.08406016974434602
E01,BTC,BRK24,1789920000000,exit,80750.7,0.0915574704052614,10.107944732741657,5.914663860363313,-1,0.0
E01,ETH,BRK24,1789920000000,exit,2590.44,1.8856956389017892,37.92133929831522,3.9078251286694012,-1,0.0
E01,SOL,BRK24,1789920000000,funding,108.74,32.02541696038337,0.07922559736618999,0.0,-1,0.07922559736618999
E02,XRP,BRK24,1789920000000,exit,1.3899,2057.143860920706,11.314291235064008,2.2873794018349516,-1,0.0
E02,HYPE,BRK24,1789920000000,exit,91.71,31.346755798444118,-20.37539126898841,2.2998487794202482,-1,0.0
E05,SOL,BRK96,1789920000000,funding,108.74,32.344381682618426,-0.08001466345982035,0.0,1,-0.08001466345982035
E05,BTC,BRK96,1789920000000,funding,80870.9,0.0722547310634007,-0.2489247985531303,0.0,1,-0.2489247985531303
E06,HYPE,BRK96,1789920000000,funding,91.94,29.48332653188519,-0.2091302767394986,0.0,1,-0.2091302767394986
E06,BTR,BRK96,1789920000000,funding,0.05042,32778.385550534615,0.08263430997289777,0.0,-1,0.08263430997289777
E07,SOL,MR,1789920000000,funding,108.74,44.34499532507747,-0.10970220151001302,0.0,1,-0.10970220151001302
E07,BTC,MR,1789920000000,funding,80870.9,0.11461607457524482,-0.39486387748864127,0.0,1,-0.39486387748864127
E08,XRP,MR,1789920000000,funding,1.3904,2537.2280651071205,-0.12879858703197758,0.0,1,-0.12879858703197758
E08,HYPE,MR,1789920000000,funding,91.94,39.00323262047643,-0.27665659852981744,0.0,1,-0.27665659852981744
E09,ETH,RSIDIV,1789920000000,funding,2611.75,1.7750376888439694,0.1803849967481458,0.0,-1,0.1803849967481458
E01,SOL,BRK24,1789923600000,exit,109.22,32.02541696038337,61.48880056393612,2.798252832330457,-1,0.0
E07,BTC,MR,1789923600000,exit_signal,80870.9,0.11461607457524482,65.29677768551664,7.415284084293733,1,0.0
E08,HYPE,MR,1789923600000,exit_signal,91.94,39.00323262047643,74.88620663131482,2.8687657657012826,1,0.0
E07,SOL,MR,1789927200000,exit_signal,110.29,44.34499532507747,-9.755898971516993,3.9126476275222357,1,0.0
E08,XRP,MR,1789927200000,exit_signal,1.4098,2537.2280651071205,24.35738942502849,2.861587300950415,1,0.0
E02,HYPE,BRK24,1789934400000,enter,93.42,33.47744959142793,0.0,2.5019706726649575,1,0.0
E06,BTR,BRK96,1789934400000,funding,0.05035,32778.385550534615,0.08251958562347089,0.0,-1,0.08251958562347089
E08,HYPE,MR,1789938000000,enter,93.23,41.77513433400156,0.0,3.1157566191671724,-1,0.0
E01,SOL,BRK24,1789948800000,enter,111.16,31.84577935145854,0.0,2.831981466166505,1,0.0
E01,SOL,BRK24,1789948800000,funding,111.12,31.84577935145854,-0.3538703001534073,0.0,1,-0.3538703001534073
E02,HYPE,BRK24,1789948800000,funding,93.65,33.47744959142793,-0.31351631542372255,0.0,1,-0.31351631542372255
E05,SOL,BRK96,1789948800000,funding,111.12,32.344381682618426,-0.359410769257256,0.0,1,-0.359410769257256
E05,BTC,BRK96,1789948800000,funding,81141.1,0.0722547310634007,-0.5862828358688503,0.0,1,-0.5862828358688503
E06,HYPE,BRK96,1789948800000,funding,93.65,29.48332653188519,-0.27611135297110484,0.0,1,-0.27611135297110484
E06,BTR,BRK96,1789948800000,funding,0.05041,32778.385550534615,0.0826179207801225,0.0,-1,0.0826179207801225
E08,HYPE,MR,1789948800000,funding,93.65,41.77513433400156,0.39122413303792464,0.0,-1,0.39122413303792464
E09,ETH,RSIDIV,1789948800000,funding,2643.46,1.7750376888439694,0.3779600229370417,0.0,-1,0.3779600229370417
E01,BTC,BRK24,1789952400000,enter,81479.4,0.09212100080193555,0.0,6.0047710981929825,1,0.0
E02,XRP,BRK24,1789952400000,enter,1.4174,2273.1516018291136,0.0,2.5775720643460684,1,0.0
E03,ETH,BRK48,1789952400000,enter,2668.71,1.5927332700086767,0.0,3.4004345640038847,1,0.0
E09,ETH,RSIDIV,1789952400000,stop,2689.471177469557,1.7750376888439694,-182.45821408911306,3.819130162454425,-1,0.0
E03,BTC,BRK48,1789956000000,enter,81954.6,0.08345273834793568,0.0,5.471468632167784,1,0.0
E07,BTC,MR,1789956000000,enter,81569.5,0.1179095383963275,0.0,7.694257673775389,-1,0.0
E07,ETH,MR,1789956000000,enter,2688.36,2.0350321373658566,0.0,4.3767191974471,-1,0.0
E08,XRP,MR,1789956000000,enter,1.4252,2768.3599901406,0.0,3.1563733263587066,-1,0.0
E06,BTR,BRK96,1789963200000,funding,0.04987,32778.385550534615,0.08173290437025806,0.0,-1,0.08173290437025806
E01,SOL,BRK24,1789977600000,funding,112.09,31.84577935145854,-0.3569593407504988,0.0,1,-0.3569593407504988
E01,BTC,BRK24,1789977600000,funding,81704.8,0.09212100080193555,-0.7526727946321984,0.0,1,-0.7526727946321984
E02,HYPE,BRK24,1789977600000,funding,94.14,33.47744959142793,-0.2695850501220971,0.0,1,-0.2695850501220971
E02,XRP,BRK24,1789977600000,funding,1.4383,2273.1516018291136,-0.3269473948910814,0.0,1,-0.3269473948910814
E03,ETH,BRK48,1789977600000,funding,2660.89,1.5927332700086767,-0.3727822231921048,0.0,1,-0.3727822231921048
E03,BTC,BRK48,1789977600000,funding,81704.8,0.08345273834793568,-0.6818489296170415,0.0,1,-0.6818489296170415
E05,SOL,BRK96,1789977600000,funding,112.09,32.344381682618426,-0.36254817428047,0.0,1,-0.36254817428047
E05,BTC,BRK96,1789977600000,funding,81704.8,0.0722547310634007,-0.5903558350588942,0.0,1,-0.5903558350588942
E06,HYPE,BRK96,1789977600000,funding,94.14,29.48332653188519,-0.2374214331697364,0.0,1,-0.2374214331697364
E06,BTR,BRK96,1789977600000,funding,0.05062,32778.385550534615,0.08296209382840311,0.0,-1,0.08296209382840311
E07,BTC,MR,1789977600000,funding,81704.8,0.1179095383963275,0.9633775252764261,0.0,-1,0.9633775252764261
E07,ETH,MR,1789977600000,funding,2660.89,2.0350321373658566,0.47630310656503844,0.0,-1,0.47630310656503844
E08,HYPE,MR,1789977600000,funding,94.14,41.77513433400156,0.3364041114461966,0.0,-1,0.3364041114461966
E08,XRP,MR,1789977600000,funding,1.4383,2768.3599901406,0.3981732173819225,0.0,-1,0.3981732173819225
E04,XRP,BRK48,1789981200000,enter,1.4541,1811.576491477239,0.0,2.1073707010056424,1,0.0
E04,HYPE,BRK48,1789981200000,enter,94.49,29.91236867079223,0.0,2.2611357725625263,1,0.0
E07,BTC,MR,1789981200000,stop,83032.90296058594,0.1179095383963275,-172.5491675705072,7.832297007831794,-1,0.0
E08,XRP,MR,1789981200000,stop,1.4833315745407611,2768.3599901406,-160.92912512251903,3.285116626456722,-1,0.0
E07,SOL,MR,1789984800000,enter,115.31,34.510171110564535,0.0,3.1834942646073574,-1,0.0
E08,XRP,MR,1789988400000,enter,1.4744,2323.323975157155,0.0,2.7404070951773676,-1,0.0
E06,BTR,BRK96,1789992000000,funding,0.05079,32778.385550534615,0.08324071010558266,0.0,-1,0.08324071010558266
E01,SOL,BRK24,1790006400000,funding,117.94,31.84577935145854,-0.37558912167110203,0.0,1,-0.37558912167110203
E01,BTC,BRK24,1790006400000,funding,85879.7,0.09212100080193555,-0.6537918081347835,0.0,1,-0.6537918081347835
E02,HYPE,BRK24,1790006400000,funding,93.06,33.47744959142793,0.035204149486454596,0.0,1,0.035204149486454596
E02,XRP,BRK24,1790006400000,funding,1.4947,2273.1516018291136,-0.3397679699253976,0.0,1,-0.3397679699253976
E03,ETH,BRK48,1790006400000,funding,2754.51,1.5927332700086767,-0.43871997195716006,0.0,1,-0.43871997195716006
E03,BTC,BRK48,1790006400000,funding,85879.7,0.08345273834793568,-0.5922722964723748,0.0,1,-0.5922722964723748
E04,XRP,BRK48,1790006400000,funding,1.4947,1811.576491477239,-0.27077633818110286,0.0,1,-0.27077633818110286
E04,HYPE,BRK48,1790006400000,funding,93.06,29.91236867079223,0.03145518882209435,0.0,1,0.03145518882209435
E05,SOL,BRK96,1790006400000,funding,117.94,32.344381682618426,-0.38146963756480173,0.0,1,-0.38146963756480173
E05,BTC,BRK96,1790006400000,funding,85879.7,0.0722547310634007,-0.5127989368005292,0.0,1,-0.5127989368005292
E06,HYPE,BRK96,1790006400000,funding,93.06,29.48332653188519,0.031004017547746766,0.0,1,0.031004017547746766
E06,BTR,BRK96,1790006400000,funding,0.05032,32778.385550534615,0.08247041804514509,0.0,-1,0.08247041804514509
E07,ETH,MR,1790006400000,funding,2754.51,2.0350321373658566,0.5605516372695627,0.0,-1,0.5605516372695627
E07,SOL,MR,1790006400000,funding,117.94,34.510171110564535,0.40701295807799814,0.0,-1,0.40701295807799814
E08,HYPE,MR,1790006400000,funding,93.06,41.77513433400156,-0.04392981221268069,0.0,-1,-0.04392981221268069
E08,XRP,MR,1790006400000,funding,1.4947,2323.323975157155,0.34726723456673997,0.0,-1,0.34726723456673997
E02,HYPE,BRK24,1790010000000,exit,92.92,33.47744959142793,-16.738724795713964,2.4885796928283863,1,0.0
E08,HYPE,MR,1790010000000,exit_signal,93.06,41.77513433400156,7.101772836780336,3.1100752008977484,-1,0.0
E02,BTR,BRK24,1790013600000,enter,0.04964,45257.48325751333,0.0,1.7972651751223694,-1,0.0
E08,BTR,MR,1790017200000,enter,0.04976,56211.76388216296,0.0,2.2376778966211432,1,0.0
E02,BTR,BRK24,1790020800000,funding,0.05018,45257.48325751333,0.11355102549310096,0.0,-1,0.11355102549310096
E06,BTR,BRK96,1790020800000,funding,0.05018,32778.385550534615,0.08224096934629135,0.0,-1,0.08224096934629135
E07,ETH,MR,1790020800000,stop,2773.0737886678194,2.0350321373658566,-172.3952824170317,4.514635423380725,-1,0.0
E08,BTR,MR,1790020800000,funding,0.05018,56211.76388216296,-0.14103531558034688,0.0,1,-0.14103531558034688
E08,XRP,MR,1790028000000,stop,1.5422322980577552,2323.323975157155,-157.59640436758892,2.8664842186714385,-1,0.0
E01,SOL,BRK24,1790035200000,funding,118.89,31.84577935145854,-0.3786144707094906,0.0,1,-0.3786144707094906
E01,BTC,BRK24,1790035200000,funding,86579.8,0.09212100080193555,-0.797581782523142,0.0,1,-0.797581782523142
E02,XRP,BRK24,1790035200000,funding,1.5362,2273.1516018291136,-0.34920154907298845,0.0,1,-0.34920154907298845
E02,BTR,BRK24,1790035200000,funding,0.05009,45257.48325751333,0.11334736681844215,0.0,-1,0.11334736681844215
E03,ETH,BRK48,1790035200000,funding,2774.73,1.5927332700086767,-0.38130624496120263,0.0,1,-0.38130624496120263
E03,BTC,BRK48,1790035200000,funding,86579.8,0.08345273834793568,-0.7225321395616602,0.0,1,-0.7225321395616602
E04,XRP,BRK48,1790035200000,funding,1.5362,1811.576491477239,-0.2782943806207335,0.0,1,-0.2782943806207335
E04,HYPE,BRK48,1790035200000,funding,94.02,29.91236867079223,-0.04643207849908439,0.0,1,-0.04643207849908439
E05,SOL,BRK96,1790035200000,funding,118.89,32.344381682618426,-0.3845423538246505,0.0,1,-0.3845423538246505
E05,BTC,BRK96,1790035200000,funding,86579.8,0.0722547310634007,-0.625580016452302,0.0,1,-0.625580016452302
E06,HYPE,BRK96,1790035200000,funding,94.02,29.48332653188519,-0.04576608917231473,0.0,1,-0.04576608917231473
E06,BTR,BRK96,1790035200000,funding,0.05009,32778.385550534615,0.08209346661131395,0.0,-1,0.08209346661131395
E07,SOL,MR,1790035200000,funding,118.89,34.510171110564535,0.4102914243335018,0.0,-1,0.4102914243335018
E08,XRP,MR,1790035200000,enter,1.5557,1898.0127850871663,0.0,2.362190791808084,-1,0.0
E08,BTR,MR,1790035200000,funding,0.05009,56211.76388216296,-0.14078236264287713,0.0,1,-0.14078236264287713
E08,XRP,MR,1790035200000,funding,1.5362,1898.0127850871663,0.2915727240450905,0.0,-1,0.2915727240450905
E02,BTR,BRK24,1790042400000,exit,0.05089,45257.48325751333,-56.571854071891714,1.8425226583798828,-1,0.0
E08,BTR,MR,1790042400000,exit_signal,0.05047,56211.76388216296,39.91035235633583,2.2696061785062116,1,0.0
E01,SOL,BRK24,1790046000000,exit,116.63,31.84577935145854,174.19641305247816,2.9713385966084878,1,0.0
E01,BTC,BRK24,1790049600000,exit,85357.6,0.09212100080193555,357.26366531006755,6.290582030441036,1,0.0
E06,BTR,BRK96,1790049600000,funding,0.05017,32778.385550534615,0.08222458015351608,0.0,-1,0.08222458015351608
E07,SOL,MR,1790056800000,exit_signal,116.28,34.510171110564535,-33.47486597724756,3.2102741573891556,-1,0.0
E02,XRP,BRK24,1790064000000,funding,1.5181,2273.1516018291136,-0.34508714467367774,0.0,1,-0.34508714467367774
E03,ETH,BRK48,1790064000000,funding,2725.3,1.5927332700086767,-0.10734491700406242,0.0,1,-0.10734491700406242
E03,BTC,BRK48,1790064000000,funding,85330.0,0.08345273834793568,-0.6457342897616376,0.0,1,-0.6457342897616376
E04,XRP,BRK48,1790064000000,funding,1.5181,1811.576491477239,-0.2750154271711596,0.0,1,-0.2750154271711596
E04,HYPE,BRK48,1790064000000,funding,94.62,29.91236867079223,0.04508681159543165,0.0,1,0.04508681159543165
E05,SOL,BRK96,1790064000000,funding,116.25,32.344381682618426,0.34332873837988703,0.0,1,0.34332873837988703
E05,BTC,BRK96,1790064000000,funding,85330.0,0.0722547310634007,-0.5590871955647136,0.0,1,-0.5590871955647136
E06,HYPE,BRK96,1790064000000,funding,94.62,29.48332653188519,0.04444011783820035,0.0,1,0.04444011783820035
E06,BTR,BRK96,1790064000000,funding,0.05042,32778.385550534615,0.08263430997289777,0.0,-1,0.08263430997289777
E08,XRP,MR,1790064000000,funding,1.5181,1898.0127850871663,0.2881373209040827,0.0,-1,0.2881373209040827
E09,SOL,RSIDIV,1790067600000,enter,116.25,36.1736995561851,0.0,3.3641540587252146,-1,0.0
E06,BTR,BRK96,1790078400000,funding,0.05005,32778.385550534615,0.08202790984021287,0.0,-1,0.08202790984021287
E08,HYPE,MR,1790085600000,enter,95.77,40.275179094279004,0.0,3.0857231214872805,-1,0.0
E02,XRP,BRK24,1790092800000,funding,1.5719,2273.1516018291136,-0.3573167002915184,0.0,1,-0.3573167002915184
E03,ETH,BRK48,1790092800000,funding,2742.5,1.5927332700086767,-0.2565368094188193,0.0,1,-0.2565368094188193
E03,BTC,BRK48,1790092800000,funding,86366.6,0.08345273834793568,-0.25997558083385564,0.0,1,-0.25997558083385564
E04,XRP,BRK48,1790092800000,funding,1.5719,1811.576491477239,-0.2847617086953072,0.0,1,-0.2847617086953072
E04,HYPE,BRK48,1790092800000,funding,94.88,29.91236867079223,-0.12649347249483606,0.0,1,-0.12649347249483606
E05,SOL,BRK96,1790092800000,funding,117.32,32.344381682618426,0.2673325894168877,0.0,1,0.2673325894168877
E05,BTC,BRK96,1790092800000,funding,86366.6,0.0722547310634007,-0.22509106409288115,0.0,1,-0.22509106409288115
E06,HYPE,BRK96,1790092800000,funding,94.88,29.48332653188519,-0.12467913841135854,0.0,1,-0.12467913841135854
E06,BTR,BRK96,1790092800000,funding,0.05017,32778.385550534615,0.08222458015351608,0.0,-1,0.08222458015351608
E08,XRP,MR,1790092800000,funding,1.5719,1898.0127850871663,0.2983486296878517,0.0,-1,0.2983486296878517
E08,HYPE,MR,1790092800000,funding,94.88,40.275179094279004,0.1703157417941736,0.0,-1,0.1703157417941736
E09,SOL,RSIDIV,1790092800000,funding,117.32,36.1736995561851,-0.29898264452958373,0.0,-1,-0.29898264452958373
E02,BTR,BRK24,1790096400000,enter,0.05091,49475.68421802707,0.0,2.0150456668318064,1,0.0
E06,BTR,BRK96,1790096400000,exit,0.05172,32778.385550534615,-116.69105255990326,1.3562384805389205,-1,0.0
E06,BTR,BRK96,1790100000000,enter,0.05193,38657.776419807524,0.0,1.6059986635844836,1,0.0
E08,BTR,MR,1790100000000,enter,0.05159,55475.26462624488,0.0,2.2895751216543787,-1,0.0
E02,BTR,BRK24,1790107200000,funding,0.05121,49475.68421802707,-0.1266824894402583,0.0,1,-0.1266824894402583
E06,BTR,BRK96,1790107200000,funding,0.05121,38657.776419807524,-0.09898323652291717,0.0,1,-0.09898323652291717
E08,BTR,MR,1790107200000,funding,0.05121,55475.26462624488,0.14204441507550003,0.0,-1,0.14204441507550003
E02,XRP,BRK24,1790121600000,funding,1.572,2273.1516018291136,-0.3573394318075367,0.0,1,-0.3573394318075367
E02,BTR,BRK24,1790121600000,funding,0.0517,49475.68421802707,-0.1278946437036,0.0,1,-0.1278946437036
E03,ETH,BRK48,1790121600000,funding,2752.84,1.5927332700086767,-0.34861476387189966,0.0,1,-0.34861476387189966
E03,BTC,BRK48,1790121600000,funding,86168.1,0.08345273834793568,-0.28238915248018603,0.0,1,-0.28238915248018603
E04,XRP,BRK48,1790121600000,funding,1.572,1811.576491477239,-0.284779824460222,0.0,1,-0.284779824460222
E04,HYPE,BRK48,1790121600000,funding,97.19,29.91236867079223,-0.2907183111114297,0.0,1,-0.2907183111114297
E05,SOL,BRK96,1790121600000,funding,118.49,32.344381682618426,-0.07132256046952204,0.0,1,-0.07132256046952204
E05,BTC,BRK96,1790121600000,funding,86168.1,0.0722547310634007,-0.24449709705879547,0.0,1,-0.24449709705879547
E06,HYPE,BRK96,1790121600000,funding,97.19,29.48332653188519,-0.2865484505633922,0.0,1,-0.2865484505633922
E06,BTR,BRK96,1790121600000,funding,0.0517,38657.776419807524,-0.09993035204520245,0.0,1,-0.09993035204520245
E08,XRP,MR,1790121600000,exit_timeout,1.5719,1898.0127850871663,-30.74780711841208,2.3867890375028136,-1,0.0
E08,HYPE,MR,1790121600000,funding,97.19,40.275179094279004,0.39143446561729767,0.0,-1,0.39143446561729767
E08,BTR,MR,1790121600000,funding,0.0517,55475.26462624488,0.14340355905884303,0.0,-1,0.14340355905884303
E09,SOL,RSIDIV,1790121600000,funding,118.49,36.1736995561851,0.07976658510027425,0.0,-1,0.07976658510027425
E01,BTC,BRK24,1790128800000,enter,86716.6,0.06546516796744686,0.0,4.541533427652722,1,0.0
E01,SOL,BRK24,1790128800000,enter,119.25,28.981485874085973,0.0,2.7648337523878017,1,0.0
E02,BTR,BRK24,1790136000000,funding,0.0531,49475.68421802707,-0.13135794159886188,0.0,1,-0.13135794159886188
E06,BTR,BRK96,1790136000000,funding,0.0531,38657.776419807524,-0.10263639639458898,0.0,1,-0.10263639639458898
E08,BTR,MR,1790136000000,stop,0.05438462701839736,55475.26462624488,-155.03267337724733,2.4136012603561765,-1,0.0
E07,ETH,MR,1790139600000,enter,2772.97,1.8134474081339276,0.0,4.02290820746651,-1,0.0
E07,SOL,MR,1790139600000,enter,119.09,34.701752871848605,0.0,3.3061053996067606,-1,0.0
E08,XRP,MR,1790139600000,enter,1.6181,1534.6553880906415,0.0,1.9865807067755739,-1,0.0
E01,BTC,BRK24,1790150400000,exit,85944.1,0.06546516796744686,-50.571842254852704,4.501075953848841,1,0.0
E01,SOL,BRK24,1790150400000,exit,117.52,28.981485874085973,-50.137970562168846,2.724723375938067,1,0.0
E02,XRP,BRK24,1790150400000,funding,1.6162,2273.1516018291136,-0.36738676188762137,0.0,1,-0.36738676188762137
E02,BTR,BRK24,1790150400000,funding,0.05317,49475.68421802707,-0.13153110649362498,0.0,1,-0.13153110649362498
E03,ETH,BRK48,1790150400000,funding,2741.74,1.5927332700086767,-0.09812335578808434,0.0,1,-0.09812335578808434
E03,BTC,BRK48,1790150400000,funding,86095.0,0.08345273834793568,-0.5789563014799198,0.0,1,-0.5789563014799198
E04,XRP,BRK48,1790150400000,funding,1.6162,1811.576491477239,-0.29278699255255136,0.0,1,-0.29278699255255136
E04,HYPE,BRK48,1790150400000,funding,96.47,29.91236867079223,-0.28856462056713267,0.0,1,-0.28856462056713267
E05,SOL,BRK96,1790150400000,funding,117.81,32.344381682618426,-0.12399339686019266,0.0,1,-0.12399339686019266
E05,BTC,BRK96,1790150400000,funding,86095.0,0.0722547310634007,-0.5012697328934027,0.0,1,-0.5012697328934027
E06,HYPE,BRK96,1790150400000,funding,96.47,29.48332653188519,-0.2844256510530964,0.0,1,-0.2844256510530964
E06,BTR,BRK96,1790150400000,funding,0.05317,38657.776419807524,-0.10277169861205832,0.0,1,-0.10277169861205832
E07,ETH,MR,1790150400000,funding,2741.74,1.8134474081339276,0.11172086913858176,0.0,-1,0.11172086913858176
E07,SOL,MR,1790150400000,funding,117.81,34.701752871848605,0.13303046747978903,0.0,-1,0.13303046747978903
E08,HYPE,MR,1790150400000,funding,96.47,40.275179094279004,0.3885346527225096,0.0,-1,0.3885346527225096
E08,XRP,MR,1790150400000,funding,1.6162,1534.6553880906415,0.2480310038232095,0.0,-1,0.2480310038232095
E09,SOL,RSIDIV,1790150400000,funding,117.81,36.1736995561851,0.13867323014499897,0.0,-1,0.13867323014499897
E07,ETH,MR,1790154000000,exit_signal,2741.74,1.8134474081339276,56.63396255602259,3.977601037421692,-1,0.0
E07,SOL,MR,1790154000000,exit_signal,117.81,34.701752871848605,44.41824367596625,3.270570804665988,-1,0.0
E08,HYPE,MR,1790157600000,exit_signal,95.69,40.275179094279004,3.2220143275422517,3.0831455100252465,-1,0.0
E02,XRP,BRK24,1790164800000,exit,1.568,2273.1516018291136,342.33663123546467,2.8514413693344403,1,0.0
E02,BTR,BRK24,1790164800000,funding,0.05335,49475.68421802707,-0.1319763876515872,0.0,1,-0.1319763876515872
E06,BTR,BRK96,1790164800000,funding,0.05335,38657.776419807524,-0.10311961859983658,0.0,1,-0.10311961859983658
E01,BTC,BRK24,1790168400000,enter,85393.5,0.06595453519154783,0.0,4.505670880703552,-1,0.0
E01,ETH,BRK24,1790168400000,enter,2713.37,1.5624792270599472,0.0,3.391667408262119,-1,0.0
E03,BTC,BRK48,1790168400000,exit,85393.5,0.08345273834793568,286.9856219047155,5.701057129691557,1,0.0
E03,ETH,BRK48,1790168400000,exit,2713.37,1.5927332700086767,71.13146783858727,3.4573397382747544,1,0.0
E07,BTC,MR,1790168400000,enter,85617.3,0.08118776907067887,0.0,5.560862064684028,1,0.0
E07,ETH,MR,1790168400000,enter,2726.67,1.922926726228762,0.0,4.194549293284942,1,0.0
E08,XRP,MR,1790168400000,exit_signal,1.5727,1534.6553880906415,69.67335461931529,1.9308420230801215,-1,0.0
E03,ETH,BRK48,1790172000000,enter,2706.0,1.4606403488775872,0.0,3.161994227250201,-1,0.0
E02,BTR,BRK24,1790175600000,exit,0.05139,49475.68421802707,23.748328424653057,2.034044329571529,1,0.0
E02,XRP,BRK24,1790175600000,enter,1.5328,1274.0009970227006,0.0,1.5622309825891163,-1,0.0
E02,HYPE,BRK24,1790175600000,enter,93.71,33.17911284997221,0.0,2.4873717321367166,-1,0.0
E03,BTC,BRK48,1790175600000,enter,85000.0,0.061656729294260686,0.0,4.192657592009727,-1,0.0
E04,XRP,BRK48,1790175600000,exit,1.5328,1811.576491477239,142.5710698792587,2.2214275569090494,1,0.0
E04,HYPE,BRK48,1790175600000,exit,93.71,29.91236867079223,-23.331647563217974,2.2424704545119516,1,0.0
E04,BTR,BRK48,1790175600000,enter,0.04931,37087.31379984188,0.0,1.4630203547761627,-1,0.0
E05,BTC,BRK96,1790175600000,exit,85000.0,0.0722547310634007,391.8157301375028,4.913321712311248,1,0.0
E05,SOL,BRK96,1790175600000,exit,115.48,32.344381682618426,346.0848840040172,2.988103357367021,1,0.0
E06,BTR,BRK96,1790175600000,exit,0.04931,38657.776419807524,-101.2833742198956,1.5249719642085673,1,0.0
E01,BTC,BRK24,1790179200000,funding,83957.0,0.06595453519154783,0.3197816686146841,0.0,-1,0.3197816686146841
E01,ETH,BRK24,1790179200000,funding,2654.54,1.5624792270599472,0.009290766480575356,0.0,-1,0.009290766480575356
E02,XRP,BRK24,1790179200000,funding,1.5054,1274.0009970227006,0.19178811009179736,0.0,-1,0.19178811009179736
E02,HYPE,BRK24,1790179200000,funding,92.78,33.17911284997221,-0.14705316596982956,0.0,-1,-0.14705316596982956
E03,ETH,BRK48,1790179200000,funding,2654.54,1.4606403488775872,0.008685215239029305,0.0,-1,0.008685215239029305
E03,BTC,BRK48,1790179200000,funding,83957.0,0.061656729294260686,0.29894368473343863,0.0,-1,0.29894368473343863
E04,BTR,BRK48,1790179200000,exit,0.053923128438080975,37087.31379984188,-171.0885419820836,1.5998911883618296,-1,0.0
E06,BTR,BRK96,1790179200000,enter,0.05509,27691.067356625834,0.0,1.2204007205412137,1,0.0
E06,HYPE,BRK96,1790179200000,funding,92.78,29.48332653188519,0.13067306921196428,0.0,1,0.13067306921196428
E06,BTR,BRK96,1790179200000,funding,0.05703,27691.067356625834,-0.3617364931330579,0.0,1,-0.3617364931330579
E07,BTC,MR,1790179200000,funding,83957.0,0.08118776907067887,-0.3936402582343185,0.0,1,-0.3936402582343185
E07,ETH,MR,1790179200000,funding,2654.54,1.922926726228762,-0.011434048442528988,0.0,1,-0.011434048442528988
E08,XRP,MR,1790179200000,enter,1.5274,1354.4371983844765,0.0,1.6550139014499599,1,0.0
E08,XRP,MR,1790179200000,funding,1.5054,1354.4371983844765,-0.20389697584479913,0.0,1,-0.20389697584479913
E09,SOL,RSIDIV,1790179200000,funding,113.79,36.1736995561851,-0.11813509132070127,0.0,-1,-0.11813509132070127
E04,BTR,BRK48,1790182800000,enter,0.05799,24583.69295332452,0.0,1.1404866834906313,1,0.0
E07,BTC,MR,1790182800000,stop,83570.74427154423,0.08118776907067887,-166.15529387214224,5.427937829586313,1,0.0
E07,ETH,MR,1790182800000,stop,2640.320336039328,1.922926726228762,-166.0440766308486,4.061714031980264,1,0.0
E08,HYPE,MR,1790182800000,enter,92.78,33.05871464244535,0.0,2.453750035620864,1,0.0
E09,BTC,RSIDIV,1790182800000,enter,83957.0,0.046145354229369,0.0,3.0993804040281066,-1,0.0
E10,XRP,RSIDIV,1790182800000,enter,1.5054,1315.0196959547281,0.0,1.5837045202321982,-1,0.0
E10,HYPE,RSIDIV,1790182800000,enter,92.78,37.15757624307357,0.0,2.757983939065893,-1,0.0
E06,HYPE,BRK96,1790186400000,exit,91.97,29.48332653188519,280.3864353182283,2.169265232909985,1,0.0
E07,SOL,MR,1790186400000,enter,114.34,29.403500377205866,0.0,2.689596986503775,1,0.0
E07,BTC,MR,1790190000000,enter,84281.2,0.06533039683706561,0.0,4.404899393523275,1,0.0
E04,BTR,BRK48,1790193600000,funding,0.05359,24583.69295332452,-0.06587200526843305,0.0,1,-0.06587200526843305
E06,BTR,BRK96,1790193600000,funding,0.05359,27691.067356625834,-0.07419821498207893,0.0,1,-0.07419821498207893
E01,BTC,BRK24,1790208000000,funding,84355.2,0.06595453519154783,0.03772126228739258,0.0,-1,0.03772126228739258
E01,ETH,BRK24,1790208000000,funding,2683.39,1.5624792270599472,0.18657698042296741,0.0,-1,0.18657698042296741
E02,XRP,BRK24,1790208000000,funding,1.5002,1274.0009970227006,-0.08881608006273367,0.0,-1,-0.08881608006273367
E02,HYPE,BRK24,1790208000000,funding,94.0,33.17911284997221,-0.2725863195302317,0.0,-1,-0.2725863195302317
E03,ETH,BRK48,1790208000000,funding,2683.39,1.4606403488775872,0.17441631290697093,0.0,-1,0.17441631290697093
E03,BTC,BRK48,1790208000000,funding,84355.2,0.061656729294260686,0.035263225655930625,0.0,-1,0.035263225655930625
E04,BTR,BRK48,1790208000000,funding,0.05405,24583.69295332452,-0.06643743020635952,0.0,1,-0.06643743020635952
E06,BTR,BRK96,1790208000000,funding,0.05405,27691.067356625834,-0.07483510953128132,0.0,1,-0.07483510953128132
E07,SOL,MR,1790208000000,funding,114.96,29.403500377205866,0.017543375033457015,0.0,1,0.017543375033457015
E07,BTC,MR,1790208000000,funding,84355.2,0.06533039683706561,-0.037364299926810854,0.0,1,-0.037364299926810854
E08,XRP,MR,1790208000000,funding,1.5002,1354.4371983844765,0.09442363305271172,0.0,1,0.09442363305271172
E08,HYPE,MR,1790208000000,funding,94.0,33.05871464244535,0.27159717601647404,0.0,1,0.27159717601647404
E09,SOL,RSIDIV,1790208000000,funding,114.96,36.1736995561851,-0.02158276292008121,0.0,-1,-0.02158276292008121
E09,BTC,RSIDIV,1790208000000,funding,84355.2,0.046145354229369,0.026391831966905237,0.0,-1,0.026391831966905237
E10,XRP,RSIDIV,1790208000000,funding,1.5002,1315.0196959547281,-0.09167566969957852,0.0,-1,-0.09167566969957852
E10,HYPE,RSIDIV,1790208000000,funding,94.0,37.15757624307357,-0.3052717833825952,0.0,-1,-0.3052717833825952
E04,HYPE,BRK48,1790218800000,enter,91.9,24.180338825274156,0.0,1.777738510434156,-1,0.0
E04,BTR,BRK48,1790222400000,funding,0.05319,24583.69295332452,-0.06538033140936657,0.0,1,-0.06538033140936657
E06,BTR,BRK96,1790222400000,funding,0.05319,27691.067356625834,-0.07364439363494642,0.0,1,-0.07364439363494642
E01,ETH,BRK24,1790229600000,exit,2697.69,1.5624792270599472,24.49967428029972,3.3720676688378797,-1,0.0
E02,XRP,BRK24,1790229600000,exit,1.5109,1274.0009970227006,27.90062183479718,1.5399104851212786,-1,0.0
E01,BTC,BRK24,1790236800000,funding,84465.8,0.06595453519154783,-0.07214318839264001,0.0,-1,-0.07214318839264001
E02,HYPE,BRK24,1790236800000,exit,94.42,33.17911284997221,-23.557170123480535,2.5062174682355014,-1,0.0
E03,ETH,BRK48,1790236800000,funding,2692.06,1.4606403488775872,0.2288500508322849,0.0,-1,0.2288500508322849
E03,BTC,BRK48,1790236800000,funding,84465.8,0.061656729294260686,-0.06744211029963998,0.0,-1,-0.06744211029963998
E04,BTR,BRK48,1790236800000,funding,0.0542,24583.69295332452,-0.06662180790350945,0.0,1,-0.06662180790350945
E04,HYPE,BRK48,1790236800000,funding,93.85,24.180338825274156,-0.15824001821697553,0.0,-1,-0.15824001821697553
E06,BTR,BRK96,1790236800000,funding,0.0542,27691.067356625834,-0.07504279253645602,0.0,1,-0.07504279253645602
E07,SOL,MR,1790236800000,funding,115.46,29.403500377205866,0.2321791364214342,0.0,1,0.2321791364214342
E07,BTC,MR,1790236800000,funding,84465.8,0.06533039683706561,0.0714604858194248,0.0,1,0.0714604858194248
E08,XRP,MR,1790236800000,funding,1.5056,1354.4371983844765,-0.05632382663941738,0.0,1,-0.05632382663941738
E08,HYPE,MR,1790236800000,funding,93.85,33.05871464244535,0.21634153454386248,0.0,1,0.21634153454386248
E09,SOL,RSIDIV,1790236800000,funding,115.46,36.1736995561851,-0.2856387238382802,0.0,-1,-0.2856387238382802
E09,BTC,RSIDIV,1790236800000,funding,84465.8,0.046145354229369,-0.05047527018340812,0.0,-1,-0.05047527018340812
E10,XRP,RSIDIV,1790236800000,funding,1.5056,1315.0196959547281,0.0546846627298171,0.0,-1,0.0546846627298171
E10,HYPE,RSIDIV,1790236800000,funding,93.85,37.15757624307357,-0.24316514272566042,0.0,-1,-0.24316514272566042
E02,XRP,BRK24,1790240400000,enter,1.4775,1432.055201895059,0.0,1.69268924863996,-1,0.0
E07,SOL,MR,1790240400000,exit_signal,115.46,29.403500377205866,32.931920422470284,2.7159425228417513,1,0.0
E01,ETH,BRK24,1790244000000,enter,2633.35,1.5391977558713292,0.0,3.242597128339012,-1,0.0
E01,SOL,BRK24,1790244000000,enter,112.85,27.504920197884815,0.0,2.4831441954650413,-1,0.0
E02,HYPE,BRK24,1790244000000,enter,91.14,26.612209505397292,0.0,1.9403494194575273,-1,0.0
E06,HYPE,BRK96,1790244000000,enter,90.36,22.16435488982858,0.0,1.6022168862759283,-1,0.0
E04,BTR,BRK48,1790251200000,funding,0.0567,24583.69295332452,-0.06969476952267502,0.0,1,-0.06969476952267502
E06,BTR,BRK96,1790251200000,funding,0.0567,27691.067356625834,-0.07850417595603425,0.0,1,-0.07850417595603425
E01,BTC,BRK24,1790262000000,exit,84567.8,0.06595453519154783,54.45865970766085,4.462103952937423,-1,0.0
E01,SOL,BRK24,1790262000000,exit,116.1,27.504920197884815,-89.39099064312565,2.5546569879795413,-1,0.0
E02,XRP,BRK24,1790262000000,exit,1.5191,1432.055201895059,-59.57349639883426,1.7403480457590275,-1,0.0
E07,BTC,MR,1790262000000,exit_signal,84212.0,0.06533039683706561,-4.52086346112475,4.401282702754376,1,0.0
E08,XRP,MR,1790262000000,exit_signal,1.5019,1354.4371983844765,-34.53814855880425,1.6273833826029163,1,0.0
E08,BTR,MR,1790262000000,enter,0.05632,31610.713494723845,0.0,1.4242523072182776,-1,0.0
E01,SOL,BRK24,1790265600000,enter,116.41,26.667184602701187,0.0,2.483461567680356,1,0.0
E01,ETH,BRK24,1790265600000,funding,2682.77,1.5391977558713292,0.14997666862700737,0.0,-1,0.14997666862700737
E01,SOL,BRK24,1790265600000,funding,116.27,26.667184602701187,-0.16321524466971937,0.0,1,-0.16321524466971937
E02,HYPE,BRK24,1790265600000,funding,93.39,26.612209505397292,-0.011680976954832549,0.0,-1,-0.011680976954832549
E03,ETH,BRK48,1790265600000,funding,2682.77,1.4606403488775872,0.14232217579010234,0.0,-1,0.14232217579010234
E03,BTC,BRK48,1790265600000,funding,84379.8,0.061656729294260686,0.04947655944665169,0.0,-1,0.04947655944665169
E04,BTR,BRK48,1790265600000,funding,0.05607,24583.69295332452,-0.40268801492967354,0.0,1,-0.40268801492967354
E04,HYPE,BRK48,1790265600000,funding,93.39,24.180338825274156,-0.010613548661594061,0.0,-1,-0.010613548661594061
E06,BTR,BRK96,1790265600000,funding,0.05607,27691.067356625834,-0.4535877081728511,0.0,1,-0.4535877081728511
E06,HYPE,BRK96,1790265600000,funding,93.39,22.16435488982858,-0.009728666784857128,0.0,-1,-0.009728666784857128
E08,HYPE,MR,1790265600000,funding,93.39,33.05871464244535,0.014510560794152465,0.0,1,0.014510560794152465
E08,BTR,MR,1790265600000,funding,0.05607,31610.713494723845,0.5177926478283473,0.0,-1,0.5177926478283473
E09,SOL,RSIDIV,1790265600000,funding,116.27,36.1736995561851,0.22139942073501184,0.0,-1,0.22139942073501184
E09,BTC,RSIDIV,1790265600000,funding,84379.8,0.046145354229369,0.037029427085239486,0.0,-1,0.037029427085239486
E10,XRP,RSIDIV,1790265600000,funding,1.5141,1315.0196959547281,-0.0165856241093033,0.0,-1,-0.0165856241093033
E10,HYPE,RSIDIV,1790265600000,funding,93.39,37.15757624307357,-0.016309686413101012,0.0,-1,-0.016309686413101012
E01,ETH,BRK24,1790269200000,exit,2703.44,1.5391977558713292,-107.88237070902169,3.3289030249062295,-1,0.0
E02,XRP,BRK24,1790269200000,enter,1.5268,1383.2119873147403,0.0,1.6895104497857163,1,0.0
E03,ETH,BRK48,1790269200000,exit,2703.44,1.4606403488775872,3.7392392931265435,3.1590028358157,-1,0.0
E07,SOL,MR,1790269200000,enter,116.27,30.54106934226015,0.0,2.84080810593967,-1,0.0
E08,HYPE,MR,1790269200000,exit_signal,93.39,33.05871464244535,20.165815931891647,2.4698826883663774,1,0.0
E08,XRP,MR,1790272800000,enter,1.5317,1571.3959995909029,0.0,1.9255258020587087,-1,0.0
E04,BTR,BRK48,1790280000000,funding,0.05807,24583.69295332452,-0.11507682476434213,0.0,1,-0.11507682476434213
E06,BTR,BRK96,1790280000000,funding,0.05807,27691.067356625834,-0.12962251488359453,0.0,1,-0.12962251488359453
E08,BTR,MR,1790280000000,funding,0.05807,31610.713494723845,0.14797046743199865,0.0,-1,0.14797046743199865
E01,SOL,BRK24,1790294400000,funding,117.0,26.667184602701187,0.32960320162723433,0.0,1,0.32960320162723433
E02,HYPE,BRK24,1790294400000,funding,92.05,26.612209505397292,-0.5456848994163227,0.0,-1,-0.5456848994163227
E02,XRP,BRK24,1790294400000,funding,1.534,1383.2119873147403,-0.011139697739839262,0.0,1,-0.011139697739839262
E03,BTC,BRK48,1790294400000,funding,84367.0,0.061656729294260686,0.130929136866885,0.0,-1,0.130929136866885
E04,BTR,BRK48,1790294400000,funding,0.0583,24583.69295332452,-0.07166146495894098,0.0,1,-0.07166146495894098
E04,HYPE,BRK48,1790294400000,funding,92.05,24.180338825274156,-0.49581925007189837,0.0,-1,-0.49581925007189837
E06,BTR,BRK96,1790294400000,funding,0.0583,27691.067356625834,-0.08071946134456431,0.0,1,-0.08071946134456431
E06,HYPE,BRK96,1790294400000,funding,92.05,22.16435488982858,-0.4544813825485186,0.0,-1,-0.4544813825485186
E07,SOL,MR,1790294400000,funding,117.0,30.54106934226015,-0.37748395214201436,0.0,-1,-0.37748395214201436
E08,BTR,MR,1790294400000,funding,0.0583,31610.713494723845,0.09214522983712001,0.0,-1,0.09214522983712001
E08,XRP,MR,1790294400000,funding,1.534,1571.3959995909029,0.012655237682705335,0.0,-1,0.012655237682705335
E09,SOL,RSIDIV,1790294400000,funding,117.0,36.1736995561851,-0.44710258567050104,0.0,-1,-0.44710258567050104
E09,BTC,RSIDIV,1790294400000,funding,84367.0,0.046145354229369,0.09799046217377513,0.0,-1,0.09799046217377513
E10,XRP,RSIDIV,1790294400000,funding,1.534,1315.0196959547281,0.010590511121371403,0.0,-1,0.010590511121371403
E10,HYPE,RSIDIV,1790294400000,funding,92.05,37.15757624307357,-0.7619182560036456,0.0,-1,-0.7619182560036456
E04,BTR,BRK48,1790308800000,funding,0.05701,24583.69295332452,-0.07007581676345155,0.0,1,-0.07007581676345155
E06,BTR,BRK96,1790308800000,funding,0.05701,27691.067356625834,-0.07893338750006194,0.0,1,-0.07893338750006194
E08,BTR,MR,1790308800000,funding,0.05701,31610.713494723845,0.09010633881671032,0.0,-1,0.09010633881671032
E01,SOL,BRK24,1790316000000,exit,116.04,26.667184602701187,-9.866858302999182,2.475568081037957,1,0.0
E04,BTR,BRK48,1790319600000,exit,0.05353,24583.69295332452,-109.64327057182733,1.0527720670331693,1,0.0
E06,BTR,BRK96,1790319600000,exit,0.04931408524683907,27691.067356625834,-159.94124447590818,1.0924477249604871,1,0.0
E02,XRP,BRK24,1790323200000,exit,1.5203,1383.2119873147403,-8.990877917545744,1.6823177474516797,1,0.0
E02,BTR,BRK24,1790323200000,enter,0.04915,19797.675221009213,0.0,0.7784445896900822,-1,0.0
E02,HYPE,BRK24,1790323200000,funding,92.87,26.612209505397292,-0.18466867900637396,0.0,-1,-0.18466867900637396
E02,BTR,BRK24,1790323200000,funding,0.05044,19797.675221009213,0.04992973690738524,0.0,-1,0.04992973690738524
E03,BTC,BRK48,1790323200000,funding,84005.9,0.061656729294260686,-0.006940568907463783,0.0,-1,-0.006940568907463783
E04,HYPE,BRK48,1790323200000,funding,92.87,24.180338825274156,-0.16779332914406395,0.0,-1,-0.16779332914406395
E06,HYPE,BRK96,1790323200000,funding,92.87,22.16435488982858,-0.1538039198775654,0.0,-1,-0.1538039198775654
E07,SOL,MR,1790323200000,funding,116.3,30.54106934226015,-0.01669405391317282,0.0,-1,-0.01669405391317282
E08,BTR,MR,1790323200000,exit_signal,0.05036,31610.713494723845,188.3998524285541,1.2735324252754343,-1,0.0
E08,XRP,MR,1790323200000,funding,1.5341,1571.3959995909029,0.24106786029724042,0.0,-1,0.24106786029724042
E09,SOL,RSIDIV,1790323200000,funding,116.3,36.1736995561851,-0.019772905914406336,0.0,-1,-0.019772905914406336
E09,BTC,RSIDIV,1790323200000,funding,84005.9,0.046145354229369,-0.005194485897228312,0.0,-1,-0.005194485897228312
E10,XRP,RSIDIV,1790323200000,funding,1.5341,1315.0196959547281,0.20173717155641488,0.0,-1,0.20173717155641488
E10,HYPE,RSIDIV,1790323200000,funding,92.87,37.15757624307357,-0.2578455771774738,0.0,-1,-0.2578455771774738
E01,ETH,BRK24,1790330400000,enter,2706.28,1.6081279828617487,0.0,3.4816356779672755,1,0.0
E01,SOL,BRK24,1790330400000,enter,118.4,29.77514568772853,0.0,2.8203017995416464,1,0.0
E02,HYPE,BRK24,1790330400000,exit,93.7,26.612209505397292,-68.12725633381713,1.994851224524581,-1,0.0
E02,XRP,BRK24,1790330400000,enter,1.5599,1560.1711369075867,0.0,1.9469687651697158,1,0.0
E03,SOL,BRK48,1790330400000,enter,118.4,28.373148348654354,0.0,2.6875046115845405,1,0.0
E08,BTR,MR,1790330400000,enter,0.05018,22980.949655554006,0.0,0.9225472429725602,1,0.0
E02,BTR,BRK24,1790337600000,funding,0.05023,19797.675221009213,0.04972186131756464,0.0,-1,0.04972186131756464
E03,BTC,BRK48,1790337600000,exit,84929.5,0.061656729294260686,4.346799415245378,4.1891801524775305,-1,0.0
E03,ETH,BRK48,1790337600000,enter,2738.57,1.488084892898849,0.0,3.2601797161168014,1,0.0
E04,XRP,BRK48,1790337600000,enter,1.5964,1328.9408239861161,0.0,1.6972169051291488,1,0.0
E05,SOL,BRK96,1790337600000,enter,120.07,26.75373508173226,0.0,2.569856777010874,1,0.0
E07,ETH,MR,1790337600000,enter,2713.22,1.8741835537283789,0.0,4.06805784131753,-1,0.0
E07,SOL,MR,1790337600000,stop,121.48946252130878,30.54106934226015,-159.4079667926196,2.968334479373766,-1,0.0
E08,BTR,MR,1790337600000,funding,0.05023,22980.949655554006,-0.05771665505992389,0.0,1,-0.05771665505992389
E09,SOL,RSIDIV,1790337600000,stop,121.18927806409388,36.1736995561851,-178.67196071498773,3.5070916272972044,-1,0.0
E08,XRP,MR,1790341200000,stop,1.628465211360311,1571.3959995909029,-152.05646603116094,2.0471709748836378,-1,0.0
E07,SOL,MR,1790344800000,enter,120.76,29.98490425590094,0.0,2.896781630354078,-1,0.0
E08,XRP,MR,1790348400000,enter,1.5826,1639.0526813896042,0.0,2.0751718188537502,-1,0.0
E01,ETH,BRK24,1790352000000,funding,2685.93,1.6081279828617487,-0.014815264832016948,0.0,1,-0.014815264832016948
E01,SOL,BRK24,1790352000000,funding,120.13,29.77514568772853,-0.3576888251466828,0.0,1,-0.3576888251466828
E02,BTR,BRK24,1790352000000,funding,0.04946,19797.675221009213,0.04895965082155578,0.0,-1,0.04895965082155578
E02,XRP,BRK24,1790352000000,funding,1.576,1560.1711369075867,0.07779737208028753,0.0,1,0.07779737208028753
E03,SOL,BRK48,1790352000000,funding,120.13,28.373148348654354,-0.3408466311123848,0.0,1,-0.3408466311123848
E03,ETH,BRK48,1790352000000,funding,2685.93,1.488084892898849,-0.013709339067396454,0.0,1,-0.013709339067396454
E04,HYPE,BRK48,1790352000000,funding,90.84,24.180338825274156,-0.284012877870206,0.0,-1,-0.284012877870206
E04,XRP,BRK48,1790352000000,funding,1.576,1328.9408239861161,0.06626715576937105,0.0,1,0.06626715576937105
E05,SOL,BRK96,1790352000000,funding,120.13,26.75373508173226,-0.32139261953684967,0.0,1,-0.32139261953684967
E06,HYPE,BRK96,1790352000000,funding,90.84,22.16435488982858,-0.26033391276622925,0.0,-1,-0.26033391276622925
E07,ETH,MR,1790352000000,funding,2685.93,1.8741835537283789,0.01726636560535723,0.0,-1,0.01726636560535723
E07,SOL,MR,1790352000000,funding,120.13,29.98490425590094,0.36020865482613795,0.0,-1,0.36020865482613795
E08,BTR,MR,1790352000000,funding,0.04946,22980.949655554006,-0.05683188849818506,0.0,1,-0.05683188849818506
E08,XRP,MR,1790352000000,funding,1.576,1639.0526813896042,-0.08173077189852733,0.0,-1,-0.08173077189852733
E09,BTC,RSIDIV,1790352000000,funding,83759.7,0.046145354229369,-0.020601095072021465,0.0,-1,-0.020601095072021465
E10,XRP,RSIDIV,1790352000000,funding,1.576,1315.0196959547281,-0.06557298373169197,0.0,-1,-0.06557298373169197
E10,HYPE,RSIDIV,1790352000000,funding,90.84,37.15757624307357,-0.43643847341155984,0.0,-1,-0.43643847341155984
E07,ETH,MR,1790355600000,exit_signal,2685.93,1.8741835537283789,51.14646918124739,4.0271406659725315,-1,0.0
E07,BTC,MR,1790355600000,enter,83759.7,0.06811319737472238,0.0,4.564112782518028,1,0.0
E02,BTR,BRK24,1790366400000,funding,0.049,19797.675221009213,0.04850430429147258,0.0,-1,0.04850430429147258
E08,BTR,MR,1790366400000,funding,0.049,22980.949655554006,-0.05630332665610732,0.0,1,-0.05630332665610732
E08,XRP,MR,1790377200000,exit_signal,1.5508,1639.0526813896042,52.1218752681895,2.0334743186391986,-1,0.0
E01,ETH,BRK24,1790380800000,funding,2690.39,1.6081279828617487,-0.007095445967850729,0.0,1,-0.007095445967850729
E01,SOL,BRK24,1790380800000,funding,122.12,29.77514568772853,-0.3636140791385408,0.0,1,-0.3636140791385408
E02,BTR,BRK24,1790380800000,funding,0.04984,19797.675221009213,0.04933580665075497,0.0,-1,0.04933580665075497
E02,XRP,BRK24,1790380800000,funding,1.5679,1560.1711369075867,-0.24461923255574056,0.0,1,-0.24461923255574056
E03,SOL,BRK48,1790380800000,funding,122.12,28.373148348654354,-0.346492887633767,0.0,1,-0.346492887633767
E03,ETH,BRK48,1790380800000,funding,2690.39,1.488084892898849,-0.00656578709261006,0.0,1,-0.00656578709261006
E04,HYPE,BRK48,1790380800000,funding,92.35,24.180338825274156,0.09664658969344886,0.0,-1,0.09664658969344886
E04,XRP,BRK48,1790380800000,funding,1.5679,1328.9408239861161,-0.20836463179278317,0.0,1,-0.20836463179278317
E05,SOL,BRK96,1790380800000,funding,122.12,26.75373508173226,-0.32671661281811437,0.0,1,-0.32671661281811437
E06,HYPE,BRK96,1790380800000,funding,92.35,22.16435488982858,0.08858888737399497,0.0,-1,0.08858888737399497
E07,SOL,MR,1790380800000,funding,122.12,29.98490425590094,0.3661756507730623,0.0,-1,0.3661756507730623
E07,BTC,MR,1790380800000,funding,84059.9,0.06811319737472238,-0.05971788868079401,0.0,1,-0.05971788868079401
E08,BTR,MR,1790380800000,funding,0.04984,22980.949655554006,-0.057268526541640594,0.0,1,-0.057268526541640594
E09,BTC,RSIDIV,1790380800000,funding,84059.9,0.046145354229369,0.04045769738050705,0.0,-1,0.04045769738050705
E10,XRP,RSIDIV,1790380800000,funding,1.5679,1315.0196959547281,0.20618193812874186,0.0,-1,0.20618193812874186
E10,HYPE,RSIDIV,1790380800000,funding,92.35,37.15757624307357,0.1485154137465507,0.0,-1,0.1485154137465507
E02,BTR,BRK24,1790395200000,funding,0.04965,19797.675221009213,0.049147728736155374,0.0,-1,0.049147728736155374
E08,BTR,MR,1790395200000,funding,0.04965,22980.949655554006,-0.05705020751991283,0.0,1,-0.05705020751991283
E02,XRP,BRK24,1790402400000,exit,1.5482,1560.1711369075867,-18.254002301818833,1.9323655633282608,1,0.0
E02,BTR,BRK24,1790402400000,exit,0.05019,19797.675221009213,-20.589582229849565,0.7949162554739619,-1,0.0
E01,SOL,BRK24,1790406000000,exit,120.17,29.77514568772853,52.70200786727938,2.86246340583547,1,0.0
E01,ETH,BRK24,1790409600000,funding,2689.75,1.6081279828617487,-0.1117266897083387,0.0,1,-0.1117266897083387
E03,SOL,BRK48,1790409600000,funding,120.75,28.373148348654354,-0.34260576631000134,0.0,1,-0.34260576631000134
E03,ETH,BRK48,1790409600000,funding,2689.75,1.488084892898849,-0.10338654687962696,0.0,1,-0.10338654687962696
E04,HYPE,BRK48,1790409600000,funding,91.87,24.180338825274156,-0.1083177912113282,0.0,-1,-0.1083177912113282
E04,XRP,BRK48,1790409600000,funding,1.5518,1328.9408239861161,-0.05423718474840152,0.0,1,-0.05423718474840152
E05,SOL,BRK96,1790409600000,funding,120.75,26.75373508173226,-0.3230513511119171,0.0,1,-0.3230513511119171
E06,HYPE,BRK96,1790409600000,funding,91.87,22.16435488982858,-0.09928702747460419,0.0,-1,-0.09928702747460419
E07,SOL,MR,1790409600000,exit_signal,120.19,29.98490425590094,17.09139542586376,2.883108514013387,-1,0.0
E07,BTC,MR,1790409600000,funding,84069.7,0.06811319737472238,-0.14006422345590225,0.0,1,-0.14006422345590225
E08,BTR,MR,1790409600000,exit_signal,0.04984,22980.949655554006,-7.813522882888362,0.9162964246662494,1,0.0
E09,BTC,RSIDIV,1790409600000,funding,84069.7,0.046145354229369,0.09489076207473292,0.0,-1,0.09489076207473292
E10,XRP,RSIDIV,1790409600000,funding,1.5518,1315.0196959547281,0.053669030938000996,0.0,-1,0.053669030938000996
E10,HYPE,RSIDIV,1790409600000,funding,91.87,37.15757624307357,-0.166450379976039,0.0,-1,-0.166450379976039
E07,BTC,MR,1790413200000,exit_signal,84069.7,0.06811319737472238,21.115091186163937,4.581004855466959,1,0.0
E02,XRP,BRK24,1790416800000,enter,1.5414,1758.7008517853785,0.0,2.168689194353586,-1,0.0
E04,XRP,BRK48,1790416800000,exit,1.5414,1328.9408239861161,-73.09174531923631,1.6387435088737596,1,0.0
